document_id,relative_path,file_name,extension,area,project_name,major_folder,source_path,size_bytes,extraction_method,encoding,row_count,column_count,text_length,line_count,text_hash_sha1,text_preview,extra_json
doc_1e6589b3cb58b1fe,プロジェクト/京橋信用ソリューションズ株式会社/03.データ/train.csv,train.csv,.csv,プロジェクト,京橋信用ソリューションズ株式会社,03.データ,data/raw/share/share/共有ドライブ/プロジェクト/京橋信用ソリューションズ株式会社/03.データ/train.csv,2345067,csv_summary_sample,utf-8-sig,27128.0,18.0,5777,166,39e1843b1b2e342bc9d76cb98079933caf1934b1,"# source_path: プロジェクト/京橋信用ソリューションズ株式会社/03.データ/train.csv # file_name: train.csv # extension: .csv # area: プロジェクト # project_name: 京橋信用ソリューションズ株式会社 # major_folder: 03.データ # CSVファイル: train.csv  - 行数: 27128 - 列数: 18 - 区切り文字: ',' - 列名: id, age, job, marital, education, default, balance, housing, loan, contact, day, month, duration, campaign, pdays, previous, poutcome, y  ## dtypes ,dtype id,int64 age,int64 job,str marital,str education,str default,str balance,int64 housing,str loan,str contact,str day","{""separator"": "","", ""cell_count"": 488304, ""columns"": [""id"", ""age"", ""job"", ""marital"", ""education"", ""default"", ""balance"", ""housing"", ""loan"", ""contact"", ""day"", ""month"", ""duration"", ""campaign"", ""pdays"", ""previous"", ""poutcome"", ""y""], ""csv_mode"": ""summary_sample""}"
doc_00ebca6dbf7291ce,プロジェクト/京橋信用ソリューションズ株式会社/04.分析/analysis_outputs/experiments/leaderboard.csv,leaderboard.csv,.csv,プロジェクト,京橋信用ソリューションズ株式会社,04.分析,data/raw/share/share/共有ドライブ/プロジェクト/京橋信用ソリューションズ株式会社/04.分析/analysis_outputs/experiments/leaderboard.csv,1020,csv_full,utf-8-sig,10.0,11.0,1699,43,f1b1596713a834ddb701faf14bd295cb0e5a1aa7,"# source_path: プロジェクト/京橋信用ソリューションズ株式会社/04.分析/analysis_outputs/experiments/leaderboard.csv # file_name: leaderboard.csv # extension: .csv # area: プロジェクト # project_name: 京橋信用ソリューションズ株式会社 # major_folder: 04.分析 # CSVファイル: leaderboard.csv  - 行数: 10 - 列数: 11 - 区切り文字: ',' - 列名: trial_index, status, model_type, use_date_features, random_state, test_size, task_type, primary_metric, primary_value, secondary_metric, secondary_value  ## dtypes ,dtype trial_index,int64 status,str model_type,str use_date_feat","{""separator"": "","", ""cell_count"": 110, ""columns"": [""trial_index"", ""status"", ""model_type"", ""use_date_features"", ""random_state"", ""test_size"", ""task_type"", ""primary_metric"", ""primary_value"", ""secondary_metric"", ""secondary_value""], ""csv_mode"": ""full""}"
doc_4e1099d00a881ae1,プロジェクト/京橋信用ソリューションズ株式会社/04.分析/analysis_project/data/train.csv,train.csv,.csv,プロジェクト,京橋信用ソリューションズ株式会社,04.分析,data/raw/share/share/共有ドライブ/プロジェクト/京橋信用ソリューションズ株式会社/04.分析/analysis_project/data/train.csv,2345067,csv_summary_sample,utf-8-sig,27128.0,18.0,5797,166,fcbd5298a41324014e9ab78ec92c0f024b68b077,"# source_path: プロジェクト/京橋信用ソリューションズ株式会社/04.分析/analysis_project/data/train.csv # file_name: train.csv # extension: .csv # area: プロジェクト # project_name: 京橋信用ソリューションズ株式会社 # major_folder: 04.分析 # CSVファイル: train.csv  - 行数: 27128 - 列数: 18 - 区切り文字: ',' - 列名: id, age, job, marital, education, default, balance, housing, loan, contact, day, month, duration, campaign, pdays, previous, poutcome, y  ## dtypes ,dtype id,int64 age,int64 job,str marital,str education,str default,str balance,int64 housing,str loan","{""separator"": "","", ""cell_count"": 488304, ""columns"": [""id"", ""age"", ""job"", ""marital"", ""education"", ""default"", ""balance"", ""housing"", ""loan"", ""contact"", ""day"", ""month"", ""duration"", ""campaign"", ""pdays"", ""previous"", ""poutcome"", ""y""], ""csv_mode"": ""summary_sample""}"
doc_f0b7ce29b366c297,プロジェクト/医療法人社団 恒一会 かえで総合病院/03.データ/train.csv,train.csv,.csv,プロジェクト,医療法人社団 恒一会 かえで総合病院,03.データ,data/raw/share/share/共有ドライブ/プロジェクト/医療法人社団 恒一会 かえで総合病院/03.データ/train.csv,388974,csv_summary_sample,utf-8-sig,3500.0,12.0,6334,100,d33f95c7f24e65b579bd141e942973b760dd6f6a,"# source_path: プロジェクト/医療法人社団 恒一会 かえで総合病院/03.データ/train.csv # file_name: train.csv # extension: .csv # area: プロジェクト # project_name: 医療法人社団 恒一会 かえで総合病院 # major_folder: 03.データ # CSVファイル: train.csv  - 行数: 3500 - 列数: 12 - 区切り文字: ',' - 列名: id, Age, Gender, T_Bil, D_Bil, ALP, ALT_GPT, AST_GOT, TP, Alb, AG_ratio, disease  ## dtypes ,dtype id,int64 Age,int64 Gender,str T_Bil,float64 D_Bil,float64 ALP,float64 ALT_GPT,float64 AST_GOT,float64 TP,float64 Alb,float64 AG_ratio,float64 disease,int64   ## 欠損数 欠損値","{""separator"": "","", ""cell_count"": 42000, ""columns"": [""id"", ""Age"", ""Gender"", ""T_Bil"", ""D_Bil"", ""ALP"", ""ALT_GPT"", ""AST_GOT"", ""TP"", ""Alb"", ""AG_ratio"", ""disease""], ""csv_mode"": ""summary_sample""}"
doc_2e32d4ca43675d3d,プロジェクト/医療法人社団 恒一会 かえで総合病院/04.分析/analysis_outputs/experiments/leaderboard.csv,leaderboard.csv,.csv,プロジェクト,医療法人社団 恒一会 かえで総合病院,04.分析,data/raw/share/share/共有ドライブ/プロジェクト/医療法人社団 恒一会 かえで総合病院/04.分析/analysis_outputs/experiments/leaderboard.csv,4563,csv_full,utf-8-sig,10.0,20.0,5568,54,5d2625176fe4303c642704b107028ccc558f7129,"# source_path: プロジェクト/医療法人社団 恒一会 かえで総合病院/04.分析/analysis_outputs/experiments/leaderboard.csv # file_name: leaderboard.csv # extension: .csv # area: プロジェクト # project_name: 医療法人社団 恒一会 かえで総合病院 # major_folder: 04.分析 # CSVファイル: leaderboard.csv  - 行数: 10 - 列数: 20 - 区切り文字: ',' - 列名: trial_index, trial_role, planner_stage, improves_on, trial_goal, selection_reason, change_summary, status, model_type, use_date_features, use_cyclical_time_features, random_state, test_size, split_strategy, transform_target,","{""separator"": "","", ""cell_count"": 200, ""columns"": [""trial_index"", ""trial_role"", ""planner_stage"", ""improves_on"", ""trial_goal"", ""selection_reason"", ""change_summary"", ""status"", ""model_type"", ""use_date_features"", ""use_cyclical_time_features"", ""random_state"", ""test_size"", ""split_strategy"", ""transform_target"", ""task_type"", ""primary_metric"", ""primary_value"", ""secondary_metric"", ""secondary_value""], ""csv_mode"": ""full""}"
doc_f6d86c0ce916d60f,プロジェクト/医療法人社団 恒一会 かえで総合病院/04.分析/analysis_project/data/train.csv,train.csv,.csv,プロジェクト,医療法人社団 恒一会 かえで総合病院,04.分析,data/raw/share/share/共有ドライブ/プロジェクト/医療法人社団 恒一会 かえで総合病院/04.分析/analysis_project/data/train.csv,388974,csv_summary_sample,utf-8-sig,3500.0,12.0,6354,100,6fd9c25fd113e59756bed0310f42a25aa96964ca,"# source_path: プロジェクト/医療法人社団 恒一会 かえで総合病院/04.分析/analysis_project/data/train.csv # file_name: train.csv # extension: .csv # area: プロジェクト # project_name: 医療法人社団 恒一会 かえで総合病院 # major_folder: 04.分析 # CSVファイル: train.csv  - 行数: 3500 - 列数: 12 - 区切り文字: ',' - 列名: id, Age, Gender, T_Bil, D_Bil, ALP, ALT_GPT, AST_GOT, TP, Alb, AG_ratio, disease  ## dtypes ,dtype id,int64 Age,int64 Gender,str T_Bil,float64 D_Bil,float64 ALP,float64 ALT_GPT,float64 AST_GOT,float64 TP,float64 Alb,float64 AG_ratio,float64 diseas","{""separator"": "","", ""cell_count"": 42000, ""columns"": [""id"", ""Age"", ""Gender"", ""T_Bil"", ""D_Bil"", ""ALP"", ""ALT_GPT"", ""AST_GOT"", ""TP"", ""Alb"", ""AG_ratio"", ""disease""], ""csv_mode"": ""summary_sample""}"
doc_8647781b7515011a,プロジェクト/医療法人社団 蒼樹会 みなみ野女性医療センター/03.データ/train.csv,train.csv,.csv,プロジェクト,医療法人社団 蒼樹会 みなみ野女性医療センター,03.データ,data/raw/share/share/共有ドライブ/プロジェクト/医療法人社団 蒼樹会 みなみ野女性医療センター/03.データ/train.csv,147606,csv_summary_sample,utf-8-sig,3000.0,10.0,3586,90,e9c596582f56abee07db3b19684c5f4a4c38c4eb,"# source_path: プロジェクト/医療法人社団 蒼樹会 みなみ野女性医療センター/03.データ/train.csv # file_name: train.csv # extension: .csv # area: プロジェクト # project_name: 医療法人社団 蒼樹会 みなみ野女性医療センター # major_folder: 03.データ # CSVファイル: train.csv  - 行数: 3000 - 列数: 10 - 区切り文字: ',' - 列名: index, Pregnancies, Glucose, BloodPressure, SkinThickness, Insulin, BMI, DiabetesPedigreeFunction, Age, Outcome  ## dtypes ,dtype index,int64 Pregnancies,int64 Glucose,int64 BloodPressure,int64 SkinThickness,int64 Insulin,int64 BMI,float64 DiabetesPedigreeF","{""separator"": "","", ""cell_count"": 30000, ""columns"": [""index"", ""Pregnancies"", ""Glucose"", ""BloodPressure"", ""SkinThickness"", ""Insulin"", ""BMI"", ""DiabetesPedigreeFunction"", ""Age"", ""Outcome""], ""csv_mode"": ""summary_sample""}"
doc_24502e3ef0056698,プロジェクト/医療法人社団 蒼樹会 みなみ野女性医療センター/04.分析/analysis_outputs/experiments/leaderboard.csv,leaderboard.csv,.csv,プロジェクト,医療法人社団 蒼樹会 みなみ野女性医療センター,04.分析,data/raw/share/share/共有ドライブ/プロジェクト/医療法人社団 蒼樹会 みなみ野女性医療センター/04.分析/analysis_outputs/experiments/leaderboard.csv,4563,csv_full,utf-8-sig,10.0,20.0,5579,54,c1bd994adfc151924d3c76f609e540c7b884679d,"# source_path: プロジェクト/医療法人社団 蒼樹会 みなみ野女性医療センター/04.分析/analysis_outputs/experiments/leaderboard.csv # file_name: leaderboard.csv # extension: .csv # area: プロジェクト # project_name: 医療法人社団 蒼樹会 みなみ野女性医療センター # major_folder: 04.分析 # CSVファイル: leaderboard.csv  - 行数: 10 - 列数: 20 - 区切り文字: ',' - 列名: trial_index, trial_role, planner_stage, improves_on, trial_goal, selection_reason, change_summary, status, model_type, use_date_features, use_cyclical_time_features, random_state, test_size, split_strategy, transfo","{""separator"": "","", ""cell_count"": 200, ""columns"": [""trial_index"", ""trial_role"", ""planner_stage"", ""improves_on"", ""trial_goal"", ""selection_reason"", ""change_summary"", ""status"", ""model_type"", ""use_date_features"", ""use_cyclical_time_features"", ""random_state"", ""test_size"", ""split_strategy"", ""transform_target"", ""task_type"", ""primary_metric"", ""primary_value"", ""secondary_metric"", ""secondary_value""], ""csv_mode"": ""full""}"
doc_ce7688021d536580,プロジェクト/医療法人社団 蒼樹会 みなみ野女性医療センター/04.分析/analysis_project/data/train.csv,train.csv,.csv,プロジェクト,医療法人社団 蒼樹会 みなみ野女性医療センター,04.分析,data/raw/share/share/共有ドライブ/プロジェクト/医療法人社団 蒼樹会 みなみ野女性医療センター/04.分析/analysis_project/data/train.csv,147606,csv_summary_sample,utf-8-sig,3000.0,10.0,3606,90,fc76cefb17050585301d23047554b66ca0224089,"# source_path: プロジェクト/医療法人社団 蒼樹会 みなみ野女性医療センター/04.分析/analysis_project/data/train.csv # file_name: train.csv # extension: .csv # area: プロジェクト # project_name: 医療法人社団 蒼樹会 みなみ野女性医療センター # major_folder: 04.分析 # CSVファイル: train.csv  - 行数: 3000 - 列数: 10 - 区切り文字: ',' - 列名: index, Pregnancies, Glucose, BloodPressure, SkinThickness, Insulin, BMI, DiabetesPedigreeFunction, Age, Outcome  ## dtypes ,dtype index,int64 Pregnancies,int64 Glucose,int64 BloodPressure,int64 SkinThickness,int64 Insulin,int64 BMI,float","{""separator"": "","", ""cell_count"": 30000, ""columns"": [""index"", ""Pregnancies"", ""Glucose"", ""BloodPressure"", ""SkinThickness"", ""Insulin"", ""BMI"", ""DiabetesPedigreeFunction"", ""Age"", ""Outcome""], ""csv_mode"": ""summary_sample""}"
doc_5d5dc7e793a9dd40,プロジェクト/医療法人社団 蒼泉会 ひがし丘総合病院/03.データ/train.csv,train.csv,.csv,プロジェクト,医療法人社団 蒼泉会 ひがし丘総合病院,03.データ,data/raw/share/share/共有ドライブ/プロジェクト/医療法人社団 蒼泉会 ひがし丘総合病院/03.データ/train.csv,68414,csv_summary_sample,utf-8-sig,1600.0,8.0,2809,102,cfd7bba60d99017f7581467d2a068cb042f12f8b,"# source_path: プロジェクト/医療法人社団 蒼泉会 ひがし丘総合病院/03.データ/train.csv # file_name: train.csv # extension: .csv # area: プロジェクト # project_name: 医療法人社団 蒼泉会 ひがし丘総合病院 # major_folder: 03.データ # CSVファイル: train.csv  - 行数: 1600 - 列数: 8 - 区切り文字: ',' - 列名: id, age, sex, bmi, children, smoker, region, charges  ## dtypes ,dtype id,int64 age,int64 sex,str bmi,float64 children,int64 smoker,str region,str charges,int64   ## 欠損数 欠損値なし、またはpandas読み込み上は欠損値なし。  ## 先頭サンプル id,age,sex,bmi,children,smoker,region,charges 0,26,male,3","{""separator"": "","", ""cell_count"": 12800, ""columns"": [""id"", ""age"", ""sex"", ""bmi"", ""children"", ""smoker"", ""region"", ""charges""], ""csv_mode"": ""summary_sample""}"
doc_e0d0e60fe1ea09c9,プロジェクト/医療法人社団 蒼泉会 ひがし丘総合病院/04.分析/analysis_outputs/experiments/leaderboard.csv,leaderboard.csv,.csv,プロジェクト,医療法人社団 蒼泉会 ひがし丘総合病院,04.分析,data/raw/share/share/共有ドライブ/プロジェクト/医療法人社団 蒼泉会 ひがし丘総合病院/04.分析/analysis_outputs/experiments/leaderboard.csv,2122,csv_full,utf-8-sig,10.0,14.0,2862,48,5c1e0573e2411c90e82bb620a5acf56d116eb7a5,"# source_path: プロジェクト/医療法人社団 蒼泉会 ひがし丘総合病院/04.分析/analysis_outputs/experiments/leaderboard.csv # file_name: leaderboard.csv # extension: .csv # area: プロジェクト # project_name: 医療法人社団 蒼泉会 ひがし丘総合病院 # major_folder: 04.分析 # CSVファイル: leaderboard.csv  - 行数: 10 - 列数: 14 - 区切り文字: ',' - 列名: trial_index, trial_role, improves_on, trial_goal, status, model_type, use_date_features, random_state, test_size, task_type, primary_metric, primary_value, secondary_metric, secondary_value  ## dtypes ,dtype trial_index,in","{""separator"": "","", ""cell_count"": 140, ""columns"": [""trial_index"", ""trial_role"", ""improves_on"", ""trial_goal"", ""status"", ""model_type"", ""use_date_features"", ""random_state"", ""test_size"", ""task_type"", ""primary_metric"", ""primary_value"", ""secondary_metric"", ""secondary_value""], ""csv_mode"": ""full""}"
doc_714025bfcd086b23,プロジェクト/医療法人社団 蒼泉会 ひがし丘総合病院/04.分析/analysis_project/data/train.csv,train.csv,.csv,プロジェクト,医療法人社団 蒼泉会 ひがし丘総合病院,04.分析,data/raw/share/share/共有ドライブ/プロジェクト/医療法人社団 蒼泉会 ひがし丘総合病院/04.分析/analysis_project/data/train.csv,68414,csv_summary_sample,utf-8-sig,1600.0,8.0,2829,102,52b7cfabb62f9fcd33d09990c83f33d54c3a8ef3,"# source_path: プロジェクト/医療法人社団 蒼泉会 ひがし丘総合病院/04.分析/analysis_project/data/train.csv # file_name: train.csv # extension: .csv # area: プロジェクト # project_name: 医療法人社団 蒼泉会 ひがし丘総合病院 # major_folder: 04.分析 # CSVファイル: train.csv  - 行数: 1600 - 列数: 8 - 区切り文字: ',' - 列名: id, age, sex, bmi, children, smoker, region, charges  ## dtypes ,dtype id,int64 age,int64 sex,str bmi,float64 children,int64 smoker,str region,str charges,int64   ## 欠損数 欠損値なし、またはpandas読み込み上は欠損値なし。  ## 先頭サンプル id,age,sex,bmi,children,smoker,region","{""separator"": "","", ""cell_count"": 12800, ""columns"": [""id"", ""age"", ""sex"", ""bmi"", ""children"", ""smoker"", ""region"", ""charges""], ""csv_mode"": ""summary_sample""}"
doc_68708c847d336a37,プロジェクト/株式会社東都人材プラットフォーム/03.データ/train.csv,train.csv,.csv,プロジェクト,株式会社東都人材プラットフォーム,03.データ,data/raw/share/share/共有ドライブ/プロジェクト/株式会社東都人材プラットフォーム/03.データ/train.csv,1628834,csv_summary_sample,utf-8-sig,11529.0,10.0,8395,194,a85d13feca9a443b800a3a84913f9c0afec1af94,"# source_path: プロジェクト/株式会社東都人材プラットフォーム/03.データ/train.csv # file_name: train.csv # extension: .csv # area: プロジェクト # project_name: 株式会社東都人材プラットフォーム # major_folder: 03.データ # CSVファイル: train.csv  - 行数: 11529 - 列数: 10 - 区切り文字: ',' - 列名: id, Gender, Age, Country, Education, Major, Profession, Industry, Experience, target  ## dtypes ,dtype id,str Gender,str Age,str Country,str Education,str Major,str Profession,str Industry,str Experience,str target,int64   ## 欠損数 ,missing_count Major,112 Experience,55  ","{""separator"": "","", ""cell_count"": 115290, ""columns"": [""id"", ""Gender"", ""Age"", ""Country"", ""Education"", ""Major"", ""Profession"", ""Industry"", ""Experience"", ""target""], ""csv_mode"": ""summary_sample""}"
doc_0e1137ba748ece0a,プロジェクト/株式会社東都人材プラットフォーム/04.分析/analysis_outputs/experiments/leaderboard.csv,leaderboard.csv,.csv,プロジェクト,株式会社東都人材プラットフォーム,04.分析,data/raw/share/share/共有ドライブ/プロジェクト/株式会社東都人材プラットフォーム/04.分析/analysis_outputs/experiments/leaderboard.csv,4563,csv_full,utf-8-sig,10.0,20.0,5569,54,22564095d473088f6a0a34320760d5646b5d35bd,"# source_path: プロジェクト/株式会社東都人材プラットフォーム/04.分析/analysis_outputs/experiments/leaderboard.csv # file_name: leaderboard.csv # extension: .csv # area: プロジェクト # project_name: 株式会社東都人材プラットフォーム # major_folder: 04.分析 # CSVファイル: leaderboard.csv  - 行数: 10 - 列数: 20 - 区切り文字: ',' - 列名: trial_index, trial_role, planner_stage, improves_on, trial_goal, selection_reason, change_summary, status, model_type, use_date_features, use_cyclical_time_features, random_state, test_size, split_strategy, transform_target, tas","{""separator"": "","", ""cell_count"": 200, ""columns"": [""trial_index"", ""trial_role"", ""planner_stage"", ""improves_on"", ""trial_goal"", ""selection_reason"", ""change_summary"", ""status"", ""model_type"", ""use_date_features"", ""use_cyclical_time_features"", ""random_state"", ""test_size"", ""split_strategy"", ""transform_target"", ""task_type"", ""primary_metric"", ""primary_value"", ""secondary_metric"", ""secondary_value""], ""csv_mode"": ""full""}"
doc_7902420a604106c8,プロジェクト/株式会社東都人材プラットフォーム/04.分析/analysis_project/data/train.csv,train.csv,.csv,プロジェクト,株式会社東都人材プラットフォーム,04.分析,data/raw/share/share/共有ドライブ/プロジェクト/株式会社東都人材プラットフォーム/04.分析/analysis_project/data/train.csv,1628834,csv_summary_sample,utf-8-sig,11529.0,10.0,8415,194,f2003a73c37cc37d073e817b95837cafe0b9e696,"# source_path: プロジェクト/株式会社東都人材プラットフォーム/04.分析/analysis_project/data/train.csv # file_name: train.csv # extension: .csv # area: プロジェクト # project_name: 株式会社東都人材プラットフォーム # major_folder: 04.分析 # CSVファイル: train.csv  - 行数: 11529 - 列数: 10 - 区切り文字: ',' - 列名: id, Gender, Age, Country, Education, Major, Profession, Industry, Experience, target  ## dtypes ,dtype id,str Gender,str Age,str Country,str Education,str Major,str Profession,str Industry,str Experience,str target,int64   ## 欠損数 ,missing_count Major","{""separator"": "","", ""cell_count"": 115290, ""columns"": [""id"", ""Gender"", ""Age"", ""Country"", ""Education"", ""Major"", ""Profession"", ""Industry"", ""Experience"", ""target""], ""csv_mode"": ""summary_sample""}"
doc_5552792aa0ca3de3,プロジェクト/株式会社青嶺不動産アセットマネジメント/03.データ/train.csv,train.csv,.csv,プロジェクト,株式会社青嶺不動産アセットマネジメント,03.データ,data/raw/share/share/共有ドライブ/プロジェクト/株式会社青嶺不動産アセットマネジメント/03.データ/train.csv,3970168,csv_summary_sample,utf-8-sig,37751.0,18.0,8086,183,80dba52eaa543aed077530fa986c7b52d1db80d6,"# source_path: プロジェクト/株式会社青嶺不動産アセットマネジメント/03.データ/train.csv # file_name: train.csv # extension: .csv # area: プロジェクト # project_name: 株式会社青嶺不動産アセットマネジメント # major_folder: 03.データ # CSVファイル: train.csv  - 行数: 37751 - 列数: 18 - 区切り文字: ',' - 列名: id, BOROUGH, NEIGHBORHOOD, BUILDING CLASS CATEGORY, TAX CLASS AT PRESENT, BLOCK, LOT, BUILDING CLASS AT PRESENT, ZIP CODE, RESIDENTIAL UNITS, COMMERCIAL UNITS, TOTAL UNITS, LAND SQUARE FEET, GROSS SQUARE FEET, YEAR BUILT, TAX CLASS AT TIME OF SALE, BUILDING CLASS ","{""separator"": "","", ""cell_count"": 679518, ""columns"": [""id"", ""BOROUGH"", ""NEIGHBORHOOD"", ""BUILDING CLASS CATEGORY"", ""TAX CLASS AT PRESENT"", ""BLOCK"", ""LOT"", ""BUILDING CLASS AT PRESENT"", ""ZIP CODE"", ""RESIDENTIAL UNITS"", ""COMMERCIAL UNITS"", ""TOTAL UNITS"", ""LAND SQUARE FEET"", ""GROSS SQUARE FEET"", ""YEAR BUILT"", ""TAX CLASS AT TIME OF SALE"", ""BUILDING CLASS AT TIME OF SALE"", ""SALE PRICE""], ""csv_mode"": ""summary_sample""}"
doc_2bb16ab61c92646e,プロジェクト/株式会社青嶺不動産アセットマネジメント/04.分析/analysis_outputs/experiments/leaderboard.csv,leaderboard.csv,.csv,プロジェクト,株式会社青嶺不動産アセットマネジメント,04.分析,data/raw/share/share/共有ドライブ/プロジェクト/株式会社青嶺不動産アセットマネジメント/04.分析/analysis_outputs/experiments/leaderboard.csv,3555,csv_full,utf-8-sig,10.0,20.0,4566,54,5e16301ac57f83f3d3b95ad5c205ee863a1167fe,"# source_path: プロジェクト/株式会社青嶺不動産アセットマネジメント/04.分析/analysis_outputs/experiments/leaderboard.csv # file_name: leaderboard.csv # extension: .csv # area: プロジェクト # project_name: 株式会社青嶺不動産アセットマネジメント # major_folder: 04.分析 # CSVファイル: leaderboard.csv  - 行数: 10 - 列数: 20 - 区切り文字: ',' - 列名: trial_index, trial_role, planner_stage, improves_on, trial_goal, selection_reason, change_summary, status, model_type, use_date_features, use_cyclical_time_features, random_state, test_size, split_strategy, transform_targe","{""separator"": "","", ""cell_count"": 200, ""columns"": [""trial_index"", ""trial_role"", ""planner_stage"", ""improves_on"", ""trial_goal"", ""selection_reason"", ""change_summary"", ""status"", ""model_type"", ""use_date_features"", ""use_cyclical_time_features"", ""random_state"", ""test_size"", ""split_strategy"", ""transform_target"", ""task_type"", ""primary_metric"", ""primary_value"", ""secondary_metric"", ""secondary_value""], ""csv_mode"": ""full""}"
doc_82125ed4d019a613,プロジェクト/株式会社青嶺不動産アセットマネジメント/04.分析/analysis_project/data/train.csv,train.csv,.csv,プロジェクト,株式会社青嶺不動産アセットマネジメント,04.分析,data/raw/share/share/共有ドライブ/プロジェクト/株式会社青嶺不動産アセットマネジメント/04.分析/analysis_project/data/train.csv,3970168,csv_summary_sample,utf-8-sig,37751.0,18.0,8106,183,fd6fdca8cd902c0b91cf833fa0c0b2e4d7f730dd,"# source_path: プロジェクト/株式会社青嶺不動産アセットマネジメント/04.分析/analysis_project/data/train.csv # file_name: train.csv # extension: .csv # area: プロジェクト # project_name: 株式会社青嶺不動産アセットマネジメント # major_folder: 04.分析 # CSVファイル: train.csv  - 行数: 37751 - 列数: 18 - 区切り文字: ',' - 列名: id, BOROUGH, NEIGHBORHOOD, BUILDING CLASS CATEGORY, TAX CLASS AT PRESENT, BLOCK, LOT, BUILDING CLASS AT PRESENT, ZIP CODE, RESIDENTIAL UNITS, COMMERCIAL UNITS, TOTAL UNITS, LAND SQUARE FEET, GROSS SQUARE FEET, YEAR BUILT, TAX CLASS AT TIME OF S","{""separator"": "","", ""cell_count"": 679518, ""columns"": [""id"", ""BOROUGH"", ""NEIGHBORHOOD"", ""BUILDING CLASS CATEGORY"", ""TAX CLASS AT PRESENT"", ""BLOCK"", ""LOT"", ""BUILDING CLASS AT PRESENT"", ""ZIP CODE"", ""RESIDENTIAL UNITS"", ""COMMERCIAL UNITS"", ""TOTAL UNITS"", ""LAND SQUARE FEET"", ""GROSS SQUARE FEET"", ""YEAR BUILT"", ""TAX CLASS AT TIME OF SALE"", ""BUILDING CLASS AT TIME OF SALE"", ""SALE PRICE""], ""csv_mode"": ""summary_sample""}"
doc_6e2805f333f811a4,プロジェクト/株式会社青潮モビリティサービス/04.分析/analysis_outputs/experiments/leaderboard.csv,leaderboard.csv,.csv,プロジェクト,株式会社青潮モビリティサービス,04.分析,data/raw/share/share/共有ドライブ/プロジェクト/株式会社青潮モビリティサービス/04.分析/analysis_outputs/experiments/leaderboard.csv,3474,csv_full,utf-8-sig,10.0,20.0,4476,54,732de614ccdf9d8a298a60973c7af59b9aea5ac8,"# source_path: プロジェクト/株式会社青潮モビリティサービス/04.分析/analysis_outputs/experiments/leaderboard.csv # file_name: leaderboard.csv # extension: .csv # area: プロジェクト # project_name: 株式会社青潮モビリティサービス # major_folder: 04.分析 # CSVファイル: leaderboard.csv  - 行数: 10 - 列数: 20 - 区切り文字: ',' - 列名: trial_index, trial_role, planner_stage, improves_on, trial_goal, selection_reason, change_summary, status, model_type, use_date_features, use_cyclical_time_features, random_state, test_size, split_strategy, transform_target, task_","{""separator"": "","", ""cell_count"": 200, ""columns"": [""trial_index"", ""trial_role"", ""planner_stage"", ""improves_on"", ""trial_goal"", ""selection_reason"", ""change_summary"", ""status"", ""model_type"", ""use_date_features"", ""use_cyclical_time_features"", ""random_state"", ""test_size"", ""split_strategy"", ""transform_target"", ""task_type"", ""primary_metric"", ""primary_value"", ""secondary_metric"", ""secondary_value""], ""csv_mode"": ""full""}"
doc_8289b30011ebfdb4,プロジェクト/株式会社青葉バイオメディカル機器/03.データ/train.csv,train.csv,.csv,プロジェクト,株式会社青葉バイオメディカル機器,03.データ,data/raw/share/share/共有ドライブ/プロジェクト/株式会社青葉バイオメディカル機器/03.データ/train.csv,113079,csv_summary_sample,utf-8-sig,735.0,33.0,11353,199,d736c5d7adf311d429f57248e04412e0620028e4,"# source_path: プロジェクト/株式会社青葉バイオメディカル機器/03.データ/train.csv # file_name: train.csv # extension: .csv # area: プロジェクト # project_name: 株式会社青葉バイオメディカル機器 # major_folder: 03.データ # CSVファイル: train.csv  - 行数: 735 - 列数: 33 - 区切り文字: ',' - 列名: id, Age, Attrition, BusinessTravel, DailyRate, Department, DistanceFromHome, Education, EducationField, EnvironmentSatisfaction, Gender, HourlyRate, JobInvolvement, JobLevel, JobRole, JobSatisfaction, MaritalStatus, MonthlyIncome, NumCompaniesWorked, Over18, OverTime, Per","{""separator"": "","", ""cell_count"": 24255, ""columns"": [""id"", ""Age"", ""Attrition"", ""BusinessTravel"", ""DailyRate"", ""Department"", ""DistanceFromHome"", ""Education"", ""EducationField"", ""EnvironmentSatisfaction"", ""Gender"", ""HourlyRate"", ""JobInvolvement"", ""JobLevel"", ""JobRole"", ""JobSatisfaction"", ""MaritalStatus"", ""MonthlyIncome"", ""NumCompaniesWorked"", ""Over18"", ""OverTime"", ""PercentSalaryHike"", ""PerformanceRating"", ""RelationshipSatisfaction"", ""StandardHours"", ""StockOptionLevel"", ""TotalWorkingYears"", ""TrainingTimesLastYear"", ""WorkLifeBalance"", ""YearsAtCompany"", ""YearsInCurrentRole"", ""YearsSinceLastPromotion"", ""YearsWithCurrManager""], ""csv_mode"": ""summary_sample""}"
doc_5361492f93699d0c,プロジェクト/株式会社青葉バイオメディカル機器/04.分析/analysis_outputs/experiments/leaderboard.csv,leaderboard.csv,.csv,プロジェクト,株式会社青葉バイオメディカル機器,04.分析,data/raw/share/share/共有ドライブ/プロジェクト/株式会社青葉バイオメディカル機器/04.分析/analysis_outputs/experiments/leaderboard.csv,4500,csv_full,utf-8-sig,10.0,20.0,5505,54,b2adbf2a4c68782b50e918f29ff6b5849e8102cb,"# source_path: プロジェクト/株式会社青葉バイオメディカル機器/04.分析/analysis_outputs/experiments/leaderboard.csv # file_name: leaderboard.csv # extension: .csv # area: プロジェクト # project_name: 株式会社青葉バイオメディカル機器 # major_folder: 04.分析 # CSVファイル: leaderboard.csv  - 行数: 10 - 列数: 20 - 区切り文字: ',' - 列名: trial_index, trial_role, planner_stage, improves_on, trial_goal, selection_reason, change_summary, status, model_type, use_date_features, use_cyclical_time_features, random_state, test_size, split_strategy, transform_target, tas","{""separator"": "","", ""cell_count"": 200, ""columns"": [""trial_index"", ""trial_role"", ""planner_stage"", ""improves_on"", ""trial_goal"", ""selection_reason"", ""change_summary"", ""status"", ""model_type"", ""use_date_features"", ""use_cyclical_time_features"", ""random_state"", ""test_size"", ""split_strategy"", ""transform_target"", ""task_type"", ""primary_metric"", ""primary_value"", ""secondary_metric"", ""secondary_value""], ""csv_mode"": ""full""}"
doc_558f0524ad87a81b,プロジェクト/株式会社青葉バイオメディカル機器/04.分析/analysis_project/data/train.csv,train.csv,.csv,プロジェクト,株式会社青葉バイオメディカル機器,04.分析,data/raw/share/share/共有ドライブ/プロジェクト/株式会社青葉バイオメディカル機器/04.分析/analysis_project/data/train.csv,113079,csv_summary_sample,utf-8-sig,735.0,33.0,11373,199,5270ea47c89b2f8fcf876bf15cf383f2041d060f,"# source_path: プロジェクト/株式会社青葉バイオメディカル機器/04.分析/analysis_project/data/train.csv # file_name: train.csv # extension: .csv # area: プロジェクト # project_name: 株式会社青葉バイオメディカル機器 # major_folder: 04.分析 # CSVファイル: train.csv  - 行数: 735 - 列数: 33 - 区切り文字: ',' - 列名: id, Age, Attrition, BusinessTravel, DailyRate, Department, DistanceFromHome, Education, EducationField, EnvironmentSatisfaction, Gender, HourlyRate, JobInvolvement, JobLevel, JobRole, JobSatisfaction, MaritalStatus, MonthlyIncome, NumCompaniesWorked, O","{""separator"": "","", ""cell_count"": 24255, ""columns"": [""id"", ""Age"", ""Attrition"", ""BusinessTravel"", ""DailyRate"", ""Department"", ""DistanceFromHome"", ""Education"", ""EducationField"", ""EnvironmentSatisfaction"", ""Gender"", ""HourlyRate"", ""JobInvolvement"", ""JobLevel"", ""JobRole"", ""JobSatisfaction"", ""MaritalStatus"", ""MonthlyIncome"", ""NumCompaniesWorked"", ""Over18"", ""OverTime"", ""PercentSalaryHike"", ""PerformanceRating"", ""RelationshipSatisfaction"", ""StandardHours"", ""StockOptionLevel"", ""TotalWorkingYears"", ""TrainingTimesLastYear"", ""WorkLifeBalance"", ""YearsAtCompany"", ""YearsInCurrentRole"", ""YearsSinceLastPromotion"", ""YearsWithCurrManager""], ""csv_mode"": ""summary_sample""}"
doc_e2f7ed7ede4cfe4f,プロジェクト/白峰信用リスク評価株式会社/03.データ/train.csv,train.csv,.csv,プロジェクト,白峰信用リスク評価株式会社,03.データ,data/raw/share/share/共有ドライブ/プロジェクト/白峰信用リスク評価株式会社/03.データ/train.csv,3718995,csv_summary_sample,utf-8-sig,7352.0,66.0,30072,261,24ad04b92055af5eeb08e7120b510f9b78cc598d,"# source_path: プロジェクト/白峰信用リスク評価株式会社/03.データ/train.csv # file_name: train.csv # extension: .csv # area: プロジェクト # project_name: 白峰信用リスク評価株式会社 # major_folder: 03.データ # CSVファイル: train.csv  - 行数: 7352 - 列数: 66 - 区切り文字: ',' - 列名: id, Attr1, Attr2, Attr3, Attr4, Attr5, Attr6, Attr7, Attr8, Attr9, Attr10, Attr11, Attr12, Attr13, Attr14, Attr15, Attr16, Attr17, Attr18, Attr19, Attr20, Attr21, Attr22, Attr23, Attr24, Attr25, Attr26, Attr27, Attr28, Attr29, Attr30, Attr31, Attr32, Attr33, Attr34, Attr35, At","{""separator"": "","", ""cell_count"": 485232, ""columns"": [""id"", ""Attr1"", ""Attr2"", ""Attr3"", ""Attr4"", ""Attr5"", ""Attr6"", ""Attr7"", ""Attr8"", ""Attr9"", ""Attr10"", ""Attr11"", ""Attr12"", ""Attr13"", ""Attr14"", ""Attr15"", ""Attr16"", ""Attr17"", ""Attr18"", ""Attr19"", ""Attr20"", ""Attr21"", ""Attr22"", ""Attr23"", ""Attr24"", ""Attr25"", ""Attr26"", ""Attr27"", ""Attr28"", ""Attr29"", ""Attr30"", ""Attr31"", ""Attr32"", ""Attr33"", ""Attr34"", ""Attr35"", ""Attr36"", ""Attr37"", ""Attr38"", ""Attr39"", ""Attr40"", ""Attr41"", ""Attr42"", ""Attr43"", ""Attr44"", ""Attr45"", ""Attr46"", ""Attr47"", ""Attr48"", ""Attr49"", ""Attr50"", ""Attr51"", ""Attr52"", ""Attr53"", ""Attr54"", ""Attr55"", ""Attr56"", ""Attr57"", ""Attr58"", ""Attr59"", ""Attr60"", ""Attr61"", ""Attr62"", ""Attr63"", ""Attr64"", ""class""], ""csv_mode"": ""summary_sample""}"
doc_d462e58e8efafb0a,プロジェクト/白峰信用リスク評価株式会社/04.分析/analysis_outputs/experiments/leaderboard.csv,leaderboard.csv,.csv,プロジェクト,白峰信用リスク評価株式会社,04.分析,data/raw/share/share/共有ドライブ/プロジェクト/白峰信用リスク評価株式会社/04.分析/analysis_outputs/experiments/leaderboard.csv,1020,csv_full,utf-8-sig,10.0,11.0,1689,43,f9c7009f395f1928022e1dc61c26945e7f9ef667,"# source_path: プロジェクト/白峰信用リスク評価株式会社/04.分析/analysis_outputs/experiments/leaderboard.csv # file_name: leaderboard.csv # extension: .csv # area: プロジェクト # project_name: 白峰信用リスク評価株式会社 # major_folder: 04.分析 # CSVファイル: leaderboard.csv  - 行数: 10 - 列数: 11 - 区切り文字: ',' - 列名: trial_index, status, model_type, use_date_features, random_state, test_size, task_type, primary_metric, primary_value, secondary_metric, secondary_value  ## dtypes ,dtype trial_index,int64 status,str model_type,str use_date_features,b","{""separator"": "","", ""cell_count"": 110, ""columns"": [""trial_index"", ""status"", ""model_type"", ""use_date_features"", ""random_state"", ""test_size"", ""task_type"", ""primary_metric"", ""primary_value"", ""secondary_metric"", ""secondary_value""], ""csv_mode"": ""full""}"
doc_c24302a2e2b18332,プロジェクト/白峰信用リスク評価株式会社/04.分析/analysis_project/data/train.csv,train.csv,.csv,プロジェクト,白峰信用リスク評価株式会社,04.分析,data/raw/share/share/共有ドライブ/プロジェクト/白峰信用リスク評価株式会社/04.分析/analysis_project/data/train.csv,3718995,csv_summary_sample,utf-8-sig,7352.0,66.0,30092,261,01fd999736ee242d0bfe983e273858b01269f15e,"# source_path: プロジェクト/白峰信用リスク評価株式会社/04.分析/analysis_project/data/train.csv # file_name: train.csv # extension: .csv # area: プロジェクト # project_name: 白峰信用リスク評価株式会社 # major_folder: 04.分析 # CSVファイル: train.csv  - 行数: 7352 - 列数: 66 - 区切り文字: ',' - 列名: id, Attr1, Attr2, Attr3, Attr4, Attr5, Attr6, Attr7, Attr8, Attr9, Attr10, Attr11, Attr12, Attr13, Attr14, Attr15, Attr16, Attr17, Attr18, Attr19, Attr20, Attr21, Attr22, Attr23, Attr24, Attr25, Attr26, Attr27, Attr28, Attr29, Attr30, Attr31, Attr32, Attr33","{""separator"": "","", ""cell_count"": 485232, ""columns"": [""id"", ""Attr1"", ""Attr2"", ""Attr3"", ""Attr4"", ""Attr5"", ""Attr6"", ""Attr7"", ""Attr8"", ""Attr9"", ""Attr10"", ""Attr11"", ""Attr12"", ""Attr13"", ""Attr14"", ""Attr15"", ""Attr16"", ""Attr17"", ""Attr18"", ""Attr19"", ""Attr20"", ""Attr21"", ""Attr22"", ""Attr23"", ""Attr24"", ""Attr25"", ""Attr26"", ""Attr27"", ""Attr28"", ""Attr29"", ""Attr30"", ""Attr31"", ""Attr32"", ""Attr33"", ""Attr34"", ""Attr35"", ""Attr36"", ""Attr37"", ""Attr38"", ""Attr39"", ""Attr40"", ""Attr41"", ""Attr42"", ""Attr43"", ""Attr44"", ""Attr45"", ""Attr46"", ""Attr47"", ""Attr48"", ""Attr49"", ""Attr50"", ""Attr51"", ""Attr52"", ""Attr53"", ""Attr54"", ""Attr55"", ""Attr56"", ""Attr57"", ""Attr58"", ""Attr59"", ""Attr60"", ""Attr61"", ""Attr62"", ""Attr63"", ""Attr64"", ""class""], ""csv_mode"": ""summary_sample""}"
doc_54f7a587902566e7,プロジェクト/青葉与信マネジメント株式会社/03.データ/train.csv,train.csv,.csv,プロジェクト,青葉与信マネジメント株式会社,03.データ,data/raw/share/share/共有ドライブ/プロジェクト/青葉与信マネジメント株式会社/03.データ/train.csv,1574827,csv_summary_sample,utf-8-sig,17500.0,10.0,5384,135,d0518fbb74cfb46f8ea128937efe1ce792c7095d,"# source_path: プロジェクト/青葉与信マネジメント株式会社/03.データ/train.csv # file_name: train.csv # extension: .csv # area: プロジェクト # project_name: 青葉与信マネジメント株式会社 # major_folder: 03.データ # CSVファイル: train.csv  - 行数: 17500 - 列数: 10 - 区切り文字: ',' - 列名: id, loan_amnt, term, interest_rate, grade, employment_length, purpose, credit_score, application_type, loan_status  ## dtypes ,dtype id,int64 loan_amnt,float64 term,str interest_rate,float64 grade,str employment_length,str purpose,str credit_score,float64 application_type,s","{""separator"": "","", ""cell_count"": 175000, ""columns"": [""id"", ""loan_amnt"", ""term"", ""interest_rate"", ""grade"", ""employment_length"", ""purpose"", ""credit_score"", ""application_type"", ""loan_status""], ""csv_mode"": ""summary_sample""}"
doc_f9e73324bba4c52d,プロジェクト/青葉与信マネジメント株式会社/04.分析/analysis_outputs/experiments/leaderboard.csv,leaderboard.csv,.csv,プロジェクト,青葉与信マネジメント株式会社,04.分析,data/raw/share/share/共有ドライブ/プロジェクト/青葉与信マネジメント株式会社/04.分析/analysis_outputs/experiments/leaderboard.csv,1062,csv_full,utf-8-sig,10.0,12.0,1765,44,35325caadf1e966d12199c2d9776442d690ea6f1,"# source_path: プロジェクト/青葉与信マネジメント株式会社/04.分析/analysis_outputs/experiments/leaderboard.csv # file_name: leaderboard.csv # extension: .csv # area: プロジェクト # project_name: 青葉与信マネジメント株式会社 # major_folder: 04.分析 # CSVファイル: leaderboard.csv  - 行数: 10 - 列数: 12 - 区切り文字: ',' - 列名: trial_index, status, model_type, n_estimators, use_date_features, random_state, test_size, task_type, primary_metric, primary_value, secondary_metric, secondary_value  ## dtypes ,dtype trial_index,int64 status,str model_type,str n_e","{""separator"": "","", ""cell_count"": 120, ""columns"": [""trial_index"", ""status"", ""model_type"", ""n_estimators"", ""use_date_features"", ""random_state"", ""test_size"", ""task_type"", ""primary_metric"", ""primary_value"", ""secondary_metric"", ""secondary_value""], ""csv_mode"": ""full""}"
doc_22cccbd0e3648b72,プロジェクト/青葉与信マネジメント株式会社/04.分析/analysis_project/artifacts/analysis_outputs/train_preview.csv,train_preview.csv,.csv,プロジェクト,青葉与信マネジメント株式会社,04.分析,data/raw/share/share/共有ドライブ/プロジェクト/青葉与信マネジメント株式会社/04.分析/analysis_project/artifacts/analysis_outputs/train_preview.csv,17660,csv_full,utf-8-sig,200.0,10.0,18086,232,b01beca3e62cfcc2cd9dbad4c77df64c96a7c36a,"# source_path: プロジェクト/青葉与信マネジメント株式会社/04.分析/analysis_project/artifacts/analysis_outputs/train_preview.csv # file_name: train_preview.csv # extension: .csv # area: プロジェクト # project_name: 青葉与信マネジメント株式会社 # major_folder: 04.分析 # CSVファイル: train_preview.csv  - 行数: 200 - 列数: 10 - 区切り文字: ',' - 列名: id, loan_amnt, term, interest_rate, grade, employment_length, purpose, credit_score, application_type, loan_status  ## dtypes ,dtype id,int64 loan_amnt,float64 term,str interest_rate,float64 grade,str employmen","{""separator"": "","", ""cell_count"": 2000, ""columns"": [""id"", ""loan_amnt"", ""term"", ""interest_rate"", ""grade"", ""employment_length"", ""purpose"", ""credit_score"", ""application_type"", ""loan_status""], ""csv_mode"": ""full""}"
doc_1cd270041a996a35,プロジェクト/青葉与信マネジメント株式会社/04.分析/analysis_project/data/train.csv,train.csv,.csv,プロジェクト,青葉与信マネジメント株式会社,04.分析,data/raw/share/share/共有ドライブ/プロジェクト/青葉与信マネジメント株式会社/04.分析/analysis_project/data/train.csv,1574827,csv_summary_sample,utf-8-sig,17500.0,10.0,5404,135,fc100e7c6561fc5e1f1bb764769e13e434bcf5ca,"# source_path: プロジェクト/青葉与信マネジメント株式会社/04.分析/analysis_project/data/train.csv # file_name: train.csv # extension: .csv # area: プロジェクト # project_name: 青葉与信マネジメント株式会社 # major_folder: 04.分析 # CSVファイル: train.csv  - 行数: 17500 - 列数: 10 - 区切り文字: ',' - 列名: id, loan_amnt, term, interest_rate, grade, employment_length, purpose, credit_score, application_type, loan_status  ## dtypes ,dtype id,int64 loan_amnt,float64 term,str interest_rate,float64 grade,str employment_length,str purpose,str credit_score,float6","{""separator"": "","", ""cell_count"": 175000, ""columns"": [""id"", ""loan_amnt"", ""term"", ""interest_rate"", ""grade"", ""employment_length"", ""purpose"", ""credit_score"", ""application_type"", ""loan_status""], ""csv_mode"": ""summary_sample""}"
doc_f74251b3e48af6b1,プロジェクト/京橋信用ソリューションズ株式会社/04.分析/analysis_project/notebooks/01_eda.ipynb,01_eda.ipynb,.ipynb,プロジェクト,京橋信用ソリューションズ株式会社,04.分析,data/raw/share/share/共有ドライブ/プロジェクト/京橋信用ソリューションズ株式会社/04.分析/analysis_project/notebooks/01_eda.ipynb,31047,ipynb_cells_text_limited_outputs,utf-8-sig,20.0,,19717,534,4f288ab1610685a71bd26aa00b34114b379b6e32,# source_path: プロジェクト/京橋信用ソリューションズ株式会社/04.分析/analysis_project/notebooks/01_eda.ipynb # file_name: 01_eda.ipynb # extension: .ipynb # area: プロジェクト # project_name: 京橋信用ソリューションズ株式会社 # major_folder: 04.分析 # Notebook: 01_eda.ipynb  ## cell_000 [markdown] # EDAノートブック  本ノートブックは、分析業務で使うEDAを固定手順で実行するための定型版です。 可視化結果は相対パスで `reports/figures` に保存します。  ## cell_001 [markdown] ## 固定EDA計画 1. データ読み込みと基本確認 2. 列型・記述統計の確認 3. 欠損率の集計と可視化 4. 数値列の分布確認 5. カテゴリ列の主要分布確認 6. 目的変数の分布と偏り確認 7. 数値特徴量の相関確認 8. 日付列の時系列傾向確認（存在時） 9. ,"{""cell_count"": 20, ""cell_type_counts"": {""markdown"": 10, ""code"": 10}, ""output_text_count"": 0, ""output_truncated_count"": 0, ""output_skipped_count_by_total_budget"": 0, ""output_original_total_length"": 0, ""output_included_total_length"": 0, ""ipynb_max_output_chars_per_cell"": 2000, ""ipynb_max_total_output_chars"": 50000, ""ipynb_max_source_chars_per_cell"": 20000, ""source_truncated_count"": 0, ""embedded_image_omitted_count"": 0, ""source_original_total_length"": 19032, ""source_cleaned_total_length"": 19032, ""skipped_mime_counts"": {}}"
doc_de03c1e2611d7376,プロジェクト/医療法人社団 恒一会 かえで総合病院/04.分析/analysis_project/notebooks/01_eda.ipynb,01_eda.ipynb,.ipynb,プロジェクト,医療法人社団 恒一会 かえで総合病院,04.分析,data/raw/share/share/共有ドライブ/プロジェクト/医療法人社団 恒一会 かえで総合病院/04.分析/analysis_project/notebooks/01_eda.ipynb,360775,ipynb_cells_text_limited_outputs,utf-8-sig,20.0,,32771,878,164ff903d8c6787b89b809e7f36366431e746c63,# source_path: プロジェクト/医療法人社団 恒一会 かえで総合病院/04.分析/analysis_project/notebooks/01_eda.ipynb # file_name: 01_eda.ipynb # extension: .ipynb # area: プロジェクト # project_name: 医療法人社団 恒一会 かえで総合病院 # major_folder: 04.分析 # Notebook: 01_eda.ipynb  ## cell_000 [markdown] # EDAノートブック  本ノートブックは、分析業務で使うEDAを固定手順で実行するための定型版です。 可視化結果は相対パスで `reports/figures` に保存します。  ## cell_001 [markdown] ## 固定EDA計画 1. データ読み込みと基本確認 2. 列型・記述統計の確認 3. 欠損率の集計と可視化 4. 数値列の分布確認 5. カテゴリ列の主要分布確認 6. 目的変数の分布と偏り確認 7. 数値特徴量の相関確認 8. 日付列の時系列傾向確認（存在時）,"{""cell_count"": 20, ""cell_type_counts"": {""markdown"": 10, ""code"": 10}, ""output_text_count"": 25, ""output_truncated_count"": 2, ""output_skipped_count_by_total_budget"": 0, ""output_original_total_length"": 16150, ""output_included_total_length"": 12472, ""ipynb_max_output_chars_per_cell"": 2000, ""ipynb_max_total_output_chars"": 50000, ""ipynb_max_source_chars_per_cell"": 20000, ""source_truncated_count"": 0, ""embedded_image_omitted_count"": 0, ""source_original_total_length"": 19360, ""source_cleaned_total_length"": 19360, ""skipped_mime_counts"": {""image/png"": 6}}"
doc_10145cb6808672ad,プロジェクト/医療法人社団 蒼樹会 みなみ野女性医療センター/04.分析/analysis_project/notebooks/01_eda.ipynb,01_eda.ipynb,.ipynb,プロジェクト,医療法人社団 蒼樹会 みなみ野女性医療センター,04.分析,data/raw/share/share/共有ドライブ/プロジェクト/医療法人社団 蒼樹会 みなみ野女性医療センター/04.分析/analysis_project/notebooks/01_eda.ipynb,407839,ipynb_cells_text_limited_outputs,utf-8-sig,20.0,,33472,910,f864357435645bb60b21fcab6669dc4780703ce9,# source_path: プロジェクト/医療法人社団 蒼樹会 みなみ野女性医療センター/04.分析/analysis_project/notebooks/01_eda.ipynb # file_name: 01_eda.ipynb # extension: .ipynb # area: プロジェクト # project_name: 医療法人社団 蒼樹会 みなみ野女性医療センター # major_folder: 04.分析 # Notebook: 01_eda.ipynb  ## cell_000 [markdown] # EDAノートブック  本ノートブックは、分析業務で使うEDAを固定手順で実行するための定型版です。 可視化結果は相対パスで `reports/figures` に保存します。  ## cell_001 [markdown] ## 固定EDA計画 1. データ読み込みと基本確認 2. 列型・記述統計の確認 3. 欠損率の集計と可視化 4. 数値列の分布確認 5. カテゴリ列の主要分布確認 6. 目的変数の分布と偏り確認 7. 数値特徴量の相関確認 8. 日付列の時系,"{""cell_count"": 20, ""cell_type_counts"": {""markdown"": 10, ""code"": 10}, ""output_text_count"": 22, ""output_truncated_count"": 3, ""output_skipped_count_by_total_budget"": 0, ""output_original_total_length"": 15178, ""output_included_total_length"": 11802, ""ipynb_max_output_chars_per_cell"": 2000, ""ipynb_max_total_output_chars"": 50000, ""ipynb_max_source_chars_per_cell"": 20000, ""source_truncated_count"": 0, ""embedded_image_omitted_count"": 0, ""source_original_total_length"": 20727, ""source_cleaned_total_length"": 20727, ""skipped_mime_counts"": {""image/png"": 7}}"
doc_f7950acecd6c9962,プロジェクト/医療法人社団 蒼泉会 ひがし丘総合病院/04.分析/analysis_project/notebooks/01_eda.ipynb,01_eda.ipynb,.ipynb,プロジェクト,医療法人社団 蒼泉会 ひがし丘総合病院,04.分析,data/raw/share/share/共有ドライブ/プロジェクト/医療法人社団 蒼泉会 ひがし丘総合病院/04.分析/analysis_project/notebooks/01_eda.ipynb,250696,ipynb_cells_text_limited_outputs,utf-8-sig,21.0,,26566,813,d37e8284e67b44d3299846d5bcd4937670a41f91,# source_path: プロジェクト/医療法人社団 蒼泉会 ひがし丘総合病院/04.分析/analysis_project/notebooks/01_eda.ipynb # file_name: 01_eda.ipynb # extension: .ipynb # area: プロジェクト # project_name: 医療法人社団 蒼泉会 ひがし丘総合病院 # major_folder: 04.分析 # Notebook: 01_eda.ipynb  ## cell_000 [markdown] # EDAノートブック  本ノートブックは、分析業務で使うEDAを固定手順で実行するための定型版です。 可視化結果は相対パスで `reports/figures` に保存します。  ## cell_001 [markdown] ## 固定EDA計画 1. データ読み込みと基本確認 2. 列型・記述統計の確認 3. 欠損率の集計と可視化 4. 数値列の分布確認 5. カテゴリ列の主要分布確認 6. 目的変数の分布と偏り確認 7. 数値特徴量の相関確認 8. 日付列の時系列傾向確認（存在,"{""cell_count"": 21, ""cell_type_counts"": {""markdown"": 11, ""code"": 10}, ""output_text_count"": 17, ""output_truncated_count"": 1, ""output_skipped_count_by_total_budget"": 0, ""output_original_total_length"": 7357, ""output_included_total_length"": 6146, ""ipynb_max_output_chars_per_cell"": 2000, ""ipynb_max_total_output_chars"": 50000, ""ipynb_max_source_chars_per_cell"": 20000, ""source_truncated_count"": 0, ""embedded_image_omitted_count"": 0, ""source_original_total_length"": 19470, ""source_cleaned_total_length"": 19470, ""skipped_mime_counts"": {""image/png"": 5}}"
doc_fedf164e75a35759,プロジェクト/株式会社東都人材プラットフォーム/04.分析/analysis_project/notebooks/01_eda.ipynb,01_eda.ipynb,.ipynb,プロジェクト,株式会社東都人材プラットフォーム,04.分析,data/raw/share/share/共有ドライブ/プロジェクト/株式会社東都人材プラットフォーム/04.分析/analysis_project/notebooks/01_eda.ipynb,227836,ipynb_cells_text_limited_outputs,utf-8-sig,20.0,,35387,944,ac03cd6a2c212243d85b40a6ed05459dddb29059,# source_path: プロジェクト/株式会社東都人材プラットフォーム/04.分析/analysis_project/notebooks/01_eda.ipynb # file_name: 01_eda.ipynb # extension: .ipynb # area: プロジェクト # project_name: 株式会社東都人材プラットフォーム # major_folder: 04.分析 # Notebook: 01_eda.ipynb  ## cell_000 [markdown] # EDAノートブック  本ノートブックは、分析業務で使うEDAを固定手順で実行するための定型版です。 可視化結果は相対パスで `reports/figures` に保存します。  ## cell_001 [markdown] ## 固定EDA計画 1. データ読み込みと基本確認 2. 列型・記述統計の確認 3. 欠損率の集計と可視化 4. 数値列の分布確認 5. カテゴリ列の主要分布確認 6. 目的変数の分布と偏り確認 7. 数値特徴量の相関確認 8. 日付列の時系列傾向確認（存在時） 9. ,"{""cell_count"": 20, ""cell_type_counts"": {""markdown"": 10, ""code"": 10}, ""output_text_count"": 31, ""output_truncated_count"": 2, ""output_skipped_count_by_total_budget"": 0, ""output_original_total_length"": 18529, ""output_included_total_length"": 13950, ""ipynb_max_output_chars_per_cell"": 2000, ""ipynb_max_total_output_chars"": 50000, ""ipynb_max_source_chars_per_cell"": 20000, ""source_truncated_count"": 0, ""embedded_image_omitted_count"": 0, ""source_original_total_length"": 20490, ""source_cleaned_total_length"": 20490, ""skipped_mime_counts"": {""image/png"": 6}}"
doc_f7bbe31b3fc35746,プロジェクト/株式会社青嶺不動産アセットマネジメント/04.分析/analysis_project/notebooks/01_eda.ipynb,01_eda.ipynb,.ipynb,プロジェクト,株式会社青嶺不動産アセットマネジメント,04.分析,data/raw/share/share/共有ドライブ/プロジェクト/株式会社青嶺不動産アセットマネジメント/04.分析/analysis_project/notebooks/01_eda.ipynb,449328,ipynb_cells_text_limited_outputs,utf-8-sig,20.0,,33718,847,125f6c91f57ccaefd3df8a4a511c95f8bad4b82a,# source_path: プロジェクト/株式会社青嶺不動産アセットマネジメント/04.分析/analysis_project/notebooks/01_eda.ipynb # file_name: 01_eda.ipynb # extension: .ipynb # area: プロジェクト # project_name: 株式会社青嶺不動産アセットマネジメント # major_folder: 04.分析 # Notebook: 01_eda.ipynb  ## cell_000 [markdown] # EDAノートブック  本ノートブックは、分析業務で使うEDAを固定手順で実行するための定型版です。 可視化結果は相対パスで `reports/figures` に保存します。  ## cell_001 [markdown] ## 固定EDA計画 1. データ読み込みと基本確認 2. 列型・記述統計の確認 3. 欠損率の集計と可視化 4. 数値列の分布確認 5. カテゴリ列の主要分布確認 6. 目的変数の分布と偏り確認 7. 数値特徴量の相関確認 8. 日付列の時系列傾向確認（存在,"{""cell_count"": 20, ""cell_type_counts"": {""markdown"": 10, ""code"": 10}, ""output_text_count"": 20, ""output_truncated_count"": 4, ""output_skipped_count_by_total_budget"": 0, ""output_original_total_length"": 23352, ""output_included_total_length"": 11860, ""ipynb_max_output_chars_per_cell"": 2000, ""ipynb_max_total_output_chars"": 50000, ""ipynb_max_source_chars_per_cell"": 20000, ""source_truncated_count"": 0, ""embedded_image_omitted_count"": 0, ""source_original_total_length"": 20927, ""source_cleaned_total_length"": 20927, ""skipped_mime_counts"": {""image/png"": 6}}"
doc_bc9c5d0845ebe443,プロジェクト/株式会社青潮モビリティサービス/04.分析/analysis_project/notebooks/01_eda.ipynb,01_eda.ipynb,.ipynb,プロジェクト,株式会社青潮モビリティサービス,04.分析,data/raw/share/share/共有ドライブ/プロジェクト/株式会社青潮モビリティサービス/04.分析/analysis_project/notebooks/01_eda.ipynb,485457,ipynb_cells_text_limited_outputs,utf-8-sig,20.0,,27653,816,4150a7fe6518ac0279ce180222cf7fb475573158,# source_path: プロジェクト/株式会社青潮モビリティサービス/04.分析/analysis_project/notebooks/01_eda.ipynb # file_name: 01_eda.ipynb # extension: .ipynb # area: プロジェクト # project_name: 株式会社青潮モビリティサービス # major_folder: 04.分析 # Notebook: 01_eda.ipynb  ## cell_000 [markdown] # EDAノートブック  本ノートブックは、分析業務で使うEDAを固定手順で実行するための定型版です。 可視化結果は相対パスで `reports/figures` に保存します。  ## cell_001 [markdown] ## 固定EDA計画 1. データ読み込みと基本確認 2. 列型・記述統計の確認 3. 欠損率の集計と可視化 4. 数値列の分布確認 5. カテゴリ列の主要分布確認 6. 目的変数の分布と偏り確認 7. 数値特徴量の相関確認 8. 日付列の時系列傾向確認（存在時） 9. 観察,"{""cell_count"": 20, ""cell_type_counts"": {""markdown"": 10, ""code"": 10}, ""output_text_count"": 20, ""output_truncated_count"": 1, ""output_skipped_count_by_total_budget"": 0, ""output_original_total_length"": 12424, ""output_included_total_length"": 9194, ""ipynb_max_output_chars_per_cell"": 2000, ""ipynb_max_total_output_chars"": 50000, ""ipynb_max_source_chars_per_cell"": 20000, ""source_truncated_count"": 0, ""embedded_image_omitted_count"": 0, ""source_original_total_length"": 17536, ""source_cleaned_total_length"": 17536, ""skipped_mime_counts"": {""image/png"": 6}}"
doc_ac36b4fecdfa95d5,プロジェクト/株式会社青葉バイオメディカル機器/04.分析/analysis_project/notebooks/01_eda.ipynb,01_eda.ipynb,.ipynb,プロジェクト,株式会社青葉バイオメディカル機器,04.分析,data/raw/share/share/共有ドライブ/プロジェクト/株式会社青葉バイオメディカル機器/04.分析/analysis_project/notebooks/01_eda.ipynb,2742,ipynb_cells_text_limited_outputs,utf-8-sig,6.0,,1524,51,ff255f5699d2a6b57f507a0414735dd5d8b4c5f1,"# source_path: プロジェクト/株式会社青葉バイオメディカル機器/04.分析/analysis_project/notebooks/01_eda.ipynb # file_name: 01_eda.ipynb # extension: .ipynb # area: プロジェクト # project_name: 株式会社青葉バイオメディカル機器 # major_folder: 04.分析 # Notebook: 01_eda.ipynb  ## cell_000 [markdown] # EDA Notebook  This notebook is an initial exploratory analysis template.  ## cell_001 [code] from pathlib import Path import pandas as pd  ENCODINGS = ('utf-8-sig', 'utf-8', 'cp932', 'shift_jis', 'euc_jp')  def load_csv_auto(path: Path) -> tuple[pd","{""cell_count"": 6, ""cell_type_counts"": {""markdown"": 1, ""code"": 5}, ""output_text_count"": 0, ""output_truncated_count"": 0, ""output_skipped_count_by_total_budget"": 0, ""output_original_total_length"": 0, ""output_included_total_length"": 0, ""ipynb_max_output_chars_per_cell"": 2000, ""ipynb_max_total_output_chars"": 50000, ""ipynb_max_source_chars_per_cell"": 20000, ""source_truncated_count"": 0, ""embedded_image_omitted_count"": 0, ""source_original_total_length"": 1169, ""source_cleaned_total_length"": 1169, ""skipped_mime_counts"": {}}"
doc_e52d8af8e3e09f73,プロジェクト/白峰信用リスク評価株式会社/04.分析/analysis_project/notebooks/01_eda.ipynb,01_eda.ipynb,.ipynb,プロジェクト,白峰信用リスク評価株式会社,04.分析,data/raw/share/share/共有ドライブ/プロジェクト/白峰信用リスク評価株式会社/04.分析/analysis_project/notebooks/01_eda.ipynb,5543913,ipynb_cells_text_limited_outputs,utf-8-sig,22.0,,32599,907,9bd2d64adabe619765f0d6291f850c314c19d364,# source_path: プロジェクト/白峰信用リスク評価株式会社/04.分析/analysis_project/notebooks/01_eda.ipynb # file_name: 01_eda.ipynb # extension: .ipynb # area: プロジェクト # project_name: 白峰信用リスク評価株式会社 # major_folder: 04.分析 # Notebook: 01_eda.ipynb  ## cell_000 [markdown] # EDAノートブック  本ノートブックは、分析業務で使うEDAを固定手順で実行するための定型版です。 可視化結果は相対パスで `reports/figures` に保存します。  ## cell_001 [markdown] ## 固定EDA計画 1. データ読み込みと基本確認 2. 列型・記述統計の確認 3. 欠損率の集計と可視化 4. 数値列の分布確認 5. カテゴリ列の主要分布確認 6. 目的変数の分布と偏り確認 7. 数値特徴量の相関確認 8. 日付列の時系列傾向確認（存在時） 9. 観察結果サマ,"{""cell_count"": 22, ""cell_type_counts"": {""markdown"": 12, ""code"": 10}, ""output_text_count"": 21, ""output_truncated_count"": 2, ""output_skipped_count_by_total_budget"": 0, ""output_original_total_length"": 16944, ""output_included_total_length"": 10253, ""ipynb_max_output_chars_per_cell"": 2000, ""ipynb_max_total_output_chars"": 50000, ""ipynb_max_source_chars_per_cell"": 20000, ""source_truncated_count"": 0, ""embedded_image_omitted_count"": 1, ""source_original_total_length"": 5157584, ""source_cleaned_total_length"": 21375, ""skipped_mime_counts"": {""image/png"": 6}}"
doc_c76ce2191c7a7cf9,プロジェクト/白峰信用リスク評価株式会社/04.分析/analysis_project/notebooks/01_eda_old.ipynb,01_eda_old.ipynb,.ipynb,プロジェクト,白峰信用リスク評価株式会社,04.分析,data/raw/share/share/共有ドライブ/プロジェクト/白峰信用リスク評価株式会社/04.分析/analysis_project/notebooks/01_eda_old.ipynb,6134637,ipynb_cells_text_limited_outputs,utf-8-sig,22.0,,32611,907,fd2f9d49e83f09c6136d5e6375a2c79d4ad7bf3e,# source_path: プロジェクト/白峰信用リスク評価株式会社/04.分析/analysis_project/notebooks/01_eda_old.ipynb # file_name: 01_eda_old.ipynb # extension: .ipynb # area: プロジェクト # project_name: 白峰信用リスク評価株式会社 # major_folder: 04.分析 # Notebook: 01_eda_old.ipynb  ## cell_000 [markdown] # EDAノートブック  本ノートブックは、分析業務で使うEDAを固定手順で実行するための定型版です。 可視化結果は相対パスで `reports/figures` に保存します。  ## cell_001 [markdown] ## 固定EDA計画 1. データ読み込みと基本確認 2. 列型・記述統計の確認 3. 欠損率の集計と可視化 4. 数値列の分布確認 5. カテゴリ列の主要分布確認 6. 目的変数の分布と偏り確認 7. 数値特徴量の相関確認 8. 日付列の時系列傾向確認（存在,"{""cell_count"": 22, ""cell_type_counts"": {""markdown"": 12, ""code"": 10}, ""output_text_count"": 21, ""output_truncated_count"": 2, ""output_skipped_count_by_total_budget"": 0, ""output_original_total_length"": 16944, ""output_included_total_length"": 10253, ""ipynb_max_output_chars_per_cell"": 2000, ""ipynb_max_total_output_chars"": 50000, ""ipynb_max_source_chars_per_cell"": 20000, ""source_truncated_count"": 0, ""embedded_image_omitted_count"": 1, ""source_original_total_length"": 5748308, ""source_cleaned_total_length"": 21375, ""skipped_mime_counts"": {""image/png"": 6}}"
doc_f8aa3d477d935cb8,プロジェクト/青葉与信マネジメント株式会社/04.分析/analysis_project/notebooks/01_eda.ipynb,01_eda.ipynb,.ipynb,プロジェクト,青葉与信マネジメント株式会社,04.分析,data/raw/share/share/共有ドライブ/プロジェクト/青葉与信マネジメント株式会社/04.分析/analysis_project/notebooks/01_eda.ipynb,339513,ipynb_cells_text_limited_outputs,utf-8-sig,20.0,,35182,978,796e916748e923f52c0ed6a345e890c5a79ff0df,# source_path: プロジェクト/青葉与信マネジメント株式会社/04.分析/analysis_project/notebooks/01_eda.ipynb # file_name: 01_eda.ipynb # extension: .ipynb # area: プロジェクト # project_name: 青葉与信マネジメント株式会社 # major_folder: 04.分析 # Notebook: 01_eda.ipynb  ## cell_000 [markdown] # EDAノートブック  本ノートブックは、分析業務で使うEDAを固定手順で実行するための定型版です。 可視化結果は相対パスで `reports/figures` に保存します。  ## cell_001 [markdown] ## 固定EDA計画 1. データ読み込みと基本確認 2. 列型・記述統計の確認 3. 欠損率の集計と可視化 4. 数値列の分布確認 5. カテゴリ列の主要分布確認 6. 目的変数の分布と偏り確認 7. 数値特徴量の相関確認 8. 日付列の時系列傾向確認（存在時） 9. 観察結果,"{""cell_count"": 20, ""cell_type_counts"": {""markdown"": 10, ""code"": 10}, ""output_text_count"": 25, ""output_truncated_count"": 2, ""output_skipped_count_by_total_budget"": 0, ""output_original_total_length"": 14350, ""output_included_total_length"": 11033, ""ipynb_max_output_chars_per_cell"": 2000, ""ipynb_max_total_output_chars"": 50000, ""ipynb_max_source_chars_per_cell"": 20000, ""source_truncated_count"": 0, ""embedded_image_omitted_count"": 0, ""source_original_total_length"": 23218, ""source_cleaned_total_length"": 23218, ""skipped_mime_counts"": {""image/png"": 6}}"
doc_ae8d5836e4aeb61b,プロジェクト/京橋信用ソリューションズ株式会社/04.分析/analysis_outputs/metrics.json,metrics.json,.json,プロジェクト,京橋信用ソリューションズ株式会社,04.分析,data/raw/share/share/共有ドライブ/プロジェクト/京橋信用ソリューションズ株式会社/04.分析/analysis_outputs/metrics.json,902,json_pretty_text,utf-8-sig,17.0,,1374,50,25e3a54e2e3e1aab69add70b930623755b8a0f99,"# source_path: プロジェクト/京橋信用ソリューションズ株式会社/04.分析/analysis_outputs/metrics.json # file_name: metrics.json # extension: .json # area: プロジェクト # project_name: 京橋信用ソリューションズ株式会社 # major_folder: 04.分析 # JSONファイル: metrics.json  - top_level_type: dict - item_count: 17 - top_level_keys: task_type, encoding, target_column, date_column, use_date_features, model_type, model_params, row_count, feature_count, train_rows, test_rows, accuracy, f1_macro, auc_roc, brier_score, precision_at_top10pct, eda_summary  ## pr","{""top_level_type"": ""dict"", ""top_level_keys"": [""task_type"", ""encoding"", ""target_column"", ""date_column"", ""use_date_features"", ""model_type"", ""model_params"", ""row_count"", ""feature_count"", ""train_rows"", ""test_rows"", ""accuracy"", ""f1_macro"", ""auc_roc"", ""brier_score"", ""precision_at_top10pct"", ""eda_summary""]}"
doc_79879edbc5800b7a,プロジェクト/京橋信用ソリューションズ株式会社/04.分析/analysis_project/configs/project_config.json,project_config.json,.json,プロジェクト,京橋信用ソリューションズ株式会社,04.分析,data/raw/share/share/共有ドライブ/プロジェクト/京橋信用ソリューションズ株式会社/04.分析/analysis_project/configs/project_config.json,375,json_pretty_text,utf-8-sig,11.0,,821,26,61dd6f6bddf1d92d4573a8d3dadd73fa2e16c5f7,"# source_path: プロジェクト/京橋信用ソリューションズ株式会社/04.分析/analysis_project/configs/project_config.json # file_name: project_config.json # extension: .json # area: プロジェクト # project_name: 京橋信用ソリューションズ株式会社 # major_folder: 04.分析 # JSONファイル: project_config.json  - top_level_type: dict - item_count: 11 - top_level_keys: data_csv, column_doc, target_column, date_column, use_date_features, model_type, model_params, output_dir, random_state, test_size, analysis_spec_path  ## pretty_json {   ""analysis_spec_path"": ""art","{""top_level_type"": ""dict"", ""top_level_keys"": [""data_csv"", ""column_doc"", ""target_column"", ""date_column"", ""use_date_features"", ""model_type"", ""model_params"", ""output_dir"", ""random_state"", ""test_size"", ""analysis_spec_path""]}"
doc_b126b2974232ad86,プロジェクト/医療法人社団 恒一会 かえで総合病院/04.分析/analysis_outputs/metrics.json,metrics.json,.json,プロジェクト,医療法人社団 恒一会 かえで総合病院,04.分析,data/raw/share/share/共有ドライブ/プロジェクト/医療法人社団 恒一会 かえで総合病院/04.分析/analysis_outputs/metrics.json,3465,json_pretty_text,utf-8-sig,42.0,,4464,150,3b3b530fbc47231cf8de8034bc2bc716d470c6c4,"# source_path: プロジェクト/医療法人社団 恒一会 かえで総合病院/04.分析/analysis_outputs/metrics.json # file_name: metrics.json # extension: .json # area: プロジェクト # project_name: 医療法人社団 恒一会 かえで総合病院 # major_folder: 04.分析 # JSONファイル: metrics.json  - top_level_type: dict - item_count: 42 - top_level_keys: task_type, encoding, target_column, date_column, use_date_features, use_numeric_interactions, use_cyclical_time_features, use_ordered_category_features, group_rare_categories, rare_category_min_count, use_categorical_frequ","{""top_level_type"": ""dict"", ""top_level_keys"": [""task_type"", ""encoding"", ""target_column"", ""date_column"", ""use_date_features"", ""use_numeric_interactions"", ""use_cyclical_time_features"", ""use_ordered_category_features"", ""group_rare_categories"", ""rare_category_min_count"", ""use_categorical_frequency_features"", ""categorical_frequency_min_unique"", ""categorical_frequency_max_unique"", ""use_class_target_encoding"", ""drop_original_categorical_after_target_encoding"", ""tune_class_decision_weights"", ""model_type"", ""model_params"", ""split_strategy"", ""transform_target"", ""validation_size"", ""early_stopping"", ""early_stopping_patience"", ""row_count"", ""feature_count"", ""train_rows"", ""validation_rows"", ""test_rows"", ""split_ordering_basis"", ""accuracy"", ""f1_macro"", ""auc_roc"", ""brier_score"", ""precision_at_top10pct"", ""train_metrics"", ""validation_metrics"", ""class_target_encoding"", ""eda_summary"", ""feature_selection"", ""ordered_feature_columns"", ""selected_feature_count"", ""excluded_feature_count""]}"
doc_a9891ed1fe0130f9,プロジェクト/医療法人社団 恒一会 かえで総合病院/04.分析/analysis_outputs/run_summary.json,run_summary.json,.json,プロジェクト,医療法人社団 恒一会 かえで総合病院,04.分析,data/raw/share/share/共有ドライブ/プロジェクト/医療法人社団 恒一会 かえで総合病院/04.分析/analysis_outputs/run_summary.json,1654,json_pretty_text,utf-8-sig,33.0,,2701,70,9b7b6d1aca2f40da77943b7bdabe1243c61a8578,"# source_path: プロジェクト/医療法人社団 恒一会 かえで総合病院/04.分析/analysis_outputs/run_summary.json # file_name: run_summary.json # extension: .json # area: プロジェクト # project_name: 医療法人社団 恒一会 かえで総合病院 # major_folder: 04.分析 # JSONファイル: run_summary.json  - top_level_type: dict - item_count: 33 - top_level_keys: target_column, date_column, task_type, use_date_features, use_numeric_interactions, use_cyclical_time_features, use_ordered_category_features, group_rare_categories, rare_category_min_count, use_categorical_fre","{""top_level_type"": ""dict"", ""top_level_keys"": [""target_column"", ""date_column"", ""task_type"", ""use_date_features"", ""use_numeric_interactions"", ""use_cyclical_time_features"", ""use_ordered_category_features"", ""group_rare_categories"", ""rare_category_min_count"", ""use_categorical_frequency_features"", ""categorical_frequency_min_unique"", ""categorical_frequency_max_unique"", ""use_class_target_encoding"", ""class_target_encoding_min_unique"", ""class_target_encoding_max_unique"", ""class_target_encoding_smoothing"", ""drop_original_categorical_after_target_encoding"", ""tune_class_decision_weights"", ""model_type"", ""model_params"", ""split_strategy"", ""split_ordering_basis"", ""transform_target"", ""validation_size"", ""early_stopping"", ""early_stopping_patience"", ""output_dir"", ""selected_feature_count"", ""excluded_feature_columns"", ""categorical_unique_limit"", ""ordered_feature_columns"", ""class_target_encoding"", ""class_decision_tuning""]}"
doc_3c93093dd88ecbe2,プロジェクト/医療法人社団 恒一会 かえで総合病院/04.分析/analysis_project/configs/project_config.json,project_config.json,.json,プロジェクト,医療法人社団 恒一会 かえで総合病院,04.分析,data/raw/share/share/共有ドライブ/プロジェクト/医療法人社団 恒一会 かえで総合病院/04.分析/analysis_project/configs/project_config.json,2212,json_pretty_text,utf-8-sig,34.0,,3225,84,cfcd09a16a47f2664b9e11437ff92ca833acd710,"# source_path: プロジェクト/医療法人社団 恒一会 かえで総合病院/04.分析/analysis_project/configs/project_config.json # file_name: project_config.json # extension: .json # area: プロジェクト # project_name: 医療法人社団 恒一会 かえで総合病院 # major_folder: 04.分析 # JSONファイル: project_config.json  - top_level_type: dict - item_count: 34 - top_level_keys: data_csv, column_doc, target_column, date_column, use_date_features, use_numeric_interactions, use_cyclical_time_features, use_ordered_category_features, group_rare_categories, rare_category_mi","{""top_level_type"": ""dict"", ""top_level_keys"": [""data_csv"", ""column_doc"", ""target_column"", ""date_column"", ""use_date_features"", ""use_numeric_interactions"", ""use_cyclical_time_features"", ""use_ordered_category_features"", ""group_rare_categories"", ""rare_category_min_count"", ""use_categorical_frequency_features"", ""categorical_frequency_min_unique"", ""categorical_frequency_max_unique"", ""use_class_target_encoding"", ""class_target_encoding_min_unique"", ""class_target_encoding_max_unique"", ""class_target_encoding_smoothing"", ""drop_original_categorical_after_target_encoding"", ""categorical_unique_limit_override"", ""tune_class_decision_weights"", ""split_strategy"", ""transform_target"", ""validation_size"", ""early_stopping"", ""early_stopping_patience"", ""early_stopping_min_delta"", ""model_type"", ""model_params"", ""output_dir"", ""random_state"", ""test_size"", ""feature_plan"", ""analysis_spec_path"", ""task_type""]}"
doc_fad68ef3678d5e6e,プロジェクト/医療法人社団 蒼樹会 みなみ野女性医療センター/04.分析/analysis_outputs/metrics.json,metrics.json,.json,プロジェクト,医療法人社団 蒼樹会 みなみ野女性医療センター,04.分析,data/raw/share/share/共有ドライブ/プロジェクト/医療法人社団 蒼樹会 みなみ野女性医療センター/04.分析/analysis_outputs/metrics.json,3194,json_pretty_text,utf-8-sig,41.0,,4198,132,4247ce8e315417e4729ce7a6ce34c5bf6ec85757,"# source_path: プロジェクト/医療法人社団 蒼樹会 みなみ野女性医療センター/04.分析/analysis_outputs/metrics.json # file_name: metrics.json # extension: .json # area: プロジェクト # project_name: 医療法人社団 蒼樹会 みなみ野女性医療センター # major_folder: 04.分析 # JSONファイル: metrics.json  - top_level_type: dict - item_count: 41 - top_level_keys: task_type, encoding, target_column, date_column, use_date_features, use_numeric_interactions, use_cyclical_time_features, use_ordered_category_features, group_rare_categories, rare_category_min_count, use_categor","{""top_level_type"": ""dict"", ""top_level_keys"": [""task_type"", ""encoding"", ""target_column"", ""date_column"", ""use_date_features"", ""use_numeric_interactions"", ""use_cyclical_time_features"", ""use_ordered_category_features"", ""group_rare_categories"", ""rare_category_min_count"", ""use_categorical_frequency_features"", ""categorical_frequency_min_unique"", ""categorical_frequency_max_unique"", ""use_class_target_encoding"", ""drop_original_categorical_after_target_encoding"", ""tune_class_decision_weights"", ""model_type"", ""model_params"", ""split_strategy"", ""transform_target"", ""validation_size"", ""early_stopping"", ""early_stopping_patience"", ""row_count"", ""feature_count"", ""train_rows"", ""validation_rows"", ""test_rows"", ""split_ordering_basis"", ""accuracy"", ""f1_macro"", ""auc_roc"", ""brier_score"", ""precision_at_top10pct"", ""train_metrics"", ""validation_metrics"", ""eda_summary"", ""feature_selection"", ""ordered_feature_columns"", ""selected_feature_count"", ""excluded_feature_count""]}"
doc_3b0fe3778942a535,プロジェクト/医療法人社団 蒼樹会 みなみ野女性医療センター/04.分析/analysis_outputs/run_summary.json,run_summary.json,.json,プロジェクト,医療法人社団 蒼樹会 みなみ野女性医療センター,04.分析,data/raw/share/share/共有ドライブ/プロジェクト/医療法人社団 蒼樹会 みなみ野女性医療センター/04.分析/analysis_outputs/run_summary.json,1365,json_pretty_text,utf-8-sig,33.0,,2438,54,d6dcf8983f30629b38463dccb56164335355ab62,"# source_path: プロジェクト/医療法人社団 蒼樹会 みなみ野女性医療センター/04.分析/analysis_outputs/run_summary.json # file_name: run_summary.json # extension: .json # area: プロジェクト # project_name: 医療法人社団 蒼樹会 みなみ野女性医療センター # major_folder: 04.分析 # JSONファイル: run_summary.json  - top_level_type: dict - item_count: 33 - top_level_keys: target_column, date_column, task_type, use_date_features, use_numeric_interactions, use_cyclical_time_features, use_ordered_category_features, group_rare_categories, rare_category_min_count, use_categ","{""top_level_type"": ""dict"", ""top_level_keys"": [""target_column"", ""date_column"", ""task_type"", ""use_date_features"", ""use_numeric_interactions"", ""use_cyclical_time_features"", ""use_ordered_category_features"", ""group_rare_categories"", ""rare_category_min_count"", ""use_categorical_frequency_features"", ""categorical_frequency_min_unique"", ""categorical_frequency_max_unique"", ""use_class_target_encoding"", ""class_target_encoding_min_unique"", ""class_target_encoding_max_unique"", ""class_target_encoding_smoothing"", ""drop_original_categorical_after_target_encoding"", ""tune_class_decision_weights"", ""model_type"", ""model_params"", ""split_strategy"", ""split_ordering_basis"", ""transform_target"", ""validation_size"", ""early_stopping"", ""early_stopping_patience"", ""output_dir"", ""selected_feature_count"", ""excluded_feature_columns"", ""categorical_unique_limit"", ""ordered_feature_columns"", ""class_target_encoding"", ""class_decision_tuning""]}"
doc_f14b6058ffa5eba6,プロジェクト/医療法人社団 蒼樹会 みなみ野女性医療センター/04.分析/analysis_project/configs/project_config.json,project_config.json,.json,プロジェクト,医療法人社団 蒼樹会 みなみ野女性医療センター,04.分析,data/raw/share/share/共有ドライブ/プロジェクト/医療法人社団 蒼樹会 みなみ野女性医療センター/04.分析/analysis_project/configs/project_config.json,2212,json_pretty_text,utf-8-sig,34.0,,3235,84,49ef3913985eab08bd7e429be9f240e576fdd4c3,"# source_path: プロジェクト/医療法人社団 蒼樹会 みなみ野女性医療センター/04.分析/analysis_project/configs/project_config.json # file_name: project_config.json # extension: .json # area: プロジェクト # project_name: 医療法人社団 蒼樹会 みなみ野女性医療センター # major_folder: 04.分析 # JSONファイル: project_config.json  - top_level_type: dict - item_count: 34 - top_level_keys: data_csv, column_doc, target_column, date_column, use_date_features, use_numeric_interactions, use_cyclical_time_features, use_ordered_category_features, group_rare_categories, rare_c","{""top_level_type"": ""dict"", ""top_level_keys"": [""data_csv"", ""column_doc"", ""target_column"", ""date_column"", ""use_date_features"", ""use_numeric_interactions"", ""use_cyclical_time_features"", ""use_ordered_category_features"", ""group_rare_categories"", ""rare_category_min_count"", ""use_categorical_frequency_features"", ""categorical_frequency_min_unique"", ""categorical_frequency_max_unique"", ""use_class_target_encoding"", ""class_target_encoding_min_unique"", ""class_target_encoding_max_unique"", ""class_target_encoding_smoothing"", ""drop_original_categorical_after_target_encoding"", ""categorical_unique_limit_override"", ""tune_class_decision_weights"", ""split_strategy"", ""transform_target"", ""validation_size"", ""early_stopping"", ""early_stopping_patience"", ""early_stopping_min_delta"", ""model_type"", ""model_params"", ""output_dir"", ""random_state"", ""test_size"", ""feature_plan"", ""analysis_spec_path"", ""task_type""]}"
doc_53b96cf705e65f98,プロジェクト/医療法人社団 蒼泉会 ひがし丘総合病院/04.分析/analysis_outputs/metrics.json,metrics.json,.json,プロジェクト,医療法人社団 蒼泉会 ひがし丘総合病院,04.分析,data/raw/share/share/共有ドライブ/プロジェクト/医療法人社団 蒼泉会 ひがし丘総合病院/04.分析/analysis_outputs/metrics.json,1642,json_pretty_text,utf-8-sig,18.0,,2132,86,2c5de148cea915e447101555bde4a52247931fe4,"# source_path: プロジェクト/医療法人社団 蒼泉会 ひがし丘総合病院/04.分析/analysis_outputs/metrics.json # file_name: metrics.json # extension: .json # area: プロジェクト # project_name: 医療法人社団 蒼泉会 ひがし丘総合病院 # major_folder: 04.分析 # JSONファイル: metrics.json  - top_level_type: dict - item_count: 18 - top_level_keys: task_type, encoding, target_column, date_column, use_date_features, use_numeric_interactions, model_type, model_params, row_count, feature_count, train_rows, test_rows, accuracy, f1_macro, eda_summary, feature_selection,","{""top_level_type"": ""dict"", ""top_level_keys"": [""task_type"", ""encoding"", ""target_column"", ""date_column"", ""use_date_features"", ""use_numeric_interactions"", ""model_type"", ""model_params"", ""row_count"", ""feature_count"", ""train_rows"", ""test_rows"", ""accuracy"", ""f1_macro"", ""eda_summary"", ""feature_selection"", ""selected_feature_count"", ""excluded_feature_count""]}"
doc_7197c125e4c9e62e,プロジェクト/医療法人社団 蒼泉会 ひがし丘総合病院/04.分析/analysis_project/configs/project_config.json,project_config.json,.json,プロジェクト,医療法人社団 蒼泉会 ひがし丘総合病院,04.分析,data/raw/share/share/共有ドライブ/プロジェクト/医療法人社団 蒼泉会 ひがし丘総合病院/04.分析/analysis_project/configs/project_config.json,1204,json_pretty_text,utf-8-sig,14.0,,1674,59,c5a8a8655cff81bd3c5b13562b2e5619a88200d4,"# source_path: プロジェクト/医療法人社団 蒼泉会 ひがし丘総合病院/04.分析/analysis_project/configs/project_config.json # file_name: project_config.json # extension: .json # area: プロジェクト # project_name: 医療法人社団 蒼泉会 ひがし丘総合病院 # major_folder: 04.分析 # JSONファイル: project_config.json  - top_level_type: dict - item_count: 14 - top_level_keys: data_csv, column_doc, target_column, date_column, use_date_features, use_numeric_interactions, model_type, model_params, output_dir, random_state, test_size, feature_plan, analysis_spec_path,","{""top_level_type"": ""dict"", ""top_level_keys"": [""data_csv"", ""column_doc"", ""target_column"", ""date_column"", ""use_date_features"", ""use_numeric_interactions"", ""model_type"", ""model_params"", ""output_dir"", ""random_state"", ""test_size"", ""feature_plan"", ""analysis_spec_path"", ""task_type""]}"
doc_36f301e2b52f8a47,プロジェクト/株式会社東都人材プラットフォーム/04.分析/analysis_outputs/metrics.json,metrics.json,.json,プロジェクト,株式会社東都人材プラットフォーム,04.分析,data/raw/share/share/共有ドライブ/プロジェクト/株式会社東都人材プラットフォーム/04.分析/analysis_outputs/metrics.json,6232,json_pretty_text,utf-8-sig,39.0,,7059,273,58c00a2f1f0b08ebb4bd3b5d8d781c1bf252a760,"# source_path: プロジェクト/株式会社東都人材プラットフォーム/04.分析/analysis_outputs/metrics.json # file_name: metrics.json # extension: .json # area: プロジェクト # project_name: 株式会社東都人材プラットフォーム # major_folder: 04.分析 # JSONファイル: metrics.json  - top_level_type: dict - item_count: 39 - top_level_keys: task_type, encoding, target_column, date_column, use_date_features, use_numeric_interactions, use_cyclical_time_features, use_ordered_category_features, group_rare_categories, rare_category_min_count, use_categorical_frequency","{""top_level_type"": ""dict"", ""top_level_keys"": [""task_type"", ""encoding"", ""target_column"", ""date_column"", ""use_date_features"", ""use_numeric_interactions"", ""use_cyclical_time_features"", ""use_ordered_category_features"", ""group_rare_categories"", ""rare_category_min_count"", ""use_categorical_frequency_features"", ""categorical_frequency_min_unique"", ""categorical_frequency_max_unique"", ""use_class_target_encoding"", ""drop_original_categorical_after_target_encoding"", ""tune_class_decision_weights"", ""model_type"", ""model_params"", ""split_strategy"", ""transform_target"", ""validation_size"", ""early_stopping"", ""early_stopping_patience"", ""row_count"", ""feature_count"", ""train_rows"", ""validation_rows"", ""test_rows"", ""split_ordering_basis"", ""accuracy"", ""f1_macro"", ""train_metrics"", ""validation_metrics"", ""class_target_encoding"", ""eda_summary"", ""feature_selection"", ""ordered_feature_columns"", ""selected_feature_count"", ""excluded_feature_count""]}"
doc_737214815983ed61,プロジェクト/株式会社東都人材プラットフォーム/04.分析/analysis_outputs/run_summary.json,run_summary.json,.json,プロジェクト,株式会社東都人材プラットフォーム,04.分析,data/raw/share/share/共有ドライブ/プロジェクト/株式会社東都人材プラットフォーム/04.分析/analysis_outputs/run_summary.json,4042,json_pretty_text,utf-8-sig,33.0,,4976,179,a551416044c831540465ef414e2ac071621ccced,"# source_path: プロジェクト/株式会社東都人材プラットフォーム/04.分析/analysis_outputs/run_summary.json # file_name: run_summary.json # extension: .json # area: プロジェクト # project_name: 株式会社東都人材プラットフォーム # major_folder: 04.分析 # JSONファイル: run_summary.json  - top_level_type: dict - item_count: 33 - top_level_keys: target_column, date_column, task_type, use_date_features, use_numeric_interactions, use_cyclical_time_features, use_ordered_category_features, group_rare_categories, rare_category_min_count, use_categorical_frequen","{""top_level_type"": ""dict"", ""top_level_keys"": [""target_column"", ""date_column"", ""task_type"", ""use_date_features"", ""use_numeric_interactions"", ""use_cyclical_time_features"", ""use_ordered_category_features"", ""group_rare_categories"", ""rare_category_min_count"", ""use_categorical_frequency_features"", ""categorical_frequency_min_unique"", ""categorical_frequency_max_unique"", ""use_class_target_encoding"", ""class_target_encoding_min_unique"", ""class_target_encoding_max_unique"", ""class_target_encoding_smoothing"", ""drop_original_categorical_after_target_encoding"", ""tune_class_decision_weights"", ""model_type"", ""model_params"", ""split_strategy"", ""split_ordering_basis"", ""transform_target"", ""validation_size"", ""early_stopping"", ""early_stopping_patience"", ""output_dir"", ""selected_feature_count"", ""excluded_feature_columns"", ""categorical_unique_limit"", ""ordered_feature_columns"", ""class_target_encoding"", ""class_decision_tuning""]}"
doc_a5cf54d54f8294b6,プロジェクト/株式会社東都人材プラットフォーム/04.分析/analysis_project/configs/project_config.json,project_config.json,.json,プロジェクト,株式会社東都人材プラットフォーム,04.分析,data/raw/share/share/共有ドライブ/プロジェクト/株式会社東都人材プラットフォーム/04.分析/analysis_project/configs/project_config.json,2211,json_pretty_text,utf-8-sig,34.0,,3220,84,7580b70be7a37f31d8bec5b3670a2b113a49be7b,"# source_path: プロジェクト/株式会社東都人材プラットフォーム/04.分析/analysis_project/configs/project_config.json # file_name: project_config.json # extension: .json # area: プロジェクト # project_name: 株式会社東都人材プラットフォーム # major_folder: 04.分析 # JSONファイル: project_config.json  - top_level_type: dict - item_count: 34 - top_level_keys: data_csv, column_doc, target_column, date_column, use_date_features, use_numeric_interactions, use_cyclical_time_features, use_ordered_category_features, group_rare_categories, rare_category_min_co","{""top_level_type"": ""dict"", ""top_level_keys"": [""data_csv"", ""column_doc"", ""target_column"", ""date_column"", ""use_date_features"", ""use_numeric_interactions"", ""use_cyclical_time_features"", ""use_ordered_category_features"", ""group_rare_categories"", ""rare_category_min_count"", ""use_categorical_frequency_features"", ""categorical_frequency_min_unique"", ""categorical_frequency_max_unique"", ""use_class_target_encoding"", ""class_target_encoding_min_unique"", ""class_target_encoding_max_unique"", ""class_target_encoding_smoothing"", ""drop_original_categorical_after_target_encoding"", ""categorical_unique_limit_override"", ""tune_class_decision_weights"", ""split_strategy"", ""transform_target"", ""validation_size"", ""early_stopping"", ""early_stopping_patience"", ""early_stopping_min_delta"", ""model_type"", ""model_params"", ""output_dir"", ""random_state"", ""test_size"", ""feature_plan"", ""analysis_spec_path"", ""task_type""]}"
doc_3a3798293b040d44,プロジェクト/株式会社青嶺不動産アセットマネジメント/04.分析/analysis_outputs/metrics.json,metrics.json,.json,プロジェクト,株式会社青嶺不動産アセットマネジメント,04.分析,data/raw/share/share/共有ドライブ/プロジェクト/株式会社青嶺不動産アセットマネジメント/04.分析/analysis_outputs/metrics.json,3614,json_pretty_text,utf-8-sig,39.0,,4555,137,77efd2a1aa4e0de2c316b778749355a6429be373,"# source_path: プロジェクト/株式会社青嶺不動産アセットマネジメント/04.分析/analysis_outputs/metrics.json # file_name: metrics.json # extension: .json # area: プロジェクト # project_name: 株式会社青嶺不動産アセットマネジメント # major_folder: 04.分析 # JSONファイル: metrics.json  - top_level_type: dict - item_count: 39 - top_level_keys: task_type, encoding, target_column, date_column, use_date_features, use_numeric_interactions, use_cyclical_time_features, use_ordered_category_features, group_rare_categories, rare_category_min_count, use_categorical_fre","{""top_level_type"": ""dict"", ""top_level_keys"": [""task_type"", ""encoding"", ""target_column"", ""date_column"", ""use_date_features"", ""use_numeric_interactions"", ""use_cyclical_time_features"", ""use_ordered_category_features"", ""group_rare_categories"", ""rare_category_min_count"", ""use_categorical_frequency_features"", ""categorical_frequency_min_unique"", ""categorical_frequency_max_unique"", ""use_class_target_encoding"", ""drop_original_categorical_after_target_encoding"", ""tune_class_decision_weights"", ""model_type"", ""model_params"", ""split_strategy"", ""transform_target"", ""validation_size"", ""early_stopping"", ""early_stopping_patience"", ""row_count"", ""feature_count"", ""train_rows"", ""validation_rows"", ""test_rows"", ""split_ordering_basis"", ""rmse"", ""mae"", ""r2"", ""train_metrics"", ""validation_metrics"", ""eda_summary"", ""feature_selection"", ""ordered_feature_columns"", ""selected_feature_count"", ""excluded_feature_count""]}"
doc_ec44683818771397,プロジェクト/株式会社青嶺不動産アセットマネジメント/04.分析/analysis_outputs/run_summary.json,run_summary.json,.json,プロジェクト,株式会社青嶺不動産アセットマネジメント,04.分析,data/raw/share/share/共有ドライブ/プロジェクト/株式会社青嶺不動産アセットマネジメント/04.分析/analysis_outputs/run_summary.json,1827,json_pretty_text,utf-8-sig,33.0,,2875,71,ed6b45686a40b305261c74223e476a9d1ff2a61b,"# source_path: プロジェクト/株式会社青嶺不動産アセットマネジメント/04.分析/analysis_outputs/run_summary.json # file_name: run_summary.json # extension: .json # area: プロジェクト # project_name: 株式会社青嶺不動産アセットマネジメント # major_folder: 04.分析 # JSONファイル: run_summary.json  - top_level_type: dict - item_count: 33 - top_level_keys: target_column, date_column, task_type, use_date_features, use_numeric_interactions, use_cyclical_time_features, use_ordered_category_features, group_rare_categories, rare_category_min_count, use_categorical_f","{""top_level_type"": ""dict"", ""top_level_keys"": [""target_column"", ""date_column"", ""task_type"", ""use_date_features"", ""use_numeric_interactions"", ""use_cyclical_time_features"", ""use_ordered_category_features"", ""group_rare_categories"", ""rare_category_min_count"", ""use_categorical_frequency_features"", ""categorical_frequency_min_unique"", ""categorical_frequency_max_unique"", ""use_class_target_encoding"", ""class_target_encoding_min_unique"", ""class_target_encoding_max_unique"", ""class_target_encoding_smoothing"", ""drop_original_categorical_after_target_encoding"", ""tune_class_decision_weights"", ""model_type"", ""model_params"", ""split_strategy"", ""split_ordering_basis"", ""transform_target"", ""validation_size"", ""early_stopping"", ""early_stopping_patience"", ""output_dir"", ""selected_feature_count"", ""excluded_feature_columns"", ""categorical_unique_limit"", ""ordered_feature_columns"", ""class_target_encoding"", ""class_decision_tuning""]}"
doc_809f5e5fa5c83651,プロジェクト/株式会社青嶺不動産アセットマネジメント/04.分析/analysis_project/configs/project_config.json,project_config.json,.json,プロジェクト,株式会社青嶺不動産アセットマネジメント,04.分析,data/raw/share/share/共有ドライブ/プロジェクト/株式会社青嶺不動産アセットマネジメント/04.分析/analysis_project/configs/project_config.json,2116,json_pretty_text,utf-8-sig,34.0,,3137,78,66ebdb8c79b91a0d5b6528bd2c79d807ac56d17b,"# source_path: プロジェクト/株式会社青嶺不動産アセットマネジメント/04.分析/analysis_project/configs/project_config.json # file_name: project_config.json # extension: .json # area: プロジェクト # project_name: 株式会社青嶺不動産アセットマネジメント # major_folder: 04.分析 # JSONファイル: project_config.json  - top_level_type: dict - item_count: 34 - top_level_keys: data_csv, column_doc, target_column, date_column, use_date_features, use_numeric_interactions, use_cyclical_time_features, use_ordered_category_features, group_rare_categories, rare_category_","{""top_level_type"": ""dict"", ""top_level_keys"": [""data_csv"", ""column_doc"", ""target_column"", ""date_column"", ""use_date_features"", ""use_numeric_interactions"", ""use_cyclical_time_features"", ""use_ordered_category_features"", ""group_rare_categories"", ""rare_category_min_count"", ""use_categorical_frequency_features"", ""categorical_frequency_min_unique"", ""categorical_frequency_max_unique"", ""use_class_target_encoding"", ""class_target_encoding_min_unique"", ""class_target_encoding_max_unique"", ""class_target_encoding_smoothing"", ""drop_original_categorical_after_target_encoding"", ""categorical_unique_limit_override"", ""tune_class_decision_weights"", ""split_strategy"", ""transform_target"", ""validation_size"", ""early_stopping"", ""early_stopping_patience"", ""early_stopping_min_delta"", ""model_type"", ""model_params"", ""output_dir"", ""random_state"", ""test_size"", ""feature_plan"", ""analysis_spec_path"", ""task_type""]}"
doc_5a7ff113706b34f9,プロジェクト/株式会社青潮モビリティサービス/04.分析/analysis_outputs/metrics.json,metrics.json,.json,プロジェクト,株式会社青潮モビリティサービス,04.分析,data/raw/share/share/共有ドライブ/プロジェクト/株式会社青潮モビリティサービス/04.分析/analysis_outputs/metrics.json,2886,json_pretty_text,utf-8-sig,29.0,,3504,139,fae3163815af7605903855c99734a28891023f68,"# source_path: プロジェクト/株式会社青潮モビリティサービス/04.分析/analysis_outputs/metrics.json # file_name: metrics.json # extension: .json # area: プロジェクト # project_name: 株式会社青潮モビリティサービス # major_folder: 04.分析 # JSONファイル: metrics.json  - top_level_type: dict - item_count: 29 - top_level_keys: task_type, encoding, target_column, date_column, use_date_features, use_numeric_interactions, use_cyclical_time_features, model_type, model_params, split_strategy, transform_target, validation_size, early_stopping, early_stoppin","{""top_level_type"": ""dict"", ""top_level_keys"": [""task_type"", ""encoding"", ""target_column"", ""date_column"", ""use_date_features"", ""use_numeric_interactions"", ""use_cyclical_time_features"", ""model_type"", ""model_params"", ""split_strategy"", ""transform_target"", ""validation_size"", ""early_stopping"", ""early_stopping_patience"", ""row_count"", ""feature_count"", ""train_rows"", ""validation_rows"", ""test_rows"", ""split_ordering_basis"", ""rmse"", ""mae"", ""r2"", ""train_metrics"", ""validation_metrics"", ""eda_summary"", ""feature_selection"", ""selected_feature_count"", ""excluded_feature_count""]}"
doc_171086411ab55f39,プロジェクト/株式会社青潮モビリティサービス/04.分析/analysis_outputs/run_summary.json,run_summary.json,.json,プロジェクト,株式会社青潮モビリティサービス,04.分析,data/raw/share/share/共有ドライブ/プロジェクト/株式会社青潮モビリティサービス/04.分析/analysis_outputs/run_summary.json,773,json_pretty_text,utf-8-sig,18.0,,1382,42,182377946f1f985d5d059e81328371977afc9954,"# source_path: プロジェクト/株式会社青潮モビリティサービス/04.分析/analysis_outputs/run_summary.json # file_name: run_summary.json # extension: .json # area: プロジェクト # project_name: 株式会社青潮モビリティサービス # major_folder: 04.分析 # JSONファイル: run_summary.json  - top_level_type: dict - item_count: 18 - top_level_keys: target_column, date_column, task_type, use_date_features, use_numeric_interactions, use_cyclical_time_features, model_type, model_params, split_strategy, split_ordering_basis, transform_target, validation_size, early","{""top_level_type"": ""dict"", ""top_level_keys"": [""target_column"", ""date_column"", ""task_type"", ""use_date_features"", ""use_numeric_interactions"", ""use_cyclical_time_features"", ""model_type"", ""model_params"", ""split_strategy"", ""split_ordering_basis"", ""transform_target"", ""validation_size"", ""early_stopping"", ""early_stopping_patience"", ""output_dir"", ""selected_feature_count"", ""excluded_feature_columns"", ""categorical_unique_limit""]}"
doc_d67cc7860e476a20,プロジェクト/株式会社青潮モビリティサービス/04.分析/analysis_project/configs/project_config.json,project_config.json,.json,プロジェクト,株式会社青潮モビリティサービス,04.分析,data/raw/share/share/共有ドライブ/プロジェクト/株式会社青潮モビリティサービス/04.分析/analysis_project/configs/project_config.json,1379,json_pretty_text,utf-8-sig,21.0,,1982,64,d2f9a1bbf563b42772f9f8a2d1890c8b44dc6b6a,"# source_path: プロジェクト/株式会社青潮モビリティサービス/04.分析/analysis_project/configs/project_config.json # file_name: project_config.json # extension: .json # area: プロジェクト # project_name: 株式会社青潮モビリティサービス # major_folder: 04.分析 # JSONファイル: project_config.json  - top_level_type: dict - item_count: 21 - top_level_keys: data_csv, column_doc, target_column, date_column, use_date_features, use_numeric_interactions, use_cyclical_time_features, split_strategy, transform_target, validation_size, early_stopping, early_sto","{""top_level_type"": ""dict"", ""top_level_keys"": [""data_csv"", ""column_doc"", ""target_column"", ""date_column"", ""use_date_features"", ""use_numeric_interactions"", ""use_cyclical_time_features"", ""split_strategy"", ""transform_target"", ""validation_size"", ""early_stopping"", ""early_stopping_patience"", ""early_stopping_min_delta"", ""model_type"", ""model_params"", ""output_dir"", ""random_state"", ""test_size"", ""feature_plan"", ""analysis_spec_path"", ""task_type""]}"
doc_aacf7f80580f34e1,プロジェクト/株式会社青葉バイオメディカル機器/04.分析/analysis_outputs/metrics.json,metrics.json,.json,プロジェクト,株式会社青葉バイオメディカル機器,04.分析,data/raw/share/share/共有ドライブ/プロジェクト/株式会社青葉バイオメディカル機器/04.分析/analysis_outputs/metrics.json,4385,json_pretty_text,utf-8-sig,42.0,,5358,173,e7d64cf4754894ec9010b09a2c927e359795b6ec,"# source_path: プロジェクト/株式会社青葉バイオメディカル機器/04.分析/analysis_outputs/metrics.json # file_name: metrics.json # extension: .json # area: プロジェクト # project_name: 株式会社青葉バイオメディカル機器 # major_folder: 04.分析 # JSONファイル: metrics.json  - top_level_type: dict - item_count: 42 - top_level_keys: task_type, encoding, target_column, date_column, use_date_features, use_numeric_interactions, use_cyclical_time_features, use_ordered_category_features, group_rare_categories, rare_category_min_count, use_categorical_frequency","{""top_level_type"": ""dict"", ""top_level_keys"": [""task_type"", ""encoding"", ""target_column"", ""date_column"", ""use_date_features"", ""use_numeric_interactions"", ""use_cyclical_time_features"", ""use_ordered_category_features"", ""group_rare_categories"", ""rare_category_min_count"", ""use_categorical_frequency_features"", ""categorical_frequency_min_unique"", ""categorical_frequency_max_unique"", ""use_class_target_encoding"", ""drop_original_categorical_after_target_encoding"", ""tune_class_decision_weights"", ""scale_numeric_features"", ""model_type"", ""model_params"", ""split_strategy"", ""transform_target"", ""validation_size"", ""early_stopping"", ""early_stopping_patience"", ""row_count"", ""feature_count"", ""train_rows"", ""validation_rows"", ""test_rows"", ""split_ordering_basis"", ""accuracy"", ""f1_macro"", ""auc_roc"", ""brier_score"", ""precision_at_top10pct"", ""train_metrics"", ""validation_metrics"", ""eda_summary"", ""feature_selection"", ""ordered_feature_columns"", ""selected_feature_count"", ""excluded_feature_count""]}"
doc_7faf1ac5a7148aa4,プロジェクト/株式会社青葉バイオメディカル機器/04.分析/analysis_outputs/run_summary.json,run_summary.json,.json,プロジェクト,株式会社青葉バイオメディカル機器,04.分析,data/raw/share/share/共有ドライブ/プロジェクト/株式会社青葉バイオメディカル機器/04.分析/analysis_outputs/run_summary.json,1484,json_pretty_text,utf-8-sig,34.0,,2561,60,8c2dfb5607a05ffde81fbf1c3fac6303b1187f2a,"# source_path: プロジェクト/株式会社青葉バイオメディカル機器/04.分析/analysis_outputs/run_summary.json # file_name: run_summary.json # extension: .json # area: プロジェクト # project_name: 株式会社青葉バイオメディカル機器 # major_folder: 04.分析 # JSONファイル: run_summary.json  - top_level_type: dict - item_count: 34 - top_level_keys: target_column, date_column, task_type, use_date_features, use_numeric_interactions, use_cyclical_time_features, use_ordered_category_features, group_rare_categories, rare_category_min_count, use_categorical_frequen","{""top_level_type"": ""dict"", ""top_level_keys"": [""target_column"", ""date_column"", ""task_type"", ""use_date_features"", ""use_numeric_interactions"", ""use_cyclical_time_features"", ""use_ordered_category_features"", ""group_rare_categories"", ""rare_category_min_count"", ""use_categorical_frequency_features"", ""categorical_frequency_min_unique"", ""categorical_frequency_max_unique"", ""use_class_target_encoding"", ""class_target_encoding_min_unique"", ""class_target_encoding_max_unique"", ""class_target_encoding_smoothing"", ""drop_original_categorical_after_target_encoding"", ""tune_class_decision_weights"", ""scale_numeric_features"", ""model_type"", ""model_params"", ""split_strategy"", ""split_ordering_basis"", ""transform_target"", ""validation_size"", ""early_stopping"", ""early_stopping_patience"", ""output_dir"", ""selected_feature_count"", ""excluded_feature_columns"", ""categorical_unique_limit"", ""ordered_feature_columns"", ""class_target_encoding"", ""class_decision_tuning""]}"
doc_9f239bc617336451,プロジェクト/株式会社青葉バイオメディカル機器/04.分析/analysis_project/configs/project_config.json,project_config.json,.json,プロジェクト,株式会社青葉バイオメディカル機器,04.分析,data/raw/share/share/共有ドライブ/プロジェクト/株式会社青葉バイオメディカル機器/04.分析/analysis_project/configs/project_config.json,2247,json_pretty_text,utf-8-sig,35.0,,3279,85,493ed74319b911c8d402dc8f12a92732cf4d25a1,"# source_path: プロジェクト/株式会社青葉バイオメディカル機器/04.分析/analysis_project/configs/project_config.json # file_name: project_config.json # extension: .json # area: プロジェクト # project_name: 株式会社青葉バイオメディカル機器 # major_folder: 04.分析 # JSONファイル: project_config.json  - top_level_type: dict - item_count: 35 - top_level_keys: data_csv, column_doc, target_column, date_column, use_date_features, use_numeric_interactions, use_cyclical_time_features, use_ordered_category_features, group_rare_categories, rare_category_min_co","{""top_level_type"": ""dict"", ""top_level_keys"": [""data_csv"", ""column_doc"", ""target_column"", ""date_column"", ""use_date_features"", ""use_numeric_interactions"", ""use_cyclical_time_features"", ""use_ordered_category_features"", ""group_rare_categories"", ""rare_category_min_count"", ""use_categorical_frequency_features"", ""categorical_frequency_min_unique"", ""categorical_frequency_max_unique"", ""use_class_target_encoding"", ""class_target_encoding_min_unique"", ""class_target_encoding_max_unique"", ""class_target_encoding_smoothing"", ""drop_original_categorical_after_target_encoding"", ""categorical_unique_limit_override"", ""tune_class_decision_weights"", ""scale_numeric_features"", ""split_strategy"", ""transform_target"", ""validation_size"", ""early_stopping"", ""early_stopping_patience"", ""early_stopping_min_delta"", ""model_type"", ""model_params"", ""output_dir"", ""random_state"", ""test_size"", ""feature_plan"", ""analysis_spec_path"", ""task_type""]}"
doc_523e64695b396f4c,プロジェクト/白峰信用リスク評価株式会社/04.分析/analysis_outputs/metrics.json,metrics.json,.json,プロジェクト,白峰信用リスク評価株式会社,04.分析,data/raw/share/share/共有ドライブ/プロジェクト/白峰信用リスク評価株式会社/04.分析/analysis_outputs/metrics.json,1071,json_pretty_text,utf-8-sig,17.0,,1537,50,767c4c5d8d2ecdaccfd1c78102c7efe346075d93,"# source_path: プロジェクト/白峰信用リスク評価株式会社/04.分析/analysis_outputs/metrics.json # file_name: metrics.json # extension: .json # area: プロジェクト # project_name: 白峰信用リスク評価株式会社 # major_folder: 04.分析 # JSONファイル: metrics.json  - top_level_type: dict - item_count: 17 - top_level_keys: task_type, encoding, target_column, date_column, use_date_features, model_type, model_params, row_count, feature_count, train_rows, test_rows, accuracy, f1_macro, auc_roc, brier_score, precision_at_top10pct, eda_summary  ## pretty_j","{""top_level_type"": ""dict"", ""top_level_keys"": [""task_type"", ""encoding"", ""target_column"", ""date_column"", ""use_date_features"", ""model_type"", ""model_params"", ""row_count"", ""feature_count"", ""train_rows"", ""test_rows"", ""accuracy"", ""f1_macro"", ""auc_roc"", ""brier_score"", ""precision_at_top10pct"", ""eda_summary""]}"
doc_16a8bad605ce0fb6,プロジェクト/白峰信用リスク評価株式会社/04.分析/analysis_project/configs/project_config.json,project_config.json,.json,プロジェクト,白峰信用リスク評価株式会社,04.分析,data/raw/share/share/共有ドライブ/プロジェクト/白峰信用リスク評価株式会社/04.分析/analysis_project/configs/project_config.json,378,json_pretty_text,utf-8-sig,11.0,,818,26,d5782845b6b97d5727105260ff64dcb8e19f8132,"# source_path: プロジェクト/白峰信用リスク評価株式会社/04.分析/analysis_project/configs/project_config.json # file_name: project_config.json # extension: .json # area: プロジェクト # project_name: 白峰信用リスク評価株式会社 # major_folder: 04.分析 # JSONファイル: project_config.json  - top_level_type: dict - item_count: 11 - top_level_keys: data_csv, column_doc, target_column, date_column, use_date_features, model_type, model_params, output_dir, random_state, test_size, analysis_spec_path  ## pretty_json {   ""analysis_spec_path"": ""artifacts","{""top_level_type"": ""dict"", ""top_level_keys"": [""data_csv"", ""column_doc"", ""target_column"", ""date_column"", ""use_date_features"", ""model_type"", ""model_params"", ""output_dir"", ""random_state"", ""test_size"", ""analysis_spec_path""]}"
doc_f7adbf1668cd275b,プロジェクト/青葉与信マネジメント株式会社/04.分析/analysis_outputs/metrics.json,metrics.json,.json,プロジェクト,青葉与信マネジメント株式会社,04.分析,data/raw/share/share/共有ドライブ/プロジェクト/青葉与信マネジメント株式会社/04.分析/analysis_outputs/metrics.json,1021,json_pretty_text,utf-8-sig,17.0,,1485,54,5a46c0a87e9e8f176a73f95d6454e9a645f04741,"# source_path: プロジェクト/青葉与信マネジメント株式会社/04.分析/analysis_outputs/metrics.json # file_name: metrics.json # extension: .json # area: プロジェクト # project_name: 青葉与信マネジメント株式会社 # major_folder: 04.分析 # JSONファイル: metrics.json  - top_level_type: dict - item_count: 17 - top_level_keys: task_type, encoding, target_column, date_column, use_date_features, model_type, model_params, row_count, feature_count, train_rows, test_rows, accuracy, f1_macro, auc_roc, brier_score, precision_at_top10pct, eda_summary  ## pretty","{""top_level_type"": ""dict"", ""top_level_keys"": [""task_type"", ""encoding"", ""target_column"", ""date_column"", ""use_date_features"", ""model_type"", ""model_params"", ""row_count"", ""feature_count"", ""train_rows"", ""test_rows"", ""accuracy"", ""f1_macro"", ""auc_roc"", ""brier_score"", ""precision_at_top10pct"", ""eda_summary""]}"
doc_9e71130d67975c4c,プロジェクト/青葉与信マネジメント株式会社/04.分析/analysis_project/artifacts/analysis_outputs/metrics.json,metrics.json,.json,プロジェクト,青葉与信マネジメント株式会社,04.分析,data/raw/share/share/共有ドライブ/プロジェクト/青葉与信マネジメント株式会社/04.分析/analysis_project/artifacts/analysis_outputs/metrics.json,1031,json_pretty_text,utf-8-sig,17.0,,1522,54,6825c274733dc978cbe10490d4f6d2d8c0167422,"# source_path: プロジェクト/青葉与信マネジメント株式会社/04.分析/analysis_project/artifacts/analysis_outputs/metrics.json # file_name: metrics.json # extension: .json # area: プロジェクト # project_name: 青葉与信マネジメント株式会社 # major_folder: 04.分析 # JSONファイル: metrics.json  - top_level_type: dict - item_count: 17 - top_level_keys: task_type, encoding, target_column, date_column, use_date_features, model_type, model_params, row_count, feature_count, train_rows, test_rows, accuracy, f1_macro, auc_roc, brier_score, precision_at_top10","{""top_level_type"": ""dict"", ""top_level_keys"": [""task_type"", ""encoding"", ""target_column"", ""date_column"", ""use_date_features"", ""model_type"", ""model_params"", ""row_count"", ""feature_count"", ""train_rows"", ""test_rows"", ""accuracy"", ""f1_macro"", ""auc_roc"", ""brier_score"", ""precision_at_top10pct"", ""eda_summary""]}"
doc_091105365dbaaa0a,プロジェクト/青葉与信マネジメント株式会社/04.分析/analysis_project/artifacts/analysis_outputs/run_summary.json,run_summary.json,.json,プロジェクト,青葉与信マネジメント株式会社,04.分析,data/raw/share/share/共有ドライブ/プロジェクト/青葉与信マネジメント株式会社/04.分析/analysis_project/artifacts/analysis_outputs/run_summary.json,311,json_pretty_text,utf-8-sig,7.0,,716,26,05aac6c42c2d0f27b486debf2d53ff8c0d47bddd,"# source_path: プロジェクト/青葉与信マネジメント株式会社/04.分析/analysis_project/artifacts/analysis_outputs/run_summary.json # file_name: run_summary.json # extension: .json # area: プロジェクト # project_name: 青葉与信マネジメント株式会社 # major_folder: 04.分析 # JSONファイル: run_summary.json  - top_level_type: dict - item_count: 7 - top_level_keys: target_column, date_column, task_type, use_date_features, model_type, model_params, output_dir  ## pretty_json {   ""date_column"": null,   ""model_params"": {     ""max_depth"": null,     ""min_samp","{""top_level_type"": ""dict"", ""top_level_keys"": [""target_column"", ""date_column"", ""task_type"", ""use_date_features"", ""model_type"", ""model_params"", ""output_dir""]}"
doc_c3c078fc810a3695,プロジェクト/青葉与信マネジメント株式会社/04.分析/analysis_project/configs/project_config.json,project_config.json,.json,プロジェクト,青葉与信マネジメント株式会社,04.分析,data/raw/share/share/共有ドライブ/プロジェクト/青葉与信マネジメント株式会社/04.分析/analysis_project/configs/project_config.json,458,json_pretty_text,utf-8-sig,11.0,,897,30,c3f4b10e78bb95e70134e525df96555a69abe511,"# source_path: プロジェクト/青葉与信マネジメント株式会社/04.分析/analysis_project/configs/project_config.json # file_name: project_config.json # extension: .json # area: プロジェクト # project_name: 青葉与信マネジメント株式会社 # major_folder: 04.分析 # JSONファイル: project_config.json  - top_level_type: dict - item_count: 11 - top_level_keys: data_csv, column_doc, target_column, date_column, use_date_features, model_type, model_params, output_dir, random_state, test_size, analysis_spec_path  ## pretty_json {   ""analysis_spec_path"": ""artifac","{""top_level_type"": ""dict"", ""top_level_keys"": [""data_csv"", ""column_doc"", ""target_column"", ""date_column"", ""use_date_features"", ""model_type"", ""model_params"", ""output_dir"", ""random_state"", ""test_size"", ""analysis_spec_path""]}"
doc_20d523b128f3d966,プロジェクト/京橋信用ソリューションズ株式会社/03.データ/カラム説明.md,カラム説明.md,.md,プロジェクト,京橋信用ソリューションズ株式会社,03.データ,data/raw/share/share/共有ドライブ/プロジェクト/京橋信用ソリューションズ株式会社/03.データ/カラム説明.md,1570,markdown_raw_text,utf-8-sig,,,1166,26,6be3633e17b920d79c773139707fed3c2065ab18,"# source_path: プロジェクト/京橋信用ソリューションズ株式会社/03.データ/カラム説明.md # file_name: カラム説明.md # extension: .md # area: プロジェクト # project_name: 京橋信用ソリューションズ株式会社 # major_folder: 03.データ | カラム名 | データ型 | 説明 | データの例 | | --- | --- | --- | --- | | **id** | 整数 | 顧客の一意の識別ID | `1`, `2` | | **age** | 整数 | 顧客の年齢 | `39`, `51` | | **job** | 文字列 | 職業 | `blue-collar`, `management` | | **marital** | 文字列 | 婚姻状況 | `married`, `single` | | **education** | 文字列 | 学歴 | `secondary`, `tertiary` | | **default** | 文字列 | 債務不履行（デフォルト）の有無 | `no","{""heading_count"": 0}"
doc_cbc1794a88ca5dbb,プロジェクト/京橋信用ソリューションズ株式会社/04.分析/analysis_project/README.md,README.md,.md,プロジェクト,京橋信用ソリューションズ株式会社,04.分析,data/raw/share/share/共有ドライブ/プロジェクト/京橋信用ソリューションズ株式会社/04.分析/analysis_project/README.md,1458,markdown_raw_text,utf-8-sig,,,1573,62,4c72cf5cc3f609c966420ec80246889d38d904b6,# source_path: プロジェクト/京橋信用ソリューションズ株式会社/04.分析/analysis_project/README.md # file_name: README.md # extension: .md # area: プロジェクト # project_name: 京橋信用ソリューションズ株式会社 # major_folder: 04.分析 # analysis_project  This folder is a practical multi-file analysis project generated by Step 06.  ## Project structure  - `pyproject.toml`: project dependencies (uv compatible) - `requirements.txt`: pip installation fallback - `scripts/bootstrap_env.py`: create virtual environment and install dependencies - `scripts/,"{""heading_count"": 8}"
doc_8df11f4415f90fc0,プロジェクト/京橋信用ソリューションズ株式会社/04.分析/analysis_project/data/カラム説明.md,カラム説明.md,.md,プロジェクト,京橋信用ソリューションズ株式会社,04.分析,data/raw/share/share/共有ドライブ/プロジェクト/京橋信用ソリューションズ株式会社/04.分析/analysis_project/data/カラム説明.md,1570,markdown_raw_text,utf-8-sig,,,1186,26,147b2237081793f5a251bb8bfcd80a184730779b,"# source_path: プロジェクト/京橋信用ソリューションズ株式会社/04.分析/analysis_project/data/カラム説明.md # file_name: カラム説明.md # extension: .md # area: プロジェクト # project_name: 京橋信用ソリューションズ株式会社 # major_folder: 04.分析 | カラム名 | データ型 | 説明 | データの例 | | --- | --- | --- | --- | | **id** | 整数 | 顧客の一意の識別ID | `1`, `2` | | **age** | 整数 | 顧客の年齢 | `39`, `51` | | **job** | 文字列 | 職業 | `blue-collar`, `management` | | **marital** | 文字列 | 婚姻状況 | `married`, `single` | | **education** | 文字列 | 学歴 | `secondary`, `tertiary` | | **default** | 文字列 | 債","{""heading_count"": 0}"
doc_db086260bd79cb23,プロジェクト/医療法人社団 恒一会 かえで総合病院/03.データ/カラム説明.md,カラム説明.md,.md,プロジェクト,医療法人社団 恒一会 かえで総合病院,03.データ,data/raw/share/share/共有ドライブ/プロジェクト/医療法人社団 恒一会 かえで総合病院/03.データ/カラム説明.md,1150,markdown_raw_text,utf-8-sig,,,898,24,8894a8d94c0c0c5cdc724657c329f5496305b1e6,# source_path: プロジェクト/医療法人社団 恒一会 かえで総合病院/03.データ/カラム説明.md # file_name: カラム説明.md # extension: .md # area: プロジェクト # project_name: 医療法人社団 恒一会 かえで総合病院 # major_folder: 03.データ ### train.csv  | カラム | ヘッダ名称 | データ型 | 説明 | | --- | --- | --- | --- | | 0 | id | int | インデックスとして使用 | | 1 | Age | int | 年齢 | | 2 | Gender | char | 性別 | | 3 | T_Bil | float | 検査項目1： 総ビリルビン (Total Bilirubin) | | 4 | D_Bil | float | 検査項目2： 直接ビリルビン (Direct Bilirubin) | | 5 | ALP | float | 検査項目3： アルカリフォスファターゼ (Alkaline Phosphotase) | | ,"{""heading_count"": 1}"
doc_0aea83fdabd69982,プロジェクト/医療法人社団 恒一会 かえで総合病院/04.分析/analysis_project/README.md,README.md,.md,プロジェクト,医療法人社団 恒一会 かえで総合病院,04.分析,data/raw/share/share/共有ドライブ/プロジェクト/医療法人社団 恒一会 かえで総合病院/04.分析/analysis_project/README.md,1671,markdown_raw_text,utf-8-sig,,,1785,67,4f5472e4921baabf2fdf219725560d2722c10485,# source_path: プロジェクト/医療法人社団 恒一会 かえで総合病院/04.分析/analysis_project/README.md # file_name: README.md # extension: .md # area: プロジェクト # project_name: 医療法人社団 恒一会 かえで総合病院 # major_folder: 04.分析 # analysis_project  This folder is a practical multi-file analysis project generated by Step 06.  ## Project structure  - `pyproject.toml`: project dependencies (uv compatible) - `requirements.txt`: pip installation fallback - `scripts/bootstrap_env.py`: create virtual environment and install dependencies - `scri,"{""heading_count"": 8}"
doc_2fa294e47f0d5790,プロジェクト/医療法人社団 恒一会 かえで総合病院/04.分析/analysis_project/data/カラム説明.md,カラム説明.md,.md,プロジェクト,医療法人社団 恒一会 かえで総合病院,04.分析,data/raw/share/share/共有ドライブ/プロジェクト/医療法人社団 恒一会 かえで総合病院/04.分析/analysis_project/data/カラム説明.md,1150,markdown_raw_text,utf-8-sig,,,918,24,eb2cbff943cfb637de04cb3dade4495e5d0c1146,# source_path: プロジェクト/医療法人社団 恒一会 かえで総合病院/04.分析/analysis_project/data/カラム説明.md # file_name: カラム説明.md # extension: .md # area: プロジェクト # project_name: 医療法人社団 恒一会 かえで総合病院 # major_folder: 04.分析 ### train.csv  | カラム | ヘッダ名称 | データ型 | 説明 | | --- | --- | --- | --- | | 0 | id | int | インデックスとして使用 | | 1 | Age | int | 年齢 | | 2 | Gender | char | 性別 | | 3 | T_Bil | float | 検査項目1： 総ビリルビン (Total Bilirubin) | | 4 | D_Bil | float | 検査項目2： 直接ビリルビン (Direct Bilirubin) | | 5 | ALP | float | 検査項目3： アルカリフォスファターゼ (Alkali,"{""heading_count"": 1}"
doc_dfaf5f589f641eaf,プロジェクト/医療法人社団 蒼樹会 みなみ野女性医療センター/03.データ/カラム説明.md,カラム説明.md,.md,プロジェクト,医療法人社団 蒼樹会 みなみ野女性医療センター,03.データ,data/raw/share/share/共有ドライブ/プロジェクト/医療法人社団 蒼樹会 みなみ野女性医療センター/03.データ/カラム説明.md,901,markdown_raw_text,utf-8-sig,,,711,22,29d321109fd2555aa3ce8596d96f537bcac71891,# source_path: プロジェクト/医療法人社団 蒼樹会 みなみ野女性医療センター/03.データ/カラム説明.md # file_name: カラム説明.md # extension: .md # area: プロジェクト # project_name: 医療法人社団 蒼樹会 みなみ野女性医療センター # major_folder: 03.データ ### train.csv  | カラム | ヘッダ名称 | データ型 | 説明 | | --- | --- | --- | --- | | 0 | index | int | インデックスとして使用 | | 1 | Pregnancies | int | 妊娠した回数 | | 2 | Glucose | int | 経口ブドウ糖負荷試験における2時間の血漿ブドウ糖濃度 | | 3 | BloodPressure | int | 拡張期血圧 | | 4 | SkinThickness | int | 皮膚のひだの厚さ | | 5 | Insulin | int | 血清インスリン | | 6 | BMI | float | BMI |,"{""heading_count"": 1}"
doc_18a6035a6a517fd2,プロジェクト/医療法人社団 蒼樹会 みなみ野女性医療センター/04.分析/analysis_project/README.md,README.md,.md,プロジェクト,医療法人社団 蒼樹会 みなみ野女性医療センター,04.分析,data/raw/share/share/共有ドライブ/プロジェクト/医療法人社団 蒼樹会 みなみ野女性医療センター/04.分析/analysis_project/README.md,1671,markdown_raw_text,utf-8-sig,,,1795,67,20b26cfc4d5682c5276d155ae84035f93fec0046,# source_path: プロジェクト/医療法人社団 蒼樹会 みなみ野女性医療センター/04.分析/analysis_project/README.md # file_name: README.md # extension: .md # area: プロジェクト # project_name: 医療法人社団 蒼樹会 みなみ野女性医療センター # major_folder: 04.分析 # analysis_project  This folder is a practical multi-file analysis project generated by Step 06.  ## Project structure  - `pyproject.toml`: project dependencies (uv compatible) - `requirements.txt`: pip installation fallback - `scripts/bootstrap_env.py`: create virtual environment and install dependenci,"{""heading_count"": 8}"
doc_88b5dfe61d8f096c,プロジェクト/医療法人社団 蒼樹会 みなみ野女性医療センター/04.分析/analysis_project/data/カラム説明.md,カラム説明.md,.md,プロジェクト,医療法人社団 蒼樹会 みなみ野女性医療センター,04.分析,data/raw/share/share/共有ドライブ/プロジェクト/医療法人社団 蒼樹会 みなみ野女性医療センター/04.分析/analysis_project/data/カラム説明.md,901,markdown_raw_text,utf-8-sig,,,731,22,c4335d9c183f53baded8d54dab4b33fd076a5a5b,# source_path: プロジェクト/医療法人社団 蒼樹会 みなみ野女性医療センター/04.分析/analysis_project/data/カラム説明.md # file_name: カラム説明.md # extension: .md # area: プロジェクト # project_name: 医療法人社団 蒼樹会 みなみ野女性医療センター # major_folder: 04.分析 ### train.csv  | カラム | ヘッダ名称 | データ型 | 説明 | | --- | --- | --- | --- | | 0 | index | int | インデックスとして使用 | | 1 | Pregnancies | int | 妊娠した回数 | | 2 | Glucose | int | 経口ブドウ糖負荷試験における2時間の血漿ブドウ糖濃度 | | 3 | BloodPressure | int | 拡張期血圧 | | 4 | SkinThickness | int | 皮膚のひだの厚さ | | 5 | Insulin | int | 血清インスリン | | 6 |,"{""heading_count"": 1}"
doc_5d50d9983f8117a3,プロジェクト/医療法人社団 蒼泉会 ひがし丘総合病院/03.データ/カラム説明.md,カラム説明.md,.md,プロジェクト,医療法人社団 蒼泉会 ひがし丘総合病院,03.データ,data/raw/share/share/共有ドライブ/プロジェクト/医療法人社団 蒼泉会 ひがし丘総合病院/03.データ/カラム説明.md,584,markdown_raw_text,utf-8-sig,,,546,20,6aa31016f52b0fbb2a5418d946bcc62093889ebf,# source_path: プロジェクト/医療法人社団 蒼泉会 ひがし丘総合病院/03.データ/カラム説明.md # file_name: カラム説明.md # extension: .md # area: プロジェクト # project_name: 医療法人社団 蒼泉会 ひがし丘総合病院 # major_folder: 03.データ ### train.csv  | カラム | ヘッダ名称 | データ型 | 説明 | | --- | --- | --- | --- | | 0 | id | int | インデックスとして使用 | | 1 | age | int | 年齢 | | 2 | sex | category | 性別 | | 3 | bmi | float | BMI | | 4 | children | int | 子供の数 | | 5 | smoker | category | 喫煙しているか | | 6 | region | category | 地域 | | 7 | **charges** | int | 価格帯0（低）、1（中）、2（高） |  ※黄色く色付けさ,"{""heading_count"": 1}"
doc_bc948309ee5f8e0a,プロジェクト/医療法人社団 蒼泉会 ひがし丘総合病院/04.分析/analysis_project/README.md,README.md,.md,プロジェクト,医療法人社団 蒼泉会 ひがし丘総合病院,04.分析,data/raw/share/share/共有ドライブ/プロジェクト/医療法人社団 蒼泉会 ひがし丘総合病院/04.分析/analysis_project/README.md,1465,markdown_raw_text,utf-8-sig,,,1586,62,4122037c4c463fff0e55193f75dceb9dc69ae562,# source_path: プロジェクト/医療法人社団 蒼泉会 ひがし丘総合病院/04.分析/analysis_project/README.md # file_name: README.md # extension: .md # area: プロジェクト # project_name: 医療法人社団 蒼泉会 ひがし丘総合病院 # major_folder: 04.分析 # analysis_project  This folder is a practical multi-file analysis project generated by Step 06.  ## Project structure  - `pyproject.toml`: project dependencies (uv compatible) - `requirements.txt`: pip installation fallback - `scripts/bootstrap_env.py`: create virtual environment and install dependencies - `sc,"{""heading_count"": 8}"
doc_472d26a8bbfc563d,プロジェクト/医療法人社団 蒼泉会 ひがし丘総合病院/04.分析/analysis_project/data/カラム説明.md,カラム説明.md,.md,プロジェクト,医療法人社団 蒼泉会 ひがし丘総合病院,04.分析,data/raw/share/share/共有ドライブ/プロジェクト/医療法人社団 蒼泉会 ひがし丘総合病院/04.分析/analysis_project/data/カラム説明.md,584,markdown_raw_text,utf-8-sig,,,566,20,207e161e79f1a418a6a99a765a68a1e74da99e1d,# source_path: プロジェクト/医療法人社団 蒼泉会 ひがし丘総合病院/04.分析/analysis_project/data/カラム説明.md # file_name: カラム説明.md # extension: .md # area: プロジェクト # project_name: 医療法人社団 蒼泉会 ひがし丘総合病院 # major_folder: 04.分析 ### train.csv  | カラム | ヘッダ名称 | データ型 | 説明 | | --- | --- | --- | --- | | 0 | id | int | インデックスとして使用 | | 1 | age | int | 年齢 | | 2 | sex | category | 性別 | | 3 | bmi | float | BMI | | 4 | children | int | 子供の数 | | 5 | smoker | category | 喫煙しているか | | 6 | region | category | 地域 | | 7 | **charges** | int | 価格帯0（低）、1,"{""heading_count"": 1}"
doc_d9be5c5675392551,プロジェクト/株式会社東都人材プラットフォーム/03.データ/カラム説明.md,カラム説明.md,.md,プロジェクト,株式会社東都人材プラットフォーム,03.データ,data/raw/share/share/共有ドライブ/プロジェクト/株式会社東都人材プラットフォーム/03.データ/カラム説明.md,319,markdown_raw_text,utf-8-sig,,,446,17,514c0fbddb5a03e33f36e17b09a3428773b8cc07,"# source_path: プロジェクト/株式会社東都人材プラットフォーム/03.データ/カラム説明.md # file_name: カラム説明.md # extension: .md # area: プロジェクト # project_name: 株式会社東都人材プラットフォーム # major_folder: 03.データ ### train.csv  id: index<br> features: Gender,Age,Country,Education,Major,Profession,Industry,Experience<br> target: 収入クラス（予測ターゲット）<br> 0,less than 10k<br> 1,between 10k and 30k<br> 2,between 30k and 50k<br> 3,between 50k and 80k<br> 4,between 80k and 125k<br> 5,more than 100k<br>","{""heading_count"": 1}"
doc_606b52d6141fcc8a,プロジェクト/株式会社東都人材プラットフォーム/04.分析/analysis_project/README.md,README.md,.md,プロジェクト,株式会社東都人材プラットフォーム,04.分析,data/raw/share/share/共有ドライブ/プロジェクト/株式会社東都人材プラットフォーム/04.分析/analysis_project/README.md,1670,markdown_raw_text,utf-8-sig,,,1780,67,b7577e289dbb7cb1ea62b6b32d2e63df346c8f78,# source_path: プロジェクト/株式会社東都人材プラットフォーム/04.分析/analysis_project/README.md # file_name: README.md # extension: .md # area: プロジェクト # project_name: 株式会社東都人材プラットフォーム # major_folder: 04.分析 # analysis_project  This folder is a practical multi-file analysis project generated by Step 06.  ## Project structure  - `pyproject.toml`: project dependencies (uv compatible) - `requirements.txt`: pip installation fallback - `scripts/bootstrap_env.py`: create virtual environment and install dependencies - `scripts/,"{""heading_count"": 8}"
doc_f26f43fb83a88ae1,プロジェクト/株式会社東都人材プラットフォーム/04.分析/analysis_project/data/カラム説明.md,カラム説明.md,.md,プロジェクト,株式会社東都人材プラットフォーム,04.分析,data/raw/share/share/共有ドライブ/プロジェクト/株式会社東都人材プラットフォーム/04.分析/analysis_project/data/カラム説明.md,319,markdown_raw_text,utf-8-sig,,,466,17,2a342a7b05a1231db66a7da2b38a1cc1d76d1b70,"# source_path: プロジェクト/株式会社東都人材プラットフォーム/04.分析/analysis_project/data/カラム説明.md # file_name: カラム説明.md # extension: .md # area: プロジェクト # project_name: 株式会社東都人材プラットフォーム # major_folder: 04.分析 ### train.csv  id: index<br> features: Gender,Age,Country,Education,Major,Profession,Industry,Experience<br> target: 収入クラス（予測ターゲット）<br> 0,less than 10k<br> 1,between 10k and 30k<br> 2,between 30k and 50k<br> 3,between 50k and 80k<br> 4,between 80k and 125k<br> 5,more than 100k<br>","{""heading_count"": 1}"
doc_f3d7063a57533b8c,プロジェクト/株式会社青嶺不動産アセットマネジメント/03.データ/カラム説明.md,カラム説明.md,.md,プロジェクト,株式会社青嶺不動産アセットマネジメント,03.データ,data/raw/share/share/共有ドライブ/プロジェクト/株式会社青嶺不動産アセットマネジメント/03.データ/カラム説明.md,455,markdown_raw_text,utf-8-sig,,,611,10,d57b57d456a902ef60231f13019cb0758527368f,"# source_path: プロジェクト/株式会社青嶺不動産アセットマネジメント/03.データ/カラム説明.md # file_name: カラム説明.md # extension: .md # area: プロジェクト # project_name: 株式会社青嶺不動産アセットマネジメント # major_folder: 03.データ カラム名,説明 BOROUGH,""A digit code for the borough the property is located in; in order these are Manhattan (1), Bronx (2), Brooklyn (3), Queens (4), and Staten Island (5)."" BLOCK; LOT,""The combination of borough, block, and lot forms a unique key for property in New York City. Commonly called a BBL."" BUILDING CLASS AT PRESENT and B","{""heading_count"": 0}"
doc_c139a5630f3aae7c,プロジェクト/株式会社青嶺不動産アセットマネジメント/04.分析/analysis_project/README.md,README.md,.md,プロジェクト,株式会社青嶺不動産アセットマネジメント,04.分析,data/raw/share/share/共有ドライブ/プロジェクト/株式会社青嶺不動産アセットマネジメント/04.分析/analysis_project/README.md,1695,markdown_raw_text,utf-8-sig,,,1811,67,fb20c67a5f190731b06aa2ebdab9d6b89180b81a,# source_path: プロジェクト/株式会社青嶺不動産アセットマネジメント/04.分析/analysis_project/README.md # file_name: README.md # extension: .md # area: プロジェクト # project_name: 株式会社青嶺不動産アセットマネジメント # major_folder: 04.分析 # analysis_project  This folder is a practical multi-file analysis project generated by Step 06.  ## Project structure  - `pyproject.toml`: project dependencies (uv compatible) - `requirements.txt`: pip installation fallback - `scripts/bootstrap_env.py`: create virtual environment and install dependencies - `sc,"{""heading_count"": 8}"
doc_aceec67eb856a777,プロジェクト/株式会社青嶺不動産アセットマネジメント/04.分析/analysis_project/data/カラム説明.md,カラム説明.md,.md,プロジェクト,株式会社青嶺不動産アセットマネジメント,04.分析,data/raw/share/share/共有ドライブ/プロジェクト/株式会社青嶺不動産アセットマネジメント/04.分析/analysis_project/data/カラム説明.md,455,markdown_raw_text,utf-8-sig,,,631,10,dfd1c3f765de6478f1bb8661b17186ae0c9f4df2,"# source_path: プロジェクト/株式会社青嶺不動産アセットマネジメント/04.分析/analysis_project/data/カラム説明.md # file_name: カラム説明.md # extension: .md # area: プロジェクト # project_name: 株式会社青嶺不動産アセットマネジメント # major_folder: 04.分析 カラム名,説明 BOROUGH,""A digit code for the borough the property is located in; in order these are Manhattan (1), Bronx (2), Brooklyn (3), Queens (4), and Staten Island (5)."" BLOCK; LOT,""The combination of borough, block, and lot forms a unique key for property in New York City. Commonly called a BBL."" BUILDING CL","{""heading_count"": 0}"
doc_508aac1bd047366b,プロジェクト/株式会社青潮モビリティサービス/03.データ/カラム説明.md,カラム説明.md,.md,プロジェクト,株式会社青潮モビリティサービス,03.データ,data/raw/share/share/共有ドライブ/プロジェクト/株式会社青潮モビリティサービス/03.データ/カラム説明.md,1347,markdown_raw_text,utf-8-sig,,,1016,27,b570ebbfe63e297c4b5f2a552084a59ea73d74ef,"# source_path: プロジェクト/株式会社青潮モビリティサービス/03.データ/カラム説明.md # file_name: カラム説明.md # extension: .md # area: プロジェクト # project_name: 株式会社青潮モビリティサービス # major_folder: 03.データ ### train.tsv  | カラム | ヘッダ名称 | データ型 | 説明 | | --- | --- | --- | --- | | 0 | id | int | インデックスとして使用 | | 1 | dteday | date | 日付（2011-01-01～2012-12-31） | | 2 | season | int | 季節（1=春, 2=夏, 3=秋, 4=冬） | | 3 | yr | bit | 年（0=2011, 1=2012） | | 4 | mnth | int | 月 | | 5 | hr | int | 時間 | | 6 | holiday | bit | 祝日（1=祝日） | | 7 | weekday | int | 曜日（0","{""heading_count"": 1}"
doc_026ca238800053d2,プロジェクト/株式会社青潮モビリティサービス/04.分析/analysis_project/README.md,README.md,.md,プロジェクト,株式会社青潮モビリティサービス,04.分析,data/raw/share/share/共有ドライブ/プロジェクト/株式会社青潮モビリティサービス/04.分析/analysis_project/README.md,1669,markdown_raw_text,utf-8-sig,,,1777,67,dd4a02e3fce2db6133b2b99539eec364b3de937f,# source_path: プロジェクト/株式会社青潮モビリティサービス/04.分析/analysis_project/README.md # file_name: README.md # extension: .md # area: プロジェクト # project_name: 株式会社青潮モビリティサービス # major_folder: 04.分析 # analysis_project  This folder is a practical multi-file analysis project generated by Step 06.  ## Project structure  - `pyproject.toml`: project dependencies (uv compatible) - `requirements.txt`: pip installation fallback - `scripts/bootstrap_env.py`: create virtual environment and install dependencies - `scripts/ru,"{""heading_count"": 8}"
doc_4e921fadbcbe5e30,プロジェクト/株式会社青潮モビリティサービス/04.分析/analysis_project/data/カラム説明.md,カラム説明.md,.md,プロジェクト,株式会社青潮モビリティサービス,04.分析,data/raw/share/share/共有ドライブ/プロジェクト/株式会社青潮モビリティサービス/04.分析/analysis_project/data/カラム説明.md,1347,markdown_raw_text,utf-8-sig,,,1036,27,bd95efccc8d75d1733d76388eccdcee665439c8c,"# source_path: プロジェクト/株式会社青潮モビリティサービス/04.分析/analysis_project/data/カラム説明.md # file_name: カラム説明.md # extension: .md # area: プロジェクト # project_name: 株式会社青潮モビリティサービス # major_folder: 04.分析 ### train.tsv  | カラム | ヘッダ名称 | データ型 | 説明 | | --- | --- | --- | --- | | 0 | id | int | インデックスとして使用 | | 1 | dteday | date | 日付（2011-01-01～2012-12-31） | | 2 | season | int | 季節（1=春, 2=夏, 3=秋, 4=冬） | | 3 | yr | bit | 年（0=2011, 1=2012） | | 4 | mnth | int | 月 | | 5 | hr | int | 時間 | | 6 | holiday | bit | 祝日（1=祝日） | | 7 | ","{""heading_count"": 1}"
doc_a2215bebd7ed9487,プロジェクト/株式会社青葉バイオメディカル機器/03.データ/カラム説明.md,カラム説明.md,.md,プロジェクト,株式会社青葉バイオメディカル機器,03.データ,data/raw/share/share/共有ドライブ/プロジェクト/株式会社青葉バイオメディカル機器/03.データ/カラム説明.md,2436,markdown_raw_text,utf-8-sig,,,2029,45,bda104f84f440c6ce46176bb61c40751da0b923a,"# source_path: プロジェクト/株式会社青葉バイオメディカル機器/03.データ/カラム説明.md # file_name: カラム説明.md # extension: .md # area: プロジェクト # project_name: 株式会社青葉バイオメディカル機器 # major_folder: 03.データ ### train.csv  | カラム | ヘッダ名称 | データ型 | 説明 | | --- | --- | --- | --- | | 0 | id | int | インデックスとして使用 | | 1 | Age | int | 年齢 | | 2 | BusinessTravel | object | (1=No Travel, 2=Travel Frequently, 3=Travel Rarely) | | 3 | DailyRate | float | Salary Level | | 4 | Department | object | (1=HR, 2=R&D, 3=Sales) | | 5 | DistanceFromHome | int | 通","{""heading_count"": 1}"
doc_164aa9454f48f2c5,プロジェクト/株式会社青葉バイオメディカル機器/04.分析/analysis_project/README.md,README.md,.md,プロジェクト,株式会社青葉バイオメディカル機器,04.分析,data/raw/share/share/共有ドライブ/プロジェクト/株式会社青葉バイオメディカル機器/04.分析/analysis_project/README.md,1673,markdown_raw_text,utf-8-sig,,,1783,67,01aafd0613b5c3f9894cb0b0754809db9c1c8efb,# source_path: プロジェクト/株式会社青葉バイオメディカル機器/04.分析/analysis_project/README.md # file_name: README.md # extension: .md # area: プロジェクト # project_name: 株式会社青葉バイオメディカル機器 # major_folder: 04.分析 # analysis_project  This folder is a practical multi-file analysis project generated by Step 06.  ## Project structure  - `pyproject.toml`: project dependencies (uv compatible) - `requirements.txt`: pip installation fallback - `scripts/bootstrap_env.py`: create virtual environment and install dependencies - `scripts/,"{""heading_count"": 8}"
doc_ae7153ef71820d71,プロジェクト/株式会社青葉バイオメディカル機器/04.分析/analysis_project/data/カラム説明.md,カラム説明.md,.md,プロジェクト,株式会社青葉バイオメディカル機器,04.分析,data/raw/share/share/共有ドライブ/プロジェクト/株式会社青葉バイオメディカル機器/04.分析/analysis_project/data/カラム説明.md,2436,markdown_raw_text,utf-8-sig,,,2049,45,1edfe85b3f5a6ba47a572856b58c4659110e52f5,"# source_path: プロジェクト/株式会社青葉バイオメディカル機器/04.分析/analysis_project/data/カラム説明.md # file_name: カラム説明.md # extension: .md # area: プロジェクト # project_name: 株式会社青葉バイオメディカル機器 # major_folder: 04.分析 ### train.csv  | カラム | ヘッダ名称 | データ型 | 説明 | | --- | --- | --- | --- | | 0 | id | int | インデックスとして使用 | | 1 | Age | int | 年齢 | | 2 | BusinessTravel | object | (1=No Travel, 2=Travel Frequently, 3=Travel Rarely) | | 3 | DailyRate | float | Salary Level | | 4 | Department | object | (1=HR, 2=R&D, 3=Sales) | | 5 | Distan","{""heading_count"": 1}"
doc_a011439c73bf89e8,プロジェクト/白峰信用リスク評価株式会社/03.データ/カラム説明.md,カラム説明.md,.md,プロジェクト,白峰信用リスク評価株式会社,03.データ,data/raw/share/share/共有ドライブ/プロジェクト/白峰信用リスク評価株式会社/03.データ/カラム説明.md,3733,markdown_raw_text,utf-8-sig,,,3744,81,c628fb79a86686338ff79e51177157752cecd177,# source_path: プロジェクト/白峰信用リスク評価株式会社/03.データ/カラム説明.md # file_name: カラム説明.md # extension: .md # area: プロジェクト # project_name: 白峰信用リスク評価株式会社 # major_folder: 03.データ ## 財務指標 (X1 - X64)  | ID | Formula / Description | | --- | --- | | **X1** | net profit / total assets | | **X2** | total liabilities / total assets | | **X3** | working capital / total assets | | **X4** | current assets / short-term liabilities | | **X5** | [(cash + short-term securities + receivables - short-term liabilities) / (operating,"{""heading_count"": 2}"
doc_202faff9463ee2cb,プロジェクト/白峰信用リスク評価株式会社/04.分析/analysis_project/README.md,README.md,.md,プロジェクト,白峰信用リスク評価株式会社,04.分析,data/raw/share/share/共有ドライブ/プロジェクト/白峰信用リスク評価株式会社/04.分析/analysis_project/README.md,1463,markdown_raw_text,utf-8-sig,,,1572,62,8fad73b0fe1c0520fa092f55625e7b85c6276857,# source_path: プロジェクト/白峰信用リスク評価株式会社/04.分析/analysis_project/README.md # file_name: README.md # extension: .md # area: プロジェクト # project_name: 白峰信用リスク評価株式会社 # major_folder: 04.分析 # analysis_project  This folder is a practical multi-file analysis project generated by Step 06.  ## Project structure  - `pyproject.toml`: project dependencies (uv compatible) - `requirements.txt`: pip installation fallback - `scripts/bootstrap_env.py`: create virtual environment and install dependencies - `scripts/run_tr,"{""heading_count"": 8}"
doc_df42bbeed2ecd17c,プロジェクト/白峰信用リスク評価株式会社/04.分析/analysis_project/data/カラム説明.md,カラム説明.md,.md,プロジェクト,白峰信用リスク評価株式会社,04.分析,data/raw/share/share/共有ドライブ/プロジェクト/白峰信用リスク評価株式会社/04.分析/analysis_project/data/カラム説明.md,3733,markdown_raw_text,utf-8-sig,,,3764,81,d1c95b15e1a33d97edee293a37f46127de423cfa,# source_path: プロジェクト/白峰信用リスク評価株式会社/04.分析/analysis_project/data/カラム説明.md # file_name: カラム説明.md # extension: .md # area: プロジェクト # project_name: 白峰信用リスク評価株式会社 # major_folder: 04.分析 ## 財務指標 (X1 - X64)  | ID | Formula / Description | | --- | --- | | **X1** | net profit / total assets | | **X2** | total liabilities / total assets | | **X3** | working capital / total assets | | **X4** | current assets / short-term liabilities | | **X5** | [(cash + short-term securities + receivables - short-term liabi,"{""heading_count"": 2}"
doc_ba7de57750f121ef,プロジェクト/青葉与信マネジメント株式会社/03.データ/カラム説明.md,カラム説明.md,.md,プロジェクト,青葉与信マネジメント株式会社,03.データ,data/raw/share/share/共有ドライブ/プロジェクト/青葉与信マネジメント株式会社/03.データ/カラム説明.md,2207,markdown_raw_text,utf-8-sig,,,2212,7,bc72e40e69a729d33dbbc41fac8b048d756f355e,"# source_path: プロジェクト/青葉与信マネジメント株式会社/03.データ/カラム説明.md # file_name: カラム説明.md # extension: .md # area: プロジェクト # project_name: 青葉与信マネジメント株式会社 # major_folder: 03.データ <h3 style=""font-family: Helvetica Neue, Helvetica, Arial, sans-serif; color: rgb(51, 51, 51);"">学習用データ（train.csv)</h3><table class=""table table-responsive"" style=""background-color: rgb(255, 255, 255); width: 1580px;""><thead><tr><th width=""15%"" nowrap="""" style=""line-height: 1.42857;"">カラム</th><th width=""15%"" nowrap="""" style=""line-height: 1.","{""heading_count"": 0}"
doc_5fc981f20ea68873,プロジェクト/青葉与信マネジメント株式会社/04.分析/analysis_project/README.md,README.md,.md,プロジェクト,青葉与信マネジメント株式会社,04.分析,data/raw/share/share/共有ドライブ/プロジェクト/青葉与信マネジメント株式会社/04.分析/analysis_project/README.md,1469,markdown_raw_text,utf-8-sig,,,1580,62,2b903ffe04e9e9af0e3534f8355b7345d08221cd,# source_path: プロジェクト/青葉与信マネジメント株式会社/04.分析/analysis_project/README.md # file_name: README.md # extension: .md # area: プロジェクト # project_name: 青葉与信マネジメント株式会社 # major_folder: 04.分析 # analysis_project  This folder is a practical multi-file analysis project generated by Step 06.  ## Project structure  - `pyproject.toml`: project dependencies (uv compatible) - `requirements.txt`: pip installation fallback - `scripts/bootstrap_env.py`: create virtual environment and install dependencies - `scripts/run_,"{""heading_count"": 8}"
doc_ff4d3c2960613dea,プロジェクト/青葉与信マネジメント株式会社/04.分析/analysis_project/data/カラム説明.md,カラム説明.md,.md,プロジェクト,青葉与信マネジメント株式会社,04.分析,data/raw/share/share/共有ドライブ/プロジェクト/青葉与信マネジメント株式会社/04.分析/analysis_project/data/カラム説明.md,2207,markdown_raw_text,utf-8-sig,,,2232,7,2b2c47f08e4f7f2f11948e4a7ec13a3d28aca83d,"# source_path: プロジェクト/青葉与信マネジメント株式会社/04.分析/analysis_project/data/カラム説明.md # file_name: カラム説明.md # extension: .md # area: プロジェクト # project_name: 青葉与信マネジメント株式会社 # major_folder: 04.分析 <h3 style=""font-family: Helvetica Neue, Helvetica, Arial, sans-serif; color: rgb(51, 51, 51);"">学習用データ（train.csv)</h3><table class=""table table-responsive"" style=""background-color: rgb(255, 255, 255); width: 1580px;""><thead><tr><th width=""15%"" nowrap="""" style=""line-height: 1.42857;"">カラム</th><th width=""15%"" nowrap="""" st","{""heading_count"": 0}"
doc_61d1ffc32ebe5d8d,社内管理/データアステル社内管理_決裁基準.md,データアステル社内管理_決裁基準.md,.md,社内管理,,データアステル社内管理_決裁基準.md,data/raw/share/share/共有ドライブ/社内管理/データアステル社内管理_決裁基準.md,2090,markdown_raw_text,utf-8-sig,,,1068,52,1f7864721711608004fa150316df62074e1923ca,"# source_path: 社内管理/データアステル社内管理_決裁基準.md # file_name: データアステル社内管理_決裁基準.md # extension: .md # area: 社内管理 # project_name:  # major_folder: データアステル社内管理_決裁基準.md # データアステル社内管理_決裁基準  ## 1. 目的  本規程は、案件の契約金額および契約条件に応じた社内決裁レベルを定め、提案・契約・請求に関する承認プロセスを統一することを目的とする。  ## 2. 通常の決裁基準  契約金額（税込）に応じた基本の決裁レベルは次の通りとする。  | 契約金額（税込） | 必要な承認 | |---|---| | 3,000,000円未満 | 主任承認 | | 3,000,000円以上 5,000,000円未満 | 課長承認 | | 5,000,000円以上 8,000,000円未満 | 部長承認 | | 8,000,000円以上 | 本部長承認 |  ## 3. 追加基準  ### 3.1 医療案件  医療機関、医療法人、病院、診療所その他","{""heading_count"": 8}"
doc_e08a36448d618de9,プロジェクト/京橋信用ソリューションズ株式会社/04.分析/analysis_project/scripts/bootstrap_env.py,bootstrap_env.py,.py,プロジェクト,京橋信用ソリューションズ株式会社,04.分析,data/raw/share/share/共有ドライブ/プロジェクト/京橋信用ソリューションズ株式会社/04.分析/analysis_project/scripts/bootstrap_env.py,2017,python_raw_text,utf-8-sig,,,2158,68,694a78b746f302038505053a132eff0295f5432a,"# source_path: プロジェクト/京橋信用ソリューションズ株式会社/04.分析/analysis_project/scripts/bootstrap_env.py # file_name: bootstrap_env.py # extension: .py # area: プロジェクト # project_name: 京橋信用ソリューションズ株式会社 # major_folder: 04.分析 from __future__ import annotations  import argparse import shutil import subprocess import sys from pathlib import Path   def _venv_python(venv_dir: Path) -> Path:     if sys.platform.startswith(""win""):         return venv_dir / ""Scripts"" / ""python.exe""     return venv_dir / ""bin"" / ""python""   d","{""function_count"": 4, ""class_count"": 0, ""import_count"": 6}"
doc_6a440e8b3c08cbf4,プロジェクト/京橋信用ソリューションズ株式会社/04.分析/analysis_project/scripts/run_train.py,run_train.py,.py,プロジェクト,京橋信用ソリューションズ株式会社,04.分析,data/raw/share/share/共有ドライブ/プロジェクト/京橋信用ソリューションズ株式会社/04.分析/analysis_project/scripts/run_train.py,5180,python_raw_text,utf-8-sig,,,5233,148,d508e3389b0604bb224a77be6936f36a58a2a31a,"# source_path: プロジェクト/京橋信用ソリューションズ株式会社/04.分析/analysis_project/scripts/run_train.py # file_name: run_train.py # extension: .py # area: プロジェクト # project_name: 京橋信用ソリューションズ株式会社 # major_folder: 04.分析 from __future__ import annotations  import sys from pathlib import Path   def main() -> None:     manual_root = Path(__file__).resolve().parents[1]     if str(manual_root) not in sys.path:         sys.path.insert(0, str(manual_root))      from src.common import (         as_bool,         infer_date_colu","{""function_count"": 1, ""class_count"": 0, ""import_count"": 10}"
doc_bfc7a7659106a7c9,プロジェクト/京橋信用ソリューションズ株式会社/04.分析/analysis_project/src/__init__.py,__init__.py,.py,プロジェクト,京橋信用ソリューションズ株式会社,04.分析,data/raw/share/share/共有ドライブ/プロジェクト/京橋信用ソリューションズ株式会社/04.分析/analysis_project/src/__init__.py,0,python_raw_text,utf-8-sig,,,190,7,b6a4115e6d5c768d912cc8947dce13430b7ad4ab,# source_path: プロジェクト/京橋信用ソリューションズ株式会社/04.分析/analysis_project/src/__init__.py # file_name: __init__.py # extension: .py # area: プロジェクト # project_name: 京橋信用ソリューションズ株式会社 # major_folder: 04.分析 ,"{""function_count"": 0, ""class_count"": 0, ""import_count"": 0}"
doc_c5a63224aed5234c,プロジェクト/京橋信用ソリューションズ株式会社/04.分析/analysis_project/src/common.py,common.py,.py,プロジェクト,京橋信用ソリューションズ株式会社,04.分析,data/raw/share/share/共有ドライブ/プロジェクト/京橋信用ソリューションズ株式会社/04.分析/analysis_project/src/common.py,3867,python_raw_text,utf-8-sig,,,3902,130,c5cfaffcec82cf0941f7add2429ad968065fd709,"# source_path: プロジェクト/京橋信用ソリューションズ株式会社/04.分析/analysis_project/src/common.py # file_name: common.py # extension: .py # area: プロジェクト # project_name: 京橋信用ソリューションズ株式会社 # major_folder: 04.分析 from __future__ import annotations  import json from pathlib import Path from typing import Any  import pandas as pd  ENCODINGS = (""utf-8-sig"", ""utf-8"", ""cp932"", ""shift_jis"", ""euc_jp"") TARGET_HINTS = (""target"", ""label"", ""y"", ""sales"", ""demand"", ""count"", ""revenue"", ""profit"", ""売上"", ""販売"", ""需要"", ""個数"") DATE_HINTS = (""d","{""function_count"": 12, ""class_count"": 0, ""import_count"": 5}"
doc_fda17b8a469179b2,プロジェクト/京橋信用ソリューションズ株式会社/04.分析/analysis_project/src/eda.py,eda.py,.py,プロジェクト,京橋信用ソリューションズ株式会社,04.分析,data/raw/share/share/共有ドライブ/プロジェクト/京橋信用ソリューションズ株式会社/04.分析/analysis_project/src/eda.py,695,python_raw_text,utf-8-sig,,,854,26,c32a2cf6d7388c4284ef6c465630dff7ade0192c,"# source_path: プロジェクト/京橋信用ソリューションズ株式会社/04.分析/analysis_project/src/eda.py # file_name: eda.py # extension: .py # area: プロジェクト # project_name: 京橋信用ソリューションズ株式会社 # major_folder: 04.分析 from __future__ import annotations  from typing import Any  import pandas as pd   def summarize_dataframe(df: pd.DataFrame, target_col: str) -> dict[str, Any]:     # REGION: EDA_SUMMARY_RULES START     summary: dict[str, Any] = {         ""row_count"": int(df.shape[0]),         ""column_count"": int(df.shape[1]),         ""","{""function_count"": 1, ""class_count"": 0, ""import_count"": 3}"
doc_280b55944a8fdcb5,プロジェクト/京橋信用ソリューションズ株式会社/04.分析/analysis_project/src/evaluate.py,evaluate.py,.py,プロジェクト,京橋信用ソリューションズ株式会社,04.分析,data/raw/share/share/共有ドライブ/プロジェクト/京橋信用ソリューションズ株式会社/04.分析/analysis_project/src/evaluate.py,3252,python_raw_text,utf-8-sig,,,3344,103,94e175fb5f8314037c78032a6094e8c964e67412,"# source_path: プロジェクト/京橋信用ソリューションズ株式会社/04.分析/analysis_project/src/evaluate.py # file_name: evaluate.py # extension: .py # area: プロジェクト # project_name: 京橋信用ソリューションズ株式会社 # major_folder: 04.分析 from __future__ import annotations  import math from typing import Any  import numpy as np import pandas as pd from sklearn.metrics import (     accuracy_score,     brier_score_loss,     f1_score,     mean_absolute_error,     mean_squared_error,     r2_score,     roc_auc_score, )   def build_metrics_base(    ","{""function_count"": 2, ""class_count"": 0, ""import_count"": 6}"
doc_6cd7a172d86b7d6a,プロジェクト/京橋信用ソリューションズ株式会社/04.分析/analysis_project/src/features.py,features.py,.py,プロジェクト,京橋信用ソリューションズ株式会社,04.分析,data/raw/share/share/共有ドライブ/プロジェクト/京橋信用ソリューションズ株式会社/04.分析/analysis_project/src/features.py,2405,python_raw_text,utf-8-sig,,,2534,66,70159b01b58cf3dc56dca83678d0f0793b4371e3,# source_path: プロジェクト/京橋信用ソリューションズ株式会社/04.分析/analysis_project/src/features.py # file_name: features.py # extension: .py # area: プロジェクト # project_name: 京橋信用ソリューションズ株式会社 # major_folder: 04.分析 from __future__ import annotations  import numpy as np import pandas as pd from sklearn.compose import ColumnTransformer from sklearn.impute import SimpleImputer from sklearn.pipeline import Pipeline from sklearn.preprocessing import OneHotEncoder   def is_pure_day_number_column(series: pd.Series) -> bool:   ,"{""function_count"": 3, ""class_count"": 0, ""import_count"": 7}"
doc_cf14a1cb21c044ec,プロジェクト/京橋信用ソリューションズ株式会社/04.分析/analysis_project/src/infer.py,infer.py,.py,プロジェクト,京橋信用ソリューションズ株式会社,04.分析,data/raw/share/share/共有ドライブ/プロジェクト/京橋信用ソリューションズ株式会社/04.分析/analysis_project/src/infer.py,191,python_raw_text,utf-8-sig,,,366,14,f3bb612fa15d0e8166689e82144aedf91761e0bb,"# source_path: プロジェクト/京橋信用ソリューションズ株式会社/04.分析/analysis_project/src/infer.py # file_name: infer.py # extension: .py # area: プロジェクト # project_name: 京橋信用ソリューションズ株式会社 # major_folder: 04.分析 from __future__ import annotations  import pandas as pd from sklearn.base import BaseEstimator   def run_inference(model: BaseEstimator, X: pd.DataFrame):     return model.predict(X)","{""function_count"": 1, ""class_count"": 0, ""import_count"": 3}"
doc_f09e94176f326091,プロジェクト/京橋信用ソリューションズ株式会社/04.分析/analysis_project/src/modeling.py,modeling.py,.py,プロジェクト,京橋信用ソリューションズ株式会社,04.分析,data/raw/share/share/共有ドライブ/プロジェクト/京橋信用ソリューションズ株式会社/04.分析/analysis_project/src/modeling.py,3285,python_raw_text,utf-8-sig,,,3391,96,a11803d7912ef18dc1c8cc30d2dea5880884f002,"# source_path: プロジェクト/京橋信用ソリューションズ株式会社/04.分析/analysis_project/src/modeling.py # file_name: modeling.py # extension: .py # area: プロジェクト # project_name: 京橋信用ソリューションズ株式会社 # major_folder: 04.分析 from __future__ import annotations  import pandas as pd from sklearn.ensemble import (     ExtraTreesClassifier,     ExtraTreesRegressor,     GradientBoostingClassifier,     GradientBoostingRegressor,     RandomForestClassifier,     RandomForestRegressor, ) from sklearn.linear_model import LogisticRegression,","{""function_count"": 1, ""class_count"": 0, ""import_count"": 7}"
doc_688df311bb2c5dea,プロジェクト/京橋信用ソリューションズ株式会社/04.分析/analysis_project/src/preprocess.py,preprocess.py,.py,プロジェクト,京橋信用ソリューションズ株式会社,04.分析,data/raw/share/share/共有ドライブ/プロジェクト/京橋信用ソリューションズ株式会社/04.分析/analysis_project/src/preprocess.py,1060,python_raw_text,utf-8-sig,,,1223,36,fa19f596398e9d66a7d70eb42f3fdaa31a25c5fa,"# source_path: プロジェクト/京橋信用ソリューションズ株式会社/04.分析/analysis_project/src/preprocess.py # file_name: preprocess.py # extension: .py # area: プロジェクト # project_name: 京橋信用ソリューションズ株式会社 # major_folder: 04.分析 from __future__ import annotations  import pandas as pd from sklearn.model_selection import train_test_split   def split_feature_target(df: pd.DataFrame, target_col: str) -> tuple[pd.DataFrame, pd.Series]:     if target_col not in df.columns:         raise KeyError(f""target column not found: {target_col}""","{""function_count"": 2, ""class_count"": 0, ""import_count"": 3}"
doc_def36be2f67c1601,プロジェクト/医療法人社団 恒一会 かえで総合病院/04.分析/analysis_project/scripts/bootstrap_env.py,bootstrap_env.py,.py,プロジェクト,医療法人社団 恒一会 かえで総合病院,04.分析,data/raw/share/share/共有ドライブ/プロジェクト/医療法人社団 恒一会 かえで総合病院/04.分析/analysis_project/scripts/bootstrap_env.py,2017,python_raw_text,utf-8-sig,,,2162,68,bf2442cddc331df04c5745cdd444a3c86fd0afb8,"# source_path: プロジェクト/医療法人社団 恒一会 かえで総合病院/04.分析/analysis_project/scripts/bootstrap_env.py # file_name: bootstrap_env.py # extension: .py # area: プロジェクト # project_name: 医療法人社団 恒一会 かえで総合病院 # major_folder: 04.分析 from __future__ import annotations  import argparse import shutil import subprocess import sys from pathlib import Path   def _venv_python(venv_dir: Path) -> Path:     if sys.platform.startswith(""win""):         return venv_dir / ""Scripts"" / ""python.exe""     return venv_dir / ""bin"" / ""python""","{""function_count"": 4, ""class_count"": 0, ""import_count"": 6}"
doc_cecf9c7ef79041bf,プロジェクト/医療法人社団 恒一会 かえで総合病院/04.分析/analysis_project/scripts/run_train.py,run_train.py,.py,プロジェクト,医療法人社団 恒一会 かえで総合病院,04.分析,data/raw/share/share/共有ドライブ/プロジェクト/医療法人社団 恒一会 かえで総合病院/04.分析/analysis_project/scripts/run_train.py,29966,python_raw_text,utf-8-sig,,,29535,636,b482fde968c69fc254a553b08affc6d48e135eb1,"# source_path: プロジェクト/医療法人社団 恒一会 かえで総合病院/04.分析/analysis_project/scripts/run_train.py # file_name: run_train.py # extension: .py # area: プロジェクト # project_name: 医療法人社団 恒一会 かえで総合病院 # major_folder: 04.分析 from __future__ import annotations  import sys from pathlib import Path  import numpy as np import pandas as pd from sklearn.metrics import f1_score   def _metric_value(task_type: str, metrics: dict) -> float:     if task_type == ""regression"":         return float(metrics.get(""rmse"", float(""inf""))) ","{""function_count"": 8, ""class_count"": 0, ""import_count"": 14}"
doc_c72624dc4d623045,プロジェクト/医療法人社団 恒一会 かえで総合病院/04.分析/analysis_project/src/__init__.py,__init__.py,.py,プロジェクト,医療法人社団 恒一会 かえで総合病院,04.分析,data/raw/share/share/共有ドライブ/プロジェクト/医療法人社団 恒一会 かえで総合病院/04.分析/analysis_project/src/__init__.py,0,python_raw_text,utf-8-sig,,,194,7,75d050a94740d3492cceefae628410eddb793679,# source_path: プロジェクト/医療法人社団 恒一会 かえで総合病院/04.分析/analysis_project/src/__init__.py # file_name: __init__.py # extension: .py # area: プロジェクト # project_name: 医療法人社団 恒一会 かえで総合病院 # major_folder: 04.分析 ,"{""function_count"": 0, ""class_count"": 0, ""import_count"": 0}"
doc_4034b639f8483885,プロジェクト/医療法人社団 恒一会 かえで総合病院/04.分析/analysis_project/src/common.py,common.py,.py,プロジェクト,医療法人社団 恒一会 かえで総合病院,04.分析,data/raw/share/share/共有ドライブ/プロジェクト/医療法人社団 恒一会 かえで総合病院/04.分析/analysis_project/src/common.py,3933,python_raw_text,utf-8-sig,,,3971,131,673c3c8e9c7332e3bc05f6bc2c559d9cd2ff8910,"# source_path: プロジェクト/医療法人社団 恒一会 かえで総合病院/04.分析/analysis_project/src/common.py # file_name: common.py # extension: .py # area: プロジェクト # project_name: 医療法人社団 恒一会 かえで総合病院 # major_folder: 04.分析 from __future__ import annotations  import json from pathlib import Path from typing import Any  import pandas as pd  ENCODINGS = (""utf-8-sig"", ""utf-8"", ""cp932"", ""shift_jis"", ""euc_jp"") TARGET_HINTS = (""target"", ""label"", ""y"", ""sales"", ""demand"", ""count"", ""revenue"", ""profit"", ""売上"", ""販売"", ""需要"", ""個数"") DATE_HINTS =","{""function_count"": 12, ""class_count"": 0, ""import_count"": 5}"
doc_deb9993c32cc76bf,プロジェクト/医療法人社団 恒一会 かえで総合病院/04.分析/analysis_project/src/eda.py,eda.py,.py,プロジェクト,医療法人社団 恒一会 かえで総合病院,04.分析,data/raw/share/share/共有ドライブ/プロジェクト/医療法人社団 恒一会 かえで総合病院/04.分析/analysis_project/src/eda.py,695,python_raw_text,utf-8-sig,,,858,26,49fab1a42eabaf5b7e6f14429b06a0e29bf72796,"# source_path: プロジェクト/医療法人社団 恒一会 かえで総合病院/04.分析/analysis_project/src/eda.py # file_name: eda.py # extension: .py # area: プロジェクト # project_name: 医療法人社団 恒一会 かえで総合病院 # major_folder: 04.分析 from __future__ import annotations  from typing import Any  import pandas as pd   def summarize_dataframe(df: pd.DataFrame, target_col: str) -> dict[str, Any]:     # REGION: EDA_SUMMARY_RULES START     summary: dict[str, Any] = {         ""row_count"": int(df.shape[0]),         ""column_count"": int(df.shape[1]),      ","{""function_count"": 1, ""class_count"": 0, ""import_count"": 3}"
doc_dddfd875bf5ef009,プロジェクト/医療法人社団 恒一会 かえで総合病院/04.分析/analysis_project/src/evaluate.py,evaluate.py,.py,プロジェクト,医療法人社団 恒一会 かえで総合病院,04.分析,data/raw/share/share/共有ドライブ/プロジェクト/医療法人社団 恒一会 かえで総合病院/04.分析/analysis_project/src/evaluate.py,5116,python_raw_text,utf-8-sig,,,5178,137,9a8fc195a982d25a5cbc1c0ea5f425b5acf9b06c,"# source_path: プロジェクト/医療法人社団 恒一会 かえで総合病院/04.分析/analysis_project/src/evaluate.py # file_name: evaluate.py # extension: .py # area: プロジェクト # project_name: 医療法人社団 恒一会 かえで総合病院 # major_folder: 04.分析 from __future__ import annotations  import math from typing import Any  import numpy as np import pandas as pd from sklearn.metrics import (     accuracy_score,     brier_score_loss,     f1_score,     mean_absolute_error,     mean_squared_error,     r2_score,     roc_auc_score, )   def build_metrics_base(","{""function_count"": 2, ""class_count"": 0, ""import_count"": 6}"
doc_a7831b1e65e476d4,プロジェクト/医療法人社団 恒一会 かえで総合病院/04.分析/analysis_project/src/features.py,features.py,.py,プロジェクト,医療法人社団 恒一会 かえで総合病院,04.分析,data/raw/share/share/共有ドライブ/プロジェクト/医療法人社団 恒一会 かえで総合病院/04.分析/analysis_project/src/features.py,13135,python_raw_text,utf-8-sig,,,12985,343,9981f0bb38946dd7d03887d91c9c0125b1bf93e8,# source_path: プロジェクト/医療法人社団 恒一会 かえで総合病院/04.分析/analysis_project/src/features.py # file_name: features.py # extension: .py # area: プロジェクト # project_name: 医療法人社団 恒一会 かえで総合病院 # major_folder: 04.分析 from __future__ import annotations  import numpy as np import pandas as pd from sklearn.compose import ColumnTransformer from sklearn.impute import SimpleImputer from sklearn.pipeline import Pipeline from sklearn.preprocessing import OneHotEncoder  MAX_CATEGORICAL_UNIQUE = 100 IDENTIFIER_EXACT_NAMES = {'i,"{""function_count"": 11, ""class_count"": 0, ""import_count"": 7}"
doc_ba6eafa6f8315fc5,プロジェクト/医療法人社団 恒一会 かえで総合病院/04.分析/analysis_project/src/infer.py,infer.py,.py,プロジェクト,医療法人社団 恒一会 かえで総合病院,04.分析,data/raw/share/share/共有ドライブ/プロジェクト/医療法人社団 恒一会 かえで総合病院/04.分析/analysis_project/src/infer.py,191,python_raw_text,utf-8-sig,,,370,14,ea6e71fb534283a19bea88921bc4956126905b8e,"# source_path: プロジェクト/医療法人社団 恒一会 かえで総合病院/04.分析/analysis_project/src/infer.py # file_name: infer.py # extension: .py # area: プロジェクト # project_name: 医療法人社団 恒一会 かえで総合病院 # major_folder: 04.分析 from __future__ import annotations  import pandas as pd from sklearn.base import BaseEstimator   def run_inference(model: BaseEstimator, X: pd.DataFrame):     return model.predict(X)","{""function_count"": 1, ""class_count"": 0, ""import_count"": 3}"
doc_067bd64bbc7e38d8,プロジェクト/医療法人社団 恒一会 かえで総合病院/04.分析/analysis_project/src/modeling.py,modeling.py,.py,プロジェクト,医療法人社団 恒一会 かえで総合病院,04.分析,data/raw/share/share/共有ドライブ/プロジェクト/医療法人社団 恒一会 かえで総合病院/04.分析/analysis_project/src/modeling.py,5027,python_raw_text,utf-8-sig,,,5095,131,68f67d082afb25b9634801bfb3551d2fb00669e7,"# source_path: プロジェクト/医療法人社団 恒一会 かえで総合病院/04.分析/analysis_project/src/modeling.py # file_name: modeling.py # extension: .py # area: プロジェクト # project_name: 医療法人社団 恒一会 かえで総合病院 # major_folder: 04.分析 from __future__ import annotations  import pandas as pd from sklearn.ensemble import (     ExtraTreesClassifier,     ExtraTreesRegressor,     GradientBoostingClassifier,     GradientBoostingRegressor,     HistGradientBoostingClassifier,     HistGradientBoostingRegressor,     RandomForestClassifier,     Ra","{""function_count"": 1, ""class_count"": 0, ""import_count"": 7}"
doc_96cf6cbaffbfb1b2,プロジェクト/医療法人社団 恒一会 かえで総合病院/04.分析/analysis_project/src/preprocess.py,preprocess.py,.py,プロジェクト,医療法人社団 恒一会 かえで総合病院,04.分析,data/raw/share/share/共有ドライブ/プロジェクト/医療法人社団 恒一会 かえで総合病院/04.分析/analysis_project/src/preprocess.py,4002,python_raw_text,utf-8-sig,,,4092,113,a224395bf7c42e12a591209418f25e911d3ae0c7,"# source_path: プロジェクト/医療法人社団 恒一会 かえで総合病院/04.分析/analysis_project/src/preprocess.py # file_name: preprocess.py # extension: .py # area: プロジェクト # project_name: 医療法人社団 恒一会 かえで総合病院 # major_folder: 04.分析 from __future__ import annotations  import pandas as pd from sklearn.model_selection import train_test_split   def split_feature_target(df: pd.DataFrame, target_col: str) -> tuple[pd.DataFrame, pd.Series]:     if target_col not in df.columns:         raise KeyError(f""target column not found: {target_c","{""function_count"": 3, ""class_count"": 0, ""import_count"": 3}"
doc_8b481df003e4748e,プロジェクト/医療法人社団 蒼樹会 みなみ野女性医療センター/04.分析/analysis_project/scripts/bootstrap_env.py,bootstrap_env.py,.py,プロジェクト,医療法人社団 蒼樹会 みなみ野女性医療センター,04.分析,data/raw/share/share/共有ドライブ/プロジェクト/医療法人社団 蒼樹会 みなみ野女性医療センター/04.分析/analysis_project/scripts/bootstrap_env.py,2017,python_raw_text,utf-8-sig,,,2172,68,7284f2b36285835d3df18068ea22111b3de372b5,"# source_path: プロジェクト/医療法人社団 蒼樹会 みなみ野女性医療センター/04.分析/analysis_project/scripts/bootstrap_env.py # file_name: bootstrap_env.py # extension: .py # area: プロジェクト # project_name: 医療法人社団 蒼樹会 みなみ野女性医療センター # major_folder: 04.分析 from __future__ import annotations  import argparse import shutil import subprocess import sys from pathlib import Path   def _venv_python(venv_dir: Path) -> Path:     if sys.platform.startswith(""win""):         return venv_dir / ""Scripts"" / ""python.exe""     return venv_dir / ""bin"" ","{""function_count"": 4, ""class_count"": 0, ""import_count"": 6}"
doc_ef874fff56cacbf8,プロジェクト/医療法人社団 蒼樹会 みなみ野女性医療センター/04.分析/analysis_project/scripts/run_train.py,run_train.py,.py,プロジェクト,医療法人社団 蒼樹会 みなみ野女性医療センター,04.分析,data/raw/share/share/共有ドライブ/プロジェクト/医療法人社団 蒼樹会 みなみ野女性医療センター/04.分析/analysis_project/scripts/run_train.py,29966,python_raw_text,utf-8-sig,,,29545,636,cb390a9fca6b4a989792a925f03017da5cfe7d03,"# source_path: プロジェクト/医療法人社団 蒼樹会 みなみ野女性医療センター/04.分析/analysis_project/scripts/run_train.py # file_name: run_train.py # extension: .py # area: プロジェクト # project_name: 医療法人社団 蒼樹会 みなみ野女性医療センター # major_folder: 04.分析 from __future__ import annotations  import sys from pathlib import Path  import numpy as np import pandas as pd from sklearn.metrics import f1_score   def _metric_value(task_type: str, metrics: dict) -> float:     if task_type == ""regression"":         return float(metrics.get(""rmse"", float","{""function_count"": 8, ""class_count"": 0, ""import_count"": 14}"
doc_5d2a1ad6a955a9ad,プロジェクト/医療法人社団 蒼樹会 みなみ野女性医療センター/04.分析/analysis_project/src/__init__.py,__init__.py,.py,プロジェクト,医療法人社団 蒼樹会 みなみ野女性医療センター,04.分析,data/raw/share/share/共有ドライブ/プロジェクト/医療法人社団 蒼樹会 みなみ野女性医療センター/04.分析/analysis_project/src/__init__.py,0,python_raw_text,utf-8-sig,,,204,7,bdcf185a61810bed9ed80f2b70018e36f949d378,# source_path: プロジェクト/医療法人社団 蒼樹会 みなみ野女性医療センター/04.分析/analysis_project/src/__init__.py # file_name: __init__.py # extension: .py # area: プロジェクト # project_name: 医療法人社団 蒼樹会 みなみ野女性医療センター # major_folder: 04.分析 ,"{""function_count"": 0, ""class_count"": 0, ""import_count"": 0}"
doc_f1b6bbe3127cf65b,プロジェクト/医療法人社団 蒼樹会 みなみ野女性医療センター/04.分析/analysis_project/src/common.py,common.py,.py,プロジェクト,医療法人社団 蒼樹会 みなみ野女性医療センター,04.分析,data/raw/share/share/共有ドライブ/プロジェクト/医療法人社団 蒼樹会 みなみ野女性医療センター/04.分析/analysis_project/src/common.py,3933,python_raw_text,utf-8-sig,,,3981,131,667856279f53bece6457a34a14e64fdbe9200a83,"# source_path: プロジェクト/医療法人社団 蒼樹会 みなみ野女性医療センター/04.分析/analysis_project/src/common.py # file_name: common.py # extension: .py # area: プロジェクト # project_name: 医療法人社団 蒼樹会 みなみ野女性医療センター # major_folder: 04.分析 from __future__ import annotations  import json from pathlib import Path from typing import Any  import pandas as pd  ENCODINGS = (""utf-8-sig"", ""utf-8"", ""cp932"", ""shift_jis"", ""euc_jp"") TARGET_HINTS = (""target"", ""label"", ""y"", ""sales"", ""demand"", ""count"", ""revenue"", ""profit"", ""売上"", ""販売"", ""需要"", ""個数"") DA","{""function_count"": 12, ""class_count"": 0, ""import_count"": 5}"
doc_e487a2e9d231ca34,プロジェクト/医療法人社団 蒼樹会 みなみ野女性医療センター/04.分析/analysis_project/src/eda.py,eda.py,.py,プロジェクト,医療法人社団 蒼樹会 みなみ野女性医療センター,04.分析,data/raw/share/share/共有ドライブ/プロジェクト/医療法人社団 蒼樹会 みなみ野女性医療センター/04.分析/analysis_project/src/eda.py,695,python_raw_text,utf-8-sig,,,868,26,32a00734d8d26d5b39359b031ba894fc57d165a9,"# source_path: プロジェクト/医療法人社団 蒼樹会 みなみ野女性医療センター/04.分析/analysis_project/src/eda.py # file_name: eda.py # extension: .py # area: プロジェクト # project_name: 医療法人社団 蒼樹会 みなみ野女性医療センター # major_folder: 04.分析 from __future__ import annotations  from typing import Any  import pandas as pd   def summarize_dataframe(df: pd.DataFrame, target_col: str) -> dict[str, Any]:     # REGION: EDA_SUMMARY_RULES START     summary: dict[str, Any] = {         ""row_count"": int(df.shape[0]),         ""column_count"": int(df.shape[","{""function_count"": 1, ""class_count"": 0, ""import_count"": 3}"
doc_1408e79e6e967a74,プロジェクト/医療法人社団 蒼樹会 みなみ野女性医療センター/04.分析/analysis_project/src/evaluate.py,evaluate.py,.py,プロジェクト,医療法人社団 蒼樹会 みなみ野女性医療センター,04.分析,data/raw/share/share/共有ドライブ/プロジェクト/医療法人社団 蒼樹会 みなみ野女性医療センター/04.分析/analysis_project/src/evaluate.py,5116,python_raw_text,utf-8-sig,,,5188,137,8506e1af90f063d950d77dfaee7778e2bf2134e4,"# source_path: プロジェクト/医療法人社団 蒼樹会 みなみ野女性医療センター/04.分析/analysis_project/src/evaluate.py # file_name: evaluate.py # extension: .py # area: プロジェクト # project_name: 医療法人社団 蒼樹会 みなみ野女性医療センター # major_folder: 04.分析 from __future__ import annotations  import math from typing import Any  import numpy as np import pandas as pd from sklearn.metrics import (     accuracy_score,     brier_score_loss,     f1_score,     mean_absolute_error,     mean_squared_error,     r2_score,     roc_auc_score, )   def build_met","{""function_count"": 2, ""class_count"": 0, ""import_count"": 6}"
doc_3f4953fa88bfe0f5,プロジェクト/医療法人社団 蒼樹会 みなみ野女性医療センター/04.分析/analysis_project/src/features.py,features.py,.py,プロジェクト,医療法人社団 蒼樹会 みなみ野女性医療センター,04.分析,data/raw/share/share/共有ドライブ/プロジェクト/医療法人社団 蒼樹会 みなみ野女性医療センター/04.分析/analysis_project/src/features.py,13135,python_raw_text,utf-8-sig,,,12995,343,18e897dc715be23ea680fedcee1e490d17a17e28,# source_path: プロジェクト/医療法人社団 蒼樹会 みなみ野女性医療センター/04.分析/analysis_project/src/features.py # file_name: features.py # extension: .py # area: プロジェクト # project_name: 医療法人社団 蒼樹会 みなみ野女性医療センター # major_folder: 04.分析 from __future__ import annotations  import numpy as np import pandas as pd from sklearn.compose import ColumnTransformer from sklearn.impute import SimpleImputer from sklearn.pipeline import Pipeline from sklearn.preprocessing import OneHotEncoder  MAX_CATEGORICAL_UNIQUE = 100 IDENTIFIER_EXACT_N,"{""function_count"": 11, ""class_count"": 0, ""import_count"": 7}"
doc_3e72ec8642ce969e,プロジェクト/医療法人社団 蒼樹会 みなみ野女性医療センター/04.分析/analysis_project/src/infer.py,infer.py,.py,プロジェクト,医療法人社団 蒼樹会 みなみ野女性医療センター,04.分析,data/raw/share/share/共有ドライブ/プロジェクト/医療法人社団 蒼樹会 みなみ野女性医療センター/04.分析/analysis_project/src/infer.py,191,python_raw_text,utf-8-sig,,,380,14,fe8c47aef114be92606379fd9bcfc0b6d03a590b,"# source_path: プロジェクト/医療法人社団 蒼樹会 みなみ野女性医療センター/04.分析/analysis_project/src/infer.py # file_name: infer.py # extension: .py # area: プロジェクト # project_name: 医療法人社団 蒼樹会 みなみ野女性医療センター # major_folder: 04.分析 from __future__ import annotations  import pandas as pd from sklearn.base import BaseEstimator   def run_inference(model: BaseEstimator, X: pd.DataFrame):     return model.predict(X)","{""function_count"": 1, ""class_count"": 0, ""import_count"": 3}"
doc_33f341fcbd1012c0,プロジェクト/医療法人社団 蒼樹会 みなみ野女性医療センター/04.分析/analysis_project/src/modeling.py,modeling.py,.py,プロジェクト,医療法人社団 蒼樹会 みなみ野女性医療センター,04.分析,data/raw/share/share/共有ドライブ/プロジェクト/医療法人社団 蒼樹会 みなみ野女性医療センター/04.分析/analysis_project/src/modeling.py,5027,python_raw_text,utf-8-sig,,,5105,131,712ee130c0affb33423b90a17970e987b22cde9e,"# source_path: プロジェクト/医療法人社団 蒼樹会 みなみ野女性医療センター/04.分析/analysis_project/src/modeling.py # file_name: modeling.py # extension: .py # area: プロジェクト # project_name: 医療法人社団 蒼樹会 みなみ野女性医療センター # major_folder: 04.分析 from __future__ import annotations  import pandas as pd from sklearn.ensemble import (     ExtraTreesClassifier,     ExtraTreesRegressor,     GradientBoostingClassifier,     GradientBoostingRegressor,     HistGradientBoostingClassifier,     HistGradientBoostingRegressor,     RandomForestClassifi","{""function_count"": 1, ""class_count"": 0, ""import_count"": 7}"
doc_1e3b92117a4a8830,プロジェクト/医療法人社団 蒼樹会 みなみ野女性医療センター/04.分析/analysis_project/src/preprocess.py,preprocess.py,.py,プロジェクト,医療法人社団 蒼樹会 みなみ野女性医療センター,04.分析,data/raw/share/share/共有ドライブ/プロジェクト/医療法人社団 蒼樹会 みなみ野女性医療センター/04.分析/analysis_project/src/preprocess.py,4002,python_raw_text,utf-8-sig,,,4102,113,d8619cde571b9e9d144435d714556ebf6e6b86ef,"# source_path: プロジェクト/医療法人社団 蒼樹会 みなみ野女性医療センター/04.分析/analysis_project/src/preprocess.py # file_name: preprocess.py # extension: .py # area: プロジェクト # project_name: 医療法人社団 蒼樹会 みなみ野女性医療センター # major_folder: 04.分析 from __future__ import annotations  import pandas as pd from sklearn.model_selection import train_test_split   def split_feature_target(df: pd.DataFrame, target_col: str) -> tuple[pd.DataFrame, pd.Series]:     if target_col not in df.columns:         raise KeyError(f""target column not found:","{""function_count"": 3, ""class_count"": 0, ""import_count"": 3}"
doc_f5b2b882118cf3fb,プロジェクト/医療法人社団 蒼泉会 ひがし丘総合病院/04.分析/analysis_project/scripts/bootstrap_env.py,bootstrap_env.py,.py,プロジェクト,医療法人社団 蒼泉会 ひがし丘総合病院,04.分析,data/raw/share/share/共有ドライブ/プロジェクト/医療法人社団 蒼泉会 ひがし丘総合病院/04.分析/analysis_project/scripts/bootstrap_env.py,2017,python_raw_text,utf-8-sig,,,2164,68,ba621b425d0ab1948b66934dd8125802e334a7df,"# source_path: プロジェクト/医療法人社団 蒼泉会 ひがし丘総合病院/04.分析/analysis_project/scripts/bootstrap_env.py # file_name: bootstrap_env.py # extension: .py # area: プロジェクト # project_name: 医療法人社団 蒼泉会 ひがし丘総合病院 # major_folder: 04.分析 from __future__ import annotations  import argparse import shutil import subprocess import sys from pathlib import Path   def _venv_python(venv_dir: Path) -> Path:     if sys.platform.startswith(""win""):         return venv_dir / ""Scripts"" / ""python.exe""     return venv_dir / ""bin"" / ""pytho","{""function_count"": 4, ""class_count"": 0, ""import_count"": 6}"
doc_a02be78e1b4315df,プロジェクト/医療法人社団 蒼泉会 ひがし丘総合病院/04.分析/analysis_project/scripts/run_train.py,run_train.py,.py,プロジェクト,医療法人社団 蒼泉会 ひがし丘総合病院,04.分析,data/raw/share/share/共有ドライブ/プロジェクト/医療法人社団 蒼泉会 ひがし丘総合病院/04.分析/analysis_project/scripts/run_train.py,6324,python_raw_text,utf-8-sig,,,6368,163,7676be54c25c811b68a62ce6422c6d1e347e8dec,"# source_path: プロジェクト/医療法人社団 蒼泉会 ひがし丘総合病院/04.分析/analysis_project/scripts/run_train.py # file_name: run_train.py # extension: .py # area: プロジェクト # project_name: 医療法人社団 蒼泉会 ひがし丘総合病院 # major_folder: 04.分析 from __future__ import annotations  import sys from pathlib import Path   def main() -> None:     manual_root = Path(__file__).resolve().parents[1]     if str(manual_root) not in sys.path:         sys.path.insert(0, str(manual_root))      from src.common import (         as_bool,         infer_dat","{""function_count"": 1, ""class_count"": 0, ""import_count"": 10}"
doc_b17db521c40e0cb9,プロジェクト/医療法人社団 蒼泉会 ひがし丘総合病院/04.分析/analysis_project/src/__init__.py,__init__.py,.py,プロジェクト,医療法人社団 蒼泉会 ひがし丘総合病院,04.分析,data/raw/share/share/共有ドライブ/プロジェクト/医療法人社団 蒼泉会 ひがし丘総合病院/04.分析/analysis_project/src/__init__.py,0,python_raw_text,utf-8-sig,,,196,7,6925a74415e0c039264227174d691787df84667b,# source_path: プロジェクト/医療法人社団 蒼泉会 ひがし丘総合病院/04.分析/analysis_project/src/__init__.py # file_name: __init__.py # extension: .py # area: プロジェクト # project_name: 医療法人社団 蒼泉会 ひがし丘総合病院 # major_folder: 04.分析 ,"{""function_count"": 0, ""class_count"": 0, ""import_count"": 0}"
doc_a92b3ee09d7cacc0,プロジェクト/医療法人社団 蒼泉会 ひがし丘総合病院/04.分析/analysis_project/src/common.py,common.py,.py,プロジェクト,医療法人社団 蒼泉会 ひがし丘総合病院,04.分析,data/raw/share/share/共有ドライブ/プロジェクト/医療法人社団 蒼泉会 ひがし丘総合病院/04.分析/analysis_project/src/common.py,3933,python_raw_text,utf-8-sig,,,3973,131,5902d57ae9ad913009fc286b473998bdc06c47ab,"# source_path: プロジェクト/医療法人社団 蒼泉会 ひがし丘総合病院/04.分析/analysis_project/src/common.py # file_name: common.py # extension: .py # area: プロジェクト # project_name: 医療法人社団 蒼泉会 ひがし丘総合病院 # major_folder: 04.分析 from __future__ import annotations  import json from pathlib import Path from typing import Any  import pandas as pd  ENCODINGS = (""utf-8-sig"", ""utf-8"", ""cp932"", ""shift_jis"", ""euc_jp"") TARGET_HINTS = (""target"", ""label"", ""y"", ""sales"", ""demand"", ""count"", ""revenue"", ""profit"", ""売上"", ""販売"", ""需要"", ""個数"") DATE_HINTS","{""function_count"": 12, ""class_count"": 0, ""import_count"": 5}"
doc_d7ed0f9605e4c4d0,プロジェクト/医療法人社団 蒼泉会 ひがし丘総合病院/04.分析/analysis_project/src/eda.py,eda.py,.py,プロジェクト,医療法人社団 蒼泉会 ひがし丘総合病院,04.分析,data/raw/share/share/共有ドライブ/プロジェクト/医療法人社団 蒼泉会 ひがし丘総合病院/04.分析/analysis_project/src/eda.py,695,python_raw_text,utf-8-sig,,,860,26,f2d43c9f1c296f3aaf2a10b70a554e66cb14bf75,"# source_path: プロジェクト/医療法人社団 蒼泉会 ひがし丘総合病院/04.分析/analysis_project/src/eda.py # file_name: eda.py # extension: .py # area: プロジェクト # project_name: 医療法人社団 蒼泉会 ひがし丘総合病院 # major_folder: 04.分析 from __future__ import annotations  from typing import Any  import pandas as pd   def summarize_dataframe(df: pd.DataFrame, target_col: str) -> dict[str, Any]:     # REGION: EDA_SUMMARY_RULES START     summary: dict[str, Any] = {         ""row_count"": int(df.shape[0]),         ""column_count"": int(df.shape[1]),    ","{""function_count"": 1, ""class_count"": 0, ""import_count"": 3}"
doc_50640f919a8a5d95,プロジェクト/医療法人社団 蒼泉会 ひがし丘総合病院/04.分析/analysis_project/src/evaluate.py,evaluate.py,.py,プロジェクト,医療法人社団 蒼泉会 ひがし丘総合病院,04.分析,data/raw/share/share/共有ドライブ/プロジェクト/医療法人社団 蒼泉会 ひがし丘総合病院/04.分析/analysis_project/src/evaluate.py,3358,python_raw_text,utf-8-sig,,,3454,105,e45aed954818d13b4c314181f077586f1ecd91cb,"# source_path: プロジェクト/医療法人社団 蒼泉会 ひがし丘総合病院/04.分析/analysis_project/src/evaluate.py # file_name: evaluate.py # extension: .py # area: プロジェクト # project_name: 医療法人社団 蒼泉会 ひがし丘総合病院 # major_folder: 04.分析 from __future__ import annotations  import math from typing import Any  import numpy as np import pandas as pd from sklearn.metrics import (     accuracy_score,     brier_score_loss,     f1_score,     mean_absolute_error,     mean_squared_error,     r2_score,     roc_auc_score, )   def build_metrics_bas","{""function_count"": 2, ""class_count"": 0, ""import_count"": 6}"
doc_c79f81515adf28ee,プロジェクト/医療法人社団 蒼泉会 ひがし丘総合病院/04.分析/analysis_project/src/features.py,features.py,.py,プロジェクト,医療法人社団 蒼泉会 ひがし丘総合病院,04.分析,data/raw/share/share/共有ドライブ/プロジェクト/医療法人社団 蒼泉会 ひがし丘総合病院/04.分析/analysis_project/src/features.py,5448,python_raw_text,utf-8-sig,,,5495,154,a0b55e8aefbe0a2e273fa7c31460bba809778e99,# source_path: プロジェクト/医療法人社団 蒼泉会 ひがし丘総合病院/04.分析/analysis_project/src/features.py # file_name: features.py # extension: .py # area: プロジェクト # project_name: 医療法人社団 蒼泉会 ひがし丘総合病院 # major_folder: 04.分析 from __future__ import annotations  import numpy as np import pandas as pd from sklearn.compose import ColumnTransformer from sklearn.impute import SimpleImputer from sklearn.pipeline import Pipeline from sklearn.preprocessing import OneHotEncoder  MAX_CATEGORICAL_UNIQUE = 50 IDENTIFIER_EXACT_NAMES = {',"{""function_count"": 6, ""class_count"": 0, ""import_count"": 7}"
doc_e46d76b77e4fd3ca,プロジェクト/医療法人社団 蒼泉会 ひがし丘総合病院/04.分析/analysis_project/src/infer.py,infer.py,.py,プロジェクト,医療法人社団 蒼泉会 ひがし丘総合病院,04.分析,data/raw/share/share/共有ドライブ/プロジェクト/医療法人社団 蒼泉会 ひがし丘総合病院/04.分析/analysis_project/src/infer.py,191,python_raw_text,utf-8-sig,,,372,14,54226c7a75edc9eb30d00c9494877681534f5b2c,"# source_path: プロジェクト/医療法人社団 蒼泉会 ひがし丘総合病院/04.分析/analysis_project/src/infer.py # file_name: infer.py # extension: .py # area: プロジェクト # project_name: 医療法人社団 蒼泉会 ひがし丘総合病院 # major_folder: 04.分析 from __future__ import annotations  import pandas as pd from sklearn.base import BaseEstimator   def run_inference(model: BaseEstimator, X: pd.DataFrame):     return model.predict(X)","{""function_count"": 1, ""class_count"": 0, ""import_count"": 3}"
doc_1e2db3541c1a0fc7,プロジェクト/医療法人社団 蒼泉会 ひがし丘総合病院/04.分析/analysis_project/src/modeling.py,modeling.py,.py,プロジェクト,医療法人社団 蒼泉会 ひがし丘総合病院,04.分析,data/raw/share/share/共有ドライブ/プロジェクト/医療法人社団 蒼泉会 ひがし丘総合病院/04.分析/analysis_project/src/modeling.py,3850,python_raw_text,utf-8-sig,,,3941,110,a39848b0e7e2730032b8463ff68857aa74ec462b,"# source_path: プロジェクト/医療法人社団 蒼泉会 ひがし丘総合病院/04.分析/analysis_project/src/modeling.py # file_name: modeling.py # extension: .py # area: プロジェクト # project_name: 医療法人社団 蒼泉会 ひがし丘総合病院 # major_folder: 04.分析 from __future__ import annotations  import pandas as pd from sklearn.ensemble import (     ExtraTreesClassifier,     ExtraTreesRegressor,     GradientBoostingClassifier,     GradientBoostingRegressor,     RandomForestClassifier,     RandomForestRegressor, ) from sklearn.linear_model import LogisticRegre","{""function_count"": 1, ""class_count"": 0, ""import_count"": 7}"
doc_e5b03481bf52b406,プロジェクト/医療法人社団 蒼泉会 ひがし丘総合病院/04.分析/analysis_project/src/preprocess.py,preprocess.py,.py,プロジェクト,医療法人社団 蒼泉会 ひがし丘総合病院,04.分析,data/raw/share/share/共有ドライブ/プロジェクト/医療法人社団 蒼泉会 ひがし丘総合病院/04.分析/analysis_project/src/preprocess.py,1060,python_raw_text,utf-8-sig,,,1229,36,c637afcdbb5cc39225a8ae63dea452a826eede47,"# source_path: プロジェクト/医療法人社団 蒼泉会 ひがし丘総合病院/04.分析/analysis_project/src/preprocess.py # file_name: preprocess.py # extension: .py # area: プロジェクト # project_name: 医療法人社団 蒼泉会 ひがし丘総合病院 # major_folder: 04.分析 from __future__ import annotations  import pandas as pd from sklearn.model_selection import train_test_split   def split_feature_target(df: pd.DataFrame, target_col: str) -> tuple[pd.DataFrame, pd.Series]:     if target_col not in df.columns:         raise KeyError(f""target column not found: {target","{""function_count"": 2, ""class_count"": 0, ""import_count"": 3}"
doc_526f2b9516c9e693,プロジェクト/株式会社東都人材プラットフォーム/04.分析/analysis_project/scripts/bootstrap_env.py,bootstrap_env.py,.py,プロジェクト,株式会社東都人材プラットフォーム,04.分析,data/raw/share/share/共有ドライブ/プロジェクト/株式会社東都人材プラットフォーム/04.分析/analysis_project/scripts/bootstrap_env.py,2017,python_raw_text,utf-8-sig,,,2158,68,cda21d20473a2c4aa04429d728987c889f062d01,"# source_path: プロジェクト/株式会社東都人材プラットフォーム/04.分析/analysis_project/scripts/bootstrap_env.py # file_name: bootstrap_env.py # extension: .py # area: プロジェクト # project_name: 株式会社東都人材プラットフォーム # major_folder: 04.分析 from __future__ import annotations  import argparse import shutil import subprocess import sys from pathlib import Path   def _venv_python(venv_dir: Path) -> Path:     if sys.platform.startswith(""win""):         return venv_dir / ""Scripts"" / ""python.exe""     return venv_dir / ""bin"" / ""python""   d","{""function_count"": 4, ""class_count"": 0, ""import_count"": 6}"
doc_f90e331bf1399a0f,プロジェクト/株式会社東都人材プラットフォーム/04.分析/analysis_project/scripts/run_train.py,run_train.py,.py,プロジェクト,株式会社東都人材プラットフォーム,04.分析,data/raw/share/share/共有ドライブ/プロジェクト/株式会社東都人材プラットフォーム/04.分析/analysis_project/scripts/run_train.py,29966,python_raw_text,utf-8-sig,,,29531,636,c6831d03161bf0e9456a2eb9044d14489d63eccb,"# source_path: プロジェクト/株式会社東都人材プラットフォーム/04.分析/analysis_project/scripts/run_train.py # file_name: run_train.py # extension: .py # area: プロジェクト # project_name: 株式会社東都人材プラットフォーム # major_folder: 04.分析 from __future__ import annotations  import sys from pathlib import Path  import numpy as np import pandas as pd from sklearn.metrics import f1_score   def _metric_value(task_type: str, metrics: dict) -> float:     if task_type == ""regression"":         return float(metrics.get(""rmse"", float(""inf"")))     ","{""function_count"": 8, ""class_count"": 0, ""import_count"": 14}"
doc_73a73b50bb51ec19,プロジェクト/株式会社東都人材プラットフォーム/04.分析/analysis_project/src/__init__.py,__init__.py,.py,プロジェクト,株式会社東都人材プラットフォーム,04.分析,data/raw/share/share/共有ドライブ/プロジェクト/株式会社東都人材プラットフォーム/04.分析/analysis_project/src/__init__.py,0,python_raw_text,utf-8-sig,,,190,7,201f9041b28f66b5bb6ed5f8f23f23eb3c3a989e,# source_path: プロジェクト/株式会社東都人材プラットフォーム/04.分析/analysis_project/src/__init__.py # file_name: __init__.py # extension: .py # area: プロジェクト # project_name: 株式会社東都人材プラットフォーム # major_folder: 04.分析 ,"{""function_count"": 0, ""class_count"": 0, ""import_count"": 0}"
doc_61d9a6f9c6c8645b,プロジェクト/株式会社東都人材プラットフォーム/04.分析/analysis_project/src/common.py,common.py,.py,プロジェクト,株式会社東都人材プラットフォーム,04.分析,data/raw/share/share/共有ドライブ/プロジェクト/株式会社東都人材プラットフォーム/04.分析/analysis_project/src/common.py,3933,python_raw_text,utf-8-sig,,,3967,131,d96fada6fa9adf72b117d8fec7a35c6d1247680d,"# source_path: プロジェクト/株式会社東都人材プラットフォーム/04.分析/analysis_project/src/common.py # file_name: common.py # extension: .py # area: プロジェクト # project_name: 株式会社東都人材プラットフォーム # major_folder: 04.分析 from __future__ import annotations  import json from pathlib import Path from typing import Any  import pandas as pd  ENCODINGS = (""utf-8-sig"", ""utf-8"", ""cp932"", ""shift_jis"", ""euc_jp"") TARGET_HINTS = (""target"", ""label"", ""y"", ""sales"", ""demand"", ""count"", ""revenue"", ""profit"", ""売上"", ""販売"", ""需要"", ""個数"") DATE_HINTS = (""d","{""function_count"": 12, ""class_count"": 0, ""import_count"": 5}"
doc_44caa7c083f975dd,プロジェクト/株式会社東都人材プラットフォーム/04.分析/analysis_project/src/eda.py,eda.py,.py,プロジェクト,株式会社東都人材プラットフォーム,04.分析,data/raw/share/share/共有ドライブ/プロジェクト/株式会社東都人材プラットフォーム/04.分析/analysis_project/src/eda.py,695,python_raw_text,utf-8-sig,,,854,26,353e3bd2db4782679dbaff48f95c3cb34e16c61b,"# source_path: プロジェクト/株式会社東都人材プラットフォーム/04.分析/analysis_project/src/eda.py # file_name: eda.py # extension: .py # area: プロジェクト # project_name: 株式会社東都人材プラットフォーム # major_folder: 04.分析 from __future__ import annotations  from typing import Any  import pandas as pd   def summarize_dataframe(df: pd.DataFrame, target_col: str) -> dict[str, Any]:     # REGION: EDA_SUMMARY_RULES START     summary: dict[str, Any] = {         ""row_count"": int(df.shape[0]),         ""column_count"": int(df.shape[1]),         ""","{""function_count"": 1, ""class_count"": 0, ""import_count"": 3}"
doc_3be8232a867332aa,プロジェクト/株式会社東都人材プラットフォーム/04.分析/analysis_project/src/evaluate.py,evaluate.py,.py,プロジェクト,株式会社東都人材プラットフォーム,04.分析,data/raw/share/share/共有ドライブ/プロジェクト/株式会社東都人材プラットフォーム/04.分析/analysis_project/src/evaluate.py,5116,python_raw_text,utf-8-sig,,,5174,137,70e93829a09a01569019c0a01dd95844360ff7bf,"# source_path: プロジェクト/株式会社東都人材プラットフォーム/04.分析/analysis_project/src/evaluate.py # file_name: evaluate.py # extension: .py # area: プロジェクト # project_name: 株式会社東都人材プラットフォーム # major_folder: 04.分析 from __future__ import annotations  import math from typing import Any  import numpy as np import pandas as pd from sklearn.metrics import (     accuracy_score,     brier_score_loss,     f1_score,     mean_absolute_error,     mean_squared_error,     r2_score,     roc_auc_score, )   def build_metrics_base(    ","{""function_count"": 2, ""class_count"": 0, ""import_count"": 6}"
doc_ab1cf8f76179470e,プロジェクト/株式会社東都人材プラットフォーム/04.分析/analysis_project/src/features.py,features.py,.py,プロジェクト,株式会社東都人材プラットフォーム,04.分析,data/raw/share/share/共有ドライブ/プロジェクト/株式会社東都人材プラットフォーム/04.分析/analysis_project/src/features.py,13135,python_raw_text,utf-8-sig,,,12981,343,f4e33de0091e346e395dd45e01a21c389885f964,"# source_path: プロジェクト/株式会社東都人材プラットフォーム/04.分析/analysis_project/src/features.py # file_name: features.py # extension: .py # area: プロジェクト # project_name: 株式会社東都人材プラットフォーム # major_folder: 04.分析 from __future__ import annotations  import numpy as np import pandas as pd from sklearn.compose import ColumnTransformer from sklearn.impute import SimpleImputer from sklearn.pipeline import Pipeline from sklearn.preprocessing import OneHotEncoder  MAX_CATEGORICAL_UNIQUE = 100 IDENTIFIER_EXACT_NAMES = {'id', ","{""function_count"": 11, ""class_count"": 0, ""import_count"": 7}"
doc_5ff338e75a702e35,プロジェクト/株式会社東都人材プラットフォーム/04.分析/analysis_project/src/infer.py,infer.py,.py,プロジェクト,株式会社東都人材プラットフォーム,04.分析,data/raw/share/share/共有ドライブ/プロジェクト/株式会社東都人材プラットフォーム/04.分析/analysis_project/src/infer.py,191,python_raw_text,utf-8-sig,,,366,14,6a173e8aaf4d91565334ce24e6723e55127b1c98,"# source_path: プロジェクト/株式会社東都人材プラットフォーム/04.分析/analysis_project/src/infer.py # file_name: infer.py # extension: .py # area: プロジェクト # project_name: 株式会社東都人材プラットフォーム # major_folder: 04.分析 from __future__ import annotations  import pandas as pd from sklearn.base import BaseEstimator   def run_inference(model: BaseEstimator, X: pd.DataFrame):     return model.predict(X)","{""function_count"": 1, ""class_count"": 0, ""import_count"": 3}"
doc_1ea2a54683bef8f1,プロジェクト/株式会社東都人材プラットフォーム/04.分析/analysis_project/src/modeling.py,modeling.py,.py,プロジェクト,株式会社東都人材プラットフォーム,04.分析,data/raw/share/share/共有ドライブ/プロジェクト/株式会社東都人材プラットフォーム/04.分析/analysis_project/src/modeling.py,5027,python_raw_text,utf-8-sig,,,5091,131,78c4fb51e924109c16a39f6cbd3ae75f549c49e0,"# source_path: プロジェクト/株式会社東都人材プラットフォーム/04.分析/analysis_project/src/modeling.py # file_name: modeling.py # extension: .py # area: プロジェクト # project_name: 株式会社東都人材プラットフォーム # major_folder: 04.分析 from __future__ import annotations  import pandas as pd from sklearn.ensemble import (     ExtraTreesClassifier,     ExtraTreesRegressor,     GradientBoostingClassifier,     GradientBoostingRegressor,     HistGradientBoostingClassifier,     HistGradientBoostingRegressor,     RandomForestClassifier,     Random","{""function_count"": 1, ""class_count"": 0, ""import_count"": 7}"
doc_9d2929f817eac1f6,プロジェクト/株式会社東都人材プラットフォーム/04.分析/analysis_project/src/preprocess.py,preprocess.py,.py,プロジェクト,株式会社東都人材プラットフォーム,04.分析,data/raw/share/share/共有ドライブ/プロジェクト/株式会社東都人材プラットフォーム/04.分析/analysis_project/src/preprocess.py,4002,python_raw_text,utf-8-sig,,,4088,113,4831cb46a3525151b1c2480a79fcee3638d1c376,"# source_path: プロジェクト/株式会社東都人材プラットフォーム/04.分析/analysis_project/src/preprocess.py # file_name: preprocess.py # extension: .py # area: プロジェクト # project_name: 株式会社東都人材プラットフォーム # major_folder: 04.分析 from __future__ import annotations  import pandas as pd from sklearn.model_selection import train_test_split   def split_feature_target(df: pd.DataFrame, target_col: str) -> tuple[pd.DataFrame, pd.Series]:     if target_col not in df.columns:         raise KeyError(f""target column not found: {target_col}""","{""function_count"": 3, ""class_count"": 0, ""import_count"": 3}"
doc_2b4c1246ed78e8bb,プロジェクト/株式会社青嶺不動産アセットマネジメント/04.分析/analysis_project/scripts/bootstrap_env.py,bootstrap_env.py,.py,プロジェクト,株式会社青嶺不動産アセットマネジメント,04.分析,data/raw/share/share/共有ドライブ/プロジェクト/株式会社青嶺不動産アセットマネジメント/04.分析/analysis_project/scripts/bootstrap_env.py,2017,python_raw_text,utf-8-sig,,,2164,68,404d0ede86d76d41c4eb4a6dca4204d12f3cb8e1,"# source_path: プロジェクト/株式会社青嶺不動産アセットマネジメント/04.分析/analysis_project/scripts/bootstrap_env.py # file_name: bootstrap_env.py # extension: .py # area: プロジェクト # project_name: 株式会社青嶺不動産アセットマネジメント # major_folder: 04.分析 from __future__ import annotations  import argparse import shutil import subprocess import sys from pathlib import Path   def _venv_python(venv_dir: Path) -> Path:     if sys.platform.startswith(""win""):         return venv_dir / ""Scripts"" / ""python.exe""     return venv_dir / ""bin"" / ""pytho","{""function_count"": 4, ""class_count"": 0, ""import_count"": 6}"
doc_fc494cad6b99891d,プロジェクト/株式会社青嶺不動産アセットマネジメント/04.分析/analysis_project/scripts/run_train.py,run_train.py,.py,プロジェクト,株式会社青嶺不動産アセットマネジメント,04.分析,data/raw/share/share/共有ドライブ/プロジェクト/株式会社青嶺不動産アセットマネジメント/04.分析/analysis_project/scripts/run_train.py,29966,python_raw_text,utf-8-sig,,,29537,636,3612b999db4784ca5671989bc4abf139b47111dc,"# source_path: プロジェクト/株式会社青嶺不動産アセットマネジメント/04.分析/analysis_project/scripts/run_train.py # file_name: run_train.py # extension: .py # area: プロジェクト # project_name: 株式会社青嶺不動産アセットマネジメント # major_folder: 04.分析 from __future__ import annotations  import sys from pathlib import Path  import numpy as np import pandas as pd from sklearn.metrics import f1_score   def _metric_value(task_type: str, metrics: dict) -> float:     if task_type == ""regression"":         return float(metrics.get(""rmse"", float(""inf""))","{""function_count"": 8, ""class_count"": 0, ""import_count"": 14}"
doc_d7843cfda4331e6a,プロジェクト/株式会社青嶺不動産アセットマネジメント/04.分析/analysis_project/src/__init__.py,__init__.py,.py,プロジェクト,株式会社青嶺不動産アセットマネジメント,04.分析,data/raw/share/share/共有ドライブ/プロジェクト/株式会社青嶺不動産アセットマネジメント/04.分析/analysis_project/src/__init__.py,0,python_raw_text,utf-8-sig,,,196,7,5eea958e8bc3afc68f5fb55973c5f8a66605728c,# source_path: プロジェクト/株式会社青嶺不動産アセットマネジメント/04.分析/analysis_project/src/__init__.py # file_name: __init__.py # extension: .py # area: プロジェクト # project_name: 株式会社青嶺不動産アセットマネジメント # major_folder: 04.分析 ,"{""function_count"": 0, ""class_count"": 0, ""import_count"": 0}"
doc_8eeb604150f5af45,プロジェクト/株式会社青嶺不動産アセットマネジメント/04.分析/analysis_project/src/common.py,common.py,.py,プロジェクト,株式会社青嶺不動産アセットマネジメント,04.分析,data/raw/share/share/共有ドライブ/プロジェクト/株式会社青嶺不動産アセットマネジメント/04.分析/analysis_project/src/common.py,3933,python_raw_text,utf-8-sig,,,3973,131,c9dac0f900a29a5af44f742e6b4dd0c08ba84a88,"# source_path: プロジェクト/株式会社青嶺不動産アセットマネジメント/04.分析/analysis_project/src/common.py # file_name: common.py # extension: .py # area: プロジェクト # project_name: 株式会社青嶺不動産アセットマネジメント # major_folder: 04.分析 from __future__ import annotations  import json from pathlib import Path from typing import Any  import pandas as pd  ENCODINGS = (""utf-8-sig"", ""utf-8"", ""cp932"", ""shift_jis"", ""euc_jp"") TARGET_HINTS = (""target"", ""label"", ""y"", ""sales"", ""demand"", ""count"", ""revenue"", ""profit"", ""売上"", ""販売"", ""需要"", ""個数"") DATE_HINTS","{""function_count"": 12, ""class_count"": 0, ""import_count"": 5}"
doc_cc15b493d8251ff9,プロジェクト/株式会社青嶺不動産アセットマネジメント/04.分析/analysis_project/src/eda.py,eda.py,.py,プロジェクト,株式会社青嶺不動産アセットマネジメント,04.分析,data/raw/share/share/共有ドライブ/プロジェクト/株式会社青嶺不動産アセットマネジメント/04.分析/analysis_project/src/eda.py,695,python_raw_text,utf-8-sig,,,860,26,6e4d05abcb0791c130c14d54ae7ee4affa92c54f,"# source_path: プロジェクト/株式会社青嶺不動産アセットマネジメント/04.分析/analysis_project/src/eda.py # file_name: eda.py # extension: .py # area: プロジェクト # project_name: 株式会社青嶺不動産アセットマネジメント # major_folder: 04.分析 from __future__ import annotations  from typing import Any  import pandas as pd   def summarize_dataframe(df: pd.DataFrame, target_col: str) -> dict[str, Any]:     # REGION: EDA_SUMMARY_RULES START     summary: dict[str, Any] = {         ""row_count"": int(df.shape[0]),         ""column_count"": int(df.shape[1]),    ","{""function_count"": 1, ""class_count"": 0, ""import_count"": 3}"
doc_88188138ccc291b4,プロジェクト/株式会社青嶺不動産アセットマネジメント/04.分析/analysis_project/src/evaluate.py,evaluate.py,.py,プロジェクト,株式会社青嶺不動産アセットマネジメント,04.分析,data/raw/share/share/共有ドライブ/プロジェクト/株式会社青嶺不動産アセットマネジメント/04.分析/analysis_project/src/evaluate.py,5116,python_raw_text,utf-8-sig,,,5180,137,d361f6de9a7bb7532624bac29db1276ad3061128,"# source_path: プロジェクト/株式会社青嶺不動産アセットマネジメント/04.分析/analysis_project/src/evaluate.py # file_name: evaluate.py # extension: .py # area: プロジェクト # project_name: 株式会社青嶺不動産アセットマネジメント # major_folder: 04.分析 from __future__ import annotations  import math from typing import Any  import numpy as np import pandas as pd from sklearn.metrics import (     accuracy_score,     brier_score_loss,     f1_score,     mean_absolute_error,     mean_squared_error,     r2_score,     roc_auc_score, )   def build_metrics_bas","{""function_count"": 2, ""class_count"": 0, ""import_count"": 6}"
doc_0f57c5fbd2e6af70,プロジェクト/株式会社青嶺不動産アセットマネジメント/04.分析/analysis_project/src/features.py,features.py,.py,プロジェクト,株式会社青嶺不動産アセットマネジメント,04.分析,data/raw/share/share/共有ドライブ/プロジェクト/株式会社青嶺不動産アセットマネジメント/04.分析/analysis_project/src/features.py,13135,python_raw_text,utf-8-sig,,,12987,343,45a1651a572e3b5a86772babada698364d01293a,# source_path: プロジェクト/株式会社青嶺不動産アセットマネジメント/04.分析/analysis_project/src/features.py # file_name: features.py # extension: .py # area: プロジェクト # project_name: 株式会社青嶺不動産アセットマネジメント # major_folder: 04.分析 from __future__ import annotations  import numpy as np import pandas as pd from sklearn.compose import ColumnTransformer from sklearn.impute import SimpleImputer from sklearn.pipeline import Pipeline from sklearn.preprocessing import OneHotEncoder  MAX_CATEGORICAL_UNIQUE = 100 IDENTIFIER_EXACT_NAMES = {,"{""function_count"": 11, ""class_count"": 0, ""import_count"": 7}"
doc_1e1dd7f63af89dc1,プロジェクト/株式会社青嶺不動産アセットマネジメント/04.分析/analysis_project/src/infer.py,infer.py,.py,プロジェクト,株式会社青嶺不動産アセットマネジメント,04.分析,data/raw/share/share/共有ドライブ/プロジェクト/株式会社青嶺不動産アセットマネジメント/04.分析/analysis_project/src/infer.py,191,python_raw_text,utf-8-sig,,,372,14,f2554d974150f2588da356cd8822259951112c35,"# source_path: プロジェクト/株式会社青嶺不動産アセットマネジメント/04.分析/analysis_project/src/infer.py # file_name: infer.py # extension: .py # area: プロジェクト # project_name: 株式会社青嶺不動産アセットマネジメント # major_folder: 04.分析 from __future__ import annotations  import pandas as pd from sklearn.base import BaseEstimator   def run_inference(model: BaseEstimator, X: pd.DataFrame):     return model.predict(X)","{""function_count"": 1, ""class_count"": 0, ""import_count"": 3}"
doc_d767f6662cee7116,プロジェクト/株式会社青嶺不動産アセットマネジメント/04.分析/analysis_project/src/modeling.py,modeling.py,.py,プロジェクト,株式会社青嶺不動産アセットマネジメント,04.分析,data/raw/share/share/共有ドライブ/プロジェクト/株式会社青嶺不動産アセットマネジメント/04.分析/analysis_project/src/modeling.py,5027,python_raw_text,utf-8-sig,,,5097,131,5cb48384a755c6769f75385bd70e9cbc90e962c4,"# source_path: プロジェクト/株式会社青嶺不動産アセットマネジメント/04.分析/analysis_project/src/modeling.py # file_name: modeling.py # extension: .py # area: プロジェクト # project_name: 株式会社青嶺不動産アセットマネジメント # major_folder: 04.分析 from __future__ import annotations  import pandas as pd from sklearn.ensemble import (     ExtraTreesClassifier,     ExtraTreesRegressor,     GradientBoostingClassifier,     GradientBoostingRegressor,     HistGradientBoostingClassifier,     HistGradientBoostingRegressor,     RandomForestClassifier,     ","{""function_count"": 1, ""class_count"": 0, ""import_count"": 7}"
doc_8bb4390c93da7553,プロジェクト/株式会社青嶺不動産アセットマネジメント/04.分析/analysis_project/src/preprocess.py,preprocess.py,.py,プロジェクト,株式会社青嶺不動産アセットマネジメント,04.分析,data/raw/share/share/共有ドライブ/プロジェクト/株式会社青嶺不動産アセットマネジメント/04.分析/analysis_project/src/preprocess.py,4002,python_raw_text,utf-8-sig,,,4094,113,f39f07b6058e2ced1ff56e22c9a6cfc8ecb73813,"# source_path: プロジェクト/株式会社青嶺不動産アセットマネジメント/04.分析/analysis_project/src/preprocess.py # file_name: preprocess.py # extension: .py # area: プロジェクト # project_name: 株式会社青嶺不動産アセットマネジメント # major_folder: 04.分析 from __future__ import annotations  import pandas as pd from sklearn.model_selection import train_test_split   def split_feature_target(df: pd.DataFrame, target_col: str) -> tuple[pd.DataFrame, pd.Series]:     if target_col not in df.columns:         raise KeyError(f""target column not found: {target","{""function_count"": 3, ""class_count"": 0, ""import_count"": 3}"
doc_869528c011366966,プロジェクト/株式会社青潮モビリティサービス/04.分析/analysis_project/scripts/bootstrap_env.py,bootstrap_env.py,.py,プロジェクト,株式会社青潮モビリティサービス,04.分析,data/raw/share/share/共有ドライブ/プロジェクト/株式会社青潮モビリティサービス/04.分析/analysis_project/scripts/bootstrap_env.py,2017,python_raw_text,utf-8-sig,,,2156,68,4f5dee0e606bc8d02f9afeee22ca0ff63899903d,"# source_path: プロジェクト/株式会社青潮モビリティサービス/04.分析/analysis_project/scripts/bootstrap_env.py # file_name: bootstrap_env.py # extension: .py # area: プロジェクト # project_name: 株式会社青潮モビリティサービス # major_folder: 04.分析 from __future__ import annotations  import argparse import shutil import subprocess import sys from pathlib import Path   def _venv_python(venv_dir: Path) -> Path:     if sys.platform.startswith(""win""):         return venv_dir / ""Scripts"" / ""python.exe""     return venv_dir / ""bin"" / ""python""   def","{""function_count"": 4, ""class_count"": 0, ""import_count"": 6}"
doc_81b5cef8ad5b6965,プロジェクト/株式会社青潮モビリティサービス/04.分析/analysis_project/scripts/run_train.py,run_train.py,.py,プロジェクト,株式会社青潮モビリティサービス,04.分析,data/raw/share/share/共有ドライブ/プロジェクト/株式会社青潮モビリティサービス/04.分析/analysis_project/scripts/run_train.py,15534,python_raw_text,utf-8-sig,,,15388,345,da1b03ae82d6c160dbcc609280a398ce83d8c813,"# source_path: プロジェクト/株式会社青潮モビリティサービス/04.分析/analysis_project/scripts/run_train.py # file_name: run_train.py # extension: .py # area: プロジェクト # project_name: 株式会社青潮モビリティサービス # major_folder: 04.分析 from __future__ import annotations  import sys from pathlib import Path  import numpy as np import pandas as pd   def _metric_value(task_type: str, metrics: dict) -> float:     if task_type == ""regression"":         return float(metrics.get(""rmse"", float(""inf"")))     primary = metrics.get(""f1_macro"")     i","{""function_count"": 3, ""class_count"": 0, ""import_count"": 12}"
doc_3b32bd2f7b2735e9,プロジェクト/株式会社青潮モビリティサービス/04.分析/analysis_project/src/__init__.py,__init__.py,.py,プロジェクト,株式会社青潮モビリティサービス,04.分析,data/raw/share/share/共有ドライブ/プロジェクト/株式会社青潮モビリティサービス/04.分析/analysis_project/src/__init__.py,0,python_raw_text,utf-8-sig,,,188,7,2c75a0208efdd2bf78cc11e86517b1fb7ee2fd32,# source_path: プロジェクト/株式会社青潮モビリティサービス/04.分析/analysis_project/src/__init__.py # file_name: __init__.py # extension: .py # area: プロジェクト # project_name: 株式会社青潮モビリティサービス # major_folder: 04.分析 ,"{""function_count"": 0, ""class_count"": 0, ""import_count"": 0}"
doc_0ae9e1534cae15c8,プロジェクト/株式会社青潮モビリティサービス/04.分析/analysis_project/src/common.py,common.py,.py,プロジェクト,株式会社青潮モビリティサービス,04.分析,data/raw/share/share/共有ドライブ/プロジェクト/株式会社青潮モビリティサービス/04.分析/analysis_project/src/common.py,3933,python_raw_text,utf-8-sig,,,3965,131,602d63a9dd543e35021d72cb1bdd386e11756ca2,"# source_path: プロジェクト/株式会社青潮モビリティサービス/04.分析/analysis_project/src/common.py # file_name: common.py # extension: .py # area: プロジェクト # project_name: 株式会社青潮モビリティサービス # major_folder: 04.分析 from __future__ import annotations  import json from pathlib import Path from typing import Any  import pandas as pd  ENCODINGS = (""utf-8-sig"", ""utf-8"", ""cp932"", ""shift_jis"", ""euc_jp"") TARGET_HINTS = (""target"", ""label"", ""y"", ""sales"", ""demand"", ""count"", ""revenue"", ""profit"", ""売上"", ""販売"", ""需要"", ""個数"") DATE_HINTS = (""dat","{""function_count"": 12, ""class_count"": 0, ""import_count"": 5}"
doc_31e66b258c516f32,プロジェクト/株式会社青潮モビリティサービス/04.分析/analysis_project/src/eda.py,eda.py,.py,プロジェクト,株式会社青潮モビリティサービス,04.分析,data/raw/share/share/共有ドライブ/プロジェクト/株式会社青潮モビリティサービス/04.分析/analysis_project/src/eda.py,695,python_raw_text,utf-8-sig,,,852,26,e347f001b4237496147a2a05c39d0abe5c1a18c0,"# source_path: プロジェクト/株式会社青潮モビリティサービス/04.分析/analysis_project/src/eda.py # file_name: eda.py # extension: .py # area: プロジェクト # project_name: 株式会社青潮モビリティサービス # major_folder: 04.分析 from __future__ import annotations  from typing import Any  import pandas as pd   def summarize_dataframe(df: pd.DataFrame, target_col: str) -> dict[str, Any]:     # REGION: EDA_SUMMARY_RULES START     summary: dict[str, Any] = {         ""row_count"": int(df.shape[0]),         ""column_count"": int(df.shape[1]),         ""ta","{""function_count"": 1, ""class_count"": 0, ""import_count"": 3}"
doc_029e628a13ac2b17,プロジェクト/株式会社青潮モビリティサービス/04.分析/analysis_project/src/evaluate.py,evaluate.py,.py,プロジェクト,株式会社青潮モビリティサービス,04.分析,data/raw/share/share/共有ドライブ/プロジェクト/株式会社青潮モビリティサービス/04.分析/analysis_project/src/evaluate.py,4006,python_raw_text,utf-8-sig,,,4080,119,d2b25c6c43513b4b91819a24253527c1c08e8954,"# source_path: プロジェクト/株式会社青潮モビリティサービス/04.分析/analysis_project/src/evaluate.py # file_name: evaluate.py # extension: .py # area: プロジェクト # project_name: 株式会社青潮モビリティサービス # major_folder: 04.分析 from __future__ import annotations  import math from typing import Any  import numpy as np import pandas as pd from sklearn.metrics import (     accuracy_score,     brier_score_loss,     f1_score,     mean_absolute_error,     mean_squared_error,     r2_score,     roc_auc_score, )   def build_metrics_base(     *","{""function_count"": 2, ""class_count"": 0, ""import_count"": 6}"
doc_b967690960f21267,プロジェクト/株式会社青潮モビリティサービス/04.分析/analysis_project/src/features.py,features.py,.py,プロジェクト,株式会社青潮モビリティサービス,04.分析,data/raw/share/share/共有ドライブ/プロジェクト/株式会社青潮モビリティサービス/04.分析/analysis_project/src/features.py,6439,python_raw_text,utf-8-sig,,,6448,184,0276869b7d1945ecfc050bc4fea27402c358d59e,"# source_path: プロジェクト/株式会社青潮モビリティサービス/04.分析/analysis_project/src/features.py # file_name: features.py # extension: .py # area: プロジェクト # project_name: 株式会社青潮モビリティサービス # major_folder: 04.分析 from __future__ import annotations  import numpy as np import pandas as pd from sklearn.compose import ColumnTransformer from sklearn.impute import SimpleImputer from sklearn.pipeline import Pipeline from sklearn.preprocessing import OneHotEncoder  MAX_CATEGORICAL_UNIQUE = 50 IDENTIFIER_EXACT_NAMES = {'uuid', '","{""function_count"": 7, ""class_count"": 0, ""import_count"": 7}"
doc_74ae470c6a26aaaf,プロジェクト/株式会社青潮モビリティサービス/04.分析/analysis_project/src/infer.py,infer.py,.py,プロジェクト,株式会社青潮モビリティサービス,04.分析,data/raw/share/share/共有ドライブ/プロジェクト/株式会社青潮モビリティサービス/04.分析/analysis_project/src/infer.py,191,python_raw_text,utf-8-sig,,,364,14,a4be276aad0348a17ebd7613ac78ed9ad86ef004,"# source_path: プロジェクト/株式会社青潮モビリティサービス/04.分析/analysis_project/src/infer.py # file_name: infer.py # extension: .py # area: プロジェクト # project_name: 株式会社青潮モビリティサービス # major_folder: 04.分析 from __future__ import annotations  import pandas as pd from sklearn.base import BaseEstimator   def run_inference(model: BaseEstimator, X: pd.DataFrame):     return model.predict(X)","{""function_count"": 1, ""class_count"": 0, ""import_count"": 3}"
doc_dc5b0dfe2ee237be,プロジェクト/株式会社青潮モビリティサービス/04.分析/analysis_project/src/modeling.py,modeling.py,.py,プロジェクト,株式会社青潮モビリティサービス,04.分析,data/raw/share/share/共有ドライブ/プロジェクト/株式会社青潮モビリティサービス/04.分析/analysis_project/src/modeling.py,4673,python_raw_text,utf-8-sig,,,4740,126,9e9ea5e2a6fe068bc929a1dc6a72a9b02562ac62,"# source_path: プロジェクト/株式会社青潮モビリティサービス/04.分析/analysis_project/src/modeling.py # file_name: modeling.py # extension: .py # area: プロジェクト # project_name: 株式会社青潮モビリティサービス # major_folder: 04.分析 from __future__ import annotations  import pandas as pd from sklearn.ensemble import (     ExtraTreesClassifier,     ExtraTreesRegressor,     GradientBoostingClassifier,     GradientBoostingRegressor,     HistGradientBoostingClassifier,     HistGradientBoostingRegressor,     RandomForestClassifier,     RandomFo","{""function_count"": 1, ""class_count"": 0, ""import_count"": 7}"
doc_f062d221f6ec0542,プロジェクト/株式会社青潮モビリティサービス/04.分析/analysis_project/src/preprocess.py,preprocess.py,.py,プロジェクト,株式会社青潮モビリティサービス,04.分析,data/raw/share/share/共有ドライブ/プロジェクト/株式会社青潮モビリティサービス/04.分析/analysis_project/src/preprocess.py,4002,python_raw_text,utf-8-sig,,,4086,113,27aa700aea70d33d25e15a4a5cd6d9ea462b7f7e,"# source_path: プロジェクト/株式会社青潮モビリティサービス/04.分析/analysis_project/src/preprocess.py # file_name: preprocess.py # extension: .py # area: プロジェクト # project_name: 株式会社青潮モビリティサービス # major_folder: 04.分析 from __future__ import annotations  import pandas as pd from sklearn.model_selection import train_test_split   def split_feature_target(df: pd.DataFrame, target_col: str) -> tuple[pd.DataFrame, pd.Series]:     if target_col not in df.columns:         raise KeyError(f""target column not found: {target_col}"") ","{""function_count"": 3, ""class_count"": 0, ""import_count"": 3}"
doc_caa5129958548959,プロジェクト/株式会社青葉バイオメディカル機器/04.分析/analysis_project/scripts/bootstrap_env.py,bootstrap_env.py,.py,プロジェクト,株式会社青葉バイオメディカル機器,04.分析,data/raw/share/share/共有ドライブ/プロジェクト/株式会社青葉バイオメディカル機器/04.分析/analysis_project/scripts/bootstrap_env.py,2017,python_raw_text,utf-8-sig,,,2158,68,24ea060aaf3d0ba1c41cdf1679aa0cfa2b72c56b,"# source_path: プロジェクト/株式会社青葉バイオメディカル機器/04.分析/analysis_project/scripts/bootstrap_env.py # file_name: bootstrap_env.py # extension: .py # area: プロジェクト # project_name: 株式会社青葉バイオメディカル機器 # major_folder: 04.分析 from __future__ import annotations  import argparse import shutil import subprocess import sys from pathlib import Path   def _venv_python(venv_dir: Path) -> Path:     if sys.platform.startswith(""win""):         return venv_dir / ""Scripts"" / ""python.exe""     return venv_dir / ""bin"" / ""python""   d","{""function_count"": 4, ""class_count"": 0, ""import_count"": 6}"
doc_281f4f8dee33851a,プロジェクト/株式会社青葉バイオメディカル機器/04.分析/analysis_project/scripts/run_train.py,run_train.py,.py,プロジェクト,株式会社青葉バイオメディカル機器,04.分析,data/raw/share/share/共有ドライブ/プロジェクト/株式会社青葉バイオメディカル機器/04.分析/analysis_project/scripts/run_train.py,30448,python_raw_text,utf-8-sig,,,30006,643,e434d6a930f5fa42462286bbcd1bc338e35ed55b,"# source_path: プロジェクト/株式会社青葉バイオメディカル機器/04.分析/analysis_project/scripts/run_train.py # file_name: run_train.py # extension: .py # area: プロジェクト # project_name: 株式会社青葉バイオメディカル機器 # major_folder: 04.分析 from __future__ import annotations  import sys from pathlib import Path  import numpy as np import pandas as pd from sklearn.metrics import f1_score   def _metric_value(task_type: str, metrics: dict) -> float:     if task_type == ""regression"":         return float(metrics.get(""rmse"", float(""inf"")))     ","{""function_count"": 8, ""class_count"": 0, ""import_count"": 14}"
doc_788e87f228ce56f5,プロジェクト/株式会社青葉バイオメディカル機器/04.分析/analysis_project/src/__init__.py,__init__.py,.py,プロジェクト,株式会社青葉バイオメディカル機器,04.分析,data/raw/share/share/共有ドライブ/プロジェクト/株式会社青葉バイオメディカル機器/04.分析/analysis_project/src/__init__.py,0,python_raw_text,utf-8-sig,,,190,7,2e95873379c5864b7775696c79e1e88aeafdf17f,# source_path: プロジェクト/株式会社青葉バイオメディカル機器/04.分析/analysis_project/src/__init__.py # file_name: __init__.py # extension: .py # area: プロジェクト # project_name: 株式会社青葉バイオメディカル機器 # major_folder: 04.分析 ,"{""function_count"": 0, ""class_count"": 0, ""import_count"": 0}"
doc_16621eff4a643323,プロジェクト/株式会社青葉バイオメディカル機器/04.分析/analysis_project/src/common.py,common.py,.py,プロジェクト,株式会社青葉バイオメディカル機器,04.分析,data/raw/share/share/共有ドライブ/プロジェクト/株式会社青葉バイオメディカル機器/04.分析/analysis_project/src/common.py,5168,python_raw_text,utf-8-sig,,,5168,165,2e41f9be012968b0af7341a107781925d5db18d0,"# source_path: プロジェクト/株式会社青葉バイオメディカル機器/04.分析/analysis_project/src/common.py # file_name: common.py # extension: .py # area: プロジェクト # project_name: 株式会社青葉バイオメディカル機器 # major_folder: 04.分析 from __future__ import annotations  import datetime as dt import json import re from pathlib import Path from typing import Any  import pandas as pd  ENCODINGS = (""utf-8-sig"", ""utf-8"", ""cp932"", ""shift_jis"", ""euc_jp"") TARGET_HINTS = (""target"", ""label"", ""y"", ""sales"", ""demand"", ""count"", ""revenue"", ""profit"", ""売上"", ""販","{""function_count"": 14, ""class_count"": 0, ""import_count"": 7}"
doc_bcfb1e9c46939b11,プロジェクト/株式会社青葉バイオメディカル機器/04.分析/analysis_project/src/eda.py,eda.py,.py,プロジェクト,株式会社青葉バイオメディカル機器,04.分析,data/raw/share/share/共有ドライブ/プロジェクト/株式会社青葉バイオメディカル機器/04.分析/analysis_project/src/eda.py,695,python_raw_text,utf-8-sig,,,854,26,fb0ee44e660b2f4cb1165d625a20d5b96ef0efef,"# source_path: プロジェクト/株式会社青葉バイオメディカル機器/04.分析/analysis_project/src/eda.py # file_name: eda.py # extension: .py # area: プロジェクト # project_name: 株式会社青葉バイオメディカル機器 # major_folder: 04.分析 from __future__ import annotations  from typing import Any  import pandas as pd   def summarize_dataframe(df: pd.DataFrame, target_col: str) -> dict[str, Any]:     # REGION: EDA_SUMMARY_RULES START     summary: dict[str, Any] = {         ""row_count"": int(df.shape[0]),         ""column_count"": int(df.shape[1]),         ""","{""function_count"": 1, ""class_count"": 0, ""import_count"": 3}"
doc_a0fd6f5f05b5dd58,プロジェクト/株式会社青葉バイオメディカル機器/04.分析/analysis_project/src/evaluate.py,evaluate.py,.py,プロジェクト,株式会社青葉バイオメディカル機器,04.分析,data/raw/share/share/共有ドライブ/プロジェクト/株式会社青葉バイオメディカル機器/04.分析/analysis_project/src/evaluate.py,5216,python_raw_text,utf-8-sig,,,5272,139,7cc62e8e76e9f4522f99907a13a8b4817cab7cb1,"# source_path: プロジェクト/株式会社青葉バイオメディカル機器/04.分析/analysis_project/src/evaluate.py # file_name: evaluate.py # extension: .py # area: プロジェクト # project_name: 株式会社青葉バイオメディカル機器 # major_folder: 04.分析 from __future__ import annotations  import math from typing import Any  import numpy as np import pandas as pd from sklearn.metrics import (     accuracy_score,     brier_score_loss,     f1_score,     mean_absolute_error,     mean_squared_error,     r2_score,     roc_auc_score, )   def build_metrics_base(    ","{""function_count"": 2, ""class_count"": 0, ""import_count"": 6}"
doc_24f68be614ae06ba,プロジェクト/株式会社青葉バイオメディカル機器/04.分析/analysis_project/src/features.py,features.py,.py,プロジェクト,株式会社青葉バイオメディカル機器,04.分析,data/raw/share/share/共有ドライブ/プロジェクト/株式会社青葉バイオメディカル機器/04.分析/analysis_project/src/features.py,13359,python_raw_text,utf-8-sig,,,13198,350,c4d6e77a91471ff5b43e82a7280e3904bbee02cb,"# source_path: プロジェクト/株式会社青葉バイオメディカル機器/04.分析/analysis_project/src/features.py # file_name: features.py # extension: .py # area: プロジェクト # project_name: 株式会社青葉バイオメディカル機器 # major_folder: 04.分析 from __future__ import annotations  import numpy as np import pandas as pd from sklearn.compose import ColumnTransformer from sklearn.impute import SimpleImputer from sklearn.pipeline import Pipeline from sklearn.preprocessing import OneHotEncoder, StandardScaler  MAX_CATEGORICAL_UNIQUE = 100 IDENTIFIER_EXACT","{""function_count"": 11, ""class_count"": 0, ""import_count"": 7}"
doc_348302a1db1c6752,プロジェクト/株式会社青葉バイオメディカル機器/04.分析/analysis_project/src/infer.py,infer.py,.py,プロジェクト,株式会社青葉バイオメディカル機器,04.分析,data/raw/share/share/共有ドライブ/プロジェクト/株式会社青葉バイオメディカル機器/04.分析/analysis_project/src/infer.py,191,python_raw_text,utf-8-sig,,,366,14,91ee49c34d10b4af8dd1b5f77a8d271870b2b40f,"# source_path: プロジェクト/株式会社青葉バイオメディカル機器/04.分析/analysis_project/src/infer.py # file_name: infer.py # extension: .py # area: プロジェクト # project_name: 株式会社青葉バイオメディカル機器 # major_folder: 04.分析 from __future__ import annotations  import pandas as pd from sklearn.base import BaseEstimator   def run_inference(model: BaseEstimator, X: pd.DataFrame):     return model.predict(X)","{""function_count"": 1, ""class_count"": 0, ""import_count"": 3}"
doc_6d0a991eb76eb5b8,プロジェクト/株式会社青葉バイオメディカル機器/04.分析/analysis_project/src/modeling.py,modeling.py,.py,プロジェクト,株式会社青葉バイオメディカル機器,04.分析,data/raw/share/share/共有ドライブ/プロジェクト/株式会社青葉バイオメディカル機器/04.分析/analysis_project/src/modeling.py,6041,python_raw_text,utf-8-sig,,,6084,152,f189528978bdfc6b8f9fbf9b8d5a6aa169170224,"# source_path: プロジェクト/株式会社青葉バイオメディカル機器/04.分析/analysis_project/src/modeling.py # file_name: modeling.py # extension: .py # area: プロジェクト # project_name: 株式会社青葉バイオメディカル機器 # major_folder: 04.分析 from __future__ import annotations  import pandas as pd from sklearn.ensemble import (     ExtraTreesClassifier,     ExtraTreesRegressor,     GradientBoostingClassifier,     GradientBoostingRegressor,     HistGradientBoostingClassifier,     HistGradientBoostingRegressor,     RandomForestClassifier,     Random","{""function_count"": 1, ""class_count"": 0, ""import_count"": 7}"
doc_de32b7556023807d,プロジェクト/株式会社青葉バイオメディカル機器/04.分析/analysis_project/src/preprocess.py,preprocess.py,.py,プロジェクト,株式会社青葉バイオメディカル機器,04.分析,data/raw/share/share/共有ドライブ/プロジェクト/株式会社青葉バイオメディカル機器/04.分析/analysis_project/src/preprocess.py,4002,python_raw_text,utf-8-sig,,,4088,113,cc984e093e4c1a1ed5a40a617790f52ea23b4275,"# source_path: プロジェクト/株式会社青葉バイオメディカル機器/04.分析/analysis_project/src/preprocess.py # file_name: preprocess.py # extension: .py # area: プロジェクト # project_name: 株式会社青葉バイオメディカル機器 # major_folder: 04.分析 from __future__ import annotations  import pandas as pd from sklearn.model_selection import train_test_split   def split_feature_target(df: pd.DataFrame, target_col: str) -> tuple[pd.DataFrame, pd.Series]:     if target_col not in df.columns:         raise KeyError(f""target column not found: {target_col}""","{""function_count"": 3, ""class_count"": 0, ""import_count"": 3}"
doc_4c0d5e3abbefa7f5,プロジェクト/白峰信用リスク評価株式会社/04.分析/analysis_project/scripts/bootstrap_env.py,bootstrap_env.py,.py,プロジェクト,白峰信用リスク評価株式会社,04.分析,data/raw/share/share/共有ドライブ/プロジェクト/白峰信用リスク評価株式会社/04.分析/analysis_project/scripts/bootstrap_env.py,2017,python_raw_text,utf-8-sig,,,2152,68,e9a207a94eba30a9e78a7d9f96838fbd15e565f3,"# source_path: プロジェクト/白峰信用リスク評価株式会社/04.分析/analysis_project/scripts/bootstrap_env.py # file_name: bootstrap_env.py # extension: .py # area: プロジェクト # project_name: 白峰信用リスク評価株式会社 # major_folder: 04.分析 from __future__ import annotations  import argparse import shutil import subprocess import sys from pathlib import Path   def _venv_python(venv_dir: Path) -> Path:     if sys.platform.startswith(""win""):         return venv_dir / ""Scripts"" / ""python.exe""     return venv_dir / ""bin"" / ""python""   def _to","{""function_count"": 4, ""class_count"": 0, ""import_count"": 6}"
doc_3a4ec1c7b2c7c79b,プロジェクト/白峰信用リスク評価株式会社/04.分析/analysis_project/scripts/run_train.py,run_train.py,.py,プロジェクト,白峰信用リスク評価株式会社,04.分析,data/raw/share/share/共有ドライブ/プロジェクト/白峰信用リスク評価株式会社/04.分析/analysis_project/scripts/run_train.py,5180,python_raw_text,utf-8-sig,,,5227,148,a361aa44e79601f7df03c66a6fd5c6f0a1539818,"# source_path: プロジェクト/白峰信用リスク評価株式会社/04.分析/analysis_project/scripts/run_train.py # file_name: run_train.py # extension: .py # area: プロジェクト # project_name: 白峰信用リスク評価株式会社 # major_folder: 04.分析 from __future__ import annotations  import sys from pathlib import Path   def main() -> None:     manual_root = Path(__file__).resolve().parents[1]     if str(manual_root) not in sys.path:         sys.path.insert(0, str(manual_root))      from src.common import (         as_bool,         infer_date_column,   ","{""function_count"": 1, ""class_count"": 0, ""import_count"": 10}"
doc_14da3f947ddf1676,プロジェクト/白峰信用リスク評価株式会社/04.分析/analysis_project/src/__init__.py,__init__.py,.py,プロジェクト,白峰信用リスク評価株式会社,04.分析,data/raw/share/share/共有ドライブ/プロジェクト/白峰信用リスク評価株式会社/04.分析/analysis_project/src/__init__.py,0,python_raw_text,utf-8-sig,,,184,7,37c17b502bfaa3757797874184fe8f94568b0b8e,# source_path: プロジェクト/白峰信用リスク評価株式会社/04.分析/analysis_project/src/__init__.py # file_name: __init__.py # extension: .py # area: プロジェクト # project_name: 白峰信用リスク評価株式会社 # major_folder: 04.分析 ,"{""function_count"": 0, ""class_count"": 0, ""import_count"": 0}"
doc_d1a0822d781affe3,プロジェクト/白峰信用リスク評価株式会社/04.分析/analysis_project/src/common.py,common.py,.py,プロジェクト,白峰信用リスク評価株式会社,04.分析,data/raw/share/share/共有ドライブ/プロジェクト/白峰信用リスク評価株式会社/04.分析/analysis_project/src/common.py,3867,python_raw_text,utf-8-sig,,,3896,130,4e65b689885f59fb3581de75201cab14e1bde827,"# source_path: プロジェクト/白峰信用リスク評価株式会社/04.分析/analysis_project/src/common.py # file_name: common.py # extension: .py # area: プロジェクト # project_name: 白峰信用リスク評価株式会社 # major_folder: 04.分析 from __future__ import annotations  import json from pathlib import Path from typing import Any  import pandas as pd  ENCODINGS = (""utf-8-sig"", ""utf-8"", ""cp932"", ""shift_jis"", ""euc_jp"") TARGET_HINTS = (""target"", ""label"", ""y"", ""sales"", ""demand"", ""count"", ""revenue"", ""profit"", ""売上"", ""販売"", ""需要"", ""個数"") DATE_HINTS = (""date"", ","{""function_count"": 12, ""class_count"": 0, ""import_count"": 5}"
doc_af6eae0021fc3bd5,プロジェクト/白峰信用リスク評価株式会社/04.分析/analysis_project/src/eda.py,eda.py,.py,プロジェクト,白峰信用リスク評価株式会社,04.分析,data/raw/share/share/共有ドライブ/プロジェクト/白峰信用リスク評価株式会社/04.分析/analysis_project/src/eda.py,695,python_raw_text,utf-8-sig,,,848,26,27da16222527d68b2180c6f7ca70e805d2030cee,"# source_path: プロジェクト/白峰信用リスク評価株式会社/04.分析/analysis_project/src/eda.py # file_name: eda.py # extension: .py # area: プロジェクト # project_name: 白峰信用リスク評価株式会社 # major_folder: 04.分析 from __future__ import annotations  from typing import Any  import pandas as pd   def summarize_dataframe(df: pd.DataFrame, target_col: str) -> dict[str, Any]:     # REGION: EDA_SUMMARY_RULES START     summary: dict[str, Any] = {         ""row_count"": int(df.shape[0]),         ""column_count"": int(df.shape[1]),         ""target","{""function_count"": 1, ""class_count"": 0, ""import_count"": 3}"
doc_8571f11d232641b4,プロジェクト/白峰信用リスク評価株式会社/04.分析/analysis_project/src/evaluate.py,evaluate.py,.py,プロジェクト,白峰信用リスク評価株式会社,04.分析,data/raw/share/share/共有ドライブ/プロジェクト/白峰信用リスク評価株式会社/04.分析/analysis_project/src/evaluate.py,3252,python_raw_text,utf-8-sig,,,3338,103,e5e2a4fa4c3ce2338a4e70b5ecf656d28164629c,"# source_path: プロジェクト/白峰信用リスク評価株式会社/04.分析/analysis_project/src/evaluate.py # file_name: evaluate.py # extension: .py # area: プロジェクト # project_name: 白峰信用リスク評価株式会社 # major_folder: 04.分析 from __future__ import annotations  import math from typing import Any  import numpy as np import pandas as pd from sklearn.metrics import (     accuracy_score,     brier_score_loss,     f1_score,     mean_absolute_error,     mean_squared_error,     r2_score,     roc_auc_score, )   def build_metrics_base(     *,   ","{""function_count"": 2, ""class_count"": 0, ""import_count"": 6}"
doc_9ed171c55586048e,プロジェクト/白峰信用リスク評価株式会社/04.分析/analysis_project/src/features.py,features.py,.py,プロジェクト,白峰信用リスク評価株式会社,04.分析,data/raw/share/share/共有ドライブ/プロジェクト/白峰信用リスク評価株式会社/04.分析/analysis_project/src/features.py,2405,python_raw_text,utf-8-sig,,,2528,66,ef6dcf7ebbc9be2f639c4df759783e2022d6b96d,# source_path: プロジェクト/白峰信用リスク評価株式会社/04.分析/analysis_project/src/features.py # file_name: features.py # extension: .py # area: プロジェクト # project_name: 白峰信用リスク評価株式会社 # major_folder: 04.分析 from __future__ import annotations  import numpy as np import pandas as pd from sklearn.compose import ColumnTransformer from sklearn.impute import SimpleImputer from sklearn.pipeline import Pipeline from sklearn.preprocessing import OneHotEncoder   def is_pure_day_number_column(series: pd.Series) -> bool:     nume,"{""function_count"": 3, ""class_count"": 0, ""import_count"": 7}"
doc_b7f29b44da7b2e4a,プロジェクト/白峰信用リスク評価株式会社/04.分析/analysis_project/src/infer.py,infer.py,.py,プロジェクト,白峰信用リスク評価株式会社,04.分析,data/raw/share/share/共有ドライブ/プロジェクト/白峰信用リスク評価株式会社/04.分析/analysis_project/src/infer.py,191,python_raw_text,utf-8-sig,,,360,14,48d6388682a33bdd9c2e6f37798add56c4724cf0,"# source_path: プロジェクト/白峰信用リスク評価株式会社/04.分析/analysis_project/src/infer.py # file_name: infer.py # extension: .py # area: プロジェクト # project_name: 白峰信用リスク評価株式会社 # major_folder: 04.分析 from __future__ import annotations  import pandas as pd from sklearn.base import BaseEstimator   def run_inference(model: BaseEstimator, X: pd.DataFrame):     return model.predict(X)","{""function_count"": 1, ""class_count"": 0, ""import_count"": 3}"
doc_b4455d3ad41c5d1e,プロジェクト/白峰信用リスク評価株式会社/04.分析/analysis_project/src/modeling.py,modeling.py,.py,プロジェクト,白峰信用リスク評価株式会社,04.分析,data/raw/share/share/共有ドライブ/プロジェクト/白峰信用リスク評価株式会社/04.分析/analysis_project/src/modeling.py,3311,python_raw_text,utf-8-sig,,,3404,96,093e58c2b124d8f5c6657a97c91d86921b0b0b76,"# source_path: プロジェクト/白峰信用リスク評価株式会社/04.分析/analysis_project/src/modeling.py # file_name: modeling.py # extension: .py # area: プロジェクト # project_name: 白峰信用リスク評価株式会社 # major_folder: 04.分析 from __future__ import annotations  import pandas as pd from sklearn.ensemble import (     ExtraTreesClassifier,     ExtraTreesRegressor,     GradientBoostingClassifier,     GradientBoostingRegressor,     RandomForestClassifier,     RandomForestRegressor, ) from sklearn.linear_model import LogisticRegression, Ridge","{""function_count"": 1, ""class_count"": 0, ""import_count"": 7}"
doc_6518e7f1d4db0f14,プロジェクト/白峰信用リスク評価株式会社/04.分析/analysis_project/src/preprocess.py,preprocess.py,.py,プロジェクト,白峰信用リスク評価株式会社,04.分析,data/raw/share/share/共有ドライブ/プロジェクト/白峰信用リスク評価株式会社/04.分析/analysis_project/src/preprocess.py,1060,python_raw_text,utf-8-sig,,,1217,36,6fd1a6cec97045ae07d4d3bcec1aefd710390129,"# source_path: プロジェクト/白峰信用リスク評価株式会社/04.分析/analysis_project/src/preprocess.py # file_name: preprocess.py # extension: .py # area: プロジェクト # project_name: 白峰信用リスク評価株式会社 # major_folder: 04.分析 from __future__ import annotations  import pandas as pd from sklearn.model_selection import train_test_split   def split_feature_target(df: pd.DataFrame, target_col: str) -> tuple[pd.DataFrame, pd.Series]:     if target_col not in df.columns:         raise KeyError(f""target column not found: {target_col}"")     ","{""function_count"": 2, ""class_count"": 0, ""import_count"": 3}"
doc_723496b26e60e2a4,プロジェクト/青葉与信マネジメント株式会社/04.分析/analysis_project/scripts/bootstrap_env.py,bootstrap_env.py,.py,プロジェクト,青葉与信マネジメント株式会社,04.分析,data/raw/share/share/共有ドライブ/プロジェクト/青葉与信マネジメント株式会社/04.分析/analysis_project/scripts/bootstrap_env.py,2017,python_raw_text,utf-8-sig,,,2154,68,07a64d2d6c3d3f64cbdeaedab251b626121f6423,"# source_path: プロジェクト/青葉与信マネジメント株式会社/04.分析/analysis_project/scripts/bootstrap_env.py # file_name: bootstrap_env.py # extension: .py # area: プロジェクト # project_name: 青葉与信マネジメント株式会社 # major_folder: 04.分析 from __future__ import annotations  import argparse import shutil import subprocess import sys from pathlib import Path   def _venv_python(venv_dir: Path) -> Path:     if sys.platform.startswith(""win""):         return venv_dir / ""Scripts"" / ""python.exe""     return venv_dir / ""bin"" / ""python""   def _","{""function_count"": 4, ""class_count"": 0, ""import_count"": 6}"
doc_f72c5e1ddb7d8121,プロジェクト/青葉与信マネジメント株式会社/04.分析/analysis_project/scripts/run_train.py,run_train.py,.py,プロジェクト,青葉与信マネジメント株式会社,04.分析,data/raw/share/share/共有ドライブ/プロジェクト/青葉与信マネジメント株式会社/04.分析/analysis_project/scripts/run_train.py,5180,python_raw_text,utf-8-sig,,,5229,148,24d7fe5c1ce23dcc1314f9d1a064d8ec31f4c8d3,"# source_path: プロジェクト/青葉与信マネジメント株式会社/04.分析/analysis_project/scripts/run_train.py # file_name: run_train.py # extension: .py # area: プロジェクト # project_name: 青葉与信マネジメント株式会社 # major_folder: 04.分析 from __future__ import annotations  import sys from pathlib import Path   def main() -> None:     manual_root = Path(__file__).resolve().parents[1]     if str(manual_root) not in sys.path:         sys.path.insert(0, str(manual_root))      from src.common import (         as_bool,         infer_date_column, ","{""function_count"": 1, ""class_count"": 0, ""import_count"": 10}"
doc_91cb626e7a49d0c4,プロジェクト/青葉与信マネジメント株式会社/04.分析/analysis_project/src/__init__.py,__init__.py,.py,プロジェクト,青葉与信マネジメント株式会社,04.分析,data/raw/share/share/共有ドライブ/プロジェクト/青葉与信マネジメント株式会社/04.分析/analysis_project/src/__init__.py,0,python_raw_text,utf-8-sig,,,186,7,f52beb0eb09995e2395adb48185ca50fea90f2ca,# source_path: プロジェクト/青葉与信マネジメント株式会社/04.分析/analysis_project/src/__init__.py # file_name: __init__.py # extension: .py # area: プロジェクト # project_name: 青葉与信マネジメント株式会社 # major_folder: 04.分析 ,"{""function_count"": 0, ""class_count"": 0, ""import_count"": 0}"
doc_bc74cf24425e8fcf,プロジェクト/青葉与信マネジメント株式会社/04.分析/analysis_project/src/common.py,common.py,.py,プロジェクト,青葉与信マネジメント株式会社,04.分析,data/raw/share/share/共有ドライブ/プロジェクト/青葉与信マネジメント株式会社/04.分析/analysis_project/src/common.py,3867,python_raw_text,utf-8-sig,,,3898,130,154e7c1b7e07a5432f7b8877840930e1f36cb0a5,"# source_path: プロジェクト/青葉与信マネジメント株式会社/04.分析/analysis_project/src/common.py # file_name: common.py # extension: .py # area: プロジェクト # project_name: 青葉与信マネジメント株式会社 # major_folder: 04.分析 from __future__ import annotations  import json from pathlib import Path from typing import Any  import pandas as pd  ENCODINGS = (""utf-8-sig"", ""utf-8"", ""cp932"", ""shift_jis"", ""euc_jp"") TARGET_HINTS = (""target"", ""label"", ""y"", ""sales"", ""demand"", ""count"", ""revenue"", ""profit"", ""売上"", ""販売"", ""需要"", ""個数"") DATE_HINTS = (""date""","{""function_count"": 12, ""class_count"": 0, ""import_count"": 5}"
doc_3c799bca4f64c9c2,プロジェクト/青葉与信マネジメント株式会社/04.分析/analysis_project/src/eda.py,eda.py,.py,プロジェクト,青葉与信マネジメント株式会社,04.分析,data/raw/share/share/共有ドライブ/プロジェクト/青葉与信マネジメント株式会社/04.分析/analysis_project/src/eda.py,695,python_raw_text,utf-8-sig,,,850,26,4de91aebe414f678d90bf7dc1c0a4a66ce672441,"# source_path: プロジェクト/青葉与信マネジメント株式会社/04.分析/analysis_project/src/eda.py # file_name: eda.py # extension: .py # area: プロジェクト # project_name: 青葉与信マネジメント株式会社 # major_folder: 04.分析 from __future__ import annotations  from typing import Any  import pandas as pd   def summarize_dataframe(df: pd.DataFrame, target_col: str) -> dict[str, Any]:     # REGION: EDA_SUMMARY_RULES START     summary: dict[str, Any] = {         ""row_count"": int(df.shape[0]),         ""column_count"": int(df.shape[1]),         ""targ","{""function_count"": 1, ""class_count"": 0, ""import_count"": 3}"
doc_a1d5be6d84cfc929,プロジェクト/青葉与信マネジメント株式会社/04.分析/analysis_project/src/evaluate.py,evaluate.py,.py,プロジェクト,青葉与信マネジメント株式会社,04.分析,data/raw/share/share/共有ドライブ/プロジェクト/青葉与信マネジメント株式会社/04.分析/analysis_project/src/evaluate.py,3252,python_raw_text,utf-8-sig,,,3340,103,db40b3452e70f3099ad8d198943ac95ed4093cd7,"# source_path: プロジェクト/青葉与信マネジメント株式会社/04.分析/analysis_project/src/evaluate.py # file_name: evaluate.py # extension: .py # area: プロジェクト # project_name: 青葉与信マネジメント株式会社 # major_folder: 04.分析 from __future__ import annotations  import math from typing import Any  import numpy as np import pandas as pd from sklearn.metrics import (     accuracy_score,     brier_score_loss,     f1_score,     mean_absolute_error,     mean_squared_error,     r2_score,     roc_auc_score, )   def build_metrics_base(     *, ","{""function_count"": 2, ""class_count"": 0, ""import_count"": 6}"
doc_51ea46fe3528a0fb,プロジェクト/青葉与信マネジメント株式会社/04.分析/analysis_project/src/features.py,features.py,.py,プロジェクト,青葉与信マネジメント株式会社,04.分析,data/raw/share/share/共有ドライブ/プロジェクト/青葉与信マネジメント株式会社/04.分析/analysis_project/src/features.py,2405,python_raw_text,utf-8-sig,,,2530,66,8d117e879118d0d6017a13f58f16bbb8f393b87d,# source_path: プロジェクト/青葉与信マネジメント株式会社/04.分析/analysis_project/src/features.py # file_name: features.py # extension: .py # area: プロジェクト # project_name: 青葉与信マネジメント株式会社 # major_folder: 04.分析 from __future__ import annotations  import numpy as np import pandas as pd from sklearn.compose import ColumnTransformer from sklearn.impute import SimpleImputer from sklearn.pipeline import Pipeline from sklearn.preprocessing import OneHotEncoder   def is_pure_day_number_column(series: pd.Series) -> bool:     nu,"{""function_count"": 3, ""class_count"": 0, ""import_count"": 7}"
doc_61f6e584f03a6df5,プロジェクト/青葉与信マネジメント株式会社/04.分析/analysis_project/src/infer.py,infer.py,.py,プロジェクト,青葉与信マネジメント株式会社,04.分析,data/raw/share/share/共有ドライブ/プロジェクト/青葉与信マネジメント株式会社/04.分析/analysis_project/src/infer.py,191,python_raw_text,utf-8-sig,,,362,14,3c996749e9380006e451325635c7e1f3cebafae3,"# source_path: プロジェクト/青葉与信マネジメント株式会社/04.分析/analysis_project/src/infer.py # file_name: infer.py # extension: .py # area: プロジェクト # project_name: 青葉与信マネジメント株式会社 # major_folder: 04.分析 from __future__ import annotations  import pandas as pd from sklearn.base import BaseEstimator   def run_inference(model: BaseEstimator, X: pd.DataFrame):     return model.predict(X)","{""function_count"": 1, ""class_count"": 0, ""import_count"": 3}"
doc_0d60794bf3097db5,プロジェクト/青葉与信マネジメント株式会社/04.分析/analysis_project/src/modeling.py,modeling.py,.py,プロジェクト,青葉与信マネジメント株式会社,04.分析,data/raw/share/share/共有ドライブ/プロジェクト/青葉与信マネジメント株式会社/04.分析/analysis_project/src/modeling.py,3311,python_raw_text,utf-8-sig,,,3406,96,5bd6b34f37f30cd281f7a334a2f6e708f315eaaf,"# source_path: プロジェクト/青葉与信マネジメント株式会社/04.分析/analysis_project/src/modeling.py # file_name: modeling.py # extension: .py # area: プロジェクト # project_name: 青葉与信マネジメント株式会社 # major_folder: 04.分析 from __future__ import annotations  import pandas as pd from sklearn.ensemble import (     ExtraTreesClassifier,     ExtraTreesRegressor,     GradientBoostingClassifier,     GradientBoostingRegressor,     RandomForestClassifier,     RandomForestRegressor, ) from sklearn.linear_model import LogisticRegression, Rid","{""function_count"": 1, ""class_count"": 0, ""import_count"": 7}"
doc_4794424aba6e74d4,プロジェクト/青葉与信マネジメント株式会社/04.分析/analysis_project/src/preprocess.py,preprocess.py,.py,プロジェクト,青葉与信マネジメント株式会社,04.分析,data/raw/share/share/共有ドライブ/プロジェクト/青葉与信マネジメント株式会社/04.分析/analysis_project/src/preprocess.py,1060,python_raw_text,utf-8-sig,,,1219,36,b3be15949dcaa420eeac1a4e2b154e530b9d04ef,"# source_path: プロジェクト/青葉与信マネジメント株式会社/04.分析/analysis_project/src/preprocess.py # file_name: preprocess.py # extension: .py # area: プロジェクト # project_name: 青葉与信マネジメント株式会社 # major_folder: 04.分析 from __future__ import annotations  import pandas as pd from sklearn.model_selection import train_test_split   def split_feature_target(df: pd.DataFrame, target_col: str) -> tuple[pd.DataFrame, pd.Series]:     if target_col not in df.columns:         raise KeyError(f""target column not found: {target_col}"")   ","{""function_count"": 2, ""class_count"": 0, ""import_count"": 3}"
