chunk_id,document_id,chunk_index,relative_path,file_name,extension,area,project_name,major_folder,start_char,end_char,text_length
doc_1e6589b3cb58b1fe_chunk_0000,doc_1e6589b3cb58b1fe,0,プロジェクト/京橋信用ソリューションズ株式会社/03.データ/train.csv,train.csv,.csv,プロジェクト,京橋信用ソリューションズ株式会社,03.データ,0,1179,1179
doc_1e6589b3cb58b1fe_chunk_0001,doc_1e6589b3cb58b1fe,1,プロジェクト/京橋信用ソリューションズ株式会社/03.データ/train.csv,train.csv,.csv,プロジェクト,京橋信用ソリューションズ株式会社,03.データ,979,2104,1125
doc_1e6589b3cb58b1fe_chunk_0002,doc_1e6589b3cb58b1fe,2,プロジェクト/京橋信用ソリューションズ株式会社/03.データ/train.csv,train.csv,.csv,プロジェクト,京橋信用ソリューションズ株式会社,03.データ,1904,3097,1193
doc_1e6589b3cb58b1fe_chunk_0003,doc_1e6589b3cb58b1fe,3,プロジェクト/京橋信用ソリューションズ株式会社/03.データ/train.csv,train.csv,.csv,プロジェクト,京橋信用ソリューションズ株式会社,03.データ,2897,4060,1163
doc_1e6589b3cb58b1fe_chunk_0004,doc_1e6589b3cb58b1fe,4,プロジェクト/京橋信用ソリューションズ株式会社/03.データ/train.csv,train.csv,.csv,プロジェクト,京橋信用ソリューションズ株式会社,03.データ,3860,5053,1191
doc_1e6589b3cb58b1fe_chunk_0005,doc_1e6589b3cb58b1fe,5,プロジェクト/京橋信用ソリューションズ株式会社/03.データ/train.csv,train.csv,.csv,プロジェクト,京橋信用ソリューションズ株式会社,03.データ,4853,5777,924
doc_00ebca6dbf7291ce_chunk_0000,doc_00ebca6dbf7291ce,0,プロジェクト/京橋信用ソリューションズ株式会社/04.分析/analysis_outputs/experiments/leaderboard.csv,leaderboard.csv,.csv,プロジェクト,京橋信用ソリューションズ株式会社,04.分析,0,1184,1184
doc_00ebca6dbf7291ce_chunk_0001,doc_00ebca6dbf7291ce,1,プロジェクト/京橋信用ソリューションズ株式会社/04.分析/analysis_outputs/experiments/leaderboard.csv,leaderboard.csv,.csv,プロジェクト,京橋信用ソリューションズ株式会社,04.分析,984,1699,715
doc_4e1099d00a881ae1_chunk_0000,doc_4e1099d00a881ae1,0,プロジェクト/京橋信用ソリューションズ株式会社/04.分析/analysis_project/data/train.csv,train.csv,.csv,プロジェクト,京橋信用ソリューションズ株式会社,04.分析,0,1199,1199
doc_4e1099d00a881ae1_chunk_0001,doc_4e1099d00a881ae1,1,プロジェクト/京橋信用ソリューションズ株式会社/04.分析/analysis_project/data/train.csv,train.csv,.csv,プロジェクト,京橋信用ソリューションズ株式会社,04.分析,999,2124,1125
doc_4e1099d00a881ae1_chunk_0002,doc_4e1099d00a881ae1,2,プロジェクト/京橋信用ソリューションズ株式会社/04.分析/analysis_project/data/train.csv,train.csv,.csv,プロジェクト,京橋信用ソリューションズ株式会社,04.分析,1924,3117,1193
doc_4e1099d00a881ae1_chunk_0003,doc_4e1099d00a881ae1,3,プロジェクト/京橋信用ソリューションズ株式会社/04.分析/analysis_project/data/train.csv,train.csv,.csv,プロジェクト,京橋信用ソリューションズ株式会社,04.分析,2917,4080,1163
doc_4e1099d00a881ae1_chunk_0004,doc_4e1099d00a881ae1,4,プロジェクト/京橋信用ソリューションズ株式会社/04.分析/analysis_project/data/train.csv,train.csv,.csv,プロジェクト,京橋信用ソリューションズ株式会社,04.分析,3880,5073,1191
doc_4e1099d00a881ae1_chunk_0005,doc_4e1099d00a881ae1,5,プロジェクト/京橋信用ソリューションズ株式会社/04.分析/analysis_project/data/train.csv,train.csv,.csv,プロジェクト,京橋信用ソリューションズ株式会社,04.分析,4873,5797,924
doc_f0b7ce29b366c297_chunk_0000,doc_f0b7ce29b366c297,0,プロジェクト/医療法人社団 恒一会 かえで総合病院/03.データ/train.csv,train.csv,.csv,プロジェクト,医療法人社団 恒一会 かえで総合病院,03.データ,0,1146,1146
doc_f0b7ce29b366c297_chunk_0001,doc_f0b7ce29b366c297,1,プロジェクト/医療法人社団 恒一会 かえで総合病院/03.データ/train.csv,train.csv,.csv,プロジェクト,医療法人社団 恒一会 かえで総合病院,03.データ,946,2114,1168
doc_f0b7ce29b366c297_chunk_0002,doc_f0b7ce29b366c297,2,プロジェクト/医療法人社団 恒一会 かえで総合病院/03.データ/train.csv,train.csv,.csv,プロジェクト,医療法人社団 恒一会 かえで総合病院,03.データ,1914,3073,1159
doc_f0b7ce29b366c297_chunk_0003,doc_f0b7ce29b366c297,3,プロジェクト/医療法人社団 恒一会 かえで総合病院/03.データ/train.csv,train.csv,.csv,プロジェクト,医療法人社団 恒一会 かえで総合病院,03.データ,2873,4070,1197
doc_f0b7ce29b366c297_chunk_0004,doc_f0b7ce29b366c297,4,プロジェクト/医療法人社団 恒一会 かえで総合病院/03.データ/train.csv,train.csv,.csv,プロジェクト,医療法人社団 恒一会 かえで総合病院,03.データ,3870,5068,1196
doc_f0b7ce29b366c297_chunk_0005,doc_f0b7ce29b366c297,5,プロジェクト/医療法人社団 恒一会 かえで総合病院/03.データ/train.csv,train.csv,.csv,プロジェクト,医療法人社団 恒一会 かえで総合病院,03.データ,4868,5964,1096
doc_f0b7ce29b366c297_chunk_0006,doc_f0b7ce29b366c297,6,プロジェクト/医療法人社団 恒一会 かえで総合病院/03.データ/train.csv,train.csv,.csv,プロジェクト,医療法人社団 恒一会 かえで総合病院,03.データ,5764,6334,570
doc_2e32d4ca43675d3d_chunk_0000,doc_2e32d4ca43675d3d,0,プロジェクト/医療法人社団 恒一会 かえで総合病院/04.分析/analysis_outputs/experiments/leaderboard.csv,leaderboard.csv,.csv,プロジェクト,医療法人社団 恒一会 かえで総合病院,04.分析,0,1022,1022
doc_2e32d4ca43675d3d_chunk_0001,doc_2e32d4ca43675d3d,1,プロジェクト/医療法人社団 恒一会 かえで総合病院/04.分析/analysis_outputs/experiments/leaderboard.csv,leaderboard.csv,.csv,プロジェクト,医療法人社団 恒一会 かえで総合病院,04.分析,822,1720,898
doc_2e32d4ca43675d3d_chunk_0002,doc_2e32d4ca43675d3d,2,プロジェクト/医療法人社団 恒一会 かえで総合病院/04.分析/analysis_outputs/experiments/leaderboard.csv,leaderboard.csv,.csv,プロジェクト,医療法人社団 恒一会 かえで総合病院,04.分析,1520,2657,1137
doc_2e32d4ca43675d3d_chunk_0003,doc_2e32d4ca43675d3d,3,プロジェクト/医療法人社団 恒一会 かえで総合病院/04.分析/analysis_outputs/experiments/leaderboard.csv,leaderboard.csv,.csv,プロジェクト,医療法人社団 恒一会 かえで総合病院,04.分析,2457,3551,1094
doc_2e32d4ca43675d3d_chunk_0004,doc_2e32d4ca43675d3d,4,プロジェクト/医療法人社団 恒一会 かえで総合病院/04.分析/analysis_outputs/experiments/leaderboard.csv,leaderboard.csv,.csv,プロジェクト,医療法人社団 恒一会 かえで総合病院,04.分析,3351,4406,1055
doc_2e32d4ca43675d3d_chunk_0005,doc_2e32d4ca43675d3d,5,プロジェクト/医療法人社団 恒一会 かえで総合病院/04.分析/analysis_outputs/experiments/leaderboard.csv,leaderboard.csv,.csv,プロジェクト,医療法人社団 恒一会 かえで総合病院,04.分析,4206,5243,1037
doc_2e32d4ca43675d3d_chunk_0006,doc_2e32d4ca43675d3d,6,プロジェクト/医療法人社団 恒一会 かえで総合病院/04.分析/analysis_outputs/experiments/leaderboard.csv,leaderboard.csv,.csv,プロジェクト,医療法人社団 恒一会 かえで総合病院,04.分析,5043,5568,524
doc_f6d86c0ce916d60f_chunk_0000,doc_f6d86c0ce916d60f,0,プロジェクト/医療法人社団 恒一会 かえで総合病院/04.分析/analysis_project/data/train.csv,train.csv,.csv,プロジェクト,医療法人社団 恒一会 かえで総合病院,04.分析,0,1166,1166
doc_f6d86c0ce916d60f_chunk_0001,doc_f6d86c0ce916d60f,1,プロジェクト/医療法人社団 恒一会 かえで総合病院/04.分析/analysis_project/data/train.csv,train.csv,.csv,プロジェクト,医療法人社団 恒一会 かえで総合病院,04.分析,966,2134,1168
doc_f6d86c0ce916d60f_chunk_0002,doc_f6d86c0ce916d60f,2,プロジェクト/医療法人社団 恒一会 かえで総合病院/04.分析/analysis_project/data/train.csv,train.csv,.csv,プロジェクト,医療法人社団 恒一会 かえで総合病院,04.分析,1934,3093,1159
doc_f6d86c0ce916d60f_chunk_0003,doc_f6d86c0ce916d60f,3,プロジェクト/医療法人社団 恒一会 かえで総合病院/04.分析/analysis_project/data/train.csv,train.csv,.csv,プロジェクト,医療法人社団 恒一会 かえで総合病院,04.分析,2893,4090,1197
doc_f6d86c0ce916d60f_chunk_0004,doc_f6d86c0ce916d60f,4,プロジェクト/医療法人社団 恒一会 かえで総合病院/04.分析/analysis_project/data/train.csv,train.csv,.csv,プロジェクト,医療法人社団 恒一会 かえで総合病院,04.分析,3890,5088,1196
doc_f6d86c0ce916d60f_chunk_0005,doc_f6d86c0ce916d60f,5,プロジェクト/医療法人社団 恒一会 かえで総合病院/04.分析/analysis_project/data/train.csv,train.csv,.csv,プロジェクト,医療法人社団 恒一会 かえで総合病院,04.分析,4888,5984,1096
doc_f6d86c0ce916d60f_chunk_0006,doc_f6d86c0ce916d60f,6,プロジェクト/医療法人社団 恒一会 かえで総合病院/04.分析/analysis_project/data/train.csv,train.csv,.csv,プロジェクト,医療法人社団 恒一会 かえで総合病院,04.分析,5784,6354,570
doc_8647781b7515011a_chunk_0000,doc_8647781b7515011a,0,プロジェクト/医療法人社団 蒼樹会 みなみ野女性医療センター/03.データ/train.csv,train.csv,.csv,プロジェクト,医療法人社団 蒼樹会 みなみ野女性医療センター,03.データ,0,1191,1191
doc_8647781b7515011a_chunk_0001,doc_8647781b7515011a,1,プロジェクト/医療法人社団 蒼樹会 みなみ野女性医療センター/03.データ/train.csv,train.csv,.csv,プロジェクト,医療法人社団 蒼樹会 みなみ野女性医療センター,03.データ,991,2190,1199
doc_8647781b7515011a_chunk_0002,doc_8647781b7515011a,2,プロジェクト/医療法人社団 蒼樹会 みなみ野女性医療センター/03.データ/train.csv,train.csv,.csv,プロジェクト,医療法人社団 蒼樹会 みなみ野女性医療センター,03.データ,1990,3118,1128
doc_8647781b7515011a_chunk_0003,doc_8647781b7515011a,3,プロジェクト/医療法人社団 蒼樹会 みなみ野女性医療センター/03.データ/train.csv,train.csv,.csv,プロジェクト,医療法人社団 蒼樹会 みなみ野女性医療センター,03.データ,2918,3586,668
doc_24502e3ef0056698_chunk_0000,doc_24502e3ef0056698,0,プロジェクト/医療法人社団 蒼樹会 みなみ野女性医療センター/04.分析/analysis_outputs/experiments/leaderboard.csv,leaderboard.csv,.csv,プロジェクト,医療法人社団 蒼樹会 みなみ野女性医療センター,04.分析,0,1032,1032
doc_24502e3ef0056698_chunk_0001,doc_24502e3ef0056698,1,プロジェクト/医療法人社団 蒼樹会 みなみ野女性医療センター/04.分析/analysis_outputs/experiments/leaderboard.csv,leaderboard.csv,.csv,プロジェクト,医療法人社団 蒼樹会 みなみ野女性医療センター,04.分析,832,1730,898
doc_24502e3ef0056698_chunk_0002,doc_24502e3ef0056698,2,プロジェクト/医療法人社団 蒼樹会 みなみ野女性医療センター/04.分析/analysis_outputs/experiments/leaderboard.csv,leaderboard.csv,.csv,プロジェクト,医療法人社団 蒼樹会 みなみ野女性医療センター,04.分析,1530,2662,1132
doc_24502e3ef0056698_chunk_0003,doc_24502e3ef0056698,3,プロジェクト/医療法人社団 蒼樹会 みなみ野女性医療センター/04.分析/analysis_outputs/experiments/leaderboard.csv,leaderboard.csv,.csv,プロジェクト,医療法人社団 蒼樹会 みなみ野女性医療センター,04.分析,2462,3556,1094
doc_24502e3ef0056698_chunk_0004,doc_24502e3ef0056698,4,プロジェクト/医療法人社団 蒼樹会 みなみ野女性医療センター/04.分析/analysis_outputs/experiments/leaderboard.csv,leaderboard.csv,.csv,プロジェクト,医療法人社団 蒼樹会 みなみ野女性医療センター,04.分析,3356,4417,1061
doc_24502e3ef0056698_chunk_0005,doc_24502e3ef0056698,5,プロジェクト/医療法人社団 蒼樹会 みなみ野女性医療センター/04.分析/analysis_outputs/experiments/leaderboard.csv,leaderboard.csv,.csv,プロジェクト,医療法人社団 蒼樹会 みなみ野女性医療センター,04.分析,4217,5254,1037
doc_24502e3ef0056698_chunk_0006,doc_24502e3ef0056698,6,プロジェクト/医療法人社団 蒼樹会 みなみ野女性医療センター/04.分析/analysis_outputs/experiments/leaderboard.csv,leaderboard.csv,.csv,プロジェクト,医療法人社団 蒼樹会 みなみ野女性医療センター,04.分析,5054,5579,524
doc_ce7688021d536580_chunk_0000,doc_ce7688021d536580,0,プロジェクト/医療法人社団 蒼樹会 みなみ野女性医療センター/04.分析/analysis_project/data/train.csv,train.csv,.csv,プロジェクト,医療法人社団 蒼樹会 みなみ野女性医療センター,04.分析,0,1158,1158
doc_ce7688021d536580_chunk_0001,doc_ce7688021d536580,1,プロジェクト/医療法人社団 蒼樹会 みなみ野女性医療センター/04.分析/analysis_project/data/train.csv,train.csv,.csv,プロジェクト,医療法人社団 蒼樹会 みなみ野女性医療センター,04.分析,958,2116,1158
doc_ce7688021d536580_chunk_0002,doc_ce7688021d536580,2,プロジェクト/医療法人社団 蒼樹会 みなみ野女性医療センター/04.分析/analysis_project/data/train.csv,train.csv,.csv,プロジェクト,医療法人社団 蒼樹会 みなみ野女性医療センター,04.分析,1916,3070,1154
doc_ce7688021d536580_chunk_0003,doc_ce7688021d536580,3,プロジェクト/医療法人社団 蒼樹会 みなみ野女性医療センター/04.分析/analysis_project/data/train.csv,train.csv,.csv,プロジェクト,医療法人社団 蒼樹会 みなみ野女性医療センター,04.分析,2870,3606,736
doc_5d5dc7e793a9dd40_chunk_0000,doc_5d5dc7e793a9dd40,0,プロジェクト/医療法人社団 蒼泉会 ひがし丘総合病院/03.データ/train.csv,train.csv,.csv,プロジェクト,医療法人社団 蒼泉会 ひがし丘総合病院,03.データ,0,1176,1176
doc_5d5dc7e793a9dd40_chunk_0001,doc_5d5dc7e793a9dd40,1,プロジェクト/医療法人社団 蒼泉会 ひがし丘総合病院/03.データ/train.csv,train.csv,.csv,プロジェクト,医療法人社団 蒼泉会 ひがし丘総合病院,03.データ,976,2172,1196
doc_5d5dc7e793a9dd40_chunk_0002,doc_5d5dc7e793a9dd40,2,プロジェクト/医療法人社団 蒼泉会 ひがし丘総合病院/03.データ/train.csv,train.csv,.csv,プロジェクト,医療法人社団 蒼泉会 ひがし丘総合病院,03.データ,1972,2809,837
doc_e0d0e60fe1ea09c9_chunk_0000,doc_e0d0e60fe1ea09c9,0,プロジェクト/医療法人社団 蒼泉会 ひがし丘総合病院/04.分析/analysis_outputs/experiments/leaderboard.csv,leaderboard.csv,.csv,プロジェクト,医療法人社団 蒼泉会 ひがし丘総合病院,04.分析,0,1170,1170
doc_e0d0e60fe1ea09c9_chunk_0001,doc_e0d0e60fe1ea09c9,1,プロジェクト/医療法人社団 蒼泉会 ひがし丘総合病院/04.分析/analysis_outputs/experiments/leaderboard.csv,leaderboard.csv,.csv,プロジェクト,医療法人社団 蒼泉会 ひがし丘総合病院,04.分析,970,2081,1111
doc_e0d0e60fe1ea09c9_chunk_0002,doc_e0d0e60fe1ea09c9,2,プロジェクト/医療法人社団 蒼泉会 ひがし丘総合病院/04.分析/analysis_outputs/experiments/leaderboard.csv,leaderboard.csv,.csv,プロジェクト,医療法人社団 蒼泉会 ひがし丘総合病院,04.分析,1881,2862,981
doc_714025bfcd086b23_chunk_0000,doc_714025bfcd086b23,0,プロジェクト/医療法人社団 蒼泉会 ひがし丘総合病院/04.分析/analysis_project/data/train.csv,train.csv,.csv,プロジェクト,医療法人社団 蒼泉会 ひがし丘総合病院,04.分析,0,1196,1196
doc_714025bfcd086b23_chunk_0001,doc_714025bfcd086b23,1,プロジェクト/医療法人社団 蒼泉会 ひがし丘総合病院/04.分析/analysis_project/data/train.csv,train.csv,.csv,プロジェクト,医療法人社団 蒼泉会 ひがし丘総合病院,04.分析,996,2192,1196
doc_714025bfcd086b23_chunk_0002,doc_714025bfcd086b23,2,プロジェクト/医療法人社団 蒼泉会 ひがし丘総合病院/04.分析/analysis_project/data/train.csv,train.csv,.csv,プロジェクト,医療法人社団 蒼泉会 ひがし丘総合病院,04.分析,1992,2829,837
doc_68708c847d336a37_chunk_0000,doc_68708c847d336a37,0,プロジェクト/株式会社東都人材プラットフォーム/03.データ/train.csv,train.csv,.csv,プロジェクト,株式会社東都人材プラットフォーム,03.データ,0,1176,1176
doc_68708c847d336a37_chunk_0001,doc_68708c847d336a37,1,プロジェクト/株式会社東都人材プラットフォーム/03.データ/train.csv,train.csv,.csv,プロジェクト,株式会社東都人材プラットフォーム,03.データ,976,2092,1116
doc_68708c847d336a37_chunk_0002,doc_68708c847d336a37,2,プロジェクト/株式会社東都人材プラットフォーム/03.データ/train.csv,train.csv,.csv,プロジェクト,株式会社東都人材プラットフォーム,03.データ,1892,2990,1098
doc_68708c847d336a37_chunk_0003,doc_68708c847d336a37,3,プロジェクト/株式会社東都人材プラットフォーム/03.データ/train.csv,train.csv,.csv,プロジェクト,株式会社東都人材プラットフォーム,03.データ,2790,3955,1165
doc_68708c847d336a37_chunk_0004,doc_68708c847d336a37,4,プロジェクト/株式会社東都人材プラットフォーム/03.データ/train.csv,train.csv,.csv,プロジェクト,株式会社東都人材プラットフォーム,03.データ,3755,4843,1088
doc_68708c847d336a37_chunk_0005,doc_68708c847d336a37,5,プロジェクト/株式会社東都人材プラットフォーム/03.データ/train.csv,train.csv,.csv,プロジェクト,株式会社東都人材プラットフォーム,03.データ,4643,5794,1151
doc_68708c847d336a37_chunk_0006,doc_68708c847d336a37,6,プロジェクト/株式会社東都人材プラットフォーム/03.データ/train.csv,train.csv,.csv,プロジェクト,株式会社東都人材プラットフォーム,03.データ,5594,6785,1191
doc_68708c847d336a37_chunk_0007,doc_68708c847d336a37,7,プロジェクト/株式会社東都人材プラットフォーム/03.データ/train.csv,train.csv,.csv,プロジェクト,株式会社東都人材プラットフォーム,03.データ,6585,7776,1191
doc_68708c847d336a37_chunk_0008,doc_68708c847d336a37,8,プロジェクト/株式会社東都人材プラットフォーム/03.データ/train.csv,train.csv,.csv,プロジェクト,株式会社東都人材プラットフォーム,03.データ,7576,8395,818
doc_0e1137ba748ece0a_chunk_0000,doc_0e1137ba748ece0a,0,プロジェクト/株式会社東都人材プラットフォーム/04.分析/analysis_outputs/experiments/leaderboard.csv,leaderboard.csv,.csv,プロジェクト,株式会社東都人材プラットフォーム,04.分析,0,1018,1018
doc_0e1137ba748ece0a_chunk_0001,doc_0e1137ba748ece0a,1,プロジェクト/株式会社東都人材プラットフォーム/04.分析/analysis_outputs/experiments/leaderboard.csv,leaderboard.csv,.csv,プロジェクト,株式会社東都人材プラットフォーム,04.分析,818,1768,950
doc_0e1137ba748ece0a_chunk_0002,doc_0e1137ba748ece0a,2,プロジェクト/株式会社東都人材プラットフォーム/04.分析/analysis_outputs/experiments/leaderboard.csv,leaderboard.csv,.csv,プロジェクト,株式会社東都人材プラットフォーム,04.分析,1568,2694,1126
doc_0e1137ba748ece0a_chunk_0003,doc_0e1137ba748ece0a,3,プロジェクト/株式会社東都人材プラットフォーム/04.分析/analysis_outputs/experiments/leaderboard.csv,leaderboard.csv,.csv,プロジェクト,株式会社東都人材プラットフォーム,04.分析,2494,3540,1046
doc_0e1137ba748ece0a_chunk_0004,doc_0e1137ba748ece0a,4,プロジェクト/株式会社東都人材プラットフォーム/04.分析/analysis_outputs/experiments/leaderboard.csv,leaderboard.csv,.csv,プロジェクト,株式会社東都人材プラットフォーム,04.分析,3340,4401,1061
doc_0e1137ba748ece0a_chunk_0005,doc_0e1137ba748ece0a,5,プロジェクト/株式会社東都人材プラットフォーム/04.分析/analysis_outputs/experiments/leaderboard.csv,leaderboard.csv,.csv,プロジェクト,株式会社東都人材プラットフォーム,04.分析,4201,5244,1043
doc_0e1137ba748ece0a_chunk_0006,doc_0e1137ba748ece0a,6,プロジェクト/株式会社東都人材プラットフォーム/04.分析/analysis_outputs/experiments/leaderboard.csv,leaderboard.csv,.csv,プロジェクト,株式会社東都人材プラットフォーム,04.分析,5044,5569,524
doc_7902420a604106c8_chunk_0000,doc_7902420a604106c8,0,プロジェクト/株式会社東都人材プラットフォーム/04.分析/analysis_project/data/train.csv,train.csv,.csv,プロジェクト,株式会社東都人材プラットフォーム,04.分析,0,1196,1196
doc_7902420a604106c8_chunk_0001,doc_7902420a604106c8,1,プロジェクト/株式会社東都人材プラットフォーム/04.分析/analysis_project/data/train.csv,train.csv,.csv,プロジェクト,株式会社東都人材プラットフォーム,04.分析,996,2112,1116
doc_7902420a604106c8_chunk_0002,doc_7902420a604106c8,2,プロジェクト/株式会社東都人材プラットフォーム/04.分析/analysis_project/data/train.csv,train.csv,.csv,プロジェクト,株式会社東都人材プラットフォーム,04.分析,1912,3010,1098
doc_7902420a604106c8_chunk_0003,doc_7902420a604106c8,3,プロジェクト/株式会社東都人材プラットフォーム/04.分析/analysis_project/data/train.csv,train.csv,.csv,プロジェクト,株式会社東都人材プラットフォーム,04.分析,2810,3975,1165
doc_7902420a604106c8_chunk_0004,doc_7902420a604106c8,4,プロジェクト/株式会社東都人材プラットフォーム/04.分析/analysis_project/data/train.csv,train.csv,.csv,プロジェクト,株式会社東都人材プラットフォーム,04.分析,3775,4863,1088
doc_7902420a604106c8_chunk_0005,doc_7902420a604106c8,5,プロジェクト/株式会社東都人材プラットフォーム/04.分析/analysis_project/data/train.csv,train.csv,.csv,プロジェクト,株式会社東都人材プラットフォーム,04.分析,4663,5814,1151
doc_7902420a604106c8_chunk_0006,doc_7902420a604106c8,6,プロジェクト/株式会社東都人材プラットフォーム/04.分析/analysis_project/data/train.csv,train.csv,.csv,プロジェクト,株式会社東都人材プラットフォーム,04.分析,5614,6805,1191
doc_7902420a604106c8_chunk_0007,doc_7902420a604106c8,7,プロジェクト/株式会社東都人材プラットフォーム/04.分析/analysis_project/data/train.csv,train.csv,.csv,プロジェクト,株式会社東都人材プラットフォーム,04.分析,6605,7796,1191
doc_7902420a604106c8_chunk_0008,doc_7902420a604106c8,8,プロジェクト/株式会社東都人材プラットフォーム/04.分析/analysis_project/data/train.csv,train.csv,.csv,プロジェクト,株式会社東都人材プラットフォーム,04.分析,7596,8415,818
doc_5552792aa0ca3de3_chunk_0000,doc_5552792aa0ca3de3,0,プロジェクト/株式会社青嶺不動産アセットマネジメント/03.データ/train.csv,train.csv,.csv,プロジェクト,株式会社青嶺不動産アセットマネジメント,03.データ,0,1003,1003
doc_5552792aa0ca3de3_chunk_0001,doc_5552792aa0ca3de3,1,プロジェクト/株式会社青嶺不動産アセットマネジメント/03.データ/train.csv,train.csv,.csv,プロジェクト,株式会社青嶺不動産アセットマネジメント,03.データ,803,1920,1117
doc_5552792aa0ca3de3_chunk_0002,doc_5552792aa0ca3de3,2,プロジェクト/株式会社青嶺不動産アセットマネジメント/03.データ/train.csv,train.csv,.csv,プロジェクト,株式会社青嶺不動産アセットマネジメント,03.データ,1720,2855,1135
doc_5552792aa0ca3de3_chunk_0003,doc_5552792aa0ca3de3,3,プロジェクト/株式会社青嶺不動産アセットマネジメント/03.データ/train.csv,train.csv,.csv,プロジェクト,株式会社青嶺不動産アセットマネジメント,03.データ,2655,3772,1117
doc_5552792aa0ca3de3_chunk_0004,doc_5552792aa0ca3de3,4,プロジェクト/株式会社青嶺不動産アセットマネジメント/03.データ/train.csv,train.csv,.csv,プロジェクト,株式会社青嶺不動産アセットマネジメント,03.データ,3572,4723,1151
doc_5552792aa0ca3de3_chunk_0005,doc_5552792aa0ca3de3,5,プロジェクト/株式会社青嶺不動産アセットマネジメント/03.データ/train.csv,train.csv,.csv,プロジェクト,株式会社青嶺不動産アセットマネジメント,03.データ,4523,5676,1153
doc_5552792aa0ca3de3_chunk_0006,doc_5552792aa0ca3de3,6,プロジェクト/株式会社青嶺不動産アセットマネジメント/03.データ/train.csv,train.csv,.csv,プロジェクト,株式会社青嶺不動産アセットマネジメント,03.データ,5476,6596,1120
doc_5552792aa0ca3de3_chunk_0007,doc_5552792aa0ca3de3,7,プロジェクト/株式会社青嶺不動産アセットマネジメント/03.データ/train.csv,train.csv,.csv,プロジェクト,株式会社青嶺不動産アセットマネジメント,03.データ,6396,7583,1187
doc_5552792aa0ca3de3_chunk_0008,doc_5552792aa0ca3de3,8,プロジェクト/株式会社青嶺不動産アセットマネジメント/03.データ/train.csv,train.csv,.csv,プロジェクト,株式会社青嶺不動産アセットマネジメント,03.データ,7383,8086,703
doc_2bb16ab61c92646e_chunk_0000,doc_2bb16ab61c92646e,0,プロジェクト/株式会社青嶺不動産アセットマネジメント/04.分析/analysis_outputs/experiments/leaderboard.csv,leaderboard.csv,.csv,プロジェクト,株式会社青嶺不動産アセットマネジメント,04.分析,0,1024,1024
doc_2bb16ab61c92646e_chunk_0001,doc_2bb16ab61c92646e,1,プロジェクト/株式会社青嶺不動産アセットマネジメント/04.分析/analysis_outputs/experiments/leaderboard.csv,leaderboard.csv,.csv,プロジェクト,株式会社青嶺不動産アセットマネジメント,04.分析,824,1909,1085
doc_2bb16ab61c92646e_chunk_0002,doc_2bb16ab61c92646e,2,プロジェクト/株式会社青嶺不動産アセットマネジメント/04.分析/analysis_outputs/experiments/leaderboard.csv,leaderboard.csv,.csv,プロジェクト,株式会社青嶺不動産アセットマネジメント,04.分析,1709,2884,1175
doc_2bb16ab61c92646e_chunk_0003,doc_2bb16ab61c92646e,3,プロジェクト/株式会社青嶺不動産アセットマネジメント/04.分析/analysis_outputs/experiments/leaderboard.csv,leaderboard.csv,.csv,プロジェクト,株式会社青嶺不動産アセットマネジメント,04.分析,2684,3883,1199
doc_2bb16ab61c92646e_chunk_0004,doc_2bb16ab61c92646e,4,プロジェクト/株式会社青嶺不動産アセットマネジメント/04.分析/analysis_outputs/experiments/leaderboard.csv,leaderboard.csv,.csv,プロジェクト,株式会社青嶺不動産アセットマネジメント,04.分析,3683,4566,883
doc_82125ed4d019a613_chunk_0000,doc_82125ed4d019a613,0,プロジェクト/株式会社青嶺不動産アセットマネジメント/04.分析/analysis_project/data/train.csv,train.csv,.csv,プロジェクト,株式会社青嶺不動産アセットマネジメント,04.分析,0,1023,1023
doc_82125ed4d019a613_chunk_0001,doc_82125ed4d019a613,1,プロジェクト/株式会社青嶺不動産アセットマネジメント/04.分析/analysis_project/data/train.csv,train.csv,.csv,プロジェクト,株式会社青嶺不動産アセットマネジメント,04.分析,823,1940,1117
doc_82125ed4d019a613_chunk_0002,doc_82125ed4d019a613,2,プロジェクト/株式会社青嶺不動産アセットマネジメント/04.分析/analysis_project/data/train.csv,train.csv,.csv,プロジェクト,株式会社青嶺不動産アセットマネジメント,04.分析,1740,2875,1135
doc_82125ed4d019a613_chunk_0003,doc_82125ed4d019a613,3,プロジェクト/株式会社青嶺不動産アセットマネジメント/04.分析/analysis_project/data/train.csv,train.csv,.csv,プロジェクト,株式会社青嶺不動産アセットマネジメント,04.分析,2675,3792,1117
doc_82125ed4d019a613_chunk_0004,doc_82125ed4d019a613,4,プロジェクト/株式会社青嶺不動産アセットマネジメント/04.分析/analysis_project/data/train.csv,train.csv,.csv,プロジェクト,株式会社青嶺不動産アセットマネジメント,04.分析,3592,4743,1151
doc_82125ed4d019a613_chunk_0005,doc_82125ed4d019a613,5,プロジェクト/株式会社青嶺不動産アセットマネジメント/04.分析/analysis_project/data/train.csv,train.csv,.csv,プロジェクト,株式会社青嶺不動産アセットマネジメント,04.分析,4543,5696,1153
doc_82125ed4d019a613_chunk_0006,doc_82125ed4d019a613,6,プロジェクト/株式会社青嶺不動産アセットマネジメント/04.分析/analysis_project/data/train.csv,train.csv,.csv,プロジェクト,株式会社青嶺不動産アセットマネジメント,04.分析,5496,6616,1120
doc_82125ed4d019a613_chunk_0007,doc_82125ed4d019a613,7,プロジェクト/株式会社青嶺不動産アセットマネジメント/04.分析/analysis_project/data/train.csv,train.csv,.csv,プロジェクト,株式会社青嶺不動産アセットマネジメント,04.分析,6416,7603,1187
doc_82125ed4d019a613_chunk_0008,doc_82125ed4d019a613,8,プロジェクト/株式会社青嶺不動産アセットマネジメント/04.分析/analysis_project/data/train.csv,train.csv,.csv,プロジェクト,株式会社青嶺不動産アセットマネジメント,04.分析,7403,8106,703
doc_6e2805f333f811a4_chunk_0000,doc_6e2805f333f811a4,0,プロジェクト/株式会社青潮モビリティサービス/04.分析/analysis_outputs/experiments/leaderboard.csv,leaderboard.csv,.csv,プロジェクト,株式会社青潮モビリティサービス,04.分析,0,1016,1016
doc_6e2805f333f811a4_chunk_0001,doc_6e2805f333f811a4,1,プロジェクト/株式会社青潮モビリティサービス/04.分析/analysis_outputs/experiments/leaderboard.csv,leaderboard.csv,.csv,プロジェクト,株式会社青潮モビリティサービス,04.分析,816,1998,1182
doc_6e2805f333f811a4_chunk_0002,doc_6e2805f333f811a4,2,プロジェクト/株式会社青潮モビリティサービス/04.分析/analysis_outputs/experiments/leaderboard.csv,leaderboard.csv,.csv,プロジェクト,株式会社青潮モビリティサービス,04.分析,1798,2940,1142
doc_6e2805f333f811a4_chunk_0003,doc_6e2805f333f811a4,3,プロジェクト/株式会社青潮モビリティサービス/04.分析/analysis_outputs/experiments/leaderboard.csv,leaderboard.csv,.csv,プロジェクト,株式会社青潮モビリティサービス,04.分析,2740,3900,1160
doc_6e2805f333f811a4_chunk_0004,doc_6e2805f333f811a4,4,プロジェクト/株式会社青潮モビリティサービス/04.分析/analysis_outputs/experiments/leaderboard.csv,leaderboard.csv,.csv,プロジェクト,株式会社青潮モビリティサービス,04.分析,3700,4476,776
doc_8289b30011ebfdb4_chunk_0000,doc_8289b30011ebfdb4,0,プロジェクト/株式会社青葉バイオメディカル機器/03.データ/train.csv,train.csv,.csv,プロジェクト,株式会社青葉バイオメディカル機器,03.データ,0,1185,1185
doc_8289b30011ebfdb4_chunk_0001,doc_8289b30011ebfdb4,1,プロジェクト/株式会社青葉バイオメディカル機器/03.データ/train.csv,train.csv,.csv,プロジェクト,株式会社青葉バイオメディカル機器,03.データ,985,2059,1073
doc_8289b30011ebfdb4_chunk_0002,doc_8289b30011ebfdb4,2,プロジェクト/株式会社青葉バイオメディカル機器/03.データ/train.csv,train.csv,.csv,プロジェクト,株式会社青葉バイオメディカル機器,03.データ,1859,2982,1123
doc_8289b30011ebfdb4_chunk_0003,doc_8289b30011ebfdb4,3,プロジェクト/株式会社青葉バイオメディカル機器/03.データ/train.csv,train.csv,.csv,プロジェクト,株式会社青葉バイオメディカル機器,03.データ,2782,3906,1124
doc_8289b30011ebfdb4_chunk_0004,doc_8289b30011ebfdb4,4,プロジェクト/株式会社青葉バイオメディカル機器/03.データ/train.csv,train.csv,.csv,プロジェクト,株式会社青葉バイオメディカル機器,03.データ,3706,4806,1100
doc_8289b30011ebfdb4_chunk_0005,doc_8289b30011ebfdb4,5,プロジェクト/株式会社青葉バイオメディカル機器/03.データ/train.csv,train.csv,.csv,プロジェクト,株式会社青葉バイオメディカル機器,03.データ,4606,5776,1170
doc_8289b30011ebfdb4_chunk_0006,doc_8289b30011ebfdb4,6,プロジェクト/株式会社青葉バイオメディカル機器/03.データ/train.csv,train.csv,.csv,プロジェクト,株式会社青葉バイオメディカル機器,03.データ,5576,6672,1096
doc_8289b30011ebfdb4_chunk_0007,doc_8289b30011ebfdb4,7,プロジェクト/株式会社青葉バイオメディカル機器/03.データ/train.csv,train.csv,.csv,プロジェクト,株式会社青葉バイオメディカル機器,03.データ,6472,7580,1108
doc_8289b30011ebfdb4_chunk_0008,doc_8289b30011ebfdb4,8,プロジェクト/株式会社青葉バイオメディカル機器/03.データ/train.csv,train.csv,.csv,プロジェクト,株式会社青葉バイオメディカル機器,03.データ,7380,8558,1178
doc_8289b30011ebfdb4_chunk_0009,doc_8289b30011ebfdb4,9,プロジェクト/株式会社青葉バイオメディカル機器/03.データ/train.csv,train.csv,.csv,プロジェクト,株式会社青葉バイオメディカル機器,03.データ,8358,9522,1164
doc_8289b30011ebfdb4_chunk_0010,doc_8289b30011ebfdb4,10,プロジェクト/株式会社青葉バイオメディカル機器/03.データ/train.csv,train.csv,.csv,プロジェクト,株式会社青葉バイオメディカル機器,03.データ,9322,10518,1196
doc_8289b30011ebfdb4_chunk_0011,doc_8289b30011ebfdb4,11,プロジェクト/株式会社青葉バイオメディカル機器/03.データ/train.csv,train.csv,.csv,プロジェクト,株式会社青葉バイオメディカル機器,03.データ,10318,11353,1035
doc_5361492f93699d0c_chunk_0000,doc_5361492f93699d0c,0,プロジェクト/株式会社青葉バイオメディカル機器/04.分析/analysis_outputs/experiments/leaderboard.csv,leaderboard.csv,.csv,プロジェクト,株式会社青葉バイオメディカル機器,04.分析,0,1018,1018
doc_5361492f93699d0c_chunk_0001,doc_5361492f93699d0c,1,プロジェクト/株式会社青葉バイオメディカル機器/04.分析/analysis_outputs/experiments/leaderboard.csv,leaderboard.csv,.csv,プロジェクト,株式会社青葉バイオメディカル機器,04.分析,818,1702,884
doc_5361492f93699d0c_chunk_0002,doc_5361492f93699d0c,2,プロジェクト/株式会社青葉バイオメディカル機器/04.分析/analysis_outputs/experiments/leaderboard.csv,leaderboard.csv,.csv,プロジェクト,株式会社青葉バイオメディカル機器,04.分析,1502,2554,1051
doc_5361492f93699d0c_chunk_0003,doc_5361492f93699d0c,3,プロジェクト/株式会社青葉バイオメディカル機器/04.分析/analysis_outputs/experiments/leaderboard.csv,leaderboard.csv,.csv,プロジェクト,株式会社青葉バイオメディカル機器,04.分析,2354,3476,1122
doc_5361492f93699d0c_chunk_0004,doc_5361492f93699d0c,4,プロジェクト/株式会社青葉バイオメディカル機器/04.分析/analysis_outputs/experiments/leaderboard.csv,leaderboard.csv,.csv,プロジェクト,株式会社青葉バイオメディカル機器,04.分析,3276,4237,961
doc_5361492f93699d0c_chunk_0005,doc_5361492f93699d0c,5,プロジェクト/株式会社青葉バイオメディカル機器/04.分析/analysis_outputs/experiments/leaderboard.csv,leaderboard.csv,.csv,プロジェクト,株式会社青葉バイオメディカル機器,04.分析,4037,5061,1024
doc_5361492f93699d0c_chunk_0006,doc_5361492f93699d0c,6,プロジェクト/株式会社青葉バイオメディカル機器/04.分析/analysis_outputs/experiments/leaderboard.csv,leaderboard.csv,.csv,プロジェクト,株式会社青葉バイオメディカル機器,04.分析,4861,5505,644
doc_558f0524ad87a81b_chunk_0000,doc_558f0524ad87a81b,0,プロジェクト/株式会社青葉バイオメディカル機器/04.分析/analysis_project/data/train.csv,train.csv,.csv,プロジェクト,株式会社青葉バイオメディカル機器,04.分析,0,1174,1174
doc_558f0524ad87a81b_chunk_0001,doc_558f0524ad87a81b,1,プロジェクト/株式会社青葉バイオメディカル機器/04.分析/analysis_project/data/train.csv,train.csv,.csv,プロジェクト,株式会社青葉バイオメディカル機器,04.分析,974,2079,1105
doc_558f0524ad87a81b_chunk_0002,doc_558f0524ad87a81b,2,プロジェクト/株式会社青葉バイオメディカル機器/04.分析/analysis_project/data/train.csv,train.csv,.csv,プロジェクト,株式会社青葉バイオメディカル機器,04.分析,1879,3002,1123
doc_558f0524ad87a81b_chunk_0003,doc_558f0524ad87a81b,3,プロジェクト/株式会社青葉バイオメディカル機器/04.分析/analysis_project/data/train.csv,train.csv,.csv,プロジェクト,株式会社青葉バイオメディカル機器,04.分析,2802,3926,1124
doc_558f0524ad87a81b_chunk_0004,doc_558f0524ad87a81b,4,プロジェクト/株式会社青葉バイオメディカル機器/04.分析/analysis_project/data/train.csv,train.csv,.csv,プロジェクト,株式会社青葉バイオメディカル機器,04.分析,3726,4826,1100
doc_558f0524ad87a81b_chunk_0005,doc_558f0524ad87a81b,5,プロジェクト/株式会社青葉バイオメディカル機器/04.分析/analysis_project/data/train.csv,train.csv,.csv,プロジェクト,株式会社青葉バイオメディカル機器,04.分析,4626,5796,1170
doc_558f0524ad87a81b_chunk_0006,doc_558f0524ad87a81b,6,プロジェクト/株式会社青葉バイオメディカル機器/04.分析/analysis_project/data/train.csv,train.csv,.csv,プロジェクト,株式会社青葉バイオメディカル機器,04.分析,5596,6692,1096
doc_558f0524ad87a81b_chunk_0007,doc_558f0524ad87a81b,7,プロジェクト/株式会社青葉バイオメディカル機器/04.分析/analysis_project/data/train.csv,train.csv,.csv,プロジェクト,株式会社青葉バイオメディカル機器,04.分析,6492,7600,1108
doc_558f0524ad87a81b_chunk_0008,doc_558f0524ad87a81b,8,プロジェクト/株式会社青葉バイオメディカル機器/04.分析/analysis_project/data/train.csv,train.csv,.csv,プロジェクト,株式会社青葉バイオメディカル機器,04.分析,7400,8578,1178
doc_558f0524ad87a81b_chunk_0009,doc_558f0524ad87a81b,9,プロジェクト/株式会社青葉バイオメディカル機器/04.分析/analysis_project/data/train.csv,train.csv,.csv,プロジェクト,株式会社青葉バイオメディカル機器,04.分析,8378,9542,1164
doc_558f0524ad87a81b_chunk_0010,doc_558f0524ad87a81b,10,プロジェクト/株式会社青葉バイオメディカル機器/04.分析/analysis_project/data/train.csv,train.csv,.csv,プロジェクト,株式会社青葉バイオメディカル機器,04.分析,9342,10538,1196
doc_558f0524ad87a81b_chunk_0011,doc_558f0524ad87a81b,11,プロジェクト/株式会社青葉バイオメディカル機器/04.分析/analysis_project/data/train.csv,train.csv,.csv,プロジェクト,株式会社青葉バイオメディカル機器,04.分析,10338,11373,1035
doc_e2f7ed7ede4cfe4f_chunk_0000,doc_e2f7ed7ede4cfe4f,0,プロジェクト/白峰信用リスク評価株式会社/03.データ/train.csv,train.csv,.csv,プロジェクト,白峰信用リスク評価株式会社,03.データ,0,1186,1186
doc_e2f7ed7ede4cfe4f_chunk_0001,doc_e2f7ed7ede4cfe4f,1,プロジェクト/白峰信用リスク評価株式会社/03.データ/train.csv,train.csv,.csv,プロジェクト,白峰信用リスク評価株式会社,03.データ,986,2179,1193
doc_e2f7ed7ede4cfe4f_chunk_0002,doc_e2f7ed7ede4cfe4f,2,プロジェクト/白峰信用リスク評価株式会社/03.データ/train.csv,train.csv,.csv,プロジェクト,白峰信用リスク評価株式会社,03.データ,1979,3154,1174
doc_e2f7ed7ede4cfe4f_chunk_0003,doc_e2f7ed7ede4cfe4f,3,プロジェクト/白峰信用リスク評価株式会社/03.データ/train.csv,train.csv,.csv,プロジェクト,白峰信用リスク評価株式会社,03.データ,2954,4135,1181
doc_e2f7ed7ede4cfe4f_chunk_0004,doc_e2f7ed7ede4cfe4f,4,プロジェクト/白峰信用リスク評価株式会社/03.データ/train.csv,train.csv,.csv,プロジェクト,白峰信用リスク評価株式会社,03.データ,3935,5135,1200
doc_e2f7ed7ede4cfe4f_chunk_0005,doc_e2f7ed7ede4cfe4f,5,プロジェクト/白峰信用リスク評価株式会社/03.データ/train.csv,train.csv,.csv,プロジェクト,白峰信用リスク評価株式会社,03.データ,4935,5676,741
doc_e2f7ed7ede4cfe4f_chunk_0006,doc_e2f7ed7ede4cfe4f,6,プロジェクト/白峰信用リスク評価株式会社/03.データ/train.csv,train.csv,.csv,プロジェクト,白峰信用リスク評価株式会社,03.データ,5476,6676,1200
doc_e2f7ed7ede4cfe4f_chunk_0007,doc_e2f7ed7ede4cfe4f,7,プロジェクト/白峰信用リスク評価株式会社/03.データ/train.csv,train.csv,.csv,プロジェクト,白峰信用リスク評価株式会社,03.データ,6476,7676,1200
doc_e2f7ed7ede4cfe4f_chunk_0008,doc_e2f7ed7ede4cfe4f,8,プロジェクト/白峰信用リスク評価株式会社/03.データ/train.csv,train.csv,.csv,プロジェクト,白峰信用リスク評価株式会社,03.データ,7476,8676,1200
doc_e2f7ed7ede4cfe4f_chunk_0009,doc_e2f7ed7ede4cfe4f,9,プロジェクト/白峰信用リスク評価株式会社/03.データ/train.csv,train.csv,.csv,プロジェクト,白峰信用リスク評価株式会社,03.データ,8476,9676,1200
doc_e2f7ed7ede4cfe4f_chunk_0010,doc_e2f7ed7ede4cfe4f,10,プロジェクト/白峰信用リスク評価株式会社/03.データ/train.csv,train.csv,.csv,プロジェクト,白峰信用リスク評価株式会社,03.データ,9476,10676,1200
doc_e2f7ed7ede4cfe4f_chunk_0011,doc_e2f7ed7ede4cfe4f,11,プロジェクト/白峰信用リスク評価株式会社/03.データ/train.csv,train.csv,.csv,プロジェクト,白峰信用リスク評価株式会社,03.データ,10476,11208,732
doc_e2f7ed7ede4cfe4f_chunk_0012,doc_e2f7ed7ede4cfe4f,12,プロジェクト/白峰信用リスク評価株式会社/03.データ/train.csv,train.csv,.csv,プロジェクト,白峰信用リスク評価株式会社,03.データ,11008,12208,1200
doc_e2f7ed7ede4cfe4f_chunk_0013,doc_e2f7ed7ede4cfe4f,13,プロジェクト/白峰信用リスク評価株式会社/03.データ/train.csv,train.csv,.csv,プロジェクト,白峰信用リスク評価株式会社,03.データ,12008,13198,1190
doc_e2f7ed7ede4cfe4f_chunk_0014,doc_e2f7ed7ede4cfe4f,14,プロジェクト/白峰信用リスク評価株式会社/03.データ/train.csv,train.csv,.csv,プロジェクト,白峰信用リスク評価株式会社,03.データ,12998,13733,735
doc_e2f7ed7ede4cfe4f_chunk_0015,doc_e2f7ed7ede4cfe4f,15,プロジェクト/白峰信用リスク評価株式会社/03.データ/train.csv,train.csv,.csv,プロジェクト,白峰信用リスク評価株式会社,03.データ,13533,14733,1200
doc_e2f7ed7ede4cfe4f_chunk_0016,doc_e2f7ed7ede4cfe4f,16,プロジェクト/白峰信用リスク評価株式会社/03.データ/train.csv,train.csv,.csv,プロジェクト,白峰信用リスク評価株式会社,03.データ,14533,15733,1200
doc_e2f7ed7ede4cfe4f_chunk_0017,doc_e2f7ed7ede4cfe4f,17,プロジェクト/白峰信用リスク評価株式会社/03.データ/train.csv,train.csv,.csv,プロジェクト,白峰信用リスク評価株式会社,03.データ,15533,16271,738
doc_e2f7ed7ede4cfe4f_chunk_0018,doc_e2f7ed7ede4cfe4f,18,プロジェクト/白峰信用リスク評価株式会社/03.データ/train.csv,train.csv,.csv,プロジェクト,白峰信用リスク評価株式会社,03.データ,16071,17258,1187
doc_e2f7ed7ede4cfe4f_chunk_0019,doc_e2f7ed7ede4cfe4f,19,プロジェクト/白峰信用リスク評価株式会社/03.データ/train.csv,train.csv,.csv,プロジェクト,白峰信用リスク評価株式会社,03.データ,17058,18258,1200
doc_e2f7ed7ede4cfe4f_chunk_0020,doc_e2f7ed7ede4cfe4f,20,プロジェクト/白峰信用リスク評価株式会社/03.データ/train.csv,train.csv,.csv,プロジェクト,白峰信用リスク評価株式会社,03.データ,18058,18801,743
doc_e2f7ed7ede4cfe4f_chunk_0021,doc_e2f7ed7ede4cfe4f,21,プロジェクト/白峰信用リスク評価株式会社/03.データ/train.csv,train.csv,.csv,プロジェクト,白峰信用リスク評価株式会社,03.データ,18601,19801,1200
doc_e2f7ed7ede4cfe4f_chunk_0022,doc_e2f7ed7ede4cfe4f,22,プロジェクト/白峰信用リスク評価株式会社/03.データ/train.csv,train.csv,.csv,プロジェクト,白峰信用リスク評価株式会社,03.データ,19601,20347,746
doc_e2f7ed7ede4cfe4f_chunk_0023,doc_e2f7ed7ede4cfe4f,23,プロジェクト/白峰信用リスク評価株式会社/03.データ/train.csv,train.csv,.csv,プロジェクト,白峰信用リスク評価株式会社,03.データ,20147,20892,745
doc_e2f7ed7ede4cfe4f_chunk_0024,doc_e2f7ed7ede4cfe4f,24,プロジェクト/白峰信用リスク評価株式会社/03.データ/train.csv,train.csv,.csv,プロジェクト,白峰信用リスク評価株式会社,03.データ,20692,21418,726
doc_e2f7ed7ede4cfe4f_chunk_0025,doc_e2f7ed7ede4cfe4f,25,プロジェクト/白峰信用リスク評価株式会社/03.データ/train.csv,train.csv,.csv,プロジェクト,白峰信用リスク評価株式会社,03.データ,21218,21942,724
doc_e2f7ed7ede4cfe4f_chunk_0026,doc_e2f7ed7ede4cfe4f,26,プロジェクト/白峰信用リスク評価株式会社/03.データ/train.csv,train.csv,.csv,プロジェクト,白峰信用リスク評価株式会社,03.データ,21742,22465,723
doc_e2f7ed7ede4cfe4f_chunk_0027,doc_e2f7ed7ede4cfe4f,27,プロジェクト/白峰信用リスク評価株式会社/03.データ/train.csv,train.csv,.csv,プロジェクト,白峰信用リスク評価株式会社,03.データ,22265,23462,1195
doc_e2f7ed7ede4cfe4f_chunk_0028,doc_e2f7ed7ede4cfe4f,28,プロジェクト/白峰信用リスク評価株式会社/03.データ/train.csv,train.csv,.csv,プロジェクト,白峰信用リスク評価株式会社,03.データ,23262,24372,1110
doc_e2f7ed7ede4cfe4f_chunk_0029,doc_e2f7ed7ede4cfe4f,29,プロジェクト/白峰信用リスク評価株式会社/03.データ/train.csv,train.csv,.csv,プロジェクト,白峰信用リスク評価株式会社,03.データ,24172,25258,1086
doc_e2f7ed7ede4cfe4f_chunk_0030,doc_e2f7ed7ede4cfe4f,30,プロジェクト/白峰信用リスク評価株式会社/03.データ/train.csv,train.csv,.csv,プロジェクト,白峰信用リスク評価株式会社,03.データ,25058,26190,1132
doc_e2f7ed7ede4cfe4f_chunk_0031,doc_e2f7ed7ede4cfe4f,31,プロジェクト/白峰信用リスク評価株式会社/03.データ/train.csv,train.csv,.csv,プロジェクト,白峰信用リスク評価株式会社,03.データ,25990,27101,1111
doc_e2f7ed7ede4cfe4f_chunk_0032,doc_e2f7ed7ede4cfe4f,32,プロジェクト/白峰信用リスク評価株式会社/03.データ/train.csv,train.csv,.csv,プロジェクト,白峰信用リスク評価株式会社,03.データ,26901,28057,1156
doc_e2f7ed7ede4cfe4f_chunk_0033,doc_e2f7ed7ede4cfe4f,33,プロジェクト/白峰信用リスク評価株式会社/03.データ/train.csv,train.csv,.csv,プロジェクト,白峰信用リスク評価株式会社,03.データ,27857,29054,1197
doc_e2f7ed7ede4cfe4f_chunk_0034,doc_e2f7ed7ede4cfe4f,34,プロジェクト/白峰信用リスク評価株式会社/03.データ/train.csv,train.csv,.csv,プロジェクト,白峰信用リスク評価株式会社,03.データ,28854,30044,1190
doc_e2f7ed7ede4cfe4f_chunk_0035,doc_e2f7ed7ede4cfe4f,35,プロジェクト/白峰信用リスク評価株式会社/03.データ/train.csv,train.csv,.csv,プロジェクト,白峰信用リスク評価株式会社,03.データ,29844,30072,228
doc_d462e58e8efafb0a_chunk_0000,doc_d462e58e8efafb0a,0,プロジェクト/白峰信用リスク評価株式会社/04.分析/analysis_outputs/experiments/leaderboard.csv,leaderboard.csv,.csv,プロジェクト,白峰信用リスク評価株式会社,04.分析,0,1175,1175
doc_d462e58e8efafb0a_chunk_0001,doc_d462e58e8efafb0a,1,プロジェクト/白峰信用リスク評価株式会社/04.分析/analysis_outputs/experiments/leaderboard.csv,leaderboard.csv,.csv,プロジェクト,白峰信用リスク評価株式会社,04.分析,975,1689,714
doc_c24302a2e2b18332_chunk_0000,doc_c24302a2e2b18332,0,プロジェクト/白峰信用リスク評価株式会社/04.分析/analysis_project/data/train.csv,train.csv,.csv,プロジェクト,白峰信用リスク評価株式会社,04.分析,0,1191,1191
doc_c24302a2e2b18332_chunk_0001,doc_c24302a2e2b18332,1,プロジェクト/白峰信用リスク評価株式会社/04.分析/analysis_project/data/train.csv,train.csv,.csv,プロジェクト,白峰信用リスク評価株式会社,04.分析,991,2190,1199
doc_c24302a2e2b18332_chunk_0002,doc_c24302a2e2b18332,2,プロジェクト/白峰信用リスク評価株式会社/04.分析/analysis_project/data/train.csv,train.csv,.csv,プロジェクト,白峰信用リスク評価株式会社,04.分析,1990,3174,1184
doc_c24302a2e2b18332_chunk_0003,doc_c24302a2e2b18332,3,プロジェクト/白峰信用リスク評価株式会社/04.分析/analysis_project/data/train.csv,train.csv,.csv,プロジェクト,白峰信用リスク評価株式会社,04.分析,2974,4155,1181
doc_c24302a2e2b18332_chunk_0004,doc_c24302a2e2b18332,4,プロジェクト/白峰信用リスク評価株式会社/04.分析/analysis_project/data/train.csv,train.csv,.csv,プロジェクト,白峰信用リスク評価株式会社,04.分析,3955,5155,1200
doc_c24302a2e2b18332_chunk_0005,doc_c24302a2e2b18332,5,プロジェクト/白峰信用リスク評価株式会社/04.分析/analysis_project/data/train.csv,train.csv,.csv,プロジェクト,白峰信用リスク評価株式会社,04.分析,4955,5696,741
doc_c24302a2e2b18332_chunk_0006,doc_c24302a2e2b18332,6,プロジェクト/白峰信用リスク評価株式会社/04.分析/analysis_project/data/train.csv,train.csv,.csv,プロジェクト,白峰信用リスク評価株式会社,04.分析,5496,6696,1200
doc_c24302a2e2b18332_chunk_0007,doc_c24302a2e2b18332,7,プロジェクト/白峰信用リスク評価株式会社/04.分析/analysis_project/data/train.csv,train.csv,.csv,プロジェクト,白峰信用リスク評価株式会社,04.分析,6496,7696,1200
doc_c24302a2e2b18332_chunk_0008,doc_c24302a2e2b18332,8,プロジェクト/白峰信用リスク評価株式会社/04.分析/analysis_project/data/train.csv,train.csv,.csv,プロジェクト,白峰信用リスク評価株式会社,04.分析,7496,8696,1200
doc_c24302a2e2b18332_chunk_0009,doc_c24302a2e2b18332,9,プロジェクト/白峰信用リスク評価株式会社/04.分析/analysis_project/data/train.csv,train.csv,.csv,プロジェクト,白峰信用リスク評価株式会社,04.分析,8496,9696,1200
doc_c24302a2e2b18332_chunk_0010,doc_c24302a2e2b18332,10,プロジェクト/白峰信用リスク評価株式会社/04.分析/analysis_project/data/train.csv,train.csv,.csv,プロジェクト,白峰信用リスク評価株式会社,04.分析,9496,10696,1200
doc_c24302a2e2b18332_chunk_0011,doc_c24302a2e2b18332,11,プロジェクト/白峰信用リスク評価株式会社/04.分析/analysis_project/data/train.csv,train.csv,.csv,プロジェクト,白峰信用リスク評価株式会社,04.分析,10496,11228,732
doc_c24302a2e2b18332_chunk_0012,doc_c24302a2e2b18332,12,プロジェクト/白峰信用リスク評価株式会社/04.分析/analysis_project/data/train.csv,train.csv,.csv,プロジェクト,白峰信用リスク評価株式会社,04.分析,11028,12228,1200
doc_c24302a2e2b18332_chunk_0013,doc_c24302a2e2b18332,13,プロジェクト/白峰信用リスク評価株式会社/04.分析/analysis_project/data/train.csv,train.csv,.csv,プロジェクト,白峰信用リスク評価株式会社,04.分析,12028,13218,1190
doc_c24302a2e2b18332_chunk_0014,doc_c24302a2e2b18332,14,プロジェクト/白峰信用リスク評価株式会社/04.分析/analysis_project/data/train.csv,train.csv,.csv,プロジェクト,白峰信用リスク評価株式会社,04.分析,13018,13753,735
doc_c24302a2e2b18332_chunk_0015,doc_c24302a2e2b18332,15,プロジェクト/白峰信用リスク評価株式会社/04.分析/analysis_project/data/train.csv,train.csv,.csv,プロジェクト,白峰信用リスク評価株式会社,04.分析,13553,14753,1200
doc_c24302a2e2b18332_chunk_0016,doc_c24302a2e2b18332,16,プロジェクト/白峰信用リスク評価株式会社/04.分析/analysis_project/data/train.csv,train.csv,.csv,プロジェクト,白峰信用リスク評価株式会社,04.分析,14553,15753,1200
doc_c24302a2e2b18332_chunk_0017,doc_c24302a2e2b18332,17,プロジェクト/白峰信用リスク評価株式会社/04.分析/analysis_project/data/train.csv,train.csv,.csv,プロジェクト,白峰信用リスク評価株式会社,04.分析,15553,16291,738
doc_c24302a2e2b18332_chunk_0018,doc_c24302a2e2b18332,18,プロジェクト/白峰信用リスク評価株式会社/04.分析/analysis_project/data/train.csv,train.csv,.csv,プロジェクト,白峰信用リスク評価株式会社,04.分析,16091,17278,1187
doc_c24302a2e2b18332_chunk_0019,doc_c24302a2e2b18332,19,プロジェクト/白峰信用リスク評価株式会社/04.分析/analysis_project/data/train.csv,train.csv,.csv,プロジェクト,白峰信用リスク評価株式会社,04.分析,17078,18278,1200
doc_c24302a2e2b18332_chunk_0020,doc_c24302a2e2b18332,20,プロジェクト/白峰信用リスク評価株式会社/04.分析/analysis_project/data/train.csv,train.csv,.csv,プロジェクト,白峰信用リスク評価株式会社,04.分析,18078,18821,743
doc_c24302a2e2b18332_chunk_0021,doc_c24302a2e2b18332,21,プロジェクト/白峰信用リスク評価株式会社/04.分析/analysis_project/data/train.csv,train.csv,.csv,プロジェクト,白峰信用リスク評価株式会社,04.分析,18621,19821,1200
doc_c24302a2e2b18332_chunk_0022,doc_c24302a2e2b18332,22,プロジェクト/白峰信用リスク評価株式会社/04.分析/analysis_project/data/train.csv,train.csv,.csv,プロジェクト,白峰信用リスク評価株式会社,04.分析,19621,20367,746
doc_c24302a2e2b18332_chunk_0023,doc_c24302a2e2b18332,23,プロジェクト/白峰信用リスク評価株式会社/04.分析/analysis_project/data/train.csv,train.csv,.csv,プロジェクト,白峰信用リスク評価株式会社,04.分析,20167,20912,745
doc_c24302a2e2b18332_chunk_0024,doc_c24302a2e2b18332,24,プロジェクト/白峰信用リスク評価株式会社/04.分析/analysis_project/data/train.csv,train.csv,.csv,プロジェクト,白峰信用リスク評価株式会社,04.分析,20712,21438,726
doc_c24302a2e2b18332_chunk_0025,doc_c24302a2e2b18332,25,プロジェクト/白峰信用リスク評価株式会社/04.分析/analysis_project/data/train.csv,train.csv,.csv,プロジェクト,白峰信用リスク評価株式会社,04.分析,21238,21962,724
doc_c24302a2e2b18332_chunk_0026,doc_c24302a2e2b18332,26,プロジェクト/白峰信用リスク評価株式会社/04.分析/analysis_project/data/train.csv,train.csv,.csv,プロジェクト,白峰信用リスク評価株式会社,04.分析,21762,22485,723
doc_c24302a2e2b18332_chunk_0027,doc_c24302a2e2b18332,27,プロジェクト/白峰信用リスク評価株式会社/04.分析/analysis_project/data/train.csv,train.csv,.csv,プロジェクト,白峰信用リスク評価株式会社,04.分析,22285,23482,1195
doc_c24302a2e2b18332_chunk_0028,doc_c24302a2e2b18332,28,プロジェクト/白峰信用リスク評価株式会社/04.分析/analysis_project/data/train.csv,train.csv,.csv,プロジェクト,白峰信用リスク評価株式会社,04.分析,23282,24392,1110
doc_c24302a2e2b18332_chunk_0029,doc_c24302a2e2b18332,29,プロジェクト/白峰信用リスク評価株式会社/04.分析/analysis_project/data/train.csv,train.csv,.csv,プロジェクト,白峰信用リスク評価株式会社,04.分析,24192,25278,1086
doc_c24302a2e2b18332_chunk_0030,doc_c24302a2e2b18332,30,プロジェクト/白峰信用リスク評価株式会社/04.分析/analysis_project/data/train.csv,train.csv,.csv,プロジェクト,白峰信用リスク評価株式会社,04.分析,25078,26210,1132
doc_c24302a2e2b18332_chunk_0031,doc_c24302a2e2b18332,31,プロジェクト/白峰信用リスク評価株式会社/04.分析/analysis_project/data/train.csv,train.csv,.csv,プロジェクト,白峰信用リスク評価株式会社,04.分析,26010,27121,1111
doc_c24302a2e2b18332_chunk_0032,doc_c24302a2e2b18332,32,プロジェクト/白峰信用リスク評価株式会社/04.分析/analysis_project/data/train.csv,train.csv,.csv,プロジェクト,白峰信用リスク評価株式会社,04.分析,26921,28077,1156
doc_c24302a2e2b18332_chunk_0033,doc_c24302a2e2b18332,33,プロジェクト/白峰信用リスク評価株式会社/04.分析/analysis_project/data/train.csv,train.csv,.csv,プロジェクト,白峰信用リスク評価株式会社,04.分析,27877,29074,1197
doc_c24302a2e2b18332_chunk_0034,doc_c24302a2e2b18332,34,プロジェクト/白峰信用リスク評価株式会社/04.分析/analysis_project/data/train.csv,train.csv,.csv,プロジェクト,白峰信用リスク評価株式会社,04.分析,28874,30064,1190
doc_c24302a2e2b18332_chunk_0035,doc_c24302a2e2b18332,35,プロジェクト/白峰信用リスク評価株式会社/04.分析/analysis_project/data/train.csv,train.csv,.csv,プロジェクト,白峰信用リスク評価株式会社,04.分析,29864,30092,228
doc_54f7a587902566e7_chunk_0000,doc_54f7a587902566e7,0,プロジェクト/青葉与信マネジメント株式会社/03.データ/train.csv,train.csv,.csv,プロジェクト,青葉与信マネジメント株式会社,03.データ,0,1177,1177
doc_54f7a587902566e7_chunk_0001,doc_54f7a587902566e7,1,プロジェクト/青葉与信マネジメント株式会社/03.データ/train.csv,train.csv,.csv,プロジェクト,青葉与信マネジメント株式会社,03.データ,977,2129,1152
doc_54f7a587902566e7_chunk_0002,doc_54f7a587902566e7,2,プロジェクト/青葉与信マネジメント株式会社/03.データ/train.csv,train.csv,.csv,プロジェクト,青葉与信マネジメント株式会社,03.データ,1929,3041,1112
doc_54f7a587902566e7_chunk_0003,doc_54f7a587902566e7,3,プロジェクト/青葉与信マネジメント株式会社/03.データ/train.csv,train.csv,.csv,プロジェクト,青葉与信マネジメント株式会社,03.データ,2841,3998,1157
doc_54f7a587902566e7_chunk_0004,doc_54f7a587902566e7,4,プロジェクト/青葉与信マネジメント株式会社/03.データ/train.csv,train.csv,.csv,プロジェクト,青葉与信マネジメント株式会社,03.データ,3798,4988,1190
doc_54f7a587902566e7_chunk_0005,doc_54f7a587902566e7,5,プロジェクト/青葉与信マネジメント株式会社/03.データ/train.csv,train.csv,.csv,プロジェクト,青葉与信マネジメント株式会社,03.データ,4788,5384,596
doc_f9e73324bba4c52d_chunk_0000,doc_f9e73324bba4c52d,0,プロジェクト/青葉与信マネジメント株式会社/04.分析/analysis_outputs/experiments/leaderboard.csv,leaderboard.csv,.csv,プロジェクト,青葉与信マネジメント株式会社,04.分析,0,1141,1141
doc_f9e73324bba4c52d_chunk_0001,doc_f9e73324bba4c52d,1,プロジェクト/青葉与信マネジメント株式会社/04.分析/analysis_outputs/experiments/leaderboard.csv,leaderboard.csv,.csv,プロジェクト,青葉与信マネジメント株式会社,04.分析,941,1765,824
doc_22cccbd0e3648b72_chunk_0000,doc_22cccbd0e3648b72,0,プロジェクト/青葉与信マネジメント株式会社/04.分析/analysis_project/artifacts/analysis_outputs/train_preview.csv,train_preview.csv,.csv,プロジェクト,青葉与信マネジメント株式会社,04.分析,0,1152,1152
doc_22cccbd0e3648b72_chunk_0001,doc_22cccbd0e3648b72,1,プロジェクト/青葉与信マネジメント株式会社/04.分析/analysis_project/artifacts/analysis_outputs/train_preview.csv,train_preview.csv,.csv,プロジェクト,青葉与信マネジメント株式会社,04.分析,952,2101,1149
doc_22cccbd0e3648b72_chunk_0002,doc_22cccbd0e3648b72,2,プロジェクト/青葉与信マネジメント株式会社/04.分析/analysis_project/artifacts/analysis_outputs/train_preview.csv,train_preview.csv,.csv,プロジェクト,青葉与信マネジメント株式会社,04.分析,1901,3048,1147
doc_22cccbd0e3648b72_chunk_0003,doc_22cccbd0e3648b72,3,プロジェクト/青葉与信マネジメント株式会社/04.分析/analysis_project/artifacts/analysis_outputs/train_preview.csv,train_preview.csv,.csv,プロジェクト,青葉与信マネジメント株式会社,04.分析,2848,3993,1145
doc_22cccbd0e3648b72_chunk_0004,doc_22cccbd0e3648b72,4,プロジェクト/青葉与信マネジメント株式会社/04.分析/analysis_project/artifacts/analysis_outputs/train_preview.csv,train_preview.csv,.csv,プロジェクト,青葉与信マネジメント株式会社,04.分析,3793,4937,1144
doc_22cccbd0e3648b72_chunk_0005,doc_22cccbd0e3648b72,5,プロジェクト/青葉与信マネジメント株式会社/04.分析/analysis_project/artifacts/analysis_outputs/train_preview.csv,train_preview.csv,.csv,プロジェクト,青葉与信マネジメント株式会社,04.分析,4737,5881,1144
doc_22cccbd0e3648b72_chunk_0006,doc_22cccbd0e3648b72,6,プロジェクト/青葉与信マネジメント株式会社/04.分析/analysis_project/artifacts/analysis_outputs/train_preview.csv,train_preview.csv,.csv,プロジェクト,青葉与信マネジメント株式会社,04.分析,5681,6814,1133
doc_22cccbd0e3648b72_chunk_0007,doc_22cccbd0e3648b72,7,プロジェクト/青葉与信マネジメント株式会社/04.分析/analysis_project/artifacts/analysis_outputs/train_preview.csv,train_preview.csv,.csv,プロジェクト,青葉与信マネジメント株式会社,04.分析,6614,7776,1162
doc_22cccbd0e3648b72_chunk_0008,doc_22cccbd0e3648b72,8,プロジェクト/青葉与信マネジメント株式会社/04.分析/analysis_project/artifacts/analysis_outputs/train_preview.csv,train_preview.csv,.csv,プロジェクト,青葉与信マネジメント株式会社,04.分析,7576,8728,1152
doc_22cccbd0e3648b72_chunk_0009,doc_22cccbd0e3648b72,9,プロジェクト/青葉与信マネジメント株式会社/04.分析/analysis_project/artifacts/analysis_outputs/train_preview.csv,train_preview.csv,.csv,プロジェクト,青葉与信マネジメント株式会社,04.分析,8528,9686,1158
doc_22cccbd0e3648b72_chunk_0010,doc_22cccbd0e3648b72,10,プロジェクト/青葉与信マネジメント株式会社/04.分析/analysis_project/artifacts/analysis_outputs/train_preview.csv,train_preview.csv,.csv,プロジェクト,青葉与信マネジメント株式会社,04.分析,9486,10658,1172
doc_22cccbd0e3648b72_chunk_0011,doc_22cccbd0e3648b72,11,プロジェクト/青葉与信マネジメント株式会社/04.分析/analysis_project/artifacts/analysis_outputs/train_preview.csv,train_preview.csv,.csv,プロジェクト,青葉与信マネジメント株式会社,04.分析,10458,11611,1153
doc_22cccbd0e3648b72_chunk_0012,doc_22cccbd0e3648b72,12,プロジェクト/青葉与信マネジメント株式会社/04.分析/analysis_project/artifacts/analysis_outputs/train_preview.csv,train_preview.csv,.csv,プロジェクト,青葉与信マネジメント株式会社,04.分析,11411,12572,1161
doc_22cccbd0e3648b72_chunk_0013,doc_22cccbd0e3648b72,13,プロジェクト/青葉与信マネジメント株式会社/04.分析/analysis_project/artifacts/analysis_outputs/train_preview.csv,train_preview.csv,.csv,プロジェクト,青葉与信マネジメント株式会社,04.分析,12372,13520,1148
doc_22cccbd0e3648b72_chunk_0014,doc_22cccbd0e3648b72,14,プロジェクト/青葉与信マネジメント株式会社/04.分析/analysis_project/artifacts/analysis_outputs/train_preview.csv,train_preview.csv,.csv,プロジェクト,青葉与信マネジメント株式会社,04.分析,13320,14493,1173
doc_22cccbd0e3648b72_chunk_0015,doc_22cccbd0e3648b72,15,プロジェクト/青葉与信マネジメント株式会社/04.分析/analysis_project/artifacts/analysis_outputs/train_preview.csv,train_preview.csv,.csv,プロジェクト,青葉与信マネジメント株式会社,04.分析,14293,15448,1155
doc_22cccbd0e3648b72_chunk_0016,doc_22cccbd0e3648b72,16,プロジェクト/青葉与信マネジメント株式会社/04.分析/analysis_project/artifacts/analysis_outputs/train_preview.csv,train_preview.csv,.csv,プロジェクト,青葉与信マネジメント株式会社,04.分析,15248,16405,1157
doc_22cccbd0e3648b72_chunk_0017,doc_22cccbd0e3648b72,17,プロジェクト/青葉与信マネジメント株式会社/04.分析/analysis_project/artifacts/analysis_outputs/train_preview.csv,train_preview.csv,.csv,プロジェクト,青葉与信マネジメント株式会社,04.分析,16205,17368,1163
doc_22cccbd0e3648b72_chunk_0018,doc_22cccbd0e3648b72,18,プロジェクト/青葉与信マネジメント株式会社/04.分析/analysis_project/artifacts/analysis_outputs/train_preview.csv,train_preview.csv,.csv,プロジェクト,青葉与信マネジメント株式会社,04.分析,17168,18086,918
doc_1cd270041a996a35_chunk_0000,doc_1cd270041a996a35,0,プロジェクト/青葉与信マネジメント株式会社/04.分析/analysis_project/data/train.csv,train.csv,.csv,プロジェクト,青葉与信マネジメント株式会社,04.分析,0,1197,1197
doc_1cd270041a996a35_chunk_0001,doc_1cd270041a996a35,1,プロジェクト/青葉与信マネジメント株式会社/04.分析/analysis_project/data/train.csv,train.csv,.csv,プロジェクト,青葉与信マネジメント株式会社,04.分析,997,2149,1152
doc_1cd270041a996a35_chunk_0002,doc_1cd270041a996a35,2,プロジェクト/青葉与信マネジメント株式会社/04.分析/analysis_project/data/train.csv,train.csv,.csv,プロジェクト,青葉与信マネジメント株式会社,04.分析,1949,3061,1112
doc_1cd270041a996a35_chunk_0003,doc_1cd270041a996a35,3,プロジェクト/青葉与信マネジメント株式会社/04.分析/analysis_project/data/train.csv,train.csv,.csv,プロジェクト,青葉与信マネジメント株式会社,04.分析,2861,4018,1157
doc_1cd270041a996a35_chunk_0004,doc_1cd270041a996a35,4,プロジェクト/青葉与信マネジメント株式会社/04.分析/analysis_project/data/train.csv,train.csv,.csv,プロジェクト,青葉与信マネジメント株式会社,04.分析,3818,5008,1190
doc_1cd270041a996a35_chunk_0005,doc_1cd270041a996a35,5,プロジェクト/青葉与信マネジメント株式会社/04.分析/analysis_project/data/train.csv,train.csv,.csv,プロジェクト,青葉与信マネジメント株式会社,04.分析,4808,5404,596
doc_f74251b3e48af6b1_chunk_0000,doc_f74251b3e48af6b1,0,プロジェクト/京橋信用ソリューションズ株式会社/04.分析/analysis_project/notebooks/01_eda.ipynb,01_eda.ipynb,.ipynb,プロジェクト,京橋信用ソリューションズ株式会社,04.分析,0,1199,1199
doc_f74251b3e48af6b1_chunk_0001,doc_f74251b3e48af6b1,1,プロジェクト/京橋信用ソリューションズ株式会社/04.分析/analysis_project/notebooks/01_eda.ipynb,01_eda.ipynb,.ipynb,プロジェクト,京橋信用ソリューションズ株式会社,04.分析,999,2166,1163
doc_f74251b3e48af6b1_chunk_0002,doc_f74251b3e48af6b1,2,プロジェクト/京橋信用ソリューションズ株式会社/04.分析/analysis_project/notebooks/01_eda.ipynb,01_eda.ipynb,.ipynb,プロジェクト,京橋信用ソリューションズ株式会社,04.分析,1966,3159,1192
doc_f74251b3e48af6b1_chunk_0003,doc_f74251b3e48af6b1,3,プロジェクト/京橋信用ソリューションズ株式会社/04.分析/analysis_project/notebooks/01_eda.ipynb,01_eda.ipynb,.ipynb,プロジェクト,京橋信用ソリューションズ株式会社,04.分析,2959,4141,1182
doc_f74251b3e48af6b1_chunk_0004,doc_f74251b3e48af6b1,4,プロジェクト/京橋信用ソリューションズ株式会社/04.分析/analysis_project/notebooks/01_eda.ipynb,01_eda.ipynb,.ipynb,プロジェクト,京橋信用ソリューションズ株式会社,04.分析,3941,5114,1170
doc_f74251b3e48af6b1_chunk_0005,doc_f74251b3e48af6b1,5,プロジェクト/京橋信用ソリューションズ株式会社/04.分析/analysis_project/notebooks/01_eda.ipynb,01_eda.ipynb,.ipynb,プロジェクト,京橋信用ソリューションズ株式会社,04.分析,4914,6072,1158
doc_f74251b3e48af6b1_chunk_0006,doc_f74251b3e48af6b1,6,プロジェクト/京橋信用ソリューションズ株式会社/04.分析/analysis_project/notebooks/01_eda.ipynb,01_eda.ipynb,.ipynb,プロジェクト,京橋信用ソリューションズ株式会社,04.分析,5872,7064,1192
doc_f74251b3e48af6b1_chunk_0007,doc_f74251b3e48af6b1,7,プロジェクト/京橋信用ソリューションズ株式会社/04.分析/analysis_project/notebooks/01_eda.ipynb,01_eda.ipynb,.ipynb,プロジェクト,京橋信用ソリューションズ株式会社,04.分析,6864,8045,1180
doc_f74251b3e48af6b1_chunk_0008,doc_f74251b3e48af6b1,8,プロジェクト/京橋信用ソリューションズ株式会社/04.分析/analysis_project/notebooks/01_eda.ipynb,01_eda.ipynb,.ipynb,プロジェクト,京橋信用ソリューションズ株式会社,04.分析,7845,8960,1115
doc_f74251b3e48af6b1_chunk_0009,doc_f74251b3e48af6b1,9,プロジェクト/京橋信用ソリューションズ株式会社/04.分析/analysis_project/notebooks/01_eda.ipynb,01_eda.ipynb,.ipynb,プロジェクト,京橋信用ソリューションズ株式会社,04.分析,8760,9929,1165
doc_f74251b3e48af6b1_chunk_0010,doc_f74251b3e48af6b1,10,プロジェクト/京橋信用ソリューションズ株式会社/04.分析/analysis_project/notebooks/01_eda.ipynb,01_eda.ipynb,.ipynb,プロジェクト,京橋信用ソリューションズ株式会社,04.分析,9729,10893,1164
doc_f74251b3e48af6b1_chunk_0011,doc_f74251b3e48af6b1,11,プロジェクト/京橋信用ソリューションズ株式会社/04.分析/analysis_project/notebooks/01_eda.ipynb,01_eda.ipynb,.ipynb,プロジェクト,京橋信用ソリューションズ株式会社,04.分析,10693,11890,1197
doc_f74251b3e48af6b1_chunk_0012,doc_f74251b3e48af6b1,12,プロジェクト/京橋信用ソリューションズ株式会社/04.分析/analysis_project/notebooks/01_eda.ipynb,01_eda.ipynb,.ipynb,プロジェクト,京橋信用ソリューションズ株式会社,04.分析,11690,12879,1189
doc_f74251b3e48af6b1_chunk_0013,doc_f74251b3e48af6b1,13,プロジェクト/京橋信用ソリューションズ株式会社/04.分析/analysis_project/notebooks/01_eda.ipynb,01_eda.ipynb,.ipynb,プロジェクト,京橋信用ソリューションズ株式会社,04.分析,12679,13817,1138
doc_f74251b3e48af6b1_chunk_0014,doc_f74251b3e48af6b1,14,プロジェクト/京橋信用ソリューションズ株式会社/04.分析/analysis_project/notebooks/01_eda.ipynb,01_eda.ipynb,.ipynb,プロジェクト,京橋信用ソリューションズ株式会社,04.分析,13617,14761,1144
doc_f74251b3e48af6b1_chunk_0015,doc_f74251b3e48af6b1,15,プロジェクト/京橋信用ソリューションズ株式会社/04.分析/analysis_project/notebooks/01_eda.ipynb,01_eda.ipynb,.ipynb,プロジェクト,京橋信用ソリューションズ株式会社,04.分析,14561,15759,1190
doc_f74251b3e48af6b1_chunk_0016,doc_f74251b3e48af6b1,16,プロジェクト/京橋信用ソリューションズ株式会社/04.分析/analysis_project/notebooks/01_eda.ipynb,01_eda.ipynb,.ipynb,プロジェクト,京橋信用ソリューションズ株式会社,04.分析,15559,16690,1130
doc_f74251b3e48af6b1_chunk_0017,doc_f74251b3e48af6b1,17,プロジェクト/京橋信用ソリューションズ株式会社/04.分析/analysis_project/notebooks/01_eda.ipynb,01_eda.ipynb,.ipynb,プロジェクト,京橋信用ソリューションズ株式会社,04.分析,16490,17659,1169
doc_f74251b3e48af6b1_chunk_0018,doc_f74251b3e48af6b1,18,プロジェクト/京橋信用ソリューションズ株式会社/04.分析/analysis_project/notebooks/01_eda.ipynb,01_eda.ipynb,.ipynb,プロジェクト,京橋信用ソリューションズ株式会社,04.分析,17459,18625,1154
doc_f74251b3e48af6b1_chunk_0019,doc_f74251b3e48af6b1,19,プロジェクト/京橋信用ソリューションズ株式会社/04.分析/analysis_project/notebooks/01_eda.ipynb,01_eda.ipynb,.ipynb,プロジェクト,京橋信用ソリューションズ株式会社,04.分析,18425,19515,1090
doc_f74251b3e48af6b1_chunk_0020,doc_f74251b3e48af6b1,20,プロジェクト/京橋信用ソリューションズ株式会社/04.分析/analysis_project/notebooks/01_eda.ipynb,01_eda.ipynb,.ipynb,プロジェクト,京橋信用ソリューションズ株式会社,04.分析,19315,19717,402
doc_de03c1e2611d7376_chunk_0000,doc_de03c1e2611d7376,0,プロジェクト/医療法人社団 恒一会 かえで総合病院/04.分析/analysis_project/notebooks/01_eda.ipynb,01_eda.ipynb,.ipynb,プロジェクト,医療法人社団 恒一会 かえで総合病院,04.分析,0,1173,1173
doc_de03c1e2611d7376_chunk_0001,doc_de03c1e2611d7376,1,プロジェクト/医療法人社団 恒一会 かえで総合病院/04.分析/analysis_project/notebooks/01_eda.ipynb,01_eda.ipynb,.ipynb,プロジェクト,医療法人社団 恒一会 かえで総合病院,04.分析,973,2142,1169
doc_de03c1e2611d7376_chunk_0002,doc_de03c1e2611d7376,2,プロジェクト/医療法人社団 恒一会 かえで総合病院/04.分析/analysis_project/notebooks/01_eda.ipynb,01_eda.ipynb,.ipynb,プロジェクト,医療法人社団 恒一会 かえで総合病院,04.分析,1942,3132,1190
doc_de03c1e2611d7376_chunk_0003,doc_de03c1e2611d7376,3,プロジェクト/医療法人社団 恒一会 かえで総合病院/04.分析/analysis_project/notebooks/01_eda.ipynb,01_eda.ipynb,.ipynb,プロジェクト,医療法人社団 恒一会 かえで総合病院,04.分析,2932,4088,1153
doc_de03c1e2611d7376_chunk_0004,doc_de03c1e2611d7376,4,プロジェクト/医療法人社団 恒一会 かえで総合病院/04.分析/analysis_project/notebooks/01_eda.ipynb,01_eda.ipynb,.ipynb,プロジェクト,医療法人社団 恒一会 かえで総合病院,04.分析,3888,5078,1190
doc_de03c1e2611d7376_chunk_0005,doc_de03c1e2611d7376,5,プロジェクト/医療法人社団 恒一会 かえで総合病院/04.分析/analysis_project/notebooks/01_eda.ipynb,01_eda.ipynb,.ipynb,プロジェクト,医療法人社団 恒一会 かえで総合病院,04.分析,4878,6055,1177
doc_de03c1e2611d7376_chunk_0006,doc_de03c1e2611d7376,6,プロジェクト/医療法人社団 恒一会 かえで総合病院/04.分析/analysis_project/notebooks/01_eda.ipynb,01_eda.ipynb,.ipynb,プロジェクト,医療法人社団 恒一会 かえで総合病院,04.分析,5855,7045,1190
doc_de03c1e2611d7376_chunk_0007,doc_de03c1e2611d7376,7,プロジェクト/医療法人社団 恒一会 かえで総合病院/04.分析/analysis_project/notebooks/01_eda.ipynb,01_eda.ipynb,.ipynb,プロジェクト,医療法人社団 恒一会 かえで総合病院,04.分析,6845,8024,1179
doc_de03c1e2611d7376_chunk_0008,doc_de03c1e2611d7376,8,プロジェクト/医療法人社団 恒一会 かえで総合病院/04.分析/analysis_project/notebooks/01_eda.ipynb,01_eda.ipynb,.ipynb,プロジェクト,医療法人社団 恒一会 かえで総合病院,04.分析,7824,9017,1193
doc_de03c1e2611d7376_chunk_0009,doc_de03c1e2611d7376,9,プロジェクト/医療法人社団 恒一会 かえで総合病院/04.分析/analysis_project/notebooks/01_eda.ipynb,01_eda.ipynb,.ipynb,プロジェクト,医療法人社団 恒一会 かえで総合病院,04.分析,8817,10007,1190
doc_de03c1e2611d7376_chunk_0010,doc_de03c1e2611d7376,10,プロジェクト/医療法人社団 恒一会 かえで総合病院/04.分析/analysis_project/notebooks/01_eda.ipynb,01_eda.ipynb,.ipynb,プロジェクト,医療法人社団 恒一会 かえで総合病院,04.分析,9807,11004,1197
doc_de03c1e2611d7376_chunk_0011,doc_de03c1e2611d7376,11,プロジェクト/医療法人社団 恒一会 かえで総合病院/04.分析/analysis_project/notebooks/01_eda.ipynb,01_eda.ipynb,.ipynb,プロジェクト,医療法人社団 恒一会 かえで総合病院,04.分析,10804,12003,1199
doc_de03c1e2611d7376_chunk_0012,doc_de03c1e2611d7376,12,プロジェクト/医療法人社団 恒一会 かえで総合病院/04.分析/analysis_project/notebooks/01_eda.ipynb,01_eda.ipynb,.ipynb,プロジェクト,医療法人社団 恒一会 かえで総合病院,04.分析,11803,12994,1189
doc_de03c1e2611d7376_chunk_0013,doc_de03c1e2611d7376,13,プロジェクト/医療法人社団 恒一会 かえで総合病院/04.分析/analysis_project/notebooks/01_eda.ipynb,01_eda.ipynb,.ipynb,プロジェクト,医療法人社団 恒一会 かえで総合病院,04.分析,12794,13987,1193
doc_de03c1e2611d7376_chunk_0014,doc_de03c1e2611d7376,14,プロジェクト/医療法人社団 恒一会 かえで総合病院/04.分析/analysis_project/notebooks/01_eda.ipynb,01_eda.ipynb,.ipynb,プロジェクト,医療法人社団 恒一会 かえで総合病院,04.分析,13787,14928,1138
doc_de03c1e2611d7376_chunk_0015,doc_de03c1e2611d7376,15,プロジェクト/医療法人社団 恒一会 かえで総合病院/04.分析/analysis_project/notebooks/01_eda.ipynb,01_eda.ipynb,.ipynb,プロジェクト,医療法人社団 恒一会 かえで総合病院,04.分析,14728,15912,1183
doc_de03c1e2611d7376_chunk_0016,doc_de03c1e2611d7376,16,プロジェクト/医療法人社団 恒一会 かえで総合病院/04.分析/analysis_project/notebooks/01_eda.ipynb,01_eda.ipynb,.ipynb,プロジェクト,医療法人社団 恒一会 かえで総合病院,04.分析,15712,16906,1190
doc_de03c1e2611d7376_chunk_0017,doc_de03c1e2611d7376,17,プロジェクト/医療法人社団 恒一会 かえで総合病院/04.分析/analysis_project/notebooks/01_eda.ipynb,01_eda.ipynb,.ipynb,プロジェクト,医療法人社団 恒一会 かえで総合病院,04.分析,16706,17886,1180
doc_de03c1e2611d7376_chunk_0018,doc_de03c1e2611d7376,18,プロジェクト/医療法人社団 恒一会 かえで総合病院/04.分析/analysis_project/notebooks/01_eda.ipynb,01_eda.ipynb,.ipynb,プロジェクト,医療法人社団 恒一会 かえで総合病院,04.分析,17686,18863,1177
doc_de03c1e2611d7376_chunk_0019,doc_de03c1e2611d7376,19,プロジェクト/医療法人社団 恒一会 かえで総合病院/04.分析/analysis_project/notebooks/01_eda.ipynb,01_eda.ipynb,.ipynb,プロジェクト,医療法人社団 恒一会 かえで総合病院,04.分析,18663,19833,1170
doc_de03c1e2611d7376_chunk_0020,doc_de03c1e2611d7376,20,プロジェクト/医療法人社団 恒一会 かえで総合病院/04.分析/analysis_project/notebooks/01_eda.ipynb,01_eda.ipynb,.ipynb,プロジェクト,医療法人社団 恒一会 かえで総合病院,04.分析,19633,20796,1162
doc_de03c1e2611d7376_chunk_0021,doc_de03c1e2611d7376,21,プロジェクト/医療法人社団 恒一会 かえで総合病院/04.分析/analysis_project/notebooks/01_eda.ipynb,01_eda.ipynb,.ipynb,プロジェクト,医療法人社団 恒一会 かえで総合病院,04.分析,20596,21783,1187
doc_de03c1e2611d7376_chunk_0022,doc_de03c1e2611d7376,22,プロジェクト/医療法人社団 恒一会 かえで総合病院/04.分析/analysis_project/notebooks/01_eda.ipynb,01_eda.ipynb,.ipynb,プロジェクト,医療法人社団 恒一会 かえで総合病院,04.分析,21583,22618,1034
doc_de03c1e2611d7376_chunk_0023,doc_de03c1e2611d7376,23,プロジェクト/医療法人社団 恒一会 かえで総合病院/04.分析/analysis_project/notebooks/01_eda.ipynb,01_eda.ipynb,.ipynb,プロジェクト,医療法人社団 恒一会 かえで総合病院,04.分析,22418,23609,1191
doc_de03c1e2611d7376_chunk_0024,doc_de03c1e2611d7376,24,プロジェクト/医療法人社団 恒一会 かえで総合病院/04.分析/analysis_project/notebooks/01_eda.ipynb,01_eda.ipynb,.ipynb,プロジェクト,医療法人社団 恒一会 かえで総合病院,04.分析,23409,24593,1181
doc_de03c1e2611d7376_chunk_0025,doc_de03c1e2611d7376,25,プロジェクト/医療法人社団 恒一会 かえで総合病院/04.分析/analysis_project/notebooks/01_eda.ipynb,01_eda.ipynb,.ipynb,プロジェクト,医療法人社団 恒一会 かえで総合病院,04.分析,24393,25563,1170
doc_de03c1e2611d7376_chunk_0026,doc_de03c1e2611d7376,26,プロジェクト/医療法人社団 恒一会 かえで総合病院/04.分析/analysis_project/notebooks/01_eda.ipynb,01_eda.ipynb,.ipynb,プロジェクト,医療法人社団 恒一会 かえで総合病院,04.分析,25363,26551,1188
doc_de03c1e2611d7376_chunk_0027,doc_de03c1e2611d7376,27,プロジェクト/医療法人社団 恒一会 かえで総合病院/04.分析/analysis_project/notebooks/01_eda.ipynb,01_eda.ipynb,.ipynb,プロジェクト,医療法人社団 恒一会 かえで総合病院,04.分析,26351,27529,1178
doc_de03c1e2611d7376_chunk_0028,doc_de03c1e2611d7376,28,プロジェクト/医療法人社団 恒一会 かえで総合病院/04.分析/analysis_project/notebooks/01_eda.ipynb,01_eda.ipynb,.ipynb,プロジェクト,医療法人社団 恒一会 かえで総合病院,04.分析,27329,28442,1113
doc_de03c1e2611d7376_chunk_0029,doc_de03c1e2611d7376,29,プロジェクト/医療法人社団 恒一会 かえで総合病院/04.分析/analysis_project/notebooks/01_eda.ipynb,01_eda.ipynb,.ipynb,プロジェクト,医療法人社団 恒一会 かえで総合病院,04.分析,28242,29424,1182
doc_de03c1e2611d7376_chunk_0030,doc_de03c1e2611d7376,30,プロジェクト/医療法人社団 恒一会 かえで総合病院/04.分析/analysis_project/notebooks/01_eda.ipynb,01_eda.ipynb,.ipynb,プロジェクト,医療法人社団 恒一会 かえで総合病院,04.分析,29224,30384,1160
doc_de03c1e2611d7376_chunk_0031,doc_de03c1e2611d7376,31,プロジェクト/医療法人社団 恒一会 かえで総合病院/04.分析/analysis_project/notebooks/01_eda.ipynb,01_eda.ipynb,.ipynb,プロジェクト,医療法人社団 恒一会 かえで総合病院,04.分析,30184,31363,1170
doc_de03c1e2611d7376_chunk_0032,doc_de03c1e2611d7376,32,プロジェクト/医療法人社団 恒一会 かえで総合病院/04.分析/analysis_project/notebooks/01_eda.ipynb,01_eda.ipynb,.ipynb,プロジェクト,医療法人社団 恒一会 かえで総合病院,04.分析,31163,32149,985
doc_de03c1e2611d7376_chunk_0033,doc_de03c1e2611d7376,33,プロジェクト/医療法人社団 恒一会 かえで総合病院/04.分析/analysis_project/notebooks/01_eda.ipynb,01_eda.ipynb,.ipynb,プロジェクト,医療法人社団 恒一会 かえで総合病院,04.分析,31949,32771,817
doc_10145cb6808672ad_chunk_0000,doc_10145cb6808672ad,0,プロジェクト/医療法人社団 蒼樹会 みなみ野女性医療センター/04.分析/analysis_project/notebooks/01_eda.ipynb,01_eda.ipynb,.ipynb,プロジェクト,医療法人社団 蒼樹会 みなみ野女性医療センター,04.分析,0,1183,1183
doc_10145cb6808672ad_chunk_0001,doc_10145cb6808672ad,1,プロジェクト/医療法人社団 蒼樹会 みなみ野女性医療センター/04.分析/analysis_project/notebooks/01_eda.ipynb,01_eda.ipynb,.ipynb,プロジェクト,医療法人社団 蒼樹会 みなみ野女性医療センター,04.分析,983,2152,1169
doc_10145cb6808672ad_chunk_0002,doc_10145cb6808672ad,2,プロジェクト/医療法人社団 蒼樹会 みなみ野女性医療センター/04.分析/analysis_project/notebooks/01_eda.ipynb,01_eda.ipynb,.ipynb,プロジェクト,医療法人社団 蒼樹会 みなみ野女性医療センター,04.分析,1952,3142,1190
doc_10145cb6808672ad_chunk_0003,doc_10145cb6808672ad,3,プロジェクト/医療法人社団 蒼樹会 みなみ野女性医療センター/04.分析/analysis_project/notebooks/01_eda.ipynb,01_eda.ipynb,.ipynb,プロジェクト,医療法人社団 蒼樹会 みなみ野女性医療センター,04.分析,2942,4071,1126
doc_10145cb6808672ad_chunk_0004,doc_10145cb6808672ad,4,プロジェクト/医療法人社団 蒼樹会 みなみ野女性医療センター/04.分析/analysis_project/notebooks/01_eda.ipynb,01_eda.ipynb,.ipynb,プロジェクト,医療法人社団 蒼樹会 みなみ野女性医療センター,04.分析,3871,5070,1197
doc_10145cb6808672ad_chunk_0005,doc_10145cb6808672ad,5,プロジェクト/医療法人社団 蒼樹会 みなみ野女性医療センター/04.分析/analysis_project/notebooks/01_eda.ipynb,01_eda.ipynb,.ipynb,プロジェクト,医療法人社団 蒼樹会 みなみ野女性医療センター,04.分析,4870,6034,1164
doc_10145cb6808672ad_chunk_0006,doc_10145cb6808672ad,6,プロジェクト/医療法人社団 蒼樹会 みなみ野女性医療センター/04.分析/analysis_project/notebooks/01_eda.ipynb,01_eda.ipynb,.ipynb,プロジェクト,医療法人社団 蒼樹会 みなみ野女性医療センター,04.分析,5834,7018,1183
doc_10145cb6808672ad_chunk_0007,doc_10145cb6808672ad,7,プロジェクト/医療法人社団 蒼樹会 みなみ野女性医療センター/04.分析/analysis_project/notebooks/01_eda.ipynb,01_eda.ipynb,.ipynb,プロジェクト,医療法人社団 蒼樹会 みなみ野女性医療センター,04.分析,6818,7994,1174
doc_10145cb6808672ad_chunk_0008,doc_10145cb6808672ad,8,プロジェクト/医療法人社団 蒼樹会 みなみ野女性医療センター/04.分析/analysis_project/notebooks/01_eda.ipynb,01_eda.ipynb,.ipynb,プロジェクト,医療法人社団 蒼樹会 みなみ野女性医療センター,04.分析,7794,8951,1151
doc_10145cb6808672ad_chunk_0009,doc_10145cb6808672ad,9,プロジェクト/医療法人社団 蒼樹会 みなみ野女性医療センター/04.分析/analysis_project/notebooks/01_eda.ipynb,01_eda.ipynb,.ipynb,プロジェクト,医療法人社団 蒼樹会 みなみ野女性医療センター,04.分析,8751,9914,1155
doc_10145cb6808672ad_chunk_0010,doc_10145cb6808672ad,10,プロジェクト/医療法人社団 蒼樹会 みなみ野女性医療センター/04.分析/analysis_project/notebooks/01_eda.ipynb,01_eda.ipynb,.ipynb,プロジェクト,医療法人社団 蒼樹会 みなみ野女性医療センター,04.分析,9714,10909,1194
doc_10145cb6808672ad_chunk_0011,doc_10145cb6808672ad,11,プロジェクト/医療法人社団 蒼樹会 みなみ野女性医療センター/04.分析/analysis_project/notebooks/01_eda.ipynb,01_eda.ipynb,.ipynb,プロジェクト,医療法人社団 蒼樹会 みなみ野女性医療センター,04.分析,10709,11888,1179
doc_10145cb6808672ad_chunk_0012,doc_10145cb6808672ad,12,プロジェクト/医療法人社団 蒼樹会 みなみ野女性医療センター/04.分析/analysis_project/notebooks/01_eda.ipynb,01_eda.ipynb,.ipynb,プロジェクト,医療法人社団 蒼樹会 みなみ野女性医療センター,04.分析,11688,12867,1175
doc_10145cb6808672ad_chunk_0013,doc_10145cb6808672ad,13,プロジェクト/医療法人社団 蒼樹会 みなみ野女性医療センター/04.分析/analysis_project/notebooks/01_eda.ipynb,01_eda.ipynb,.ipynb,プロジェクト,医療法人社団 蒼樹会 みなみ野女性医療センター,04.分析,12667,13794,1124
doc_10145cb6808672ad_chunk_0014,doc_10145cb6808672ad,14,プロジェクト/医療法人社団 蒼樹会 みなみ野女性医療センター/04.分析/analysis_project/notebooks/01_eda.ipynb,01_eda.ipynb,.ipynb,プロジェクト,医療法人社団 蒼樹会 みなみ野女性医療センター,04.分析,13594,14786,1182
doc_10145cb6808672ad_chunk_0015,doc_10145cb6808672ad,15,プロジェクト/医療法人社団 蒼樹会 みなみ野女性医療センター/04.分析/analysis_project/notebooks/01_eda.ipynb,01_eda.ipynb,.ipynb,プロジェクト,医療法人社団 蒼樹会 みなみ野女性医療センター,04.分析,14586,15766,1180
doc_10145cb6808672ad_chunk_0016,doc_10145cb6808672ad,16,プロジェクト/医療法人社団 蒼樹会 みなみ野女性医療センター/04.分析/analysis_project/notebooks/01_eda.ipynb,01_eda.ipynb,.ipynb,プロジェクト,医療法人社団 蒼樹会 みなみ野女性医療センター,04.分析,15566,16702,1136
doc_10145cb6808672ad_chunk_0017,doc_10145cb6808672ad,17,プロジェクト/医療法人社団 蒼樹会 みなみ野女性医療センター/04.分析/analysis_project/notebooks/01_eda.ipynb,01_eda.ipynb,.ipynb,プロジェクト,医療法人社団 蒼樹会 みなみ野女性医療センター,04.分析,16502,17688,1185
doc_10145cb6808672ad_chunk_0018,doc_10145cb6808672ad,18,プロジェクト/医療法人社団 蒼樹会 みなみ野女性医療センター/04.分析/analysis_project/notebooks/01_eda.ipynb,01_eda.ipynb,.ipynb,プロジェクト,医療法人社団 蒼樹会 みなみ野女性医療センター,04.分析,17488,18654,1165
doc_10145cb6808672ad_chunk_0019,doc_10145cb6808672ad,19,プロジェクト/医療法人社団 蒼樹会 みなみ野女性医療センター/04.分析/analysis_project/notebooks/01_eda.ipynb,01_eda.ipynb,.ipynb,プロジェクト,医療法人社団 蒼樹会 みなみ野女性医療センター,04.分析,18454,19622,1168
doc_10145cb6808672ad_chunk_0020,doc_10145cb6808672ad,20,プロジェクト/医療法人社団 蒼樹会 みなみ野女性医療センター/04.分析/analysis_project/notebooks/01_eda.ipynb,01_eda.ipynb,.ipynb,プロジェクト,医療法人社団 蒼樹会 みなみ野女性医療センター,04.分析,19422,20621,1198
doc_10145cb6808672ad_chunk_0021,doc_10145cb6808672ad,21,プロジェクト/医療法人社団 蒼樹会 みなみ野女性医療センター/04.分析/analysis_project/notebooks/01_eda.ipynb,01_eda.ipynb,.ipynb,プロジェクト,医療法人社団 蒼樹会 みなみ野女性医療センター,04.分析,20421,21615,1194
doc_10145cb6808672ad_chunk_0022,doc_10145cb6808672ad,22,プロジェクト/医療法人社団 蒼樹会 みなみ野女性医療センター/04.分析/analysis_project/notebooks/01_eda.ipynb,01_eda.ipynb,.ipynb,プロジェクト,医療法人社団 蒼樹会 みなみ野女性医療センター,04.分析,21415,22536,1115
doc_10145cb6808672ad_chunk_0023,doc_10145cb6808672ad,23,プロジェクト/医療法人社団 蒼樹会 みなみ野女性医療センター/04.分析/analysis_project/notebooks/01_eda.ipynb,01_eda.ipynb,.ipynb,プロジェクト,医療法人社団 蒼樹会 みなみ野女性医療センター,04.分析,22336,23461,1113
doc_10145cb6808672ad_chunk_0024,doc_10145cb6808672ad,24,プロジェクト/医療法人社団 蒼樹会 みなみ野女性医療センター/04.分析/analysis_project/notebooks/01_eda.ipynb,01_eda.ipynb,.ipynb,プロジェクト,医療法人社団 蒼樹会 みなみ野女性医療センター,04.分析,23261,24454,1191
doc_10145cb6808672ad_chunk_0025,doc_10145cb6808672ad,25,プロジェクト/医療法人社団 蒼樹会 みなみ野女性医療センター/04.分析/analysis_project/notebooks/01_eda.ipynb,01_eda.ipynb,.ipynb,プロジェクト,医療法人社団 蒼樹会 みなみ野女性医療センター,04.分析,24254,25449,1173
doc_10145cb6808672ad_chunk_0026,doc_10145cb6808672ad,26,プロジェクト/医療法人社団 蒼樹会 みなみ野女性医療センター/04.分析/analysis_project/notebooks/01_eda.ipynb,01_eda.ipynb,.ipynb,プロジェクト,医療法人社団 蒼樹会 みなみ野女性医療センター,04.分析,25249,26441,1189
doc_10145cb6808672ad_chunk_0027,doc_10145cb6808672ad,27,プロジェクト/医療法人社団 蒼樹会 みなみ野女性医療センター/04.分析/analysis_project/notebooks/01_eda.ipynb,01_eda.ipynb,.ipynb,プロジェクト,医療法人社団 蒼樹会 みなみ野女性医療センター,04.分析,26241,27400,1159
doc_10145cb6808672ad_chunk_0028,doc_10145cb6808672ad,28,プロジェクト/医療法人社団 蒼樹会 みなみ野女性医療センター/04.分析/analysis_project/notebooks/01_eda.ipynb,01_eda.ipynb,.ipynb,プロジェクト,医療法人社団 蒼樹会 みなみ野女性医療センター,04.分析,27200,28398,1198
doc_10145cb6808672ad_chunk_0029,doc_10145cb6808672ad,29,プロジェクト/医療法人社団 蒼樹会 みなみ野女性医療センター/04.分析/analysis_project/notebooks/01_eda.ipynb,01_eda.ipynb,.ipynb,プロジェクト,医療法人社団 蒼樹会 みなみ野女性医療センター,04.分析,28198,29360,1162
doc_10145cb6808672ad_chunk_0030,doc_10145cb6808672ad,30,プロジェクト/医療法人社団 蒼樹会 みなみ野女性医療センター/04.分析/analysis_project/notebooks/01_eda.ipynb,01_eda.ipynb,.ipynb,プロジェクト,医療法人社団 蒼樹会 みなみ野女性医療センター,04.分析,29160,30350,1169
doc_10145cb6808672ad_chunk_0031,doc_10145cb6808672ad,31,プロジェクト/医療法人社団 蒼樹会 みなみ野女性医療センター/04.分析/analysis_project/notebooks/01_eda.ipynb,01_eda.ipynb,.ipynb,プロジェクト,医療法人社団 蒼樹会 みなみ野女性医療センター,04.分析,30150,31340,1190
doc_10145cb6808672ad_chunk_0032,doc_10145cb6808672ad,32,プロジェクト/医療法人社団 蒼樹会 みなみ野女性医療センター/04.分析/analysis_project/notebooks/01_eda.ipynb,01_eda.ipynb,.ipynb,プロジェクト,医療法人社団 蒼樹会 みなみ野女性医療センター,04.分析,31140,32333,1193
doc_10145cb6808672ad_chunk_0033,doc_10145cb6808672ad,33,プロジェクト/医療法人社団 蒼樹会 みなみ野女性医療センター/04.分析/analysis_project/notebooks/01_eda.ipynb,01_eda.ipynb,.ipynb,プロジェクト,医療法人社団 蒼樹会 みなみ野女性医療センター,04.分析,32133,33331,1198
doc_10145cb6808672ad_chunk_0034,doc_10145cb6808672ad,34,プロジェクト/医療法人社団 蒼樹会 みなみ野女性医療センター/04.分析/analysis_project/notebooks/01_eda.ipynb,01_eda.ipynb,.ipynb,プロジェクト,医療法人社団 蒼樹会 みなみ野女性医療センター,04.分析,33131,33472,341
doc_f7950acecd6c9962_chunk_0000,doc_f7950acecd6c9962,0,プロジェクト/医療法人社団 蒼泉会 ひがし丘総合病院/04.分析/analysis_project/notebooks/01_eda.ipynb,01_eda.ipynb,.ipynb,プロジェクト,医療法人社団 蒼泉会 ひがし丘総合病院,04.分析,0,1175,1175
doc_f7950acecd6c9962_chunk_0001,doc_f7950acecd6c9962,1,プロジェクト/医療法人社団 蒼泉会 ひがし丘総合病院/04.分析/analysis_project/notebooks/01_eda.ipynb,01_eda.ipynb,.ipynb,プロジェクト,医療法人社団 蒼泉会 ひがし丘総合病院,04.分析,975,2144,1169
doc_f7950acecd6c9962_chunk_0002,doc_f7950acecd6c9962,2,プロジェクト/医療法人社団 蒼泉会 ひがし丘総合病院/04.分析/analysis_project/notebooks/01_eda.ipynb,01_eda.ipynb,.ipynb,プロジェクト,医療法人社団 蒼泉会 ひがし丘総合病院,04.分析,1944,3134,1190
doc_f7950acecd6c9962_chunk_0003,doc_f7950acecd6c9962,3,プロジェクト/医療法人社団 蒼泉会 ひがし丘総合病院/04.分析/analysis_project/notebooks/01_eda.ipynb,01_eda.ipynb,.ipynb,プロジェクト,医療法人社団 蒼泉会 ひがし丘総合病院,04.分析,2934,4075,1141
doc_f7950acecd6c9962_chunk_0004,doc_f7950acecd6c9962,4,プロジェクト/医療法人社団 蒼泉会 ひがし丘総合病院/04.分析/analysis_project/notebooks/01_eda.ipynb,01_eda.ipynb,.ipynb,プロジェクト,医療法人社団 蒼泉会 ひがし丘総合病院,04.分析,3875,5071,1196
doc_f7950acecd6c9962_chunk_0005,doc_f7950acecd6c9962,5,プロジェクト/医療法人社団 蒼泉会 ひがし丘総合病院/04.分析/analysis_project/notebooks/01_eda.ipynb,01_eda.ipynb,.ipynb,プロジェクト,医療法人社団 蒼泉会 ひがし丘総合病院,04.分析,4871,6050,1176
doc_f7950acecd6c9962_chunk_0006,doc_f7950acecd6c9962,6,プロジェクト/医療法人社団 蒼泉会 ひがし丘総合病院/04.分析/analysis_project/notebooks/01_eda.ipynb,01_eda.ipynb,.ipynb,プロジェクト,医療法人社団 蒼泉会 ひがし丘総合病院,04.分析,5850,7029,1179
doc_f7950acecd6c9962_chunk_0007,doc_f7950acecd6c9962,7,プロジェクト/医療法人社団 蒼泉会 ひがし丘総合病院/04.分析/analysis_project/notebooks/01_eda.ipynb,01_eda.ipynb,.ipynb,プロジェクト,医療法人社団 蒼泉会 ひがし丘総合病院,04.分析,6829,7961,1129
doc_f7950acecd6c9962_chunk_0008,doc_f7950acecd6c9962,8,プロジェクト/医療法人社団 蒼泉会 ひがし丘総合病院/04.分析/analysis_project/notebooks/01_eda.ipynb,01_eda.ipynb,.ipynb,プロジェクト,医療法人社団 蒼泉会 ひがし丘総合病院,04.分析,7761,8930,1167
doc_f7950acecd6c9962_chunk_0009,doc_f7950acecd6c9962,9,プロジェクト/医療法人社団 蒼泉会 ひがし丘総合病院/04.分析/analysis_project/notebooks/01_eda.ipynb,01_eda.ipynb,.ipynb,プロジェクト,医療法人社団 蒼泉会 ひがし丘総合病院,04.分析,8730,9919,1186
doc_f7950acecd6c9962_chunk_0010,doc_f7950acecd6c9962,10,プロジェクト/医療法人社団 蒼泉会 ひがし丘総合病院/04.分析/analysis_project/notebooks/01_eda.ipynb,01_eda.ipynb,.ipynb,プロジェクト,医療法人社団 蒼泉会 ひがし丘総合病院,04.分析,9719,10902,1182
doc_f7950acecd6c9962_chunk_0011,doc_f7950acecd6c9962,11,プロジェクト/医療法人社団 蒼泉会 ひがし丘総合病院/04.分析/analysis_project/notebooks/01_eda.ipynb,01_eda.ipynb,.ipynb,プロジェクト,医療法人社団 蒼泉会 ひがし丘総合病院,04.分析,10702,11896,1193
doc_f7950acecd6c9962_chunk_0012,doc_f7950acecd6c9962,12,プロジェクト/医療法人社団 蒼泉会 ひがし丘総合病院/04.分析/analysis_project/notebooks/01_eda.ipynb,01_eda.ipynb,.ipynb,プロジェクト,医療法人社団 蒼泉会 ひがし丘総合病院,04.分析,11696,12861,1162
doc_f7950acecd6c9962_chunk_0013,doc_f7950acecd6c9962,13,プロジェクト/医療法人社団 蒼泉会 ひがし丘総合病院/04.分析/analysis_project/notebooks/01_eda.ipynb,01_eda.ipynb,.ipynb,プロジェクト,医療法人社団 蒼泉会 ひがし丘総合病院,04.分析,12661,13827,1164
doc_f7950acecd6c9962_chunk_0014,doc_f7950acecd6c9962,14,プロジェクト/医療法人社団 蒼泉会 ひがし丘総合病院/04.分析/analysis_project/notebooks/01_eda.ipynb,01_eda.ipynb,.ipynb,プロジェクト,医療法人社団 蒼泉会 ひがし丘総合病院,04.分析,13627,14823,1196
doc_f7950acecd6c9962_chunk_0015,doc_f7950acecd6c9962,15,プロジェクト/医療法人社団 蒼泉会 ひがし丘総合病院/04.分析/analysis_project/notebooks/01_eda.ipynb,01_eda.ipynb,.ipynb,プロジェクト,医療法人社団 蒼泉会 ひがし丘総合病院,04.分析,14623,15787,1164
doc_f7950acecd6c9962_chunk_0016,doc_f7950acecd6c9962,16,プロジェクト/医療法人社団 蒼泉会 ひがし丘総合病院/04.分析/analysis_project/notebooks/01_eda.ipynb,01_eda.ipynb,.ipynb,プロジェクト,医療法人社団 蒼泉会 ひがし丘総合病院,04.分析,15587,16727,1140
doc_f7950acecd6c9962_chunk_0017,doc_f7950acecd6c9962,17,プロジェクト/医療法人社団 蒼泉会 ひがし丘総合病院/04.分析/analysis_project/notebooks/01_eda.ipynb,01_eda.ipynb,.ipynb,プロジェクト,医療法人社団 蒼泉会 ひがし丘総合病院,04.分析,16527,17698,1161
doc_f7950acecd6c9962_chunk_0018,doc_f7950acecd6c9962,18,プロジェクト/医療法人社団 蒼泉会 ひがし丘総合病院/04.分析/analysis_project/notebooks/01_eda.ipynb,01_eda.ipynb,.ipynb,プロジェクト,医療法人社団 蒼泉会 ひがし丘総合病院,04.分析,17498,18679,1180
doc_f7950acecd6c9962_chunk_0019,doc_f7950acecd6c9962,19,プロジェクト/医療法人社団 蒼泉会 ひがし丘総合病院/04.分析/analysis_project/notebooks/01_eda.ipynb,01_eda.ipynb,.ipynb,プロジェクト,医療法人社団 蒼泉会 ひがし丘総合病院,04.分析,18479,19618,1139
doc_f7950acecd6c9962_chunk_0020,doc_f7950acecd6c9962,20,プロジェクト/医療法人社団 蒼泉会 ひがし丘総合病院/04.分析/analysis_project/notebooks/01_eda.ipynb,01_eda.ipynb,.ipynb,プロジェクト,医療法人社団 蒼泉会 ひがし丘総合病院,04.分析,19418,20607,1188
doc_f7950acecd6c9962_chunk_0021,doc_f7950acecd6c9962,21,プロジェクト/医療法人社団 蒼泉会 ひがし丘総合病院/04.分析/analysis_project/notebooks/01_eda.ipynb,01_eda.ipynb,.ipynb,プロジェクト,医療法人社団 蒼泉会 ひがし丘総合病院,04.分析,20407,21582,1174
doc_f7950acecd6c9962_chunk_0022,doc_f7950acecd6c9962,22,プロジェクト/医療法人社団 蒼泉会 ひがし丘総合病院/04.分析/analysis_project/notebooks/01_eda.ipynb,01_eda.ipynb,.ipynb,プロジェクト,医療法人社団 蒼泉会 ひがし丘総合病院,04.分析,21382,22497,1115
doc_f7950acecd6c9962_chunk_0023,doc_f7950acecd6c9962,23,プロジェクト/医療法人社団 蒼泉会 ひがし丘総合病院/04.分析/analysis_project/notebooks/01_eda.ipynb,01_eda.ipynb,.ipynb,プロジェクト,医療法人社団 蒼泉会 ひがし丘総合病院,04.分析,22297,23434,1128
doc_f7950acecd6c9962_chunk_0024,doc_f7950acecd6c9962,24,プロジェクト/医療法人社団 蒼泉会 ひがし丘総合病院/04.分析/analysis_project/notebooks/01_eda.ipynb,01_eda.ipynb,.ipynb,プロジェクト,医療法人社団 蒼泉会 ひがし丘総合病院,04.分析,23234,24433,1199
doc_f7950acecd6c9962_chunk_0025,doc_f7950acecd6c9962,25,プロジェクト/医療法人社団 蒼泉会 ひがし丘総合病院/04.分析/analysis_project/notebooks/01_eda.ipynb,01_eda.ipynb,.ipynb,プロジェクト,医療法人社団 蒼泉会 ひがし丘総合病院,04.分析,24233,25407,1161
doc_f7950acecd6c9962_chunk_0026,doc_f7950acecd6c9962,26,プロジェクト/医療法人社団 蒼泉会 ひがし丘総合病院/04.分析/analysis_project/notebooks/01_eda.ipynb,01_eda.ipynb,.ipynb,プロジェクト,医療法人社団 蒼泉会 ひがし丘総合病院,04.分析,25207,26405,1197
doc_f7950acecd6c9962_chunk_0027,doc_f7950acecd6c9962,27,プロジェクト/医療法人社団 蒼泉会 ひがし丘総合病院/04.分析/analysis_project/notebooks/01_eda.ipynb,01_eda.ipynb,.ipynb,プロジェクト,医療法人社団 蒼泉会 ひがし丘総合病院,04.分析,26205,26566,359
doc_fedf164e75a35759_chunk_0000,doc_fedf164e75a35759,0,プロジェクト/株式会社東都人材プラットフォーム/04.分析/analysis_project/notebooks/01_eda.ipynb,01_eda.ipynb,.ipynb,プロジェクト,株式会社東都人材プラットフォーム,04.分析,0,1199,1199
doc_fedf164e75a35759_chunk_0001,doc_fedf164e75a35759,1,プロジェクト/株式会社東都人材プラットフォーム/04.分析/analysis_project/notebooks/01_eda.ipynb,01_eda.ipynb,.ipynb,プロジェクト,株式会社東都人材プラットフォーム,04.分析,999,2194,1191
doc_fedf164e75a35759_chunk_0002,doc_fedf164e75a35759,2,プロジェクト/株式会社東都人材プラットフォーム/04.分析/analysis_project/notebooks/01_eda.ipynb,01_eda.ipynb,.ipynb,プロジェクト,株式会社東都人材プラットフォーム,04.分析,1994,3167,1172
doc_fedf164e75a35759_chunk_0003,doc_fedf164e75a35759,3,プロジェクト/株式会社東都人材プラットフォーム/04.分析/analysis_project/notebooks/01_eda.ipynb,01_eda.ipynb,.ipynb,プロジェクト,株式会社東都人材プラットフォーム,04.分析,2967,4161,1191
doc_fedf164e75a35759_chunk_0004,doc_fedf164e75a35759,4,プロジェクト/株式会社東都人材プラットフォーム/04.分析/analysis_project/notebooks/01_eda.ipynb,01_eda.ipynb,.ipynb,プロジェクト,株式会社東都人材プラットフォーム,04.分析,3961,5122,1138
doc_fedf164e75a35759_chunk_0005,doc_fedf164e75a35759,5,プロジェクト/株式会社東都人材プラットフォーム/04.分析/analysis_project/notebooks/01_eda.ipynb,01_eda.ipynb,.ipynb,プロジェクト,株式会社東都人材プラットフォーム,04.分析,4922,6085,1163
doc_fedf164e75a35759_chunk_0006,doc_fedf164e75a35759,6,プロジェクト/株式会社東都人材プラットフォーム/04.分析/analysis_project/notebooks/01_eda.ipynb,01_eda.ipynb,.ipynb,プロジェクト,株式会社東都人材プラットフォーム,04.分析,5885,7071,1186
doc_fedf164e75a35759_chunk_0007,doc_fedf164e75a35759,7,プロジェクト/株式会社東都人材プラットフォーム/04.分析/analysis_project/notebooks/01_eda.ipynb,01_eda.ipynb,.ipynb,プロジェクト,株式会社東都人材プラットフォーム,04.分析,6871,8038,1164
doc_fedf164e75a35759_chunk_0008,doc_fedf164e75a35759,8,プロジェクト/株式会社東都人材プラットフォーム/04.分析/analysis_project/notebooks/01_eda.ipynb,01_eda.ipynb,.ipynb,プロジェクト,株式会社東都人材プラットフォーム,04.分析,7838,9018,1178
doc_fedf164e75a35759_chunk_0009,doc_fedf164e75a35759,9,プロジェクト/株式会社東都人材プラットフォーム/04.分析/analysis_project/notebooks/01_eda.ipynb,01_eda.ipynb,.ipynb,プロジェクト,株式会社東都人材プラットフォーム,04.分析,8818,9950,1131
doc_fedf164e75a35759_chunk_0010,doc_fedf164e75a35759,10,プロジェクト/株式会社東都人材プラットフォーム/04.分析/analysis_project/notebooks/01_eda.ipynb,01_eda.ipynb,.ipynb,プロジェクト,株式会社東都人材プラットフォーム,04.分析,9750,10606,841
doc_fedf164e75a35759_chunk_0011,doc_fedf164e75a35759,11,プロジェクト/株式会社東都人材プラットフォーム/04.分析/analysis_project/notebooks/01_eda.ipynb,01_eda.ipynb,.ipynb,プロジェクト,株式会社東都人材プラットフォーム,04.分析,10406,11585,1178
doc_fedf164e75a35759_chunk_0012,doc_fedf164e75a35759,12,プロジェクト/株式会社東都人材プラットフォーム/04.分析/analysis_project/notebooks/01_eda.ipynb,01_eda.ipynb,.ipynb,プロジェクト,株式会社東都人材プラットフォーム,04.分析,11385,12580,1195
doc_fedf164e75a35759_chunk_0013,doc_fedf164e75a35759,13,プロジェクト/株式会社東都人材プラットフォーム/04.分析/analysis_project/notebooks/01_eda.ipynb,01_eda.ipynb,.ipynb,プロジェクト,株式会社東都人材プラットフォーム,04.分析,12380,13558,1177
doc_fedf164e75a35759_chunk_0014,doc_fedf164e75a35759,14,プロジェクト/株式会社東都人材プラットフォーム/04.分析/analysis_project/notebooks/01_eda.ipynb,01_eda.ipynb,.ipynb,プロジェクト,株式会社東都人材プラットフォーム,04.分析,13358,14501,1143
doc_fedf164e75a35759_chunk_0015,doc_fedf164e75a35759,15,プロジェクト/株式会社東都人材プラットフォーム/04.分析/analysis_project/notebooks/01_eda.ipynb,01_eda.ipynb,.ipynb,プロジェクト,株式会社東都人材プラットフォーム,04.分析,14301,15455,1154
doc_fedf164e75a35759_chunk_0016,doc_fedf164e75a35759,16,プロジェクト/株式会社東都人材プラットフォーム/04.分析/analysis_project/notebooks/01_eda.ipynb,01_eda.ipynb,.ipynb,プロジェクト,株式会社東都人材プラットフォーム,04.分析,15255,16408,1152
doc_fedf164e75a35759_chunk_0017,doc_fedf164e75a35759,17,プロジェクト/株式会社東都人材プラットフォーム/04.分析/analysis_project/notebooks/01_eda.ipynb,01_eda.ipynb,.ipynb,プロジェクト,株式会社東都人材プラットフォーム,04.分析,16208,17406,1196
doc_fedf164e75a35759_chunk_0018,doc_fedf164e75a35759,18,プロジェクト/株式会社東都人材プラットフォーム/04.分析/analysis_project/notebooks/01_eda.ipynb,01_eda.ipynb,.ipynb,プロジェクト,株式会社東都人材プラットフォーム,04.分析,17206,18399,1193
doc_fedf164e75a35759_chunk_0019,doc_fedf164e75a35759,19,プロジェクト/株式会社東都人材プラットフォーム/04.分析/analysis_project/notebooks/01_eda.ipynb,01_eda.ipynb,.ipynb,プロジェクト,株式会社東都人材プラットフォーム,04.分析,18199,19380,1181
doc_fedf164e75a35759_chunk_0020,doc_fedf164e75a35759,20,プロジェクト/株式会社東都人材プラットフォーム/04.分析/analysis_project/notebooks/01_eda.ipynb,01_eda.ipynb,.ipynb,プロジェクト,株式会社東都人材プラットフォーム,04.分析,19180,20362,1182
doc_fedf164e75a35759_chunk_0021,doc_fedf164e75a35759,21,プロジェクト/株式会社東都人材プラットフォーム/04.分析/analysis_project/notebooks/01_eda.ipynb,01_eda.ipynb,.ipynb,プロジェクト,株式会社東都人材プラットフォーム,04.分析,20162,21229,1065
doc_fedf164e75a35759_chunk_0022,doc_fedf164e75a35759,22,プロジェクト/株式会社東都人材プラットフォーム/04.分析/analysis_project/notebooks/01_eda.ipynb,01_eda.ipynb,.ipynb,プロジェクト,株式会社東都人材プラットフォーム,04.分析,21029,22208,1178
doc_fedf164e75a35759_chunk_0023,doc_fedf164e75a35759,23,プロジェクト/株式会社東都人材プラットフォーム/04.分析/analysis_project/notebooks/01_eda.ipynb,01_eda.ipynb,.ipynb,プロジェクト,株式会社東都人材プラットフォーム,04.分析,22008,23179,1171
doc_fedf164e75a35759_chunk_0024,doc_fedf164e75a35759,24,プロジェクト/株式会社東都人材プラットフォーム/04.分析/analysis_project/notebooks/01_eda.ipynb,01_eda.ipynb,.ipynb,プロジェクト,株式会社東都人材プラットフォーム,04.分析,22979,24125,1146
doc_fedf164e75a35759_chunk_0025,doc_fedf164e75a35759,25,プロジェクト/株式会社東都人材プラットフォーム/04.分析/analysis_project/notebooks/01_eda.ipynb,01_eda.ipynb,.ipynb,プロジェクト,株式会社東都人材プラットフォーム,04.分析,23925,25106,1180
doc_fedf164e75a35759_chunk_0026,doc_fedf164e75a35759,26,プロジェクト/株式会社東都人材プラットフォーム/04.分析/analysis_project/notebooks/01_eda.ipynb,01_eda.ipynb,.ipynb,プロジェクト,株式会社東都人材プラットフォーム,04.分析,24906,26084,1174
doc_fedf164e75a35759_chunk_0027,doc_fedf164e75a35759,27,プロジェクト/株式会社東都人材プラットフォーム/04.分析/analysis_project/notebooks/01_eda.ipynb,01_eda.ipynb,.ipynb,プロジェクト,株式会社東都人材プラットフォーム,04.分析,25884,27049,1164
doc_fedf164e75a35759_chunk_0028,doc_fedf164e75a35759,28,プロジェクト/株式会社東都人材プラットフォーム/04.分析/analysis_project/notebooks/01_eda.ipynb,01_eda.ipynb,.ipynb,プロジェクト,株式会社東都人材プラットフォーム,04.分析,26849,28042,1190
doc_fedf164e75a35759_chunk_0029,doc_fedf164e75a35759,29,プロジェクト/株式会社東都人材プラットフォーム/04.分析/analysis_project/notebooks/01_eda.ipynb,01_eda.ipynb,.ipynb,プロジェクト,株式会社東都人材プラットフォーム,04.分析,27842,29014,1172
doc_fedf164e75a35759_chunk_0030,doc_fedf164e75a35759,30,プロジェクト/株式会社東都人材プラットフォーム/04.分析/analysis_project/notebooks/01_eda.ipynb,01_eda.ipynb,.ipynb,プロジェクト,株式会社東都人材プラットフォーム,04.分析,28814,29786,971
doc_fedf164e75a35759_chunk_0031,doc_fedf164e75a35759,31,プロジェクト/株式会社東都人材プラットフォーム/04.分析/analysis_project/notebooks/01_eda.ipynb,01_eda.ipynb,.ipynb,プロジェクト,株式会社東都人材プラットフォーム,04.分析,29586,30704,1118
doc_fedf164e75a35759_chunk_0032,doc_fedf164e75a35759,32,プロジェクト/株式会社東都人材プラットフォーム/04.分析/analysis_project/notebooks/01_eda.ipynb,01_eda.ipynb,.ipynb,プロジェクト,株式会社東都人材プラットフォーム,04.分析,30504,31623,1118
doc_fedf164e75a35759_chunk_0033,doc_fedf164e75a35759,33,プロジェクト/株式会社東都人材プラットフォーム/04.分析/analysis_project/notebooks/01_eda.ipynb,01_eda.ipynb,.ipynb,プロジェクト,株式会社東都人材プラットフォーム,04.分析,31423,32607,1184
doc_fedf164e75a35759_chunk_0034,doc_fedf164e75a35759,34,プロジェクト/株式会社東都人材プラットフォーム/04.分析/analysis_project/notebooks/01_eda.ipynb,01_eda.ipynb,.ipynb,プロジェクト,株式会社東都人材プラットフォーム,04.分析,32407,33585,1178
doc_fedf164e75a35759_chunk_0035,doc_fedf164e75a35759,35,プロジェクト/株式会社東都人材プラットフォーム/04.分析/analysis_project/notebooks/01_eda.ipynb,01_eda.ipynb,.ipynb,プロジェクト,株式会社東都人材プラットフォーム,04.分析,33385,34570,1185
doc_fedf164e75a35759_chunk_0036,doc_fedf164e75a35759,36,プロジェクト/株式会社東都人材プラットフォーム/04.分析/analysis_project/notebooks/01_eda.ipynb,01_eda.ipynb,.ipynb,プロジェクト,株式会社東都人材プラットフォーム,04.分析,34370,35387,1013
doc_f7bbe31b3fc35746_chunk_0000,doc_f7bbe31b3fc35746,0,プロジェクト/株式会社青嶺不動産アセットマネジメント/04.分析/analysis_project/notebooks/01_eda.ipynb,01_eda.ipynb,.ipynb,プロジェクト,株式会社青嶺不動産アセットマネジメント,04.分析,0,1175,1175
doc_f7bbe31b3fc35746_chunk_0001,doc_f7bbe31b3fc35746,1,プロジェクト/株式会社青嶺不動産アセットマネジメント/04.分析/analysis_project/notebooks/01_eda.ipynb,01_eda.ipynb,.ipynb,プロジェクト,株式会社青嶺不動産アセットマネジメント,04.分析,975,2144,1169
doc_f7bbe31b3fc35746_chunk_0002,doc_f7bbe31b3fc35746,2,プロジェクト/株式会社青嶺不動産アセットマネジメント/04.分析/analysis_project/notebooks/01_eda.ipynb,01_eda.ipynb,.ipynb,プロジェクト,株式会社青嶺不動産アセットマネジメント,04.分析,1944,3137,1193
doc_f7bbe31b3fc35746_chunk_0003,doc_f7bbe31b3fc35746,3,プロジェクト/株式会社青嶺不動産アセットマネジメント/04.分析/analysis_project/notebooks/01_eda.ipynb,01_eda.ipynb,.ipynb,プロジェクト,株式会社青嶺不動産アセットマネジメント,04.分析,2937,4082,1142
doc_f7bbe31b3fc35746_chunk_0004,doc_f7bbe31b3fc35746,4,プロジェクト/株式会社青嶺不動産アセットマネジメント/04.分析/analysis_project/notebooks/01_eda.ipynb,01_eda.ipynb,.ipynb,プロジェクト,株式会社青嶺不動産アセットマネジメント,04.分析,3882,5076,1191
doc_f7bbe31b3fc35746_chunk_0005,doc_f7bbe31b3fc35746,5,プロジェクト/株式会社青嶺不動産アセットマネジメント/04.分析/analysis_project/notebooks/01_eda.ipynb,01_eda.ipynb,.ipynb,プロジェクト,株式会社青嶺不動産アセットマネジメント,04.分析,4876,6056,1179
doc_f7bbe31b3fc35746_chunk_0006,doc_f7bbe31b3fc35746,6,プロジェクト/株式会社青嶺不動産アセットマネジメント/04.分析/analysis_project/notebooks/01_eda.ipynb,01_eda.ipynb,.ipynb,プロジェクト,株式会社青嶺不動産アセットマネジメント,04.分析,5856,7016,1160
doc_f7bbe31b3fc35746_chunk_0007,doc_f7bbe31b3fc35746,7,プロジェクト/株式会社青嶺不動産アセットマネジメント/04.分析/analysis_project/notebooks/01_eda.ipynb,01_eda.ipynb,.ipynb,プロジェクト,株式会社青嶺不動産アセットマネジメント,04.分析,6816,8014,1195
doc_f7bbe31b3fc35746_chunk_0008,doc_f7bbe31b3fc35746,8,プロジェクト/株式会社青嶺不動産アセットマネジメント/04.分析/analysis_project/notebooks/01_eda.ipynb,01_eda.ipynb,.ipynb,プロジェクト,株式会社青嶺不動産アセットマネジメント,04.分析,7814,8963,1146
doc_f7bbe31b3fc35746_chunk_0009,doc_f7bbe31b3fc35746,9,プロジェクト/株式会社青嶺不動産アセットマネジメント/04.分析/analysis_project/notebooks/01_eda.ipynb,01_eda.ipynb,.ipynb,プロジェクト,株式会社青嶺不動産アセットマネジメント,04.分析,8763,9938,1164
doc_f7bbe31b3fc35746_chunk_0010,doc_f7bbe31b3fc35746,10,プロジェクト/株式会社青嶺不動産アセットマネジメント/04.分析/analysis_project/notebooks/01_eda.ipynb,01_eda.ipynb,.ipynb,プロジェクト,株式会社青嶺不動産アセットマネジメント,04.分析,9738,10880,1134
doc_f7bbe31b3fc35746_chunk_0011,doc_f7bbe31b3fc35746,11,プロジェクト/株式会社青嶺不動産アセットマネジメント/04.分析/analysis_project/notebooks/01_eda.ipynb,01_eda.ipynb,.ipynb,プロジェクト,株式会社青嶺不動産アセットマネジメント,04.分析,10680,11863,1183
doc_f7bbe31b3fc35746_chunk_0012,doc_f7bbe31b3fc35746,12,プロジェクト/株式会社青嶺不動産アセットマネジメント/04.分析/analysis_project/notebooks/01_eda.ipynb,01_eda.ipynb,.ipynb,プロジェクト,株式会社青嶺不動産アセットマネジメント,04.分析,11663,12812,1149
doc_f7bbe31b3fc35746_chunk_0013,doc_f7bbe31b3fc35746,13,プロジェクト/株式会社青嶺不動産アセットマネジメント/04.分析/analysis_project/notebooks/01_eda.ipynb,01_eda.ipynb,.ipynb,プロジェクト,株式会社青嶺不動産アセットマネジメント,04.分析,12612,13782,1170
doc_f7bbe31b3fc35746_chunk_0014,doc_f7bbe31b3fc35746,14,プロジェクト/株式会社青嶺不動産アセットマネジメント/04.分析/analysis_project/notebooks/01_eda.ipynb,01_eda.ipynb,.ipynb,プロジェクト,株式会社青嶺不動産アセットマネジメント,04.分析,13582,14745,1163
doc_f7bbe31b3fc35746_chunk_0015,doc_f7bbe31b3fc35746,15,プロジェクト/株式会社青嶺不動産アセットマネジメント/04.分析/analysis_project/notebooks/01_eda.ipynb,01_eda.ipynb,.ipynb,プロジェクト,株式会社青嶺不動産アセットマネジメント,04.分析,14545,15699,1154
doc_f7bbe31b3fc35746_chunk_0016,doc_f7bbe31b3fc35746,16,プロジェクト/株式会社青嶺不動産アセットマネジメント/04.分析/analysis_project/notebooks/01_eda.ipynb,01_eda.ipynb,.ipynb,プロジェクト,株式会社青嶺不動産アセットマネジメント,04.分析,15499,16682,1180
doc_f7bbe31b3fc35746_chunk_0017,doc_f7bbe31b3fc35746,17,プロジェクト/株式会社青嶺不動産アセットマネジメント/04.分析/analysis_project/notebooks/01_eda.ipynb,01_eda.ipynb,.ipynb,プロジェクト,株式会社青嶺不動産アセットマネジメント,04.分析,16482,17630,1145
doc_f7bbe31b3fc35746_chunk_0018,doc_f7bbe31b3fc35746,18,プロジェクト/株式会社青嶺不動産アセットマネジメント/04.分析/analysis_project/notebooks/01_eda.ipynb,01_eda.ipynb,.ipynb,プロジェクト,株式会社青嶺不動産アセットマネジメント,04.分析,17430,18617,1183
doc_f7bbe31b3fc35746_chunk_0019,doc_f7bbe31b3fc35746,19,プロジェクト/株式会社青嶺不動産アセットマネジメント/04.分析/analysis_project/notebooks/01_eda.ipynb,01_eda.ipynb,.ipynb,プロジェクト,株式会社青嶺不動産アセットマネジメント,04.分析,18417,19608,1186
doc_f7bbe31b3fc35746_chunk_0020,doc_f7bbe31b3fc35746,20,プロジェクト/株式会社青嶺不動産アセットマネジメント/04.分析/analysis_project/notebooks/01_eda.ipynb,01_eda.ipynb,.ipynb,プロジェクト,株式会社青嶺不動産アセットマネジメント,04.分析,19408,20590,1181
doc_f7bbe31b3fc35746_chunk_0021,doc_f7bbe31b3fc35746,21,プロジェクト/株式会社青嶺不動産アセットマネジメント/04.分析/analysis_project/notebooks/01_eda.ipynb,01_eda.ipynb,.ipynb,プロジェクト,株式会社青嶺不動産アセットマネジメント,04.分析,20390,21536,1138
doc_f7bbe31b3fc35746_chunk_0022,doc_f7bbe31b3fc35746,22,プロジェクト/株式会社青嶺不動産アセットマネジメント/04.分析/analysis_project/notebooks/01_eda.ipynb,01_eda.ipynb,.ipynb,プロジェクト,株式会社青嶺不動産アセットマネジメント,04.分析,21336,22495,1159
doc_f7bbe31b3fc35746_chunk_0023,doc_f7bbe31b3fc35746,23,プロジェクト/株式会社青嶺不動産アセットマネジメント/04.分析/analysis_project/notebooks/01_eda.ipynb,01_eda.ipynb,.ipynb,プロジェクト,株式会社青嶺不動産アセットマネジメント,04.分析,22295,23475,1180
doc_f7bbe31b3fc35746_chunk_0024,doc_f7bbe31b3fc35746,24,プロジェクト/株式会社青嶺不動産アセットマネジメント/04.分析/analysis_project/notebooks/01_eda.ipynb,01_eda.ipynb,.ipynb,プロジェクト,株式会社青嶺不動産アセットマネジメント,04.分析,23275,24460,1185
doc_f7bbe31b3fc35746_chunk_0025,doc_f7bbe31b3fc35746,25,プロジェクト/株式会社青嶺不動産アセットマネジメント/04.分析/analysis_project/notebooks/01_eda.ipynb,01_eda.ipynb,.ipynb,プロジェクト,株式会社青嶺不動産アセットマネジメント,04.分析,24260,25412,1152
doc_f7bbe31b3fc35746_chunk_0026,doc_f7bbe31b3fc35746,26,プロジェクト/株式会社青嶺不動産アセットマネジメント/04.分析/analysis_project/notebooks/01_eda.ipynb,01_eda.ipynb,.ipynb,プロジェクト,株式会社青嶺不動産アセットマネジメント,04.分析,25212,26380,1168
doc_f7bbe31b3fc35746_chunk_0027,doc_f7bbe31b3fc35746,27,プロジェクト/株式会社青嶺不動産アセットマネジメント/04.分析/analysis_project/notebooks/01_eda.ipynb,01_eda.ipynb,.ipynb,プロジェクト,株式会社青嶺不動産アセットマネジメント,04.分析,26180,27376,1184
doc_f7bbe31b3fc35746_chunk_0028,doc_f7bbe31b3fc35746,28,プロジェクト/株式会社青嶺不動産アセットマネジメント/04.分析/analysis_project/notebooks/01_eda.ipynb,01_eda.ipynb,.ipynb,プロジェクト,株式会社青嶺不動産アセットマネジメント,04.分析,27176,28355,1167
doc_f7bbe31b3fc35746_chunk_0029,doc_f7bbe31b3fc35746,29,プロジェクト/株式会社青嶺不動産アセットマネジメント/04.分析/analysis_project/notebooks/01_eda.ipynb,01_eda.ipynb,.ipynb,プロジェクト,株式会社青嶺不動産アセットマネジメント,04.分析,28155,29246,1091
doc_f7bbe31b3fc35746_chunk_0030,doc_f7bbe31b3fc35746,30,プロジェクト/株式会社青嶺不動産アセットマネジメント/04.分析/analysis_project/notebooks/01_eda.ipynb,01_eda.ipynb,.ipynb,プロジェクト,株式会社青嶺不動産アセットマネジメント,04.分析,29046,30214,1168
doc_f7bbe31b3fc35746_chunk_0031,doc_f7bbe31b3fc35746,31,プロジェクト/株式会社青嶺不動産アセットマネジメント/04.分析/analysis_project/notebooks/01_eda.ipynb,01_eda.ipynb,.ipynb,プロジェクト,株式会社青嶺不動産アセットマネジメント,04.分析,30014,31145,1130
doc_f7bbe31b3fc35746_chunk_0032,doc_f7bbe31b3fc35746,32,プロジェクト/株式会社青嶺不動産アセットマネジメント/04.分析/analysis_project/notebooks/01_eda.ipynb,01_eda.ipynb,.ipynb,プロジェクト,株式会社青嶺不動産アセットマネジメント,04.分析,30945,32109,1156
doc_f7bbe31b3fc35746_chunk_0033,doc_f7bbe31b3fc35746,33,プロジェクト/株式会社青嶺不動産アセットマネジメント/04.分析/analysis_project/notebooks/01_eda.ipynb,01_eda.ipynb,.ipynb,プロジェクト,株式会社青嶺不動産アセットマネジメント,04.分析,31909,33077,1168
doc_f7bbe31b3fc35746_chunk_0034,doc_f7bbe31b3fc35746,34,プロジェクト/株式会社青嶺不動産アセットマネジメント/04.分析/analysis_project/notebooks/01_eda.ipynb,01_eda.ipynb,.ipynb,プロジェクト,株式会社青嶺不動産アセットマネジメント,04.分析,32877,33718,841
doc_bc9c5d0845ebe443_chunk_0000,doc_bc9c5d0845ebe443,0,プロジェクト/株式会社青潮モビリティサービス/04.分析/analysis_project/notebooks/01_eda.ipynb,01_eda.ipynb,.ipynb,プロジェクト,株式会社青潮モビリティサービス,04.分析,0,1197,1197
doc_bc9c5d0845ebe443_chunk_0001,doc_bc9c5d0845ebe443,1,プロジェクト/株式会社青潮モビリティサービス/04.分析/analysis_project/notebooks/01_eda.ipynb,01_eda.ipynb,.ipynb,プロジェクト,株式会社青潮モビリティサービス,04.分析,997,2192,1191
doc_bc9c5d0845ebe443_chunk_0002,doc_bc9c5d0845ebe443,2,プロジェクト/株式会社青潮モビリティサービス/04.分析/analysis_project/notebooks/01_eda.ipynb,01_eda.ipynb,.ipynb,プロジェクト,株式会社青潮モビリティサービス,04.分析,1992,3164,1171
doc_bc9c5d0845ebe443_chunk_0003,doc_bc9c5d0845ebe443,3,プロジェクト/株式会社青潮モビリティサービス/04.分析/analysis_project/notebooks/01_eda.ipynb,01_eda.ipynb,.ipynb,プロジェクト,株式会社青潮モビリティサービス,04.分析,2964,4122,1155
doc_bc9c5d0845ebe443_chunk_0004,doc_bc9c5d0845ebe443,4,プロジェクト/株式会社青潮モビリティサービス/04.分析/analysis_project/notebooks/01_eda.ipynb,01_eda.ipynb,.ipynb,プロジェクト,株式会社青潮モビリティサービス,04.分析,3922,5114,1186
doc_bc9c5d0845ebe443_chunk_0005,doc_bc9c5d0845ebe443,5,プロジェクト/株式会社青潮モビリティサービス/04.分析/analysis_project/notebooks/01_eda.ipynb,01_eda.ipynb,.ipynb,プロジェクト,株式会社青潮モビリティサービス,04.分析,4914,6097,1177
doc_bc9c5d0845ebe443_chunk_0006,doc_bc9c5d0845ebe443,6,プロジェクト/株式会社青潮モビリティサービス/04.分析/analysis_project/notebooks/01_eda.ipynb,01_eda.ipynb,.ipynb,プロジェクト,株式会社青潮モビリティサービス,04.分析,5897,7040,1143
doc_bc9c5d0845ebe443_chunk_0007,doc_bc9c5d0845ebe443,7,プロジェクト/株式会社青潮モビリティサービス/04.分析/analysis_project/notebooks/01_eda.ipynb,01_eda.ipynb,.ipynb,プロジェクト,株式会社青潮モビリティサービス,04.分析,6840,8016,1176
doc_bc9c5d0845ebe443_chunk_0008,doc_bc9c5d0845ebe443,8,プロジェクト/株式会社青潮モビリティサービス/04.分析/analysis_project/notebooks/01_eda.ipynb,01_eda.ipynb,.ipynb,プロジェクト,株式会社青潮モビリティサービス,04.分析,7816,9004,1187
doc_bc9c5d0845ebe443_chunk_0009,doc_bc9c5d0845ebe443,9,プロジェクト/株式会社青潮モビリティサービス/04.分析/analysis_project/notebooks/01_eda.ipynb,01_eda.ipynb,.ipynb,プロジェクト,株式会社青潮モビリティサービス,04.分析,8804,9994,1190
doc_bc9c5d0845ebe443_chunk_0010,doc_bc9c5d0845ebe443,10,プロジェクト/株式会社青潮モビリティサービス/04.分析/analysis_project/notebooks/01_eda.ipynb,01_eda.ipynb,.ipynb,プロジェクト,株式会社青潮モビリティサービス,04.分析,9794,10976,1182
doc_bc9c5d0845ebe443_chunk_0011,doc_bc9c5d0845ebe443,11,プロジェクト/株式会社青潮モビリティサービス/04.分析/analysis_project/notebooks/01_eda.ipynb,01_eda.ipynb,.ipynb,プロジェクト,株式会社青潮モビリティサービス,04.分析,10776,11901,1121
doc_bc9c5d0845ebe443_chunk_0012,doc_bc9c5d0845ebe443,12,プロジェクト/株式会社青潮モビリティサービス/04.分析/analysis_project/notebooks/01_eda.ipynb,01_eda.ipynb,.ipynb,プロジェクト,株式会社青潮モビリティサービス,04.分析,11701,12895,1192
doc_bc9c5d0845ebe443_chunk_0013,doc_bc9c5d0845ebe443,13,プロジェクト/株式会社青潮モビリティサービス/04.分析/analysis_project/notebooks/01_eda.ipynb,01_eda.ipynb,.ipynb,プロジェクト,株式会社青潮モビリティサービス,04.分析,12695,13866,1166
doc_bc9c5d0845ebe443_chunk_0014,doc_bc9c5d0845ebe443,14,プロジェクト/株式会社青潮モビリティサービス/04.分析/analysis_project/notebooks/01_eda.ipynb,01_eda.ipynb,.ipynb,プロジェクト,株式会社青潮モビリティサービス,04.分析,13666,14836,1170
doc_bc9c5d0845ebe443_chunk_0015,doc_bc9c5d0845ebe443,15,プロジェクト/株式会社青潮モビリティサービス/04.分析/analysis_project/notebooks/01_eda.ipynb,01_eda.ipynb,.ipynb,プロジェクト,株式会社青潮モビリティサービス,04.分析,14636,15833,1195
doc_bc9c5d0845ebe443_chunk_0016,doc_bc9c5d0845ebe443,16,プロジェクト/株式会社青潮モビリティサービス/04.分析/analysis_project/notebooks/01_eda.ipynb,01_eda.ipynb,.ipynb,プロジェクト,株式会社青潮モビリティサービス,04.分析,15633,16823,1190
doc_bc9c5d0845ebe443_chunk_0017,doc_bc9c5d0845ebe443,17,プロジェクト/株式会社青潮モビリティサービス/04.分析/analysis_project/notebooks/01_eda.ipynb,01_eda.ipynb,.ipynb,プロジェクト,株式会社青潮モビリティサービス,04.分析,16623,17805,1181
doc_bc9c5d0845ebe443_chunk_0018,doc_bc9c5d0845ebe443,18,プロジェクト/株式会社青潮モビリティサービス/04.分析/analysis_project/notebooks/01_eda.ipynb,01_eda.ipynb,.ipynb,プロジェクト,株式会社青潮モビリティサービス,04.分析,17605,18801,1194
doc_bc9c5d0845ebe443_chunk_0019,doc_bc9c5d0845ebe443,19,プロジェクト/株式会社青潮モビリティサービス/04.分析/analysis_project/notebooks/01_eda.ipynb,01_eda.ipynb,.ipynb,プロジェクト,株式会社青潮モビリティサービス,04.分析,18601,19774,1173
doc_bc9c5d0845ebe443_chunk_0020,doc_bc9c5d0845ebe443,20,プロジェクト/株式会社青潮モビリティサービス/04.分析/analysis_project/notebooks/01_eda.ipynb,01_eda.ipynb,.ipynb,プロジェクト,株式会社青潮モビリティサービス,04.分析,19574,20746,1172
doc_bc9c5d0845ebe443_chunk_0021,doc_bc9c5d0845ebe443,21,プロジェクト/株式会社青潮モビリティサービス/04.分析/analysis_project/notebooks/01_eda.ipynb,01_eda.ipynb,.ipynb,プロジェクト,株式会社青潮モビリティサービス,04.分析,20546,21732,1186
doc_bc9c5d0845ebe443_chunk_0022,doc_bc9c5d0845ebe443,22,プロジェクト/株式会社青潮モビリティサービス/04.分析/analysis_project/notebooks/01_eda.ipynb,01_eda.ipynb,.ipynb,プロジェクト,株式会社青潮モビリティサービス,04.分析,21532,22719,1183
doc_bc9c5d0845ebe443_chunk_0023,doc_bc9c5d0845ebe443,23,プロジェクト/株式会社青潮モビリティサービス/04.分析/analysis_project/notebooks/01_eda.ipynb,01_eda.ipynb,.ipynb,プロジェクト,株式会社青潮モビリティサービス,04.分析,22519,23663,1144
doc_bc9c5d0845ebe443_chunk_0024,doc_bc9c5d0845ebe443,24,プロジェクト/株式会社青潮モビリティサービス/04.分析/analysis_project/notebooks/01_eda.ipynb,01_eda.ipynb,.ipynb,プロジェクト,株式会社青潮モビリティサービス,04.分析,23463,24649,1186
doc_bc9c5d0845ebe443_chunk_0025,doc_bc9c5d0845ebe443,25,プロジェクト/株式会社青潮モビリティサービス/04.分析/analysis_project/notebooks/01_eda.ipynb,01_eda.ipynb,.ipynb,プロジェクト,株式会社青潮モビリティサービス,04.分析,24449,25630,1181
doc_bc9c5d0845ebe443_chunk_0026,doc_bc9c5d0845ebe443,26,プロジェクト/株式会社青潮モビリティサービス/04.分析/analysis_project/notebooks/01_eda.ipynb,01_eda.ipynb,.ipynb,プロジェクト,株式会社青潮モビリティサービス,04.分析,25430,26515,1085
doc_bc9c5d0845ebe443_chunk_0027,doc_bc9c5d0845ebe443,27,プロジェクト/株式会社青潮モビリティサービス/04.分析/analysis_project/notebooks/01_eda.ipynb,01_eda.ipynb,.ipynb,プロジェクト,株式会社青潮モビリティサービス,04.分析,26315,27512,1196
doc_bc9c5d0845ebe443_chunk_0028,doc_bc9c5d0845ebe443,28,プロジェクト/株式会社青潮モビリティサービス/04.分析/analysis_project/notebooks/01_eda.ipynb,01_eda.ipynb,.ipynb,プロジェクト,株式会社青潮モビリティサービス,04.分析,27312,27653,341
doc_ac36b4fecdfa95d5_chunk_0000,doc_ac36b4fecdfa95d5,0,プロジェクト/株式会社青葉バイオメディカル機器/04.分析/analysis_project/notebooks/01_eda.ipynb,01_eda.ipynb,.ipynb,プロジェクト,株式会社青葉バイオメディカル機器,04.分析,0,1166,1166
doc_ac36b4fecdfa95d5_chunk_0001,doc_ac36b4fecdfa95d5,1,プロジェクト/株式会社青葉バイオメディカル機器/04.分析/analysis_project/notebooks/01_eda.ipynb,01_eda.ipynb,.ipynb,プロジェクト,株式会社青葉バイオメディカル機器,04.分析,966,1524,558
doc_e52d8af8e3e09f73_chunk_0000,doc_e52d8af8e3e09f73,0,プロジェクト/白峰信用リスク評価株式会社/04.分析/analysis_project/notebooks/01_eda.ipynb,01_eda.ipynb,.ipynb,プロジェクト,白峰信用リスク評価株式会社,04.分析,0,1193,1193
doc_e52d8af8e3e09f73_chunk_0001,doc_e52d8af8e3e09f73,1,プロジェクト/白峰信用リスク評価株式会社/04.分析/analysis_project/notebooks/01_eda.ipynb,01_eda.ipynb,.ipynb,プロジェクト,白峰信用リスク評価株式会社,04.分析,993,2171,1174
doc_e52d8af8e3e09f73_chunk_0002,doc_e52d8af8e3e09f73,2,プロジェクト/白峰信用リスク評価株式会社/04.分析/analysis_project/notebooks/01_eda.ipynb,01_eda.ipynb,.ipynb,プロジェクト,白峰信用リスク評価株式会社,04.分析,1971,3135,1164
doc_e52d8af8e3e09f73_chunk_0003,doc_e52d8af8e3e09f73,3,プロジェクト/白峰信用リスク評価株式会社/04.分析/analysis_project/notebooks/01_eda.ipynb,01_eda.ipynb,.ipynb,プロジェクト,白峰信用リスク評価株式会社,04.分析,2935,4065,1127
doc_e52d8af8e3e09f73_chunk_0004,doc_e52d8af8e3e09f73,4,プロジェクト/白峰信用リスク評価株式会社/04.分析/analysis_project/notebooks/01_eda.ipynb,01_eda.ipynb,.ipynb,プロジェクト,白峰信用リスク評価株式会社,04.分析,3865,5046,1179
doc_e52d8af8e3e09f73_chunk_0005,doc_e52d8af8e3e09f73,5,プロジェクト/白峰信用リスク評価株式会社/04.分析/analysis_project/notebooks/01_eda.ipynb,01_eda.ipynb,.ipynb,プロジェクト,白峰信用リスク評価株式会社,04.分析,4846,6044,1197
doc_e52d8af8e3e09f73_chunk_0006,doc_e52d8af8e3e09f73,6,プロジェクト/白峰信用リスク評価株式会社/04.分析/analysis_project/notebooks/01_eda.ipynb,01_eda.ipynb,.ipynb,プロジェクト,白峰信用リスク評価株式会社,04.分析,5844,6913,1069
doc_e52d8af8e3e09f73_chunk_0007,doc_e52d8af8e3e09f73,7,プロジェクト/白峰信用リスク評価株式会社/04.分析/analysis_project/notebooks/01_eda.ipynb,01_eda.ipynb,.ipynb,プロジェクト,白峰信用リスク評価株式会社,04.分析,6713,7862,1146
doc_e52d8af8e3e09f73_chunk_0008,doc_e52d8af8e3e09f73,8,プロジェクト/白峰信用リスク評価株式会社/04.分析/analysis_project/notebooks/01_eda.ipynb,01_eda.ipynb,.ipynb,プロジェクト,白峰信用リスク評価株式会社,04.分析,7662,8845,1183
doc_e52d8af8e3e09f73_chunk_0009,doc_e52d8af8e3e09f73,9,プロジェクト/白峰信用リスク評価株式会社/04.分析/analysis_project/notebooks/01_eda.ipynb,01_eda.ipynb,.ipynb,プロジェクト,白峰信用リスク評価株式会社,04.分析,8645,9832,1184
doc_e52d8af8e3e09f73_chunk_0010,doc_e52d8af8e3e09f73,10,プロジェクト/白峰信用リスク評価株式会社/04.分析/analysis_project/notebooks/01_eda.ipynb,01_eda.ipynb,.ipynb,プロジェクト,白峰信用リスク評価株式会社,04.分析,9632,10829,1197
doc_e52d8af8e3e09f73_chunk_0011,doc_e52d8af8e3e09f73,11,プロジェクト/白峰信用リスク評価株式会社/04.分析/analysis_project/notebooks/01_eda.ipynb,01_eda.ipynb,.ipynb,プロジェクト,白峰信用リスク評価株式会社,04.分析,10629,11809,1180
doc_e52d8af8e3e09f73_chunk_0012,doc_e52d8af8e3e09f73,12,プロジェクト/白峰信用リスク評価株式会社/04.分析/analysis_project/notebooks/01_eda.ipynb,01_eda.ipynb,.ipynb,プロジェクト,白峰信用リスク評価株式会社,04.分析,11609,12772,1162
doc_e52d8af8e3e09f73_chunk_0013,doc_e52d8af8e3e09f73,13,プロジェクト/白峰信用リスク評価株式会社/04.分析/analysis_project/notebooks/01_eda.ipynb,01_eda.ipynb,.ipynb,プロジェクト,白峰信用リスク評価株式会社,04.分析,12572,13741,1169
doc_e52d8af8e3e09f73_chunk_0014,doc_e52d8af8e3e09f73,14,プロジェクト/白峰信用リスク評価株式会社/04.分析/analysis_project/notebooks/01_eda.ipynb,01_eda.ipynb,.ipynb,プロジェクト,白峰信用リスク評価株式会社,04.分析,13541,14733,1183
doc_e52d8af8e3e09f73_chunk_0015,doc_e52d8af8e3e09f73,15,プロジェクト/白峰信用リスク評価株式会社/04.分析/analysis_project/notebooks/01_eda.ipynb,01_eda.ipynb,.ipynb,プロジェクト,白峰信用リスク評価株式会社,04.分析,14533,15702,1166
doc_e52d8af8e3e09f73_chunk_0016,doc_e52d8af8e3e09f73,16,プロジェクト/白峰信用リスク評価株式会社/04.分析/analysis_project/notebooks/01_eda.ipynb,01_eda.ipynb,.ipynb,プロジェクト,白峰信用リスク評価株式会社,04.分析,15502,16696,1193
doc_e52d8af8e3e09f73_chunk_0017,doc_e52d8af8e3e09f73,17,プロジェクト/白峰信用リスク評価株式会社/04.分析/analysis_project/notebooks/01_eda.ipynb,01_eda.ipynb,.ipynb,プロジェクト,白峰信用リスク評価株式会社,04.分析,16496,17664,1168
doc_e52d8af8e3e09f73_chunk_0018,doc_e52d8af8e3e09f73,18,プロジェクト/白峰信用リスク評価株式会社/04.分析/analysis_project/notebooks/01_eda.ipynb,01_eda.ipynb,.ipynb,プロジェクト,白峰信用リスク評価株式会社,04.分析,17464,18575,1110
doc_e52d8af8e3e09f73_chunk_0019,doc_e52d8af8e3e09f73,19,プロジェクト/白峰信用リスク評価株式会社/04.分析/analysis_project/notebooks/01_eda.ipynb,01_eda.ipynb,.ipynb,プロジェクト,白峰信用リスク評価株式会社,04.分析,18375,19562,1187
doc_e52d8af8e3e09f73_chunk_0020,doc_e52d8af8e3e09f73,20,プロジェクト/白峰信用リスク評価株式会社/04.分析/analysis_project/notebooks/01_eda.ipynb,01_eda.ipynb,.ipynb,プロジェクト,白峰信用リスク評価株式会社,04.分析,19362,20538,1176
doc_e52d8af8e3e09f73_chunk_0021,doc_e52d8af8e3e09f73,21,プロジェクト/白峰信用リスク評価株式会社/04.分析/analysis_project/notebooks/01_eda.ipynb,01_eda.ipynb,.ipynb,プロジェクト,白峰信用リスク評価株式会社,04.分析,20338,21522,1184
doc_e52d8af8e3e09f73_chunk_0022,doc_e52d8af8e3e09f73,22,プロジェクト/白峰信用リスク評価株式会社/04.分析/analysis_project/notebooks/01_eda.ipynb,01_eda.ipynb,.ipynb,プロジェクト,白峰信用リスク評価株式会社,04.分析,21322,22482,1157
doc_e52d8af8e3e09f73_chunk_0023,doc_e52d8af8e3e09f73,23,プロジェクト/白峰信用リスク評価株式会社/04.分析/analysis_project/notebooks/01_eda.ipynb,01_eda.ipynb,.ipynb,プロジェクト,白峰信用リスク評価株式会社,04.分析,22282,23462,1180
doc_e52d8af8e3e09f73_chunk_0024,doc_e52d8af8e3e09f73,24,プロジェクト/白峰信用リスク評価株式会社/04.分析/analysis_project/notebooks/01_eda.ipynb,01_eda.ipynb,.ipynb,プロジェクト,白峰信用リスク評価株式会社,04.分析,23262,24461,1199
doc_e52d8af8e3e09f73_chunk_0025,doc_e52d8af8e3e09f73,25,プロジェクト/白峰信用リスク評価株式会社/04.分析/analysis_project/notebooks/01_eda.ipynb,01_eda.ipynb,.ipynb,プロジェクト,白峰信用リスク評価株式会社,04.分析,24261,25407,1146
doc_e52d8af8e3e09f73_chunk_0026,doc_e52d8af8e3e09f73,26,プロジェクト/白峰信用リスク評価株式会社/04.分析/analysis_project/notebooks/01_eda.ipynb,01_eda.ipynb,.ipynb,プロジェクト,白峰信用リスク評価株式会社,04.分析,25207,26397,1190
doc_e52d8af8e3e09f73_chunk_0027,doc_e52d8af8e3e09f73,27,プロジェクト/白峰信用リスク評価株式会社/04.分析/analysis_project/notebooks/01_eda.ipynb,01_eda.ipynb,.ipynb,プロジェクト,白峰信用リスク評価株式会社,04.分析,26197,27362,1165
doc_e52d8af8e3e09f73_chunk_0028,doc_e52d8af8e3e09f73,28,プロジェクト/白峰信用リスク評価株式会社/04.分析/analysis_project/notebooks/01_eda.ipynb,01_eda.ipynb,.ipynb,プロジェクト,白峰信用リスク評価株式会社,04.分析,27162,28322,1160
doc_e52d8af8e3e09f73_chunk_0029,doc_e52d8af8e3e09f73,29,プロジェクト/白峰信用リスク評価株式会社/04.分析/analysis_project/notebooks/01_eda.ipynb,01_eda.ipynb,.ipynb,プロジェクト,白峰信用リスク評価株式会社,04.分析,28122,29307,1185
doc_e52d8af8e3e09f73_chunk_0030,doc_e52d8af8e3e09f73,30,プロジェクト/白峰信用リスク評価株式会社/04.分析/analysis_project/notebooks/01_eda.ipynb,01_eda.ipynb,.ipynb,プロジェクト,白峰信用リスク評価株式会社,04.分析,29107,30293,1186
doc_e52d8af8e3e09f73_chunk_0031,doc_e52d8af8e3e09f73,31,プロジェクト/白峰信用リスク評価株式会社/04.分析/analysis_project/notebooks/01_eda.ipynb,01_eda.ipynb,.ipynb,プロジェクト,白峰信用リスク評価株式会社,04.分析,30093,31275,1181
doc_e52d8af8e3e09f73_chunk_0032,doc_e52d8af8e3e09f73,32,プロジェクト/白峰信用リスク評価株式会社/04.分析/analysis_project/notebooks/01_eda.ipynb,01_eda.ipynb,.ipynb,プロジェクト,白峰信用リスク評価株式会社,04.分析,31075,31976,900
doc_e52d8af8e3e09f73_chunk_0033,doc_e52d8af8e3e09f73,33,プロジェクト/白峰信用リスク評価株式会社/04.分析/analysis_project/notebooks/01_eda.ipynb,01_eda.ipynb,.ipynb,プロジェクト,白峰信用リスク評価株式会社,04.分析,31776,32599,823
doc_c76ce2191c7a7cf9_chunk_0000,doc_c76ce2191c7a7cf9,0,プロジェクト/白峰信用リスク評価株式会社/04.分析/analysis_project/notebooks/01_eda_old.ipynb,01_eda_old.ipynb,.ipynb,プロジェクト,白峰信用リスク評価株式会社,04.分析,0,1175,1175
doc_c76ce2191c7a7cf9_chunk_0001,doc_c76ce2191c7a7cf9,1,プロジェクト/白峰信用リスク評価株式会社/04.分析/analysis_project/notebooks/01_eda_old.ipynb,01_eda_old.ipynb,.ipynb,プロジェクト,白峰信用リスク評価株式会社,04.分析,975,2170,1195
doc_c76ce2191c7a7cf9_chunk_0002,doc_c76ce2191c7a7cf9,2,プロジェクト/白峰信用リスク評価株式会社/04.分析/analysis_project/notebooks/01_eda_old.ipynb,01_eda_old.ipynb,.ipynb,プロジェクト,白峰信用リスク評価株式会社,04.分析,1970,3147,1176
doc_c76ce2191c7a7cf9_chunk_0003,doc_c76ce2191c7a7cf9,3,プロジェクト/白峰信用リスク評価株式会社/04.分析/analysis_project/notebooks/01_eda_old.ipynb,01_eda_old.ipynb,.ipynb,プロジェクト,白峰信用リスク評価株式会社,04.分析,2947,4077,1127
doc_c76ce2191c7a7cf9_chunk_0004,doc_c76ce2191c7a7cf9,4,プロジェクト/白峰信用リスク評価株式会社/04.分析/analysis_project/notebooks/01_eda_old.ipynb,01_eda_old.ipynb,.ipynb,プロジェクト,白峰信用リスク評価株式会社,04.分析,3877,5058,1179
doc_c76ce2191c7a7cf9_chunk_0005,doc_c76ce2191c7a7cf9,5,プロジェクト/白峰信用リスク評価株式会社/04.分析/analysis_project/notebooks/01_eda_old.ipynb,01_eda_old.ipynb,.ipynb,プロジェクト,白峰信用リスク評価株式会社,04.分析,4858,6056,1197
doc_c76ce2191c7a7cf9_chunk_0006,doc_c76ce2191c7a7cf9,6,プロジェクト/白峰信用リスク評価株式会社/04.分析/analysis_project/notebooks/01_eda_old.ipynb,01_eda_old.ipynb,.ipynb,プロジェクト,白峰信用リスク評価株式会社,04.分析,5856,6925,1069
doc_c76ce2191c7a7cf9_chunk_0007,doc_c76ce2191c7a7cf9,7,プロジェクト/白峰信用リスク評価株式会社/04.分析/analysis_project/notebooks/01_eda_old.ipynb,01_eda_old.ipynb,.ipynb,プロジェクト,白峰信用リスク評価株式会社,04.分析,6725,7874,1146
doc_c76ce2191c7a7cf9_chunk_0008,doc_c76ce2191c7a7cf9,8,プロジェクト/白峰信用リスク評価株式会社/04.分析/analysis_project/notebooks/01_eda_old.ipynb,01_eda_old.ipynb,.ipynb,プロジェクト,白峰信用リスク評価株式会社,04.分析,7674,8857,1183
doc_c76ce2191c7a7cf9_chunk_0009,doc_c76ce2191c7a7cf9,9,プロジェクト/白峰信用リスク評価株式会社/04.分析/analysis_project/notebooks/01_eda_old.ipynb,01_eda_old.ipynb,.ipynb,プロジェクト,白峰信用リスク評価株式会社,04.分析,8657,9844,1184
doc_c76ce2191c7a7cf9_chunk_0010,doc_c76ce2191c7a7cf9,10,プロジェクト/白峰信用リスク評価株式会社/04.分析/analysis_project/notebooks/01_eda_old.ipynb,01_eda_old.ipynb,.ipynb,プロジェクト,白峰信用リスク評価株式会社,04.分析,9644,10841,1197
doc_c76ce2191c7a7cf9_chunk_0011,doc_c76ce2191c7a7cf9,11,プロジェクト/白峰信用リスク評価株式会社/04.分析/analysis_project/notebooks/01_eda_old.ipynb,01_eda_old.ipynb,.ipynb,プロジェクト,白峰信用リスク評価株式会社,04.分析,10641,11821,1180
doc_c76ce2191c7a7cf9_chunk_0012,doc_c76ce2191c7a7cf9,12,プロジェクト/白峰信用リスク評価株式会社/04.分析/analysis_project/notebooks/01_eda_old.ipynb,01_eda_old.ipynb,.ipynb,プロジェクト,白峰信用リスク評価株式会社,04.分析,11621,12784,1162
doc_c76ce2191c7a7cf9_chunk_0013,doc_c76ce2191c7a7cf9,13,プロジェクト/白峰信用リスク評価株式会社/04.分析/analysis_project/notebooks/01_eda_old.ipynb,01_eda_old.ipynb,.ipynb,プロジェクト,白峰信用リスク評価株式会社,04.分析,12584,13753,1169
doc_c76ce2191c7a7cf9_chunk_0014,doc_c76ce2191c7a7cf9,14,プロジェクト/白峰信用リスク評価株式会社/04.分析/analysis_project/notebooks/01_eda_old.ipynb,01_eda_old.ipynb,.ipynb,プロジェクト,白峰信用リスク評価株式会社,04.分析,13553,14745,1183
doc_c76ce2191c7a7cf9_chunk_0015,doc_c76ce2191c7a7cf9,15,プロジェクト/白峰信用リスク評価株式会社/04.分析/analysis_project/notebooks/01_eda_old.ipynb,01_eda_old.ipynb,.ipynb,プロジェクト,白峰信用リスク評価株式会社,04.分析,14545,15714,1166
doc_c76ce2191c7a7cf9_chunk_0016,doc_c76ce2191c7a7cf9,16,プロジェクト/白峰信用リスク評価株式会社/04.分析/analysis_project/notebooks/01_eda_old.ipynb,01_eda_old.ipynb,.ipynb,プロジェクト,白峰信用リスク評価株式会社,04.分析,15514,16708,1193
doc_c76ce2191c7a7cf9_chunk_0017,doc_c76ce2191c7a7cf9,17,プロジェクト/白峰信用リスク評価株式会社/04.分析/analysis_project/notebooks/01_eda_old.ipynb,01_eda_old.ipynb,.ipynb,プロジェクト,白峰信用リスク評価株式会社,04.分析,16508,17676,1168
doc_c76ce2191c7a7cf9_chunk_0018,doc_c76ce2191c7a7cf9,18,プロジェクト/白峰信用リスク評価株式会社/04.分析/analysis_project/notebooks/01_eda_old.ipynb,01_eda_old.ipynb,.ipynb,プロジェクト,白峰信用リスク評価株式会社,04.分析,17476,18587,1110
doc_c76ce2191c7a7cf9_chunk_0019,doc_c76ce2191c7a7cf9,19,プロジェクト/白峰信用リスク評価株式会社/04.分析/analysis_project/notebooks/01_eda_old.ipynb,01_eda_old.ipynb,.ipynb,プロジェクト,白峰信用リスク評価株式会社,04.分析,18387,19574,1187
doc_c76ce2191c7a7cf9_chunk_0020,doc_c76ce2191c7a7cf9,20,プロジェクト/白峰信用リスク評価株式会社/04.分析/analysis_project/notebooks/01_eda_old.ipynb,01_eda_old.ipynb,.ipynb,プロジェクト,白峰信用リスク評価株式会社,04.分析,19374,20550,1176
doc_c76ce2191c7a7cf9_chunk_0021,doc_c76ce2191c7a7cf9,21,プロジェクト/白峰信用リスク評価株式会社/04.分析/analysis_project/notebooks/01_eda_old.ipynb,01_eda_old.ipynb,.ipynb,プロジェクト,白峰信用リスク評価株式会社,04.分析,20350,21534,1184
doc_c76ce2191c7a7cf9_chunk_0022,doc_c76ce2191c7a7cf9,22,プロジェクト/白峰信用リスク評価株式会社/04.分析/analysis_project/notebooks/01_eda_old.ipynb,01_eda_old.ipynb,.ipynb,プロジェクト,白峰信用リスク評価株式会社,04.分析,21334,22494,1157
doc_c76ce2191c7a7cf9_chunk_0023,doc_c76ce2191c7a7cf9,23,プロジェクト/白峰信用リスク評価株式会社/04.分析/analysis_project/notebooks/01_eda_old.ipynb,01_eda_old.ipynb,.ipynb,プロジェクト,白峰信用リスク評価株式会社,04.分析,22294,23474,1180
doc_c76ce2191c7a7cf9_chunk_0024,doc_c76ce2191c7a7cf9,24,プロジェクト/白峰信用リスク評価株式会社/04.分析/analysis_project/notebooks/01_eda_old.ipynb,01_eda_old.ipynb,.ipynb,プロジェクト,白峰信用リスク評価株式会社,04.分析,23274,24473,1199
doc_c76ce2191c7a7cf9_chunk_0025,doc_c76ce2191c7a7cf9,25,プロジェクト/白峰信用リスク評価株式会社/04.分析/analysis_project/notebooks/01_eda_old.ipynb,01_eda_old.ipynb,.ipynb,プロジェクト,白峰信用リスク評価株式会社,04.分析,24273,25419,1146
doc_c76ce2191c7a7cf9_chunk_0026,doc_c76ce2191c7a7cf9,26,プロジェクト/白峰信用リスク評価株式会社/04.分析/analysis_project/notebooks/01_eda_old.ipynb,01_eda_old.ipynb,.ipynb,プロジェクト,白峰信用リスク評価株式会社,04.分析,25219,26409,1190
doc_c76ce2191c7a7cf9_chunk_0027,doc_c76ce2191c7a7cf9,27,プロジェクト/白峰信用リスク評価株式会社/04.分析/analysis_project/notebooks/01_eda_old.ipynb,01_eda_old.ipynb,.ipynb,プロジェクト,白峰信用リスク評価株式会社,04.分析,26209,27374,1165
doc_c76ce2191c7a7cf9_chunk_0028,doc_c76ce2191c7a7cf9,28,プロジェクト/白峰信用リスク評価株式会社/04.分析/analysis_project/notebooks/01_eda_old.ipynb,01_eda_old.ipynb,.ipynb,プロジェクト,白峰信用リスク評価株式会社,04.分析,27174,28334,1160
doc_c76ce2191c7a7cf9_chunk_0029,doc_c76ce2191c7a7cf9,29,プロジェクト/白峰信用リスク評価株式会社/04.分析/analysis_project/notebooks/01_eda_old.ipynb,01_eda_old.ipynb,.ipynb,プロジェクト,白峰信用リスク評価株式会社,04.分析,28134,29319,1185
doc_c76ce2191c7a7cf9_chunk_0030,doc_c76ce2191c7a7cf9,30,プロジェクト/白峰信用リスク評価株式会社/04.分析/analysis_project/notebooks/01_eda_old.ipynb,01_eda_old.ipynb,.ipynb,プロジェクト,白峰信用リスク評価株式会社,04.分析,29119,30305,1186
doc_c76ce2191c7a7cf9_chunk_0031,doc_c76ce2191c7a7cf9,31,プロジェクト/白峰信用リスク評価株式会社/04.分析/analysis_project/notebooks/01_eda_old.ipynb,01_eda_old.ipynb,.ipynb,プロジェクト,白峰信用リスク評価株式会社,04.分析,30105,31287,1181
doc_c76ce2191c7a7cf9_chunk_0032,doc_c76ce2191c7a7cf9,32,プロジェクト/白峰信用リスク評価株式会社/04.分析/analysis_project/notebooks/01_eda_old.ipynb,01_eda_old.ipynb,.ipynb,プロジェクト,白峰信用リスク評価株式会社,04.分析,31087,31988,900
doc_c76ce2191c7a7cf9_chunk_0033,doc_c76ce2191c7a7cf9,33,プロジェクト/白峰信用リスク評価株式会社/04.分析/analysis_project/notebooks/01_eda_old.ipynb,01_eda_old.ipynb,.ipynb,プロジェクト,白峰信用リスク評価株式会社,04.分析,31788,32611,823
doc_f8aa3d477d935cb8_chunk_0000,doc_f8aa3d477d935cb8,0,プロジェクト/青葉与信マネジメント株式会社/04.分析/analysis_project/notebooks/01_eda.ipynb,01_eda.ipynb,.ipynb,プロジェクト,青葉与信マネジメント株式会社,04.分析,0,1195,1195
doc_f8aa3d477d935cb8_chunk_0001,doc_f8aa3d477d935cb8,1,プロジェクト/青葉与信マネジメント株式会社/04.分析/analysis_project/notebooks/01_eda.ipynb,01_eda.ipynb,.ipynb,プロジェクト,青葉与信マネジメント株式会社,04.分析,995,2173,1174
doc_f8aa3d477d935cb8_chunk_0002,doc_f8aa3d477d935cb8,2,プロジェクト/青葉与信マネジメント株式会社/04.分析/analysis_project/notebooks/01_eda.ipynb,01_eda.ipynb,.ipynb,プロジェクト,青葉与信マネジメント株式会社,04.分析,1973,3143,1170
doc_f8aa3d477d935cb8_chunk_0003,doc_f8aa3d477d935cb8,3,プロジェクト/青葉与信マネジメント株式会社/04.分析/analysis_project/notebooks/01_eda.ipynb,01_eda.ipynb,.ipynb,プロジェクト,青葉与信マネジメント株式会社,04.分析,2943,4111,1164
doc_f8aa3d477d935cb8_chunk_0004,doc_f8aa3d477d935cb8,4,プロジェクト/青葉与信マネジメント株式会社/04.分析/analysis_project/notebooks/01_eda.ipynb,01_eda.ipynb,.ipynb,プロジェクト,青葉与信マネジメント株式会社,04.分析,3911,5106,1195
doc_f8aa3d477d935cb8_chunk_0005,doc_f8aa3d477d935cb8,5,プロジェクト/青葉与信マネジメント株式会社/04.分析/analysis_project/notebooks/01_eda.ipynb,01_eda.ipynb,.ipynb,プロジェクト,青葉与信マネジメント株式会社,04.分析,4906,6088,1181
doc_f8aa3d477d935cb8_chunk_0006,doc_f8aa3d477d935cb8,6,プロジェクト/青葉与信マネジメント株式会社/04.分析/analysis_project/notebooks/01_eda.ipynb,01_eda.ipynb,.ipynb,プロジェクト,青葉与信マネジメント株式会社,04.分析,5888,7073,1185
doc_f8aa3d477d935cb8_chunk_0007,doc_f8aa3d477d935cb8,7,プロジェクト/青葉与信マネジメント株式会社/04.分析/analysis_project/notebooks/01_eda.ipynb,01_eda.ipynb,.ipynb,プロジェクト,青葉与信マネジメント株式会社,04.分析,6873,8054,1172
doc_f8aa3d477d935cb8_chunk_0008,doc_f8aa3d477d935cb8,8,プロジェクト/青葉与信マネジメント株式会社/04.分析/analysis_project/notebooks/01_eda.ipynb,01_eda.ipynb,.ipynb,プロジェクト,青葉与信マネジメント株式会社,04.分析,7854,9020,1163
doc_f8aa3d477d935cb8_chunk_0009,doc_f8aa3d477d935cb8,9,プロジェクト/青葉与信マネジメント株式会社/04.分析/analysis_project/notebooks/01_eda.ipynb,01_eda.ipynb,.ipynb,プロジェクト,青葉与信マネジメント株式会社,04.分析,8820,9983,1162
doc_f8aa3d477d935cb8_chunk_0010,doc_f8aa3d477d935cb8,10,プロジェクト/青葉与信マネジメント株式会社/04.分析/analysis_project/notebooks/01_eda.ipynb,01_eda.ipynb,.ipynb,プロジェクト,青葉与信マネジメント株式会社,04.分析,9783,10970,1187
doc_f8aa3d477d935cb8_chunk_0011,doc_f8aa3d477d935cb8,11,プロジェクト/青葉与信マネジメント株式会社/04.分析/analysis_project/notebooks/01_eda.ipynb,01_eda.ipynb,.ipynb,プロジェクト,青葉与信マネジメント株式会社,04.分析,10770,11963,1193
doc_f8aa3d477d935cb8_chunk_0012,doc_f8aa3d477d935cb8,12,プロジェクト/青葉与信マネジメント株式会社/04.分析/analysis_project/notebooks/01_eda.ipynb,01_eda.ipynb,.ipynb,プロジェクト,青葉与信マネジメント株式会社,04.分析,11763,12962,1199
doc_f8aa3d477d935cb8_chunk_0013,doc_f8aa3d477d935cb8,13,プロジェクト/青葉与信マネジメント株式会社/04.分析/analysis_project/notebooks/01_eda.ipynb,01_eda.ipynb,.ipynb,プロジェクト,青葉与信マネジメント株式会社,04.分析,12762,13938,1175
doc_f8aa3d477d935cb8_chunk_0014,doc_f8aa3d477d935cb8,14,プロジェクト/青葉与信マネジメント株式会社/04.分析/analysis_project/notebooks/01_eda.ipynb,01_eda.ipynb,.ipynb,プロジェクト,青葉与信マネジメント株式会社,04.分析,13738,14921,1183
doc_f8aa3d477d935cb8_chunk_0015,doc_f8aa3d477d935cb8,15,プロジェクト/青葉与信マネジメント株式会社/04.分析/analysis_project/notebooks/01_eda.ipynb,01_eda.ipynb,.ipynb,プロジェクト,青葉与信マネジメント株式会社,04.分析,14721,15895,1171
doc_f8aa3d477d935cb8_chunk_0016,doc_f8aa3d477d935cb8,16,プロジェクト/青葉与信マネジメント株式会社/04.分析/analysis_project/notebooks/01_eda.ipynb,01_eda.ipynb,.ipynb,プロジェクト,青葉与信マネジメント株式会社,04.分析,15695,16893,1198
doc_f8aa3d477d935cb8_chunk_0017,doc_f8aa3d477d935cb8,17,プロジェクト/青葉与信マネジメント株式会社/04.分析/analysis_project/notebooks/01_eda.ipynb,01_eda.ipynb,.ipynb,プロジェクト,青葉与信マネジメント株式会社,04.分析,16693,17845,1152
doc_f8aa3d477d935cb8_chunk_0018,doc_f8aa3d477d935cb8,18,プロジェクト/青葉与信マネジメント株式会社/04.分析/analysis_project/notebooks/01_eda.ipynb,01_eda.ipynb,.ipynb,プロジェクト,青葉与信マネジメント株式会社,04.分析,17645,18797,1152
doc_f8aa3d477d935cb8_chunk_0019,doc_f8aa3d477d935cb8,19,プロジェクト/青葉与信マネジメント株式会社/04.分析/analysis_project/notebooks/01_eda.ipynb,01_eda.ipynb,.ipynb,プロジェクト,青葉与信マネジメント株式会社,04.分析,18597,19787,1190
doc_f8aa3d477d935cb8_chunk_0020,doc_f8aa3d477d935cb8,20,プロジェクト/青葉与信マネジメント株式会社/04.分析/analysis_project/notebooks/01_eda.ipynb,01_eda.ipynb,.ipynb,プロジェクト,青葉与信マネジメント株式会社,04.分析,19587,20775,1187
doc_f8aa3d477d935cb8_chunk_0021,doc_f8aa3d477d935cb8,21,プロジェクト/青葉与信マネジメント株式会社/04.分析/analysis_project/notebooks/01_eda.ipynb,01_eda.ipynb,.ipynb,プロジェクト,青葉与信マネジメント株式会社,04.分析,20575,21758,1183
doc_f8aa3d477d935cb8_chunk_0022,doc_f8aa3d477d935cb8,22,プロジェクト/青葉与信マネジメント株式会社/04.分析/analysis_project/notebooks/01_eda.ipynb,01_eda.ipynb,.ipynb,プロジェクト,青葉与信マネジメント株式会社,04.分析,21558,22744,1186
doc_f8aa3d477d935cb8_chunk_0023,doc_f8aa3d477d935cb8,23,プロジェクト/青葉与信マネジメント株式会社/04.分析/analysis_project/notebooks/01_eda.ipynb,01_eda.ipynb,.ipynb,プロジェクト,青葉与信マネジメント株式会社,04.分析,22544,23688,1143
doc_f8aa3d477d935cb8_chunk_0024,doc_f8aa3d477d935cb8,24,プロジェクト/青葉与信マネジメント株式会社/04.分析/analysis_project/notebooks/01_eda.ipynb,01_eda.ipynb,.ipynb,プロジェクト,青葉与信マネジメント株式会社,04.分析,23488,24620,1132
doc_f8aa3d477d935cb8_chunk_0025,doc_f8aa3d477d935cb8,25,プロジェクト/青葉与信マネジメント株式会社/04.分析/analysis_project/notebooks/01_eda.ipynb,01_eda.ipynb,.ipynb,プロジェクト,青葉与信マネジメント株式会社,04.分析,24420,25551,1130
doc_f8aa3d477d935cb8_chunk_0026,doc_f8aa3d477d935cb8,26,プロジェクト/青葉与信マネジメント株式会社/04.分析/analysis_project/notebooks/01_eda.ipynb,01_eda.ipynb,.ipynb,プロジェクト,青葉与信マネジメント株式会社,04.分析,25351,26537,1186
doc_f8aa3d477d935cb8_chunk_0027,doc_f8aa3d477d935cb8,27,プロジェクト/青葉与信マネジメント株式会社/04.分析/analysis_project/notebooks/01_eda.ipynb,01_eda.ipynb,.ipynb,プロジェクト,青葉与信マネジメント株式会社,04.分析,26337,27505,1168
doc_f8aa3d477d935cb8_chunk_0028,doc_f8aa3d477d935cb8,28,プロジェクト/青葉与信マネジメント株式会社/04.分析/analysis_project/notebooks/01_eda.ipynb,01_eda.ipynb,.ipynb,プロジェクト,青葉与信マネジメント株式会社,04.分析,27305,28479,1172
doc_f8aa3d477d935cb8_chunk_0029,doc_f8aa3d477d935cb8,29,プロジェクト/青葉与信マネジメント株式会社/04.分析/analysis_project/notebooks/01_eda.ipynb,01_eda.ipynb,.ipynb,プロジェクト,青葉与信マネジメント株式会社,04.分析,28279,29433,1150
doc_f8aa3d477d935cb8_chunk_0030,doc_f8aa3d477d935cb8,30,プロジェクト/青葉与信マネジメント株式会社/04.分析/analysis_project/notebooks/01_eda.ipynb,01_eda.ipynb,.ipynb,プロジェクト,青葉与信マネジメント株式会社,04.分析,29233,30395,1159
doc_f8aa3d477d935cb8_chunk_0031,doc_f8aa3d477d935cb8,31,プロジェクト/青葉与信マネジメント株式会社/04.分析/analysis_project/notebooks/01_eda.ipynb,01_eda.ipynb,.ipynb,プロジェクト,青葉与信マネジメント株式会社,04.分析,30195,31368,1153
doc_f8aa3d477d935cb8_chunk_0032,doc_f8aa3d477d935cb8,32,プロジェクト/青葉与信マネジメント株式会社/04.分析/analysis_project/notebooks/01_eda.ipynb,01_eda.ipynb,.ipynb,プロジェクト,青葉与信マネジメント株式会社,04.分析,31168,32338,1169
doc_f8aa3d477d935cb8_chunk_0033,doc_f8aa3d477d935cb8,33,プロジェクト/青葉与信マネジメント株式会社/04.分析/analysis_project/notebooks/01_eda.ipynb,01_eda.ipynb,.ipynb,プロジェクト,青葉与信マネジメント株式会社,04.分析,32138,33298,1160
doc_f8aa3d477d935cb8_chunk_0034,doc_f8aa3d477d935cb8,34,プロジェクト/青葉与信マネジメント株式会社/04.分析/analysis_project/notebooks/01_eda.ipynb,01_eda.ipynb,.ipynb,プロジェクト,青葉与信マネジメント株式会社,04.分析,33098,34291,1193
doc_f8aa3d477d935cb8_chunk_0035,doc_f8aa3d477d935cb8,35,プロジェクト/青葉与信マネジメント株式会社/04.分析/analysis_project/notebooks/01_eda.ipynb,01_eda.ipynb,.ipynb,プロジェクト,青葉与信マネジメント株式会社,04.分析,34091,35182,1091
doc_ae8d5836e4aeb61b_chunk_0000,doc_ae8d5836e4aeb61b,0,プロジェクト/京橋信用ソリューションズ株式会社/04.分析/analysis_outputs/metrics.json,metrics.json,.json,プロジェクト,京橋信用ソリューションズ株式会社,04.分析,0,1174,1174
doc_ae8d5836e4aeb61b_chunk_0001,doc_ae8d5836e4aeb61b,1,プロジェクト/京橋信用ソリューションズ株式会社/04.分析/analysis_outputs/metrics.json,metrics.json,.json,プロジェクト,京橋信用ソリューションズ株式会社,04.分析,974,1374,395
doc_79879edbc5800b7a_chunk_0000,doc_79879edbc5800b7a,0,プロジェクト/京橋信用ソリューションズ株式会社/04.分析/analysis_project/configs/project_config.json,project_config.json,.json,プロジェクト,京橋信用ソリューションズ株式会社,04.分析,0,821,821
doc_b126b2974232ad86_chunk_0000,doc_b126b2974232ad86,0,プロジェクト/医療法人社団 恒一会 かえで総合病院/04.分析/analysis_outputs/metrics.json,metrics.json,.json,プロジェクト,医療法人社団 恒一会 かえで総合病院,04.分析,0,1172,1172
doc_b126b2974232ad86_chunk_0001,doc_b126b2974232ad86,1,プロジェクト/医療法人社団 恒一会 かえで総合病院/04.分析/analysis_outputs/metrics.json,metrics.json,.json,プロジェクト,医療法人社団 恒一会 かえで総合病院,04.分析,972,2169,1197
doc_b126b2974232ad86_chunk_0002,doc_b126b2974232ad86,2,プロジェクト/医療法人社団 恒一会 かえで総合病院/04.分析/analysis_outputs/metrics.json,metrics.json,.json,プロジェクト,医療法人社団 恒一会 かえで総合病院,04.分析,1969,3155,1186
doc_b126b2974232ad86_chunk_0003,doc_b126b2974232ad86,3,プロジェクト/医療法人社団 恒一会 かえで総合病院/04.分析/analysis_outputs/metrics.json,metrics.json,.json,プロジェクト,医療法人社団 恒一会 かえで総合病院,04.分析,2955,4126,1171
doc_b126b2974232ad86_chunk_0004,doc_b126b2974232ad86,4,プロジェクト/医療法人社団 恒一会 かえで総合病院/04.分析/analysis_outputs/metrics.json,metrics.json,.json,プロジェクト,医療法人社団 恒一会 かえで総合病院,04.分析,3926,4464,538
doc_a9891ed1fe0130f9_chunk_0000,doc_a9891ed1fe0130f9,0,プロジェクト/医療法人社団 恒一会 かえで総合病院/04.分析/analysis_outputs/run_summary.json,run_summary.json,.json,プロジェクト,医療法人社団 恒一会 かえで総合病院,04.分析,0,1190,1190
doc_a9891ed1fe0130f9_chunk_0001,doc_a9891ed1fe0130f9,1,プロジェクト/医療法人社団 恒一会 かえで総合病院/04.分析/analysis_outputs/run_summary.json,run_summary.json,.json,プロジェクト,医療法人社団 恒一会 かえで総合病院,04.分析,990,2164,1174
doc_a9891ed1fe0130f9_chunk_0002,doc_a9891ed1fe0130f9,2,プロジェクト/医療法人社団 恒一会 かえで総合病院/04.分析/analysis_outputs/run_summary.json,run_summary.json,.json,プロジェクト,医療法人社団 恒一会 かえで総合病院,04.分析,1964,2701,736
doc_3c93093dd88ecbe2_chunk_0000,doc_3c93093dd88ecbe2,0,プロジェクト/医療法人社団 恒一会 かえで総合病院/04.分析/analysis_project/configs/project_config.json,project_config.json,.json,プロジェクト,医療法人社団 恒一会 かえで総合病院,04.分析,0,1199,1199
doc_3c93093dd88ecbe2_chunk_0001,doc_3c93093dd88ecbe2,1,プロジェクト/医療法人社団 恒一会 かえで総合病院/04.分析/analysis_project/configs/project_config.json,project_config.json,.json,プロジェクト,医療法人社団 恒一会 かえで総合病院,04.分析,999,2186,1187
doc_3c93093dd88ecbe2_chunk_0002,doc_3c93093dd88ecbe2,2,プロジェクト/医療法人社団 恒一会 かえで総合病院/04.分析/analysis_project/configs/project_config.json,project_config.json,.json,プロジェクト,医療法人社団 恒一会 かえで総合病院,04.分析,1986,3157,1171
doc_3c93093dd88ecbe2_chunk_0003,doc_3c93093dd88ecbe2,3,プロジェクト/医療法人社団 恒一会 かえで総合病院/04.分析/analysis_project/configs/project_config.json,project_config.json,.json,プロジェクト,医療法人社団 恒一会 かえで総合病院,04.分析,2957,3225,268
doc_fad68ef3678d5e6e_chunk_0000,doc_fad68ef3678d5e6e,0,プロジェクト/医療法人社団 蒼樹会 みなみ野女性医療センター/04.分析/analysis_outputs/metrics.json,metrics.json,.json,プロジェクト,医療法人社団 蒼樹会 みなみ野女性医療センター,04.分析,0,1192,1192
doc_fad68ef3678d5e6e_chunk_0001,doc_fad68ef3678d5e6e,1,プロジェクト/医療法人社団 蒼樹会 みなみ野女性医療センター/04.分析/analysis_outputs/metrics.json,metrics.json,.json,プロジェクト,医療法人社団 蒼樹会 みなみ野女性医療センター,04.分析,992,2179,1187
doc_fad68ef3678d5e6e_chunk_0002,doc_fad68ef3678d5e6e,2,プロジェクト/医療法人社団 蒼樹会 みなみ野女性医療センター/04.分析/analysis_outputs/metrics.json,metrics.json,.json,プロジェクト,医療法人社団 蒼樹会 みなみ野女性医療センター,04.分析,1979,3166,1182
doc_fad68ef3678d5e6e_chunk_0003,doc_fad68ef3678d5e6e,3,プロジェクト/医療法人社団 蒼樹会 みなみ野女性医療センター/04.分析/analysis_outputs/metrics.json,metrics.json,.json,プロジェクト,医療法人社団 蒼樹会 みなみ野女性医療センター,04.分析,2966,4145,1174
doc_fad68ef3678d5e6e_chunk_0004,doc_fad68ef3678d5e6e,4,プロジェクト/医療法人社団 蒼樹会 みなみ野女性医療センター/04.分析/analysis_outputs/metrics.json,metrics.json,.json,プロジェクト,医療法人社団 蒼樹会 みなみ野女性医療センター,04.分析,3945,4198,253
doc_3b0fe3778942a535_chunk_0000,doc_3b0fe3778942a535,0,プロジェクト/医療法人社団 蒼樹会 みなみ野女性医療センター/04.分析/analysis_outputs/run_summary.json,run_summary.json,.json,プロジェクト,医療法人社団 蒼樹会 みなみ野女性医療センター,04.分析,0,1159,1159
doc_3b0fe3778942a535_chunk_0001,doc_3b0fe3778942a535,1,プロジェクト/医療法人社団 蒼樹会 みなみ野女性医療センター/04.分析/analysis_outputs/run_summary.json,run_summary.json,.json,プロジェクト,医療法人社団 蒼樹会 みなみ野女性医療センター,04.分析,959,2141,1182
doc_3b0fe3778942a535_chunk_0002,doc_3b0fe3778942a535,2,プロジェクト/医療法人社団 蒼樹会 みなみ野女性医療センター/04.分析/analysis_outputs/run_summary.json,run_summary.json,.json,プロジェクト,医療法人社団 蒼樹会 みなみ野女性医療センター,04.分析,1941,2438,497
doc_f14b6058ffa5eba6_chunk_0000,doc_f14b6058ffa5eba6,0,プロジェクト/医療法人社団 蒼樹会 みなみ野女性医療センター/04.分析/analysis_project/configs/project_config.json,project_config.json,.json,プロジェクト,医療法人社団 蒼樹会 みなみ野女性医療センター,04.分析,0,1166,1166
doc_f14b6058ffa5eba6_chunk_0001,doc_f14b6058ffa5eba6,1,プロジェクト/医療法人社団 蒼樹会 みなみ野女性医療センター/04.分析/analysis_project/configs/project_config.json,project_config.json,.json,プロジェクト,医療法人社団 蒼樹会 みなみ野女性医療センター,04.分析,966,2152,1186
doc_f14b6058ffa5eba6_chunk_0002,doc_f14b6058ffa5eba6,2,プロジェクト/医療法人社団 蒼樹会 みなみ野女性医療センター/04.分析/analysis_project/configs/project_config.json,project_config.json,.json,プロジェクト,医療法人社団 蒼樹会 みなみ野女性医療センター,04.分析,1952,3130,1178
doc_f14b6058ffa5eba6_chunk_0003,doc_f14b6058ffa5eba6,3,プロジェクト/医療法人社団 蒼樹会 みなみ野女性医療センター/04.分析/analysis_project/configs/project_config.json,project_config.json,.json,プロジェクト,医療法人社団 蒼樹会 みなみ野女性医療センター,04.分析,2930,3235,304
doc_53b96cf705e65f98_chunk_0000,doc_53b96cf705e65f98,0,プロジェクト/医療法人社団 蒼泉会 ひがし丘総合病院/04.分析/analysis_outputs/metrics.json,metrics.json,.json,プロジェクト,医療法人社団 蒼泉会 ひがし丘総合病院,04.分析,0,1190,1190
doc_53b96cf705e65f98_chunk_0001,doc_53b96cf705e65f98,1,プロジェクト/医療法人社団 蒼泉会 ひがし丘総合病院/04.分析/analysis_outputs/metrics.json,metrics.json,.json,プロジェクト,医療法人社団 蒼泉会 ひがし丘総合病院,04.分析,990,2132,1142
doc_7197c125e4c9e62e_chunk_0000,doc_7197c125e4c9e62e,0,プロジェクト/医療法人社団 蒼泉会 ひがし丘総合病院/04.分析/analysis_project/configs/project_config.json,project_config.json,.json,プロジェクト,医療法人社団 蒼泉会 ひがし丘総合病院,04.分析,0,1191,1191
doc_7197c125e4c9e62e_chunk_0001,doc_7197c125e4c9e62e,1,プロジェクト/医療法人社団 蒼泉会 ひがし丘総合病院/04.分析/analysis_project/configs/project_config.json,project_config.json,.json,プロジェクト,医療法人社団 蒼泉会 ひがし丘総合病院,04.分析,991,1674,683
doc_36f301e2b52f8a47_chunk_0000,doc_36f301e2b52f8a47,0,プロジェクト/株式会社東都人材プラットフォーム/04.分析/analysis_outputs/metrics.json,metrics.json,.json,プロジェクト,株式会社東都人材プラットフォーム,04.分析,0,1164,1164
doc_36f301e2b52f8a47_chunk_0001,doc_36f301e2b52f8a47,1,プロジェクト/株式会社東都人材プラットフォーム/04.分析/analysis_outputs/metrics.json,metrics.json,.json,プロジェクト,株式会社東都人材プラットフォーム,04.分析,964,2150,1186
doc_36f301e2b52f8a47_chunk_0002,doc_36f301e2b52f8a47,2,プロジェクト/株式会社東都人材プラットフォーム/04.分析/analysis_outputs/metrics.json,metrics.json,.json,プロジェクト,株式会社東都人材プラットフォーム,04.分析,1950,3142,1188
doc_36f301e2b52f8a47_chunk_0003,doc_36f301e2b52f8a47,3,プロジェクト/株式会社東都人材プラットフォーム/04.分析/analysis_outputs/metrics.json,metrics.json,.json,プロジェクト,株式会社東都人材プラットフォーム,04.分析,2942,4132,1190
doc_36f301e2b52f8a47_chunk_0004,doc_36f301e2b52f8a47,4,プロジェクト/株式会社東都人材プラットフォーム/04.分析/analysis_outputs/metrics.json,metrics.json,.json,プロジェクト,株式会社東都人材プラットフォーム,04.分析,3932,5111,1176
doc_36f301e2b52f8a47_chunk_0005,doc_36f301e2b52f8a47,5,プロジェクト/株式会社東都人材プラットフォーム/04.分析/analysis_outputs/metrics.json,metrics.json,.json,プロジェクト,株式会社東都人材プラットフォーム,04.分析,4911,6103,1192
doc_36f301e2b52f8a47_chunk_0006,doc_36f301e2b52f8a47,6,プロジェクト/株式会社東都人材プラットフォーム/04.分析/analysis_outputs/metrics.json,metrics.json,.json,プロジェクト,株式会社東都人材プラットフォーム,04.分析,5903,7059,1156
doc_737214815983ed61_chunk_0000,doc_737214815983ed61,0,プロジェクト/株式会社東都人材プラットフォーム/04.分析/analysis_outputs/run_summary.json,run_summary.json,.json,プロジェクト,株式会社東都人材プラットフォーム,04.分析,0,1186,1186
doc_737214815983ed61_chunk_0001,doc_737214815983ed61,1,プロジェクト/株式会社東都人材プラットフォーム/04.分析/analysis_outputs/run_summary.json,run_summary.json,.json,プロジェクト,株式会社東都人材プラットフォーム,04.分析,986,2172,1186
doc_737214815983ed61_chunk_0002,doc_737214815983ed61,2,プロジェクト/株式会社東都人材プラットフォーム/04.分析/analysis_outputs/run_summary.json,run_summary.json,.json,プロジェクト,株式会社東都人材プラットフォーム,04.分析,1972,3157,1176
doc_737214815983ed61_chunk_0003,doc_737214815983ed61,3,プロジェクト/株式会社東都人材プラットフォーム/04.分析/analysis_outputs/run_summary.json,run_summary.json,.json,プロジェクト,株式会社東都人材プラットフォーム,04.分析,2957,4145,1188
doc_737214815983ed61_chunk_0004,doc_737214815983ed61,4,プロジェクト/株式会社東都人材プラットフォーム/04.分析/analysis_outputs/run_summary.json,run_summary.json,.json,プロジェクト,株式会社東都人材プラットフォーム,04.分析,3945,4976,1025
doc_a5cf54d54f8294b6_chunk_0000,doc_a5cf54d54f8294b6,0,プロジェクト/株式会社東都人材プラットフォーム/04.分析/analysis_project/configs/project_config.json,project_config.json,.json,プロジェクト,株式会社東都人材プラットフォーム,04.分析,0,1195,1195
doc_a5cf54d54f8294b6_chunk_0001,doc_a5cf54d54f8294b6,1,プロジェクト/株式会社東都人材プラットフォーム/04.分析/analysis_project/configs/project_config.json,project_config.json,.json,プロジェクト,株式会社東都人材プラットフォーム,04.分析,995,2182,1187
doc_a5cf54d54f8294b6_chunk_0002,doc_a5cf54d54f8294b6,2,プロジェクト/株式会社東都人材プラットフォーム/04.分析/analysis_project/configs/project_config.json,project_config.json,.json,プロジェクト,株式会社東都人材プラットフォーム,04.分析,1982,3152,1170
doc_a5cf54d54f8294b6_chunk_0003,doc_a5cf54d54f8294b6,3,プロジェクト/株式会社東都人材プラットフォーム/04.分析/analysis_project/configs/project_config.json,project_config.json,.json,プロジェクト,株式会社東都人材プラットフォーム,04.分析,2952,3220,268
doc_3a3798293b040d44_chunk_0000,doc_3a3798293b040d44,0,プロジェクト/株式会社青嶺不動産アセットマネジメント/04.分析/analysis_outputs/metrics.json,metrics.json,.json,プロジェクト,株式会社青嶺不動産アセットマネジメント,04.分析,0,1197,1197
doc_3a3798293b040d44_chunk_0001,doc_3a3798293b040d44,1,プロジェクト/株式会社青嶺不動産アセットマネジメント/04.分析/analysis_outputs/metrics.json,metrics.json,.json,プロジェクト,株式会社青嶺不動産アセットマネジメント,04.分析,997,2160,1163
doc_3a3798293b040d44_chunk_0002,doc_3a3798293b040d44,2,プロジェクト/株式会社青嶺不動産アセットマネジメント/04.分析/analysis_outputs/metrics.json,metrics.json,.json,プロジェクト,株式会社青嶺不動産アセットマネジメント,04.分析,1960,3136,1175
doc_3a3798293b040d44_chunk_0003,doc_3a3798293b040d44,3,プロジェクト/株式会社青嶺不動産アセットマネジメント/04.分析/analysis_outputs/metrics.json,metrics.json,.json,プロジェクト,株式会社青嶺不動産アセットマネジメント,04.分析,2936,4112,1169
doc_3a3798293b040d44_chunk_0004,doc_3a3798293b040d44,4,プロジェクト/株式会社青嶺不動産アセットマネジメント/04.分析/analysis_outputs/metrics.json,metrics.json,.json,プロジェクト,株式会社青嶺不動産アセットマネジメント,04.分析,3912,4555,643
doc_ec44683818771397_chunk_0000,doc_ec44683818771397,0,プロジェクト/株式会社青嶺不動産アセットマネジメント/04.分析/analysis_outputs/run_summary.json,run_summary.json,.json,プロジェクト,株式会社青嶺不動産アセットマネジメント,04.分析,0,1192,1192
doc_ec44683818771397_chunk_0001,doc_ec44683818771397,1,プロジェクト/株式会社青嶺不動産アセットマネジメント/04.分析/analysis_outputs/run_summary.json,run_summary.json,.json,プロジェクト,株式会社青嶺不動産アセットマネジメント,04.分析,992,2184,1192
doc_ec44683818771397_chunk_0002,doc_ec44683818771397,2,プロジェクト/株式会社青嶺不動産アセットマネジメント/04.分析/analysis_outputs/run_summary.json,run_summary.json,.json,プロジェクト,株式会社青嶺不動産アセットマネジメント,04.分析,1984,2875,891
doc_809f5e5fa5c83651_chunk_0000,doc_809f5e5fa5c83651,0,プロジェクト/株式会社青嶺不動産アセットマネジメント/04.分析/analysis_project/configs/project_config.json,project_config.json,.json,プロジェクト,株式会社青嶺不動産アセットマネジメント,04.分析,0,1158,1158
doc_809f5e5fa5c83651_chunk_0001,doc_809f5e5fa5c83651,1,プロジェクト/株式会社青嶺不動産アセットマネジメント/04.分析/analysis_project/configs/project_config.json,project_config.json,.json,プロジェクト,株式会社青嶺不動産アセットマネジメント,04.分析,958,2157,1199
doc_809f5e5fa5c83651_chunk_0002,doc_809f5e5fa5c83651,2,プロジェクト/株式会社青嶺不動産アセットマネジメント/04.分析/analysis_project/configs/project_config.json,project_config.json,.json,プロジェクト,株式会社青嶺不動産アセットマネジメント,04.分析,1957,3137,1180
doc_5a7ff113706b34f9_chunk_0000,doc_5a7ff113706b34f9,0,プロジェクト/株式会社青潮モビリティサービス/04.分析/analysis_outputs/metrics.json,metrics.json,.json,プロジェクト,株式会社青潮モビリティサービス,04.分析,0,1175,1175
doc_5a7ff113706b34f9_chunk_0001,doc_5a7ff113706b34f9,1,プロジェクト/株式会社青潮モビリティサービス/04.分析/analysis_outputs/metrics.json,metrics.json,.json,プロジェクト,株式会社青潮モビリティサービス,04.分析,975,2160,1185
doc_5a7ff113706b34f9_chunk_0002,doc_5a7ff113706b34f9,2,プロジェクト/株式会社青潮モビリティサービス/04.分析/analysis_outputs/metrics.json,metrics.json,.json,プロジェクト,株式会社青潮モビリティサービス,04.分析,1960,3136,1176
doc_5a7ff113706b34f9_chunk_0003,doc_5a7ff113706b34f9,3,プロジェクト/株式会社青潮モビリティサービス/04.分析/analysis_outputs/metrics.json,metrics.json,.json,プロジェクト,株式会社青潮モビリティサービス,04.分析,2936,3504,568
doc_171086411ab55f39_chunk_0000,doc_171086411ab55f39,0,プロジェクト/株式会社青潮モビリティサービス/04.分析/analysis_outputs/run_summary.json,run_summary.json,.json,プロジェクト,株式会社青潮モビリティサービス,04.分析,0,1191,1191
doc_171086411ab55f39_chunk_0001,doc_171086411ab55f39,1,プロジェクト/株式会社青潮モビリティサービス/04.分析/analysis_outputs/run_summary.json,run_summary.json,.json,プロジェクト,株式会社青潮モビリティサービス,04.分析,991,1382,391
doc_d67cc7860e476a20_chunk_0000,doc_d67cc7860e476a20,0,プロジェクト/株式会社青潮モビリティサービス/04.分析/analysis_project/configs/project_config.json,project_config.json,.json,プロジェクト,株式会社青潮モビリティサービス,04.分析,0,1188,1188
doc_d67cc7860e476a20_chunk_0001,doc_d67cc7860e476a20,1,プロジェクト/株式会社青潮モビリティサービス/04.分析/analysis_project/configs/project_config.json,project_config.json,.json,プロジェクト,株式会社青潮モビリティサービス,04.分析,988,1982,994
doc_aacf7f80580f34e1_chunk_0000,doc_aacf7f80580f34e1,0,プロジェクト/株式会社青葉バイオメディカル機器/04.分析/analysis_outputs/metrics.json,metrics.json,.json,プロジェクト,株式会社青葉バイオメディカル機器,04.分析,0,1169,1169
doc_aacf7f80580f34e1_chunk_0001,doc_aacf7f80580f34e1,1,プロジェクト/株式会社青葉バイオメディカル機器/04.分析/analysis_outputs/metrics.json,metrics.json,.json,プロジェクト,株式会社青葉バイオメディカル機器,04.分析,969,2141,1172
doc_aacf7f80580f34e1_chunk_0002,doc_aacf7f80580f34e1,2,プロジェクト/株式会社青葉バイオメディカル機器/04.分析/analysis_outputs/metrics.json,metrics.json,.json,プロジェクト,株式会社青葉バイオメディカル機器,04.分析,1941,3118,1177
doc_aacf7f80580f34e1_chunk_0003,doc_aacf7f80580f34e1,3,プロジェクト/株式会社青葉バイオメディカル機器/04.分析/analysis_outputs/metrics.json,metrics.json,.json,プロジェクト,株式会社青葉バイオメディカル機器,04.分析,2918,4110,1192
doc_aacf7f80580f34e1_chunk_0004,doc_aacf7f80580f34e1,4,プロジェクト/株式会社青葉バイオメディカル機器/04.分析/analysis_outputs/metrics.json,metrics.json,.json,プロジェクト,株式会社青葉バイオメディカル機器,04.分析,3910,5096,1179
doc_aacf7f80580f34e1_chunk_0005,doc_aacf7f80580f34e1,5,プロジェクト/株式会社青葉バイオメディカル機器/04.分析/analysis_outputs/metrics.json,metrics.json,.json,プロジェクト,株式会社青葉バイオメディカル機器,04.分析,4896,5358,462
doc_7faf1ac5a7148aa4_chunk_0000,doc_7faf1ac5a7148aa4,0,プロジェクト/株式会社青葉バイオメディカル機器/04.分析/analysis_outputs/run_summary.json,run_summary.json,.json,プロジェクト,株式会社青葉バイオメディカル機器,04.分析,0,1169,1169
doc_7faf1ac5a7148aa4_chunk_0001,doc_7faf1ac5a7148aa4,1,プロジェクト/株式会社青葉バイオメディカル機器/04.分析/analysis_outputs/run_summary.json,run_summary.json,.json,プロジェクト,株式会社青葉バイオメディカル機器,04.分析,969,2168,1199
doc_7faf1ac5a7148aa4_chunk_0002,doc_7faf1ac5a7148aa4,2,プロジェクト/株式会社青葉バイオメディカル機器/04.分析/analysis_outputs/run_summary.json,run_summary.json,.json,プロジェクト,株式会社青葉バイオメディカル機器,04.分析,1968,2561,593
doc_9f239bc617336451_chunk_0000,doc_9f239bc617336451,0,プロジェクト/株式会社青葉バイオメディカル機器/04.分析/analysis_project/configs/project_config.json,project_config.json,.json,プロジェクト,株式会社青葉バイオメディカル機器,04.分析,0,1176,1176
doc_9f239bc617336451_chunk_0001,doc_9f239bc617336451,1,プロジェクト/株式会社青葉バイオメディカル機器/04.分析/analysis_project/configs/project_config.json,project_config.json,.json,プロジェクト,株式会社青葉バイオメディカル機器,04.分析,976,2162,1186
doc_9f239bc617336451_chunk_0002,doc_9f239bc617336451,2,プロジェクト/株式会社青葉バイオメディカル機器/04.分析/analysis_project/configs/project_config.json,project_config.json,.json,プロジェクト,株式会社青葉バイオメディカル機器,04.分析,1962,3144,1182
doc_9f239bc617336451_chunk_0003,doc_9f239bc617336451,3,プロジェクト/株式会社青葉バイオメディカル機器/04.分析/analysis_project/configs/project_config.json,project_config.json,.json,プロジェクト,株式会社青葉バイオメディカル機器,04.分析,2944,3279,335
doc_523e64695b396f4c_chunk_0000,doc_523e64695b396f4c,0,プロジェクト/白峰信用リスク評価株式会社/04.分析/analysis_outputs/metrics.json,metrics.json,.json,プロジェクト,白峰信用リスク評価株式会社,04.分析,0,1191,1191
doc_523e64695b396f4c_chunk_0001,doc_523e64695b396f4c,1,プロジェクト/白峰信用リスク評価株式会社/04.分析/analysis_outputs/metrics.json,metrics.json,.json,プロジェクト,白峰信用リスク評価株式会社,04.分析,991,1537,546
doc_16a8bad605ce0fb6_chunk_0000,doc_16a8bad605ce0fb6,0,プロジェクト/白峰信用リスク評価株式会社/04.分析/analysis_project/configs/project_config.json,project_config.json,.json,プロジェクト,白峰信用リスク評価株式会社,04.分析,0,818,818
doc_f7adbf1668cd275b_chunk_0000,doc_f7adbf1668cd275b,0,プロジェクト/青葉与信マネジメント株式会社/04.分析/analysis_outputs/metrics.json,metrics.json,.json,プロジェクト,青葉与信マネジメント株式会社,04.分析,0,1187,1187
doc_f7adbf1668cd275b_chunk_0001,doc_f7adbf1668cd275b,1,プロジェクト/青葉与信マネジメント株式会社/04.分析/analysis_outputs/metrics.json,metrics.json,.json,プロジェクト,青葉与信マネジメント株式会社,04.分析,987,1485,498
doc_9e71130d67975c4c_chunk_0000,doc_9e71130d67975c4c,0,プロジェクト/青葉与信マネジメント株式会社/04.分析/analysis_project/artifacts/analysis_outputs/metrics.json,metrics.json,.json,プロジェクト,青葉与信マネジメント株式会社,04.分析,0,1181,1181
doc_9e71130d67975c4c_chunk_0001,doc_9e71130d67975c4c,1,プロジェクト/青葉与信マネジメント株式会社/04.分析/analysis_project/artifacts/analysis_outputs/metrics.json,metrics.json,.json,プロジェクト,青葉与信マネジメント株式会社,04.分析,981,1522,541
doc_091105365dbaaa0a_chunk_0000,doc_091105365dbaaa0a,0,プロジェクト/青葉与信マネジメント株式会社/04.分析/analysis_project/artifacts/analysis_outputs/run_summary.json,run_summary.json,.json,プロジェクト,青葉与信マネジメント株式会社,04.分析,0,716,716
doc_c3c078fc810a3695_chunk_0000,doc_c3c078fc810a3695,0,プロジェクト/青葉与信マネジメント株式会社/04.分析/analysis_project/configs/project_config.json,project_config.json,.json,プロジェクト,青葉与信マネジメント株式会社,04.分析,0,897,897
doc_20d523b128f3d966_chunk_0000,doc_20d523b128f3d966,0,プロジェクト/京橋信用ソリューションズ株式会社/03.データ/カラム説明.md,カラム説明.md,.md,プロジェクト,京橋信用ソリューションズ株式会社,03.データ,0,1166,1166
doc_cbc1794a88ca5dbb_chunk_0000,doc_cbc1794a88ca5dbb,0,プロジェクト/京橋信用ソリューションズ株式会社/04.分析/analysis_project/README.md,README.md,.md,プロジェクト,京橋信用ソリューションズ株式会社,04.分析,0,1186,1185
doc_cbc1794a88ca5dbb_chunk_0001,doc_cbc1794a88ca5dbb,1,プロジェクト/京橋信用ソリューションズ株式会社/04.分析/analysis_project/README.md,README.md,.md,プロジェクト,京橋信用ソリューションズ株式会社,04.分析,986,1573,586
doc_8df11f4415f90fc0_chunk_0000,doc_8df11f4415f90fc0,0,プロジェクト/京橋信用ソリューションズ株式会社/04.分析/analysis_project/data/カラム説明.md,カラム説明.md,.md,プロジェクト,京橋信用ソリューションズ株式会社,04.分析,0,1186,1186
doc_db086260bd79cb23_chunk_0000,doc_db086260bd79cb23,0,プロジェクト/医療法人社団 恒一会 かえで総合病院/03.データ/カラム説明.md,カラム説明.md,.md,プロジェクト,医療法人社団 恒一会 かえで総合病院,03.データ,0,898,898
doc_0aea83fdabd69982_chunk_0000,doc_0aea83fdabd69982,0,プロジェクト/医療法人社団 恒一会 かえで総合病院/04.分析/analysis_project/README.md,README.md,.md,プロジェクト,医療法人社団 恒一会 かえで総合病院,04.分析,0,1190,1189
doc_0aea83fdabd69982_chunk_0001,doc_0aea83fdabd69982,1,プロジェクト/医療法人社団 恒一会 かえで総合病院/04.分析/analysis_project/README.md,README.md,.md,プロジェクト,医療法人社団 恒一会 かえで総合病院,04.分析,990,1785,794
doc_2fa294e47f0d5790_chunk_0000,doc_2fa294e47f0d5790,0,プロジェクト/医療法人社団 恒一会 かえで総合病院/04.分析/analysis_project/data/カラム説明.md,カラム説明.md,.md,プロジェクト,医療法人社団 恒一会 かえで総合病院,04.分析,0,918,918
doc_dfaf5f589f641eaf_chunk_0000,doc_dfaf5f589f641eaf,0,プロジェクト/医療法人社団 蒼樹会 みなみ野女性医療センター/03.データ/カラム説明.md,カラム説明.md,.md,プロジェクト,医療法人社団 蒼樹会 みなみ野女性医療センター,03.データ,0,711,711
doc_18a6035a6a517fd2_chunk_0000,doc_18a6035a6a517fd2,0,プロジェクト/医療法人社団 蒼樹会 みなみ野女性医療センター/04.分析/analysis_project/README.md,README.md,.md,プロジェクト,医療法人社団 蒼樹会 みなみ野女性医療センター,04.分析,0,1199,1199
doc_18a6035a6a517fd2_chunk_0001,doc_18a6035a6a517fd2,1,プロジェクト/医療法人社団 蒼樹会 みなみ野女性医療センター/04.分析/analysis_project/README.md,README.md,.md,プロジェクト,医療法人社団 蒼樹会 みなみ野女性医療センター,04.分析,999,1795,796
doc_88b5dfe61d8f096c_chunk_0000,doc_88b5dfe61d8f096c,0,プロジェクト/医療法人社団 蒼樹会 みなみ野女性医療センター/04.分析/analysis_project/data/カラム説明.md,カラム説明.md,.md,プロジェクト,医療法人社団 蒼樹会 みなみ野女性医療センター,04.分析,0,731,731
doc_5d50d9983f8117a3_chunk_0000,doc_5d50d9983f8117a3,0,プロジェクト/医療法人社団 蒼泉会 ひがし丘総合病院/03.データ/カラム説明.md,カラム説明.md,.md,プロジェクト,医療法人社団 蒼泉会 ひがし丘総合病院,03.データ,0,546,546
doc_bc948309ee5f8e0a_chunk_0000,doc_bc948309ee5f8e0a,0,プロジェクト/医療法人社団 蒼泉会 ひがし丘総合病院/04.分析/analysis_project/README.md,README.md,.md,プロジェクト,医療法人社団 蒼泉会 ひがし丘総合病院,04.分析,0,1192,1191
doc_bc948309ee5f8e0a_chunk_0001,doc_bc948309ee5f8e0a,1,プロジェクト/医療法人社団 蒼泉会 ひがし丘総合病院/04.分析/analysis_project/README.md,README.md,.md,プロジェクト,医療法人社団 蒼泉会 ひがし丘総合病院,04.分析,992,1586,593
doc_472d26a8bbfc563d_chunk_0000,doc_472d26a8bbfc563d,0,プロジェクト/医療法人社団 蒼泉会 ひがし丘総合病院/04.分析/analysis_project/data/カラム説明.md,カラム説明.md,.md,プロジェクト,医療法人社団 蒼泉会 ひがし丘総合病院,04.分析,0,566,566
doc_d9be5c5675392551_chunk_0000,doc_d9be5c5675392551,0,プロジェクト/株式会社東都人材プラットフォーム/03.データ/カラム説明.md,カラム説明.md,.md,プロジェクト,株式会社東都人材プラットフォーム,03.データ,0,446,446
doc_606b52d6141fcc8a_chunk_0000,doc_606b52d6141fcc8a,0,プロジェクト/株式会社東都人材プラットフォーム/04.分析/analysis_project/README.md,README.md,.md,プロジェクト,株式会社東都人材プラットフォーム,04.分析,0,1186,1185
doc_606b52d6141fcc8a_chunk_0001,doc_606b52d6141fcc8a,1,プロジェクト/株式会社東都人材プラットフォーム/04.分析/analysis_project/README.md,README.md,.md,プロジェクト,株式会社東都人材プラットフォーム,04.分析,986,1780,793
doc_f26f43fb83a88ae1_chunk_0000,doc_f26f43fb83a88ae1,0,プロジェクト/株式会社東都人材プラットフォーム/04.分析/analysis_project/data/カラム説明.md,カラム説明.md,.md,プロジェクト,株式会社東都人材プラットフォーム,04.分析,0,466,466
doc_f3d7063a57533b8c_chunk_0000,doc_f3d7063a57533b8c,0,プロジェクト/株式会社青嶺不動産アセットマネジメント/03.データ/カラム説明.md,カラム説明.md,.md,プロジェクト,株式会社青嶺不動産アセットマネジメント,03.データ,0,611,611
doc_c139a5630f3aae7c_chunk_0000,doc_c139a5630f3aae7c,0,プロジェクト/株式会社青嶺不動産アセットマネジメント/04.分析/analysis_project/README.md,README.md,.md,プロジェクト,株式会社青嶺不動産アセットマネジメント,04.分析,0,1192,1191
doc_c139a5630f3aae7c_chunk_0001,doc_c139a5630f3aae7c,1,プロジェクト/株式会社青嶺不動産アセットマネジメント/04.分析/analysis_project/README.md,README.md,.md,プロジェクト,株式会社青嶺不動産アセットマネジメント,04.分析,992,1811,818
doc_aceec67eb856a777_chunk_0000,doc_aceec67eb856a777,0,プロジェクト/株式会社青嶺不動産アセットマネジメント/04.分析/analysis_project/data/カラム説明.md,カラム説明.md,.md,プロジェクト,株式会社青嶺不動産アセットマネジメント,04.分析,0,631,631
doc_508aac1bd047366b_chunk_0000,doc_508aac1bd047366b,0,プロジェクト/株式会社青潮モビリティサービス/03.データ/カラム説明.md,カラム説明.md,.md,プロジェクト,株式会社青潮モビリティサービス,03.データ,0,1016,1016
doc_026ca238800053d2_chunk_0000,doc_026ca238800053d2,0,プロジェクト/株式会社青潮モビリティサービス/04.分析/analysis_project/README.md,README.md,.md,プロジェクト,株式会社青潮モビリティサービス,04.分析,0,1184,1183
doc_026ca238800053d2_chunk_0001,doc_026ca238800053d2,1,プロジェクト/株式会社青潮モビリティサービス/04.分析/analysis_project/README.md,README.md,.md,プロジェクト,株式会社青潮モビリティサービス,04.分析,984,1777,792
doc_4e921fadbcbe5e30_chunk_0000,doc_4e921fadbcbe5e30,0,プロジェクト/株式会社青潮モビリティサービス/04.分析/analysis_project/data/カラム説明.md,カラム説明.md,.md,プロジェクト,株式会社青潮モビリティサービス,04.分析,0,1036,1036
doc_a2215bebd7ed9487_chunk_0000,doc_a2215bebd7ed9487,0,プロジェクト/株式会社青葉バイオメディカル機器/03.データ/カラム説明.md,カラム説明.md,.md,プロジェクト,株式会社青葉バイオメディカル機器,03.データ,0,1174,1174
doc_a2215bebd7ed9487_chunk_0001,doc_a2215bebd7ed9487,1,プロジェクト/株式会社青葉バイオメディカル機器/03.データ/カラム説明.md,カラム説明.md,.md,プロジェクト,株式会社青葉バイオメディカル機器,03.データ,974,2029,1054
doc_164aa9454f48f2c5_chunk_0000,doc_164aa9454f48f2c5,0,プロジェクト/株式会社青葉バイオメディカル機器/04.分析/analysis_project/README.md,README.md,.md,プロジェクト,株式会社青葉バイオメディカル機器,04.分析,0,1186,1185
doc_164aa9454f48f2c5_chunk_0001,doc_164aa9454f48f2c5,1,プロジェクト/株式会社青葉バイオメディカル機器/04.分析/analysis_project/README.md,README.md,.md,プロジェクト,株式会社青葉バイオメディカル機器,04.分析,986,1783,796
doc_ae7153ef71820d71_chunk_0000,doc_ae7153ef71820d71,0,プロジェクト/株式会社青葉バイオメディカル機器/04.分析/analysis_project/data/カラム説明.md,カラム説明.md,.md,プロジェクト,株式会社青葉バイオメディカル機器,04.分析,0,1194,1194
doc_ae7153ef71820d71_chunk_0001,doc_ae7153ef71820d71,1,プロジェクト/株式会社青葉バイオメディカル機器/04.分析/analysis_project/data/カラム説明.md,カラム説明.md,.md,プロジェクト,株式会社青葉バイオメディカル機器,04.分析,994,2049,1054
doc_a011439c73bf89e8_chunk_0000,doc_a011439c73bf89e8,0,プロジェクト/白峰信用リスク評価株式会社/03.データ/カラム説明.md,カラム説明.md,.md,プロジェクト,白峰信用リスク評価株式会社,03.データ,0,1166,1166
doc_a011439c73bf89e8_chunk_0001,doc_a011439c73bf89e8,1,プロジェクト/白峰信用リスク評価株式会社/03.データ/カラム説明.md,カラム説明.md,.md,プロジェクト,白峰信用リスク評価株式会社,03.データ,966,2165,1198
doc_a011439c73bf89e8_chunk_0002,doc_a011439c73bf89e8,2,プロジェクト/白峰信用リスク評価株式会社/03.データ/カラム説明.md,カラム説明.md,.md,プロジェクト,白峰信用リスク評価株式会社,03.データ,1965,3160,1195
doc_a011439c73bf89e8_chunk_0003,doc_a011439c73bf89e8,3,プロジェクト/白峰信用リスク評価株式会社/03.データ/カラム説明.md,カラム説明.md,.md,プロジェクト,白峰信用リスク評価株式会社,03.データ,2960,3744,784
doc_202faff9463ee2cb_chunk_0000,doc_202faff9463ee2cb,0,プロジェクト/白峰信用リスク評価株式会社/04.分析/analysis_project/README.md,README.md,.md,プロジェクト,白峰信用リスク評価株式会社,04.分析,0,1180,1179
doc_202faff9463ee2cb_chunk_0001,doc_202faff9463ee2cb,1,プロジェクト/白峰信用リスク評価株式会社/04.分析/analysis_project/README.md,README.md,.md,プロジェクト,白峰信用リスク評価株式会社,04.分析,980,1572,591
doc_df42bbeed2ecd17c_chunk_0000,doc_df42bbeed2ecd17c,0,プロジェクト/白峰信用リスク評価株式会社/04.分析/analysis_project/data/カラム説明.md,カラム説明.md,.md,プロジェクト,白峰信用リスク評価株式会社,04.分析,0,1186,1186
doc_df42bbeed2ecd17c_chunk_0001,doc_df42bbeed2ecd17c,1,プロジェクト/白峰信用リスク評価株式会社/04.分析/analysis_project/data/カラム説明.md,カラム説明.md,.md,プロジェクト,白峰信用リスク評価株式会社,04.分析,986,2185,1198
doc_df42bbeed2ecd17c_chunk_0002,doc_df42bbeed2ecd17c,2,プロジェクト/白峰信用リスク評価株式会社/04.分析/analysis_project/data/カラム説明.md,カラム説明.md,.md,プロジェクト,白峰信用リスク評価株式会社,04.分析,1985,3180,1195
doc_df42bbeed2ecd17c_chunk_0003,doc_df42bbeed2ecd17c,3,プロジェクト/白峰信用リスク評価株式会社/04.分析/analysis_project/data/カラム説明.md,カラム説明.md,.md,プロジェクト,白峰信用リスク評価株式会社,04.分析,2980,3764,784
doc_ba7de57750f121ef_chunk_0000,doc_ba7de57750f121ef,0,プロジェクト/青葉与信マネジメント株式会社/03.データ/カラム説明.md,カラム説明.md,.md,プロジェクト,青葉与信マネジメント株式会社,03.データ,0,1200,1200
doc_ba7de57750f121ef_chunk_0001,doc_ba7de57750f121ef,1,プロジェクト/青葉与信マネジメント株式会社/03.データ/カラム説明.md,カラム説明.md,.md,プロジェクト,青葉与信マネジメント株式会社,03.データ,1000,2200,1200
doc_ba7de57750f121ef_chunk_0002,doc_ba7de57750f121ef,2,プロジェクト/青葉与信マネジメント株式会社/03.データ/カラム説明.md,カラム説明.md,.md,プロジェクト,青葉与信マネジメント株式会社,03.データ,2000,2212,212
doc_5fc981f20ea68873_chunk_0000,doc_5fc981f20ea68873,0,プロジェクト/青葉与信マネジメント株式会社/04.分析/analysis_project/README.md,README.md,.md,プロジェクト,青葉与信マネジメント株式会社,04.分析,0,1182,1181
doc_5fc981f20ea68873_chunk_0001,doc_5fc981f20ea68873,1,プロジェクト/青葉与信マネジメント株式会社/04.分析/analysis_project/README.md,README.md,.md,プロジェクト,青葉与信マネジメント株式会社,04.分析,982,1580,597
doc_ff4d3c2960613dea_chunk_0000,doc_ff4d3c2960613dea,0,プロジェクト/青葉与信マネジメント株式会社/04.分析/analysis_project/data/カラム説明.md,カラム説明.md,.md,プロジェクト,青葉与信マネジメント株式会社,04.分析,0,1200,1200
doc_ff4d3c2960613dea_chunk_0001,doc_ff4d3c2960613dea,1,プロジェクト/青葉与信マネジメント株式会社/04.分析/analysis_project/data/カラム説明.md,カラム説明.md,.md,プロジェクト,青葉与信マネジメント株式会社,04.分析,1000,2200,1200
doc_ff4d3c2960613dea_chunk_0002,doc_ff4d3c2960613dea,2,プロジェクト/青葉与信マネジメント株式会社/04.分析/analysis_project/data/カラム説明.md,カラム説明.md,.md,プロジェクト,青葉与信マネジメント株式会社,04.分析,2000,2232,232
doc_61d1ffc32ebe5d8d_chunk_0000,doc_61d1ffc32ebe5d8d,0,社内管理/データアステル社内管理_決裁基準.md,データアステル社内管理_決裁基準.md,.md,社内管理,,データアステル社内管理_決裁基準.md,0,1068,1068
doc_e08a36448d618de9_chunk_0000,doc_e08a36448d618de9,0,プロジェクト/京橋信用ソリューションズ株式会社/04.分析/analysis_project/scripts/bootstrap_env.py,bootstrap_env.py,.py,プロジェクト,京橋信用ソリューションズ株式会社,04.分析,0,1198,1198
doc_e08a36448d618de9_chunk_0001,doc_e08a36448d618de9,1,プロジェクト/京橋信用ソリューションズ株式会社/04.分析/analysis_project/scripts/bootstrap_env.py,bootstrap_env.py,.py,プロジェクト,京橋信用ソリューションズ株式会社,04.分析,998,2158,1160
doc_6a440e8b3c08cbf4_chunk_0000,doc_6a440e8b3c08cbf4,0,プロジェクト/京橋信用ソリューションズ株式会社/04.分析/analysis_project/scripts/run_train.py,run_train.py,.py,プロジェクト,京橋信用ソリューションズ株式会社,04.分析,0,1191,1191
doc_6a440e8b3c08cbf4_chunk_0001,doc_6a440e8b3c08cbf4,1,プロジェクト/京橋信用ソリューションズ株式会社/04.分析/analysis_project/scripts/run_train.py,run_train.py,.py,プロジェクト,京橋信用ソリューションズ株式会社,04.分析,991,2183,1192
doc_6a440e8b3c08cbf4_chunk_0002,doc_6a440e8b3c08cbf4,2,プロジェクト/京橋信用ソリューションズ株式会社/04.分析/analysis_project/scripts/run_train.py,run_train.py,.py,プロジェクト,京橋信用ソリューションズ株式会社,04.分析,1983,3161,1177
doc_6a440e8b3c08cbf4_chunk_0003,doc_6a440e8b3c08cbf4,3,プロジェクト/京橋信用ソリューションズ株式会社/04.分析/analysis_project/scripts/run_train.py,run_train.py,.py,プロジェクト,京橋信用ソリューションズ株式会社,04.分析,2961,4140,1179
doc_6a440e8b3c08cbf4_chunk_0004,doc_6a440e8b3c08cbf4,4,プロジェクト/京橋信用ソリューションズ株式会社/04.分析/analysis_project/scripts/run_train.py,run_train.py,.py,プロジェクト,京橋信用ソリューションズ株式会社,04.分析,3940,5136,1196
doc_6a440e8b3c08cbf4_chunk_0005,doc_6a440e8b3c08cbf4,5,プロジェクト/京橋信用ソリューションズ株式会社/04.分析/analysis_project/scripts/run_train.py,run_train.py,.py,プロジェクト,京橋信用ソリューションズ株式会社,04.分析,4936,5233,293
doc_bfc7a7659106a7c9_chunk_0000,doc_bfc7a7659106a7c9,0,プロジェクト/京橋信用ソリューションズ株式会社/04.分析/analysis_project/src/__init__.py,__init__.py,.py,プロジェクト,京橋信用ソリューションズ株式会社,04.分析,0,189,189
doc_c5a63224aed5234c_chunk_0000,doc_c5a63224aed5234c,0,プロジェクト/京橋信用ソリューションズ株式会社/04.分析/analysis_project/src/common.py,common.py,.py,プロジェクト,京橋信用ソリューションズ株式会社,04.分析,0,1170,1168
doc_c5a63224aed5234c_chunk_0001,doc_c5a63224aed5234c,1,プロジェクト/京橋信用ソリューションズ株式会社/04.分析/analysis_project/src/common.py,common.py,.py,プロジェクト,京橋信用ソリューションズ株式会社,04.分析,970,2166,1196
doc_c5a63224aed5234c_chunk_0002,doc_c5a63224aed5234c,2,プロジェクト/京橋信用ソリューションズ株式会社/04.分析/analysis_project/src/common.py,common.py,.py,プロジェクト,京橋信用ソリューションズ株式会社,04.分析,1966,3160,1194
doc_c5a63224aed5234c_chunk_0003,doc_c5a63224aed5234c,3,プロジェクト/京橋信用ソリューションズ株式会社/04.分析/analysis_project/src/common.py,common.py,.py,プロジェクト,京橋信用ソリューションズ株式会社,04.分析,2960,3902,942
doc_fda17b8a469179b2_chunk_0000,doc_fda17b8a469179b2,0,プロジェクト/京橋信用ソリューションズ株式会社/04.分析/analysis_project/src/eda.py,eda.py,.py,プロジェクト,京橋信用ソリューションズ株式会社,04.分析,0,854,854
doc_280b55944a8fdcb5_chunk_0000,doc_280b55944a8fdcb5,0,プロジェクト/京橋信用ソリューションズ株式会社/04.分析/analysis_project/src/evaluate.py,evaluate.py,.py,プロジェクト,京橋信用ソリューションズ株式会社,04.分析,0,1177,1177
doc_280b55944a8fdcb5_chunk_0001,doc_280b55944a8fdcb5,1,プロジェクト/京橋信用ソリューションズ株式会社/04.分析/analysis_project/src/evaluate.py,evaluate.py,.py,プロジェクト,京橋信用ソリューションズ株式会社,04.分析,977,2173,1196
doc_280b55944a8fdcb5_chunk_0002,doc_280b55944a8fdcb5,2,プロジェクト/京橋信用ソリューションズ株式会社/04.分析/analysis_project/src/evaluate.py,evaluate.py,.py,プロジェクト,京橋信用ソリューションズ株式会社,04.分析,1973,3157,1182
doc_280b55944a8fdcb5_chunk_0003,doc_280b55944a8fdcb5,3,プロジェクト/京橋信用ソリューションズ株式会社/04.分析/analysis_project/src/evaluate.py,evaluate.py,.py,プロジェクト,京橋信用ソリューションズ株式会社,04.分析,2957,3344,382
doc_6cd7a172d86b7d6a_chunk_0000,doc_6cd7a172d86b7d6a,0,プロジェクト/京橋信用ソリューションズ株式会社/04.分析/analysis_project/src/features.py,features.py,.py,プロジェクト,京橋信用ソリューションズ株式会社,04.分析,0,1182,1182
doc_6cd7a172d86b7d6a_chunk_0001,doc_6cd7a172d86b7d6a,1,プロジェクト/京橋信用ソリューションズ株式会社/04.分析/analysis_project/src/features.py,features.py,.py,プロジェクト,京橋信用ソリューションズ株式会社,04.分析,982,2161,1179
doc_6cd7a172d86b7d6a_chunk_0002,doc_6cd7a172d86b7d6a,2,プロジェクト/京橋信用ソリューションズ株式会社/04.分析/analysis_project/src/features.py,features.py,.py,プロジェクト,京橋信用ソリューションズ株式会社,04.分析,1961,2534,572
doc_cf14a1cb21c044ec_chunk_0000,doc_cf14a1cb21c044ec,0,プロジェクト/京橋信用ソリューションズ株式会社/04.分析/analysis_project/src/infer.py,infer.py,.py,プロジェクト,京橋信用ソリューションズ株式会社,04.分析,0,366,366
doc_f09e94176f326091_chunk_0000,doc_f09e94176f326091,0,プロジェクト/京橋信用ソリューションズ株式会社/04.分析/analysis_project/src/modeling.py,modeling.py,.py,プロジェクト,京橋信用ソリューションズ株式会社,04.分析,0,1165,1165
doc_f09e94176f326091_chunk_0001,doc_f09e94176f326091,1,プロジェクト/京橋信用ソリューションズ株式会社/04.分析/analysis_project/src/modeling.py,modeling.py,.py,プロジェクト,京橋信用ソリューションズ株式会社,04.分析,965,2131,1166
doc_f09e94176f326091_chunk_0002,doc_f09e94176f326091,2,プロジェクト/京橋信用ソリューションズ株式会社/04.分析/analysis_project/src/modeling.py,modeling.py,.py,プロジェクト,京橋信用ソリューションズ株式会社,04.分析,1931,3098,1167
doc_f09e94176f326091_chunk_0003,doc_f09e94176f326091,3,プロジェクト/京橋信用ソリューションズ株式会社/04.分析/analysis_project/src/modeling.py,modeling.py,.py,プロジェクト,京橋信用ソリューションズ株式会社,04.分析,2898,3391,490
doc_688df311bb2c5dea_chunk_0000,doc_688df311bb2c5dea,0,プロジェクト/京橋信用ソリューションズ株式会社/04.分析/analysis_project/src/preprocess.py,preprocess.py,.py,プロジェクト,京橋信用ソリューションズ株式会社,04.分析,0,1173,1173
doc_688df311bb2c5dea_chunk_0001,doc_688df311bb2c5dea,1,プロジェクト/京橋信用ソリューションズ株式会社/04.分析/analysis_project/src/preprocess.py,preprocess.py,.py,プロジェクト,京橋信用ソリューションズ株式会社,04.分析,973,1223,250
doc_def36be2f67c1601_chunk_0000,doc_def36be2f67c1601,0,プロジェクト/医療法人社団 恒一会 かえで総合病院/04.分析/analysis_project/scripts/bootstrap_env.py,bootstrap_env.py,.py,プロジェクト,医療法人社団 恒一会 かえで総合病院,04.分析,0,1148,1148
doc_def36be2f67c1601_chunk_0001,doc_def36be2f67c1601,1,プロジェクト/医療法人社団 恒一会 かえで総合病院/04.分析/analysis_project/scripts/bootstrap_env.py,bootstrap_env.py,.py,プロジェクト,医療法人社団 恒一会 かえで総合病院,04.分析,948,2124,1174
doc_def36be2f67c1601_chunk_0002,doc_def36be2f67c1601,2,プロジェクト/医療法人社団 恒一会 かえで総合病院/04.分析/analysis_project/scripts/bootstrap_env.py,bootstrap_env.py,.py,プロジェクト,医療法人社団 恒一会 かえで総合病院,04.分析,1924,2162,238
doc_cecf9c7ef79041bf_chunk_0000,doc_cecf9c7ef79041bf,0,プロジェクト/医療法人社団 恒一会 かえで総合病院/04.分析/analysis_project/scripts/run_train.py,run_train.py,.py,プロジェクト,医療法人社団 恒一会 かえで総合病院,04.分析,0,1181,1181
doc_cecf9c7ef79041bf_chunk_0001,doc_cecf9c7ef79041bf,1,プロジェクト/医療法人社団 恒一会 かえで総合病院/04.分析/analysis_project/scripts/run_train.py,run_train.py,.py,プロジェクト,医療法人社団 恒一会 かえで総合病院,04.分析,981,2148,1167
doc_cecf9c7ef79041bf_chunk_0002,doc_cecf9c7ef79041bf,2,プロジェクト/医療法人社団 恒一会 かえで総合病院/04.分析/analysis_project/scripts/run_train.py,run_train.py,.py,プロジェクト,医療法人社団 恒一会 かえで総合病院,04.分析,1948,3077,1129
doc_cecf9c7ef79041bf_chunk_0003,doc_cecf9c7ef79041bf,3,プロジェクト/医療法人社団 恒一会 かえで総合病院/04.分析/analysis_project/scripts/run_train.py,run_train.py,.py,プロジェクト,医療法人社団 恒一会 かえで総合病院,04.分析,2877,4049,1169
doc_cecf9c7ef79041bf_chunk_0004,doc_cecf9c7ef79041bf,4,プロジェクト/医療法人社団 恒一会 かえで総合病院/04.分析/analysis_project/scripts/run_train.py,run_train.py,.py,プロジェクト,医療法人社団 恒一会 かえで総合病院,04.分析,3849,4964,1115
doc_cecf9c7ef79041bf_chunk_0005,doc_cecf9c7ef79041bf,5,プロジェクト/医療法人社団 恒一会 かえで総合病院/04.分析/analysis_project/scripts/run_train.py,run_train.py,.py,プロジェクト,医療法人社団 恒一会 かえで総合病院,04.分析,4764,5962,1198
doc_cecf9c7ef79041bf_chunk_0006,doc_cecf9c7ef79041bf,6,プロジェクト/医療法人社団 恒一会 かえで総合病院/04.分析/analysis_project/scripts/run_train.py,run_train.py,.py,プロジェクト,医療法人社団 恒一会 かえで総合病院,04.分析,5762,6914,1152
doc_cecf9c7ef79041bf_chunk_0007,doc_cecf9c7ef79041bf,7,プロジェクト/医療法人社団 恒一会 かえで総合病院/04.分析/analysis_project/scripts/run_train.py,run_train.py,.py,プロジェクト,医療法人社団 恒一会 かえで総合病院,04.分析,6714,7885,1161
doc_cecf9c7ef79041bf_chunk_0008,doc_cecf9c7ef79041bf,8,プロジェクト/医療法人社団 恒一会 かえで総合病院/04.分析/analysis_project/scripts/run_train.py,run_train.py,.py,プロジェクト,医療法人社団 恒一会 かえで総合病院,04.分析,7685,8869,1184
doc_cecf9c7ef79041bf_chunk_0009,doc_cecf9c7ef79041bf,9,プロジェクト/医療法人社団 恒一会 かえで総合病院/04.分析/analysis_project/scripts/run_train.py,run_train.py,.py,プロジェクト,医療法人社団 恒一会 かえで総合病院,04.分析,8669,9852,1183
doc_cecf9c7ef79041bf_chunk_0010,doc_cecf9c7ef79041bf,10,プロジェクト/医療法人社団 恒一会 かえで総合病院/04.分析/analysis_project/scripts/run_train.py,run_train.py,.py,プロジェクト,医療法人社団 恒一会 かえで総合病院,04.分析,9652,10848,1196
doc_cecf9c7ef79041bf_chunk_0011,doc_cecf9c7ef79041bf,11,プロジェクト/医療法人社団 恒一会 かえで総合病院/04.分析/analysis_project/scripts/run_train.py,run_train.py,.py,プロジェクト,医療法人社団 恒一会 かえで総合病院,04.分析,10648,11821,1173
doc_cecf9c7ef79041bf_chunk_0012,doc_cecf9c7ef79041bf,12,プロジェクト/医療法人社団 恒一会 かえで総合病院/04.分析/analysis_project/scripts/run_train.py,run_train.py,.py,プロジェクト,医療法人社団 恒一会 かえで総合病院,04.分析,11621,12799,1178
doc_cecf9c7ef79041bf_chunk_0013,doc_cecf9c7ef79041bf,13,プロジェクト/医療法人社団 恒一会 かえで総合病院/04.分析/analysis_project/scripts/run_train.py,run_train.py,.py,プロジェクト,医療法人社団 恒一会 かえで総合病院,04.分析,12599,13788,1188
doc_cecf9c7ef79041bf_chunk_0014,doc_cecf9c7ef79041bf,14,プロジェクト/医療法人社団 恒一会 かえで総合病院/04.分析/analysis_project/scripts/run_train.py,run_train.py,.py,プロジェクト,医療法人社団 恒一会 かえで総合病院,04.分析,13588,14732,1144
doc_cecf9c7ef79041bf_chunk_0015,doc_cecf9c7ef79041bf,15,プロジェクト/医療法人社団 恒一会 かえで総合病院/04.分析/analysis_project/scripts/run_train.py,run_train.py,.py,プロジェクト,医療法人社団 恒一会 かえで総合病院,04.分析,14532,15713,1181
doc_cecf9c7ef79041bf_chunk_0016,doc_cecf9c7ef79041bf,16,プロジェクト/医療法人社団 恒一会 かえで総合病院/04.分析/analysis_project/scripts/run_train.py,run_train.py,.py,プロジェクト,医療法人社団 恒一会 かえで総合病院,04.分析,15513,16650,1129
doc_cecf9c7ef79041bf_chunk_0017,doc_cecf9c7ef79041bf,17,プロジェクト/医療法人社団 恒一会 かえで総合病院/04.分析/analysis_project/scripts/run_train.py,run_train.py,.py,プロジェクト,医療法人社団 恒一会 かえで総合病院,04.分析,16450,17575,1125
doc_cecf9c7ef79041bf_chunk_0018,doc_cecf9c7ef79041bf,18,プロジェクト/医療法人社団 恒一会 かえで総合病院/04.分析/analysis_project/scripts/run_train.py,run_train.py,.py,プロジェクト,医療法人社団 恒一会 かえで総合病院,04.分析,17375,18495,1120
doc_cecf9c7ef79041bf_chunk_0019,doc_cecf9c7ef79041bf,19,プロジェクト/医療法人社団 恒一会 かえで総合病院/04.分析/analysis_project/scripts/run_train.py,run_train.py,.py,プロジェクト,医療法人社団 恒一会 かえで総合病院,04.分析,18295,19418,1123
doc_cecf9c7ef79041bf_chunk_0020,doc_cecf9c7ef79041bf,20,プロジェクト/医療法人社団 恒一会 かえで総合病院/04.分析/analysis_project/scripts/run_train.py,run_train.py,.py,プロジェクト,医療法人社団 恒一会 かえで総合病院,04.分析,19218,20387,1165
doc_cecf9c7ef79041bf_chunk_0021,doc_cecf9c7ef79041bf,21,プロジェクト/医療法人社団 恒一会 かえで総合病院/04.分析/analysis_project/scripts/run_train.py,run_train.py,.py,プロジェクト,医療法人社団 恒一会 かえで総合病院,04.分析,20187,21310,1123
doc_cecf9c7ef79041bf_chunk_0022,doc_cecf9c7ef79041bf,22,プロジェクト/医療法人社団 恒一会 かえで総合病院/04.分析/analysis_project/scripts/run_train.py,run_train.py,.py,プロジェクト,医療法人社団 恒一会 かえで総合病院,04.分析,21110,22302,1192
doc_cecf9c7ef79041bf_chunk_0023,doc_cecf9c7ef79041bf,23,プロジェクト/医療法人社団 恒一会 かえで総合病院/04.分析/analysis_project/scripts/run_train.py,run_train.py,.py,プロジェクト,医療法人社団 恒一会 かえで総合病院,04.分析,22102,23255,1153
doc_cecf9c7ef79041bf_chunk_0024,doc_cecf9c7ef79041bf,24,プロジェクト/医療法人社団 恒一会 かえで総合病院/04.分析/analysis_project/scripts/run_train.py,run_train.py,.py,プロジェクト,医療法人社団 恒一会 かえで総合病院,04.分析,23055,24207,1152
doc_cecf9c7ef79041bf_chunk_0025,doc_cecf9c7ef79041bf,25,プロジェクト/医療法人社団 恒一会 かえで総合病院/04.分析/analysis_project/scripts/run_train.py,run_train.py,.py,プロジェクト,医療法人社団 恒一会 かえで総合病院,04.分析,24007,25157,1150
doc_cecf9c7ef79041bf_chunk_0026,doc_cecf9c7ef79041bf,26,プロジェクト/医療法人社団 恒一会 かえで総合病院/04.分析/analysis_project/scripts/run_train.py,run_train.py,.py,プロジェクト,医療法人社団 恒一会 かえで総合病院,04.分析,24957,26131,1168
doc_cecf9c7ef79041bf_chunk_0027,doc_cecf9c7ef79041bf,27,プロジェクト/医療法人社団 恒一会 かえで総合病院/04.分析/analysis_project/scripts/run_train.py,run_train.py,.py,プロジェクト,医療法人社団 恒一会 かえで総合病院,04.分析,25931,27118,1187
doc_cecf9c7ef79041bf_chunk_0028,doc_cecf9c7ef79041bf,28,プロジェクト/医療法人社団 恒一会 かえで総合病院/04.分析/analysis_project/scripts/run_train.py,run_train.py,.py,プロジェクト,医療法人社団 恒一会 かえで総合病院,04.分析,26918,28050,1132
doc_cecf9c7ef79041bf_chunk_0029,doc_cecf9c7ef79041bf,29,プロジェクト/医療法人社団 恒一会 かえで総合病院/04.分析/analysis_project/scripts/run_train.py,run_train.py,.py,プロジェクト,医療法人社団 恒一会 かえで総合病院,04.分析,27850,29041,1191
doc_cecf9c7ef79041bf_chunk_0030,doc_cecf9c7ef79041bf,30,プロジェクト/医療法人社団 恒一会 かえで総合病院/04.分析/analysis_project/scripts/run_train.py,run_train.py,.py,プロジェクト,医療法人社団 恒一会 かえで総合病院,04.分析,28841,29535,694
doc_c72624dc4d623045_chunk_0000,doc_c72624dc4d623045,0,プロジェクト/医療法人社団 恒一会 かえで総合病院/04.分析/analysis_project/src/__init__.py,__init__.py,.py,プロジェクト,医療法人社団 恒一会 かえで総合病院,04.分析,0,193,193
doc_4034b639f8483885_chunk_0000,doc_4034b639f8483885,0,プロジェクト/医療法人社団 恒一会 かえで総合病院/04.分析/analysis_project/src/common.py,common.py,.py,プロジェクト,医療法人社団 恒一会 かえで総合病院,04.分析,0,1174,1172
doc_4034b639f8483885_chunk_0001,doc_4034b639f8483885,1,プロジェクト/医療法人社団 恒一会 かえで総合病院/04.分析/analysis_project/src/common.py,common.py,.py,プロジェクト,医療法人社団 恒一会 かえで総合病院,04.分析,974,2113,1137
doc_4034b639f8483885_chunk_0002,doc_4034b639f8483885,2,プロジェクト/医療法人社団 恒一会 かえで総合病院/04.分析/analysis_project/src/common.py,common.py,.py,プロジェクト,医療法人社団 恒一会 かえで総合病院,04.分析,1913,3110,1187
doc_4034b639f8483885_chunk_0003,doc_4034b639f8483885,3,プロジェクト/医療法人社団 恒一会 かえで総合病院/04.分析/analysis_project/src/common.py,common.py,.py,プロジェクト,医療法人社団 恒一会 かえで総合病院,04.分析,2910,3971,1060
doc_deb9993c32cc76bf_chunk_0000,doc_deb9993c32cc76bf,0,プロジェクト/医療法人社団 恒一会 かえで総合病院/04.分析/analysis_project/src/eda.py,eda.py,.py,プロジェクト,医療法人社団 恒一会 かえで総合病院,04.分析,0,858,858
doc_dddfd875bf5ef009_chunk_0000,doc_dddfd875bf5ef009,0,プロジェクト/医療法人社団 恒一会 かえで総合病院/04.分析/analysis_project/src/evaluate.py,evaluate.py,.py,プロジェクト,医療法人社団 恒一会 かえで総合病院,04.分析,0,1178,1178
doc_dddfd875bf5ef009_chunk_0001,doc_dddfd875bf5ef009,1,プロジェクト/医療法人社団 恒一会 かえで総合病院/04.分析/analysis_project/src/evaluate.py,evaluate.py,.py,プロジェクト,医療法人社団 恒一会 かえで総合病院,04.分析,978,2119,1141
doc_dddfd875bf5ef009_chunk_0002,doc_dddfd875bf5ef009,2,プロジェクト/医療法人社団 恒一会 かえで総合病院/04.分析/analysis_project/src/evaluate.py,evaluate.py,.py,プロジェクト,医療法人社団 恒一会 かえで総合病院,04.分析,1919,3083,1164
doc_dddfd875bf5ef009_chunk_0003,doc_dddfd875bf5ef009,3,プロジェクト/医療法人社団 恒一会 かえで総合病院/04.分析/analysis_project/src/evaluate.py,evaluate.py,.py,プロジェクト,医療法人社団 恒一会 かえで総合病院,04.分析,2883,4035,1152
doc_dddfd875bf5ef009_chunk_0004,doc_dddfd875bf5ef009,4,プロジェクト/医療法人社団 恒一会 かえで総合病院/04.分析/analysis_project/src/evaluate.py,evaluate.py,.py,プロジェクト,医療法人社団 恒一会 かえで総合病院,04.分析,3835,5032,1197
doc_dddfd875bf5ef009_chunk_0005,doc_dddfd875bf5ef009,5,プロジェクト/医療法人社団 恒一会 かえで総合病院/04.分析/analysis_project/src/evaluate.py,evaluate.py,.py,プロジェクト,医療法人社団 恒一会 かえで総合病院,04.分析,4832,5178,340
doc_a7831b1e65e476d4_chunk_0000,doc_a7831b1e65e476d4,0,プロジェクト/医療法人社団 恒一会 かえで総合病院/04.分析/analysis_project/src/features.py,features.py,.py,プロジェクト,医療法人社団 恒一会 かえで総合病院,04.分析,0,1184,1184
doc_a7831b1e65e476d4_chunk_0001,doc_a7831b1e65e476d4,1,プロジェクト/医療法人社団 恒一会 かえで総合病院/04.分析/analysis_project/src/features.py,features.py,.py,プロジェクト,医療法人社団 恒一会 かえで総合病院,04.分析,984,2172,1188
doc_a7831b1e65e476d4_chunk_0002,doc_a7831b1e65e476d4,2,プロジェクト/医療法人社団 恒一会 かえで総合病院/04.分析/analysis_project/src/features.py,features.py,.py,プロジェクト,医療法人社団 恒一会 かえで総合病院,04.分析,1972,3164,1192
doc_a7831b1e65e476d4_chunk_0003,doc_a7831b1e65e476d4,3,プロジェクト/医療法人社団 恒一会 かえで総合病院/04.分析/analysis_project/src/features.py,features.py,.py,プロジェクト,医療法人社団 恒一会 かえで総合病院,04.分析,2964,4162,1198
doc_a7831b1e65e476d4_chunk_0004,doc_a7831b1e65e476d4,4,プロジェクト/医療法人社団 恒一会 かえで総合病院/04.分析/analysis_project/src/features.py,features.py,.py,プロジェクト,医療法人社団 恒一会 かえで総合病院,04.分析,3962,5130,1168
doc_a7831b1e65e476d4_chunk_0005,doc_a7831b1e65e476d4,5,プロジェクト/医療法人社団 恒一会 かえで総合病院/04.分析/analysis_project/src/features.py,features.py,.py,プロジェクト,医療法人社団 恒一会 かえで総合病院,04.分析,4930,6092,1159
doc_a7831b1e65e476d4_chunk_0006,doc_a7831b1e65e476d4,6,プロジェクト/医療法人社団 恒一会 かえで総合病院/04.分析/analysis_project/src/features.py,features.py,.py,プロジェクト,医療法人社団 恒一会 かえで総合病院,04.分析,5892,7070,1178
doc_a7831b1e65e476d4_chunk_0007,doc_a7831b1e65e476d4,7,プロジェクト/医療法人社団 恒一会 かえで総合病院/04.分析/analysis_project/src/features.py,features.py,.py,プロジェクト,医療法人社団 恒一会 かえで総合病院,04.分析,6870,8039,1169
doc_a7831b1e65e476d4_chunk_0008,doc_a7831b1e65e476d4,8,プロジェクト/医療法人社団 恒一会 かえで総合病院/04.分析/analysis_project/src/features.py,features.py,.py,プロジェクト,医療法人社団 恒一会 かえで総合病院,04.分析,7839,9001,1162
doc_a7831b1e65e476d4_chunk_0009,doc_a7831b1e65e476d4,9,プロジェクト/医療法人社団 恒一会 かえで総合病院/04.分析/analysis_project/src/features.py,features.py,.py,プロジェクト,医療法人社団 恒一会 かえで総合病院,04.分析,8801,9977,1176
doc_a7831b1e65e476d4_chunk_0010,doc_a7831b1e65e476d4,10,プロジェクト/医療法人社団 恒一会 かえで総合病院/04.分析/analysis_project/src/features.py,features.py,.py,プロジェクト,医療法人社団 恒一会 かえで総合病院,04.分析,9777,10972,1195
doc_a7831b1e65e476d4_chunk_0011,doc_a7831b1e65e476d4,11,プロジェクト/医療法人社団 恒一会 かえで総合病院/04.分析/analysis_project/src/features.py,features.py,.py,プロジェクト,医療法人社団 恒一会 かえで総合病院,04.分析,10772,11886,1114
doc_a7831b1e65e476d4_chunk_0012,doc_a7831b1e65e476d4,12,プロジェクト/医療法人社団 恒一会 かえで総合病院/04.分析/analysis_project/src/features.py,features.py,.py,プロジェクト,医療法人社団 恒一会 かえで総合病院,04.分析,11686,12849,1156
doc_a7831b1e65e476d4_chunk_0013,doc_a7831b1e65e476d4,13,プロジェクト/医療法人社団 恒一会 かえで総合病院/04.分析/analysis_project/src/features.py,features.py,.py,プロジェクト,医療法人社団 恒一会 かえで総合病院,04.分析,12649,12985,323
doc_ba6eafa6f8315fc5_chunk_0000,doc_ba6eafa6f8315fc5,0,プロジェクト/医療法人社団 恒一会 かえで総合病院/04.分析/analysis_project/src/infer.py,infer.py,.py,プロジェクト,医療法人社団 恒一会 かえで総合病院,04.分析,0,370,370
doc_067bd64bbc7e38d8_chunk_0000,doc_067bd64bbc7e38d8,0,プロジェクト/医療法人社団 恒一会 かえで総合病院/04.分析/analysis_project/src/modeling.py,modeling.py,.py,プロジェクト,医療法人社団 恒一会 かえで総合病院,04.分析,0,1197,1197
doc_067bd64bbc7e38d8_chunk_0001,doc_067bd64bbc7e38d8,1,プロジェクト/医療法人社団 恒一会 かえで総合病院/04.分析/analysis_project/src/modeling.py,modeling.py,.py,プロジェクト,医療法人社団 恒一会 かえで総合病院,04.分析,997,2174,1177
doc_067bd64bbc7e38d8_chunk_0002,doc_067bd64bbc7e38d8,2,プロジェクト/医療法人社団 恒一会 かえで総合病院/04.分析/analysis_project/src/modeling.py,modeling.py,.py,プロジェクト,医療法人社団 恒一会 かえで総合病院,04.分析,1974,3165,1191
doc_067bd64bbc7e38d8_chunk_0003,doc_067bd64bbc7e38d8,3,プロジェクト/医療法人社団 恒一会 かえで総合病院/04.分析/analysis_project/src/modeling.py,modeling.py,.py,プロジェクト,医療法人社団 恒一会 かえで総合病院,04.分析,2965,4159,1190
doc_067bd64bbc7e38d8_chunk_0004,doc_067bd64bbc7e38d8,4,プロジェクト/医療法人社団 恒一会 かえで総合病院/04.分析/analysis_project/src/modeling.py,modeling.py,.py,プロジェクト,医療法人社団 恒一会 かえで総合病院,04.分析,3959,5095,1136
doc_96cf6cbaffbfb1b2_chunk_0000,doc_96cf6cbaffbfb1b2,0,プロジェクト/医療法人社団 恒一会 かえで総合病院/04.分析/analysis_project/src/preprocess.py,preprocess.py,.py,プロジェクト,医療法人社団 恒一会 かえで総合病院,04.分析,0,1181,1181
doc_96cf6cbaffbfb1b2_chunk_0001,doc_96cf6cbaffbfb1b2,1,プロジェクト/医療法人社団 恒一会 かえで総合病院/04.分析/analysis_project/src/preprocess.py,preprocess.py,.py,プロジェクト,医療法人社団 恒一会 かえで総合病院,04.分析,981,2178,1197
doc_96cf6cbaffbfb1b2_chunk_0002,doc_96cf6cbaffbfb1b2,2,プロジェクト/医療法人社団 恒一会 かえで総合病院/04.分析/analysis_project/src/preprocess.py,preprocess.py,.py,プロジェクト,医療法人社団 恒一会 かえで総合病院,04.分析,1978,3162,1184
doc_96cf6cbaffbfb1b2_chunk_0003,doc_96cf6cbaffbfb1b2,3,プロジェクト/医療法人社団 恒一会 かえで総合病院/04.分析/analysis_project/src/preprocess.py,preprocess.py,.py,プロジェクト,医療法人社団 恒一会 かえで総合病院,04.分析,2962,4092,1130
doc_8b481df003e4748e_chunk_0000,doc_8b481df003e4748e,0,プロジェクト/医療法人社団 蒼樹会 みなみ野女性医療センター/04.分析/analysis_project/scripts/bootstrap_env.py,bootstrap_env.py,.py,プロジェクト,医療法人社団 蒼樹会 みなみ野女性医療センター,04.分析,0,1158,1158
doc_8b481df003e4748e_chunk_0001,doc_8b481df003e4748e,1,プロジェクト/医療法人社団 蒼樹会 みなみ野女性医療センター/04.分析/analysis_project/scripts/bootstrap_env.py,bootstrap_env.py,.py,プロジェクト,医療法人社団 蒼樹会 みなみ野女性医療センター,04.分析,958,2134,1174
doc_8b481df003e4748e_chunk_0002,doc_8b481df003e4748e,2,プロジェクト/医療法人社団 蒼樹会 みなみ野女性医療センター/04.分析/analysis_project/scripts/bootstrap_env.py,bootstrap_env.py,.py,プロジェクト,医療法人社団 蒼樹会 みなみ野女性医療センター,04.分析,1934,2172,238
doc_ef874fff56cacbf8_chunk_0000,doc_ef874fff56cacbf8,0,プロジェクト/医療法人社団 蒼樹会 みなみ野女性医療センター/04.分析/analysis_project/scripts/run_train.py,run_train.py,.py,プロジェクト,医療法人社団 蒼樹会 みなみ野女性医療センター,04.分析,0,1191,1191
doc_ef874fff56cacbf8_chunk_0001,doc_ef874fff56cacbf8,1,プロジェクト/医療法人社団 蒼樹会 みなみ野女性医療センター/04.分析/analysis_project/scripts/run_train.py,run_train.py,.py,プロジェクト,医療法人社団 蒼樹会 みなみ野女性医療センター,04.分析,991,2158,1167
doc_ef874fff56cacbf8_chunk_0002,doc_ef874fff56cacbf8,2,プロジェクト/医療法人社団 蒼樹会 みなみ野女性医療センター/04.分析/analysis_project/scripts/run_train.py,run_train.py,.py,プロジェクト,医療法人社団 蒼樹会 みなみ野女性医療センター,04.分析,1958,3087,1129
doc_ef874fff56cacbf8_chunk_0003,doc_ef874fff56cacbf8,3,プロジェクト/医療法人社団 蒼樹会 みなみ野女性医療センター/04.分析/analysis_project/scripts/run_train.py,run_train.py,.py,プロジェクト,医療法人社団 蒼樹会 みなみ野女性医療センター,04.分析,2887,4059,1169
doc_ef874fff56cacbf8_chunk_0004,doc_ef874fff56cacbf8,4,プロジェクト/医療法人社団 蒼樹会 みなみ野女性医療センター/04.分析/analysis_project/scripts/run_train.py,run_train.py,.py,プロジェクト,医療法人社団 蒼樹会 みなみ野女性医療センター,04.分析,3859,4974,1115
doc_ef874fff56cacbf8_chunk_0005,doc_ef874fff56cacbf8,5,プロジェクト/医療法人社団 蒼樹会 みなみ野女性医療センター/04.分析/analysis_project/scripts/run_train.py,run_train.py,.py,プロジェクト,医療法人社団 蒼樹会 みなみ野女性医療センター,04.分析,4774,5972,1198
doc_ef874fff56cacbf8_chunk_0006,doc_ef874fff56cacbf8,6,プロジェクト/医療法人社団 蒼樹会 みなみ野女性医療センター/04.分析/analysis_project/scripts/run_train.py,run_train.py,.py,プロジェクト,医療法人社団 蒼樹会 みなみ野女性医療センター,04.分析,5772,6924,1152
doc_ef874fff56cacbf8_chunk_0007,doc_ef874fff56cacbf8,7,プロジェクト/医療法人社団 蒼樹会 みなみ野女性医療センター/04.分析/analysis_project/scripts/run_train.py,run_train.py,.py,プロジェクト,医療法人社団 蒼樹会 みなみ野女性医療センター,04.分析,6724,7895,1161
doc_ef874fff56cacbf8_chunk_0008,doc_ef874fff56cacbf8,8,プロジェクト/医療法人社団 蒼樹会 みなみ野女性医療センター/04.分析/analysis_project/scripts/run_train.py,run_train.py,.py,プロジェクト,医療法人社団 蒼樹会 みなみ野女性医療センター,04.分析,7695,8879,1184
doc_ef874fff56cacbf8_chunk_0009,doc_ef874fff56cacbf8,9,プロジェクト/医療法人社団 蒼樹会 みなみ野女性医療センター/04.分析/analysis_project/scripts/run_train.py,run_train.py,.py,プロジェクト,医療法人社団 蒼樹会 みなみ野女性医療センター,04.分析,8679,9862,1183
doc_ef874fff56cacbf8_chunk_0010,doc_ef874fff56cacbf8,10,プロジェクト/医療法人社団 蒼樹会 みなみ野女性医療センター/04.分析/analysis_project/scripts/run_train.py,run_train.py,.py,プロジェクト,医療法人社団 蒼樹会 みなみ野女性医療センター,04.分析,9662,10858,1196
doc_ef874fff56cacbf8_chunk_0011,doc_ef874fff56cacbf8,11,プロジェクト/医療法人社団 蒼樹会 みなみ野女性医療センター/04.分析/analysis_project/scripts/run_train.py,run_train.py,.py,プロジェクト,医療法人社団 蒼樹会 みなみ野女性医療センター,04.分析,10658,11831,1173
doc_ef874fff56cacbf8_chunk_0012,doc_ef874fff56cacbf8,12,プロジェクト/医療法人社団 蒼樹会 みなみ野女性医療センター/04.分析/analysis_project/scripts/run_train.py,run_train.py,.py,プロジェクト,医療法人社団 蒼樹会 みなみ野女性医療センター,04.分析,11631,12809,1178
doc_ef874fff56cacbf8_chunk_0013,doc_ef874fff56cacbf8,13,プロジェクト/医療法人社団 蒼樹会 みなみ野女性医療センター/04.分析/analysis_project/scripts/run_train.py,run_train.py,.py,プロジェクト,医療法人社団 蒼樹会 みなみ野女性医療センター,04.分析,12609,13798,1188
doc_ef874fff56cacbf8_chunk_0014,doc_ef874fff56cacbf8,14,プロジェクト/医療法人社団 蒼樹会 みなみ野女性医療センター/04.分析/analysis_project/scripts/run_train.py,run_train.py,.py,プロジェクト,医療法人社団 蒼樹会 みなみ野女性医療センター,04.分析,13598,14742,1144
doc_ef874fff56cacbf8_chunk_0015,doc_ef874fff56cacbf8,15,プロジェクト/医療法人社団 蒼樹会 みなみ野女性医療センター/04.分析/analysis_project/scripts/run_train.py,run_train.py,.py,プロジェクト,医療法人社団 蒼樹会 みなみ野女性医療センター,04.分析,14542,15723,1181
doc_ef874fff56cacbf8_chunk_0016,doc_ef874fff56cacbf8,16,プロジェクト/医療法人社団 蒼樹会 みなみ野女性医療センター/04.分析/analysis_project/scripts/run_train.py,run_train.py,.py,プロジェクト,医療法人社団 蒼樹会 みなみ野女性医療センター,04.分析,15523,16660,1129
doc_ef874fff56cacbf8_chunk_0017,doc_ef874fff56cacbf8,17,プロジェクト/医療法人社団 蒼樹会 みなみ野女性医療センター/04.分析/analysis_project/scripts/run_train.py,run_train.py,.py,プロジェクト,医療法人社団 蒼樹会 みなみ野女性医療センター,04.分析,16460,17585,1125
doc_ef874fff56cacbf8_chunk_0018,doc_ef874fff56cacbf8,18,プロジェクト/医療法人社団 蒼樹会 みなみ野女性医療センター/04.分析/analysis_project/scripts/run_train.py,run_train.py,.py,プロジェクト,医療法人社団 蒼樹会 みなみ野女性医療センター,04.分析,17385,18505,1120
doc_ef874fff56cacbf8_chunk_0019,doc_ef874fff56cacbf8,19,プロジェクト/医療法人社団 蒼樹会 みなみ野女性医療センター/04.分析/analysis_project/scripts/run_train.py,run_train.py,.py,プロジェクト,医療法人社団 蒼樹会 みなみ野女性医療センター,04.分析,18305,19428,1123
doc_ef874fff56cacbf8_chunk_0020,doc_ef874fff56cacbf8,20,プロジェクト/医療法人社団 蒼樹会 みなみ野女性医療センター/04.分析/analysis_project/scripts/run_train.py,run_train.py,.py,プロジェクト,医療法人社団 蒼樹会 みなみ野女性医療センター,04.分析,19228,20397,1165
doc_ef874fff56cacbf8_chunk_0021,doc_ef874fff56cacbf8,21,プロジェクト/医療法人社団 蒼樹会 みなみ野女性医療センター/04.分析/analysis_project/scripts/run_train.py,run_train.py,.py,プロジェクト,医療法人社団 蒼樹会 みなみ野女性医療センター,04.分析,20197,21320,1123
doc_ef874fff56cacbf8_chunk_0022,doc_ef874fff56cacbf8,22,プロジェクト/医療法人社団 蒼樹会 みなみ野女性医療センター/04.分析/analysis_project/scripts/run_train.py,run_train.py,.py,プロジェクト,医療法人社団 蒼樹会 みなみ野女性医療センター,04.分析,21120,22312,1192
doc_ef874fff56cacbf8_chunk_0023,doc_ef874fff56cacbf8,23,プロジェクト/医療法人社団 蒼樹会 みなみ野女性医療センター/04.分析/analysis_project/scripts/run_train.py,run_train.py,.py,プロジェクト,医療法人社団 蒼樹会 みなみ野女性医療センター,04.分析,22112,23265,1153
doc_ef874fff56cacbf8_chunk_0024,doc_ef874fff56cacbf8,24,プロジェクト/医療法人社団 蒼樹会 みなみ野女性医療センター/04.分析/analysis_project/scripts/run_train.py,run_train.py,.py,プロジェクト,医療法人社団 蒼樹会 みなみ野女性医療センター,04.分析,23065,24217,1152
doc_ef874fff56cacbf8_chunk_0025,doc_ef874fff56cacbf8,25,プロジェクト/医療法人社団 蒼樹会 みなみ野女性医療センター/04.分析/analysis_project/scripts/run_train.py,run_train.py,.py,プロジェクト,医療法人社団 蒼樹会 みなみ野女性医療センター,04.分析,24017,25167,1150
doc_ef874fff56cacbf8_chunk_0026,doc_ef874fff56cacbf8,26,プロジェクト/医療法人社団 蒼樹会 みなみ野女性医療センター/04.分析/analysis_project/scripts/run_train.py,run_train.py,.py,プロジェクト,医療法人社団 蒼樹会 みなみ野女性医療センター,04.分析,24967,26141,1168
doc_ef874fff56cacbf8_chunk_0027,doc_ef874fff56cacbf8,27,プロジェクト/医療法人社団 蒼樹会 みなみ野女性医療センター/04.分析/analysis_project/scripts/run_train.py,run_train.py,.py,プロジェクト,医療法人社団 蒼樹会 みなみ野女性医療センター,04.分析,25941,27128,1187
doc_ef874fff56cacbf8_chunk_0028,doc_ef874fff56cacbf8,28,プロジェクト/医療法人社団 蒼樹会 みなみ野女性医療センター/04.分析/analysis_project/scripts/run_train.py,run_train.py,.py,プロジェクト,医療法人社団 蒼樹会 みなみ野女性医療センター,04.分析,26928,28060,1132
doc_ef874fff56cacbf8_chunk_0029,doc_ef874fff56cacbf8,29,プロジェクト/医療法人社団 蒼樹会 みなみ野女性医療センター/04.分析/analysis_project/scripts/run_train.py,run_train.py,.py,プロジェクト,医療法人社団 蒼樹会 みなみ野女性医療センター,04.分析,27860,29051,1191
doc_ef874fff56cacbf8_chunk_0030,doc_ef874fff56cacbf8,30,プロジェクト/医療法人社団 蒼樹会 みなみ野女性医療センター/04.分析/analysis_project/scripts/run_train.py,run_train.py,.py,プロジェクト,医療法人社団 蒼樹会 みなみ野女性医療センター,04.分析,28851,29545,694
doc_5d2a1ad6a955a9ad_chunk_0000,doc_5d2a1ad6a955a9ad,0,プロジェクト/医療法人社団 蒼樹会 みなみ野女性医療センター/04.分析/analysis_project/src/__init__.py,__init__.py,.py,プロジェクト,医療法人社団 蒼樹会 みなみ野女性医療センター,04.分析,0,203,203
doc_f1b6bbe3127cf65b_chunk_0000,doc_f1b6bbe3127cf65b,0,プロジェクト/医療法人社団 蒼樹会 みなみ野女性医療センター/04.分析/analysis_project/src/common.py,common.py,.py,プロジェクト,医療法人社団 蒼樹会 みなみ野女性医療センター,04.分析,0,1184,1182
doc_f1b6bbe3127cf65b_chunk_0001,doc_f1b6bbe3127cf65b,1,プロジェクト/医療法人社団 蒼樹会 みなみ野女性医療センター/04.分析/analysis_project/src/common.py,common.py,.py,プロジェクト,医療法人社団 蒼樹会 みなみ野女性医療センター,04.分析,984,2123,1137
doc_f1b6bbe3127cf65b_chunk_0002,doc_f1b6bbe3127cf65b,2,プロジェクト/医療法人社団 蒼樹会 みなみ野女性医療センター/04.分析/analysis_project/src/common.py,common.py,.py,プロジェクト,医療法人社団 蒼樹会 みなみ野女性医療センター,04.分析,1923,3120,1187
doc_f1b6bbe3127cf65b_chunk_0003,doc_f1b6bbe3127cf65b,3,プロジェクト/医療法人社団 蒼樹会 みなみ野女性医療センター/04.分析/analysis_project/src/common.py,common.py,.py,プロジェクト,医療法人社団 蒼樹会 みなみ野女性医療センター,04.分析,2920,3981,1060
doc_e487a2e9d231ca34_chunk_0000,doc_e487a2e9d231ca34,0,プロジェクト/医療法人社団 蒼樹会 みなみ野女性医療センター/04.分析/analysis_project/src/eda.py,eda.py,.py,プロジェクト,医療法人社団 蒼樹会 みなみ野女性医療センター,04.分析,0,868,868
doc_1408e79e6e967a74_chunk_0000,doc_1408e79e6e967a74,0,プロジェクト/医療法人社団 蒼樹会 みなみ野女性医療センター/04.分析/analysis_project/src/evaluate.py,evaluate.py,.py,プロジェクト,医療法人社団 蒼樹会 みなみ野女性医療センター,04.分析,0,1188,1188
doc_1408e79e6e967a74_chunk_0001,doc_1408e79e6e967a74,1,プロジェクト/医療法人社団 蒼樹会 みなみ野女性医療センター/04.分析/analysis_project/src/evaluate.py,evaluate.py,.py,プロジェクト,医療法人社団 蒼樹会 みなみ野女性医療センター,04.分析,988,2129,1141
doc_1408e79e6e967a74_chunk_0002,doc_1408e79e6e967a74,2,プロジェクト/医療法人社団 蒼樹会 みなみ野女性医療センター/04.分析/analysis_project/src/evaluate.py,evaluate.py,.py,プロジェクト,医療法人社団 蒼樹会 みなみ野女性医療センター,04.分析,1929,3093,1164
doc_1408e79e6e967a74_chunk_0003,doc_1408e79e6e967a74,3,プロジェクト/医療法人社団 蒼樹会 みなみ野女性医療センター/04.分析/analysis_project/src/evaluate.py,evaluate.py,.py,プロジェクト,医療法人社団 蒼樹会 みなみ野女性医療センター,04.分析,2893,4045,1152
doc_1408e79e6e967a74_chunk_0004,doc_1408e79e6e967a74,4,プロジェクト/医療法人社団 蒼樹会 みなみ野女性医療センター/04.分析/analysis_project/src/evaluate.py,evaluate.py,.py,プロジェクト,医療法人社団 蒼樹会 みなみ野女性医療センター,04.分析,3845,5042,1197
doc_1408e79e6e967a74_chunk_0005,doc_1408e79e6e967a74,5,プロジェクト/医療法人社団 蒼樹会 みなみ野女性医療センター/04.分析/analysis_project/src/evaluate.py,evaluate.py,.py,プロジェクト,医療法人社団 蒼樹会 みなみ野女性医療センター,04.分析,4842,5188,340
doc_3f4953fa88bfe0f5_chunk_0000,doc_3f4953fa88bfe0f5,0,プロジェクト/医療法人社団 蒼樹会 みなみ野女性医療センター/04.分析/analysis_project/src/features.py,features.py,.py,プロジェクト,医療法人社団 蒼樹会 みなみ野女性医療センター,04.分析,0,1194,1194
doc_3f4953fa88bfe0f5_chunk_0001,doc_3f4953fa88bfe0f5,1,プロジェクト/医療法人社団 蒼樹会 みなみ野女性医療センター/04.分析/analysis_project/src/features.py,features.py,.py,プロジェクト,医療法人社団 蒼樹会 みなみ野女性医療センター,04.分析,994,2182,1188
doc_3f4953fa88bfe0f5_chunk_0002,doc_3f4953fa88bfe0f5,2,プロジェクト/医療法人社団 蒼樹会 みなみ野女性医療センター/04.分析/analysis_project/src/features.py,features.py,.py,プロジェクト,医療法人社団 蒼樹会 みなみ野女性医療センター,04.分析,1982,3174,1192
doc_3f4953fa88bfe0f5_chunk_0003,doc_3f4953fa88bfe0f5,3,プロジェクト/医療法人社団 蒼樹会 みなみ野女性医療センター/04.分析/analysis_project/src/features.py,features.py,.py,プロジェクト,医療法人社団 蒼樹会 みなみ野女性医療センター,04.分析,2974,4172,1198
doc_3f4953fa88bfe0f5_chunk_0004,doc_3f4953fa88bfe0f5,4,プロジェクト/医療法人社団 蒼樹会 みなみ野女性医療センター/04.分析/analysis_project/src/features.py,features.py,.py,プロジェクト,医療法人社団 蒼樹会 みなみ野女性医療センター,04.分析,3972,5140,1168
doc_3f4953fa88bfe0f5_chunk_0005,doc_3f4953fa88bfe0f5,5,プロジェクト/医療法人社団 蒼樹会 みなみ野女性医療センター/04.分析/analysis_project/src/features.py,features.py,.py,プロジェクト,医療法人社団 蒼樹会 みなみ野女性医療センター,04.分析,4940,6102,1159
doc_3f4953fa88bfe0f5_chunk_0006,doc_3f4953fa88bfe0f5,6,プロジェクト/医療法人社団 蒼樹会 みなみ野女性医療センター/04.分析/analysis_project/src/features.py,features.py,.py,プロジェクト,医療法人社団 蒼樹会 みなみ野女性医療センター,04.分析,5902,7080,1178
doc_3f4953fa88bfe0f5_chunk_0007,doc_3f4953fa88bfe0f5,7,プロジェクト/医療法人社団 蒼樹会 みなみ野女性医療センター/04.分析/analysis_project/src/features.py,features.py,.py,プロジェクト,医療法人社団 蒼樹会 みなみ野女性医療センター,04.分析,6880,8049,1169
doc_3f4953fa88bfe0f5_chunk_0008,doc_3f4953fa88bfe0f5,8,プロジェクト/医療法人社団 蒼樹会 みなみ野女性医療センター/04.分析/analysis_project/src/features.py,features.py,.py,プロジェクト,医療法人社団 蒼樹会 みなみ野女性医療センター,04.分析,7849,9011,1162
doc_3f4953fa88bfe0f5_chunk_0009,doc_3f4953fa88bfe0f5,9,プロジェクト/医療法人社団 蒼樹会 みなみ野女性医療センター/04.分析/analysis_project/src/features.py,features.py,.py,プロジェクト,医療法人社団 蒼樹会 みなみ野女性医療センター,04.分析,8811,9987,1176
doc_3f4953fa88bfe0f5_chunk_0010,doc_3f4953fa88bfe0f5,10,プロジェクト/医療法人社団 蒼樹会 みなみ野女性医療センター/04.分析/analysis_project/src/features.py,features.py,.py,プロジェクト,医療法人社団 蒼樹会 みなみ野女性医療センター,04.分析,9787,10982,1195
doc_3f4953fa88bfe0f5_chunk_0011,doc_3f4953fa88bfe0f5,11,プロジェクト/医療法人社団 蒼樹会 みなみ野女性医療センター/04.分析/analysis_project/src/features.py,features.py,.py,プロジェクト,医療法人社団 蒼樹会 みなみ野女性医療センター,04.分析,10782,11896,1114
doc_3f4953fa88bfe0f5_chunk_0012,doc_3f4953fa88bfe0f5,12,プロジェクト/医療法人社団 蒼樹会 みなみ野女性医療センター/04.分析/analysis_project/src/features.py,features.py,.py,プロジェクト,医療法人社団 蒼樹会 みなみ野女性医療センター,04.分析,11696,12859,1156
doc_3f4953fa88bfe0f5_chunk_0013,doc_3f4953fa88bfe0f5,13,プロジェクト/医療法人社団 蒼樹会 みなみ野女性医療センター/04.分析/analysis_project/src/features.py,features.py,.py,プロジェクト,医療法人社団 蒼樹会 みなみ野女性医療センター,04.分析,12659,12995,323
doc_3e72ec8642ce969e_chunk_0000,doc_3e72ec8642ce969e,0,プロジェクト/医療法人社団 蒼樹会 みなみ野女性医療センター/04.分析/analysis_project/src/infer.py,infer.py,.py,プロジェクト,医療法人社団 蒼樹会 みなみ野女性医療センター,04.分析,0,380,380
doc_33f341fcbd1012c0_chunk_0000,doc_33f341fcbd1012c0,0,プロジェクト/医療法人社団 蒼樹会 みなみ野女性医療センター/04.分析/analysis_project/src/modeling.py,modeling.py,.py,プロジェクト,医療法人社団 蒼樹会 みなみ野女性医療センター,04.分析,0,1165,1165
doc_33f341fcbd1012c0_chunk_0001,doc_33f341fcbd1012c0,1,プロジェクト/医療法人社団 蒼樹会 みなみ野女性医療センター/04.分析/analysis_project/src/modeling.py,modeling.py,.py,プロジェクト,医療法人社団 蒼樹会 みなみ野女性医療センター,04.分析,965,2137,1171
doc_33f341fcbd1012c0_chunk_0002,doc_33f341fcbd1012c0,2,プロジェクト/医療法人社団 蒼樹会 みなみ野女性医療センター/04.分析/analysis_project/src/modeling.py,modeling.py,.py,プロジェクト,医療法人社団 蒼樹会 みなみ野女性医療センター,04.分析,1937,3105,1166
doc_33f341fcbd1012c0_chunk_0003,doc_33f341fcbd1012c0,3,プロジェクト/医療法人社団 蒼樹会 みなみ野女性医療センター/04.分析/analysis_project/src/modeling.py,modeling.py,.py,プロジェクト,医療法人社団 蒼樹会 みなみ野女性医療センター,04.分析,2905,4101,1196
doc_33f341fcbd1012c0_chunk_0004,doc_33f341fcbd1012c0,4,プロジェクト/医療法人社団 蒼樹会 みなみ野女性医療センター/04.分析/analysis_project/src/modeling.py,modeling.py,.py,プロジェクト,医療法人社団 蒼樹会 みなみ野女性医療センター,04.分析,3901,5027,1115
doc_33f341fcbd1012c0_chunk_0005,doc_33f341fcbd1012c0,5,プロジェクト/医療法人社団 蒼樹会 みなみ野女性医療センター/04.分析/analysis_project/src/modeling.py,modeling.py,.py,プロジェクト,医療法人社団 蒼樹会 みなみ野女性医療センター,04.分析,4827,5105,276
doc_1e3b92117a4a8830_chunk_0000,doc_1e3b92117a4a8830,0,プロジェクト/医療法人社団 蒼樹会 みなみ野女性医療センター/04.分析/analysis_project/src/preprocess.py,preprocess.py,.py,プロジェクト,医療法人社団 蒼樹会 みなみ野女性医療センター,04.分析,0,1191,1191
doc_1e3b92117a4a8830_chunk_0001,doc_1e3b92117a4a8830,1,プロジェクト/医療法人社団 蒼樹会 みなみ野女性医療センター/04.分析/analysis_project/src/preprocess.py,preprocess.py,.py,プロジェクト,医療法人社団 蒼樹会 みなみ野女性医療センター,04.分析,991,2188,1197
doc_1e3b92117a4a8830_chunk_0002,doc_1e3b92117a4a8830,2,プロジェクト/医療法人社団 蒼樹会 みなみ野女性医療センター/04.分析/analysis_project/src/preprocess.py,preprocess.py,.py,プロジェクト,医療法人社団 蒼樹会 みなみ野女性医療センター,04.分析,1988,3172,1184
doc_1e3b92117a4a8830_chunk_0003,doc_1e3b92117a4a8830,3,プロジェクト/医療法人社団 蒼樹会 みなみ野女性医療センター/04.分析/analysis_project/src/preprocess.py,preprocess.py,.py,プロジェクト,医療法人社団 蒼樹会 みなみ野女性医療センター,04.分析,2972,4102,1130
doc_f5b2b882118cf3fb_chunk_0000,doc_f5b2b882118cf3fb,0,プロジェクト/医療法人社団 蒼泉会 ひがし丘総合病院/04.分析/analysis_project/scripts/bootstrap_env.py,bootstrap_env.py,.py,プロジェクト,医療法人社団 蒼泉会 ひがし丘総合病院,04.分析,0,1150,1150
doc_f5b2b882118cf3fb_chunk_0001,doc_f5b2b882118cf3fb,1,プロジェクト/医療法人社団 蒼泉会 ひがし丘総合病院/04.分析/analysis_project/scripts/bootstrap_env.py,bootstrap_env.py,.py,プロジェクト,医療法人社団 蒼泉会 ひがし丘総合病院,04.分析,950,2126,1174
doc_f5b2b882118cf3fb_chunk_0002,doc_f5b2b882118cf3fb,2,プロジェクト/医療法人社団 蒼泉会 ひがし丘総合病院/04.分析/analysis_project/scripts/bootstrap_env.py,bootstrap_env.py,.py,プロジェクト,医療法人社団 蒼泉会 ひがし丘総合病院,04.分析,1926,2164,238
doc_a02be78e1b4315df_chunk_0000,doc_a02be78e1b4315df,0,プロジェクト/医療法人社団 蒼泉会 ひがし丘総合病院/04.分析/analysis_project/scripts/run_train.py,run_train.py,.py,プロジェクト,医療法人社団 蒼泉会 ひがし丘総合病院,04.分析,0,1185,1185
doc_a02be78e1b4315df_chunk_0001,doc_a02be78e1b4315df,1,プロジェクト/医療法人社団 蒼泉会 ひがし丘総合病院/04.分析/analysis_project/scripts/run_train.py,run_train.py,.py,プロジェクト,医療法人社団 蒼泉会 ひがし丘総合病院,04.分析,985,2184,1199
doc_a02be78e1b4315df_chunk_0002,doc_a02be78e1b4315df,2,プロジェクト/医療法人社団 蒼泉会 ひがし丘総合病院/04.分析/analysis_project/scripts/run_train.py,run_train.py,.py,プロジェクト,医療法人社団 蒼泉会 ひがし丘総合病院,04.分析,1984,3139,1154
doc_a02be78e1b4315df_chunk_0003,doc_a02be78e1b4315df,3,プロジェクト/医療法人社団 蒼泉会 ひがし丘総合病院/04.分析/analysis_project/scripts/run_train.py,run_train.py,.py,プロジェクト,医療法人社団 蒼泉会 ひがし丘総合病院,04.分析,2939,4090,1143
doc_a02be78e1b4315df_chunk_0004,doc_a02be78e1b4315df,4,プロジェクト/医療法人社団 蒼泉会 ひがし丘総合病院/04.分析/analysis_project/scripts/run_train.py,run_train.py,.py,プロジェクト,医療法人社団 蒼泉会 ひがし丘総合病院,04.分析,3890,5012,1122
doc_a02be78e1b4315df_chunk_0005,doc_a02be78e1b4315df,5,プロジェクト/医療法人社団 蒼泉会 ひがし丘総合病院/04.分析/analysis_project/scripts/run_train.py,run_train.py,.py,プロジェクト,医療法人社団 蒼泉会 ひがし丘総合病院,04.分析,4812,6008,1192
doc_a02be78e1b4315df_chunk_0006,doc_a02be78e1b4315df,6,プロジェクト/医療法人社団 蒼泉会 ひがし丘総合病院/04.分析/analysis_project/scripts/run_train.py,run_train.py,.py,プロジェクト,医療法人社団 蒼泉会 ひがし丘総合病院,04.分析,5808,6368,552
doc_b17db521c40e0cb9_chunk_0000,doc_b17db521c40e0cb9,0,プロジェクト/医療法人社団 蒼泉会 ひがし丘総合病院/04.分析/analysis_project/src/__init__.py,__init__.py,.py,プロジェクト,医療法人社団 蒼泉会 ひがし丘総合病院,04.分析,0,195,195
doc_a92b3ee09d7cacc0_chunk_0000,doc_a92b3ee09d7cacc0,0,プロジェクト/医療法人社団 蒼泉会 ひがし丘総合病院/04.分析/analysis_project/src/common.py,common.py,.py,プロジェクト,医療法人社団 蒼泉会 ひがし丘総合病院,04.分析,0,1176,1174
doc_a92b3ee09d7cacc0_chunk_0001,doc_a92b3ee09d7cacc0,1,プロジェクト/医療法人社団 蒼泉会 ひがし丘総合病院/04.分析/analysis_project/src/common.py,common.py,.py,プロジェクト,医療法人社団 蒼泉会 ひがし丘総合病院,04.分析,976,2115,1137
doc_a92b3ee09d7cacc0_chunk_0002,doc_a92b3ee09d7cacc0,2,プロジェクト/医療法人社団 蒼泉会 ひがし丘総合病院/04.分析/analysis_project/src/common.py,common.py,.py,プロジェクト,医療法人社団 蒼泉会 ひがし丘総合病院,04.分析,1915,3112,1187
doc_a92b3ee09d7cacc0_chunk_0003,doc_a92b3ee09d7cacc0,3,プロジェクト/医療法人社団 蒼泉会 ひがし丘総合病院/04.分析/analysis_project/src/common.py,common.py,.py,プロジェクト,医療法人社団 蒼泉会 ひがし丘総合病院,04.分析,2912,3973,1060
doc_d7ed0f9605e4c4d0_chunk_0000,doc_d7ed0f9605e4c4d0,0,プロジェクト/医療法人社団 蒼泉会 ひがし丘総合病院/04.分析/analysis_project/src/eda.py,eda.py,.py,プロジェクト,医療法人社団 蒼泉会 ひがし丘総合病院,04.分析,0,860,860
doc_50640f919a8a5d95_chunk_0000,doc_50640f919a8a5d95,0,プロジェクト/医療法人社団 蒼泉会 ひがし丘総合病院/04.分析/analysis_project/src/evaluate.py,evaluate.py,.py,プロジェクト,医療法人社団 蒼泉会 ひがし丘総合病院,04.分析,0,1166,1166
doc_50640f919a8a5d95_chunk_0001,doc_50640f919a8a5d95,1,プロジェクト/医療法人社団 蒼泉会 ひがし丘総合病院/04.分析/analysis_project/src/evaluate.py,evaluate.py,.py,プロジェクト,医療法人社団 蒼泉会 ひがし丘総合病院,04.分析,966,2153,1187
doc_50640f919a8a5d95_chunk_0002,doc_50640f919a8a5d95,2,プロジェクト/医療法人社団 蒼泉会 ひがし丘総合病院/04.分析/analysis_project/src/evaluate.py,evaluate.py,.py,プロジェクト,医療法人社団 蒼泉会 ひがし丘総合病院,04.分析,1953,3118,1165
doc_50640f919a8a5d95_chunk_0003,doc_50640f919a8a5d95,3,プロジェクト/医療法人社団 蒼泉会 ひがし丘総合病院/04.分析/analysis_project/src/evaluate.py,evaluate.py,.py,プロジェクト,医療法人社団 蒼泉会 ひがし丘総合病院,04.分析,2918,3454,521
doc_c79f81515adf28ee_chunk_0000,doc_c79f81515adf28ee,0,プロジェクト/医療法人社団 蒼泉会 ひがし丘総合病院/04.分析/analysis_project/src/features.py,features.py,.py,プロジェクト,医療法人社団 蒼泉会 ひがし丘総合病院,04.分析,0,1183,1183
doc_c79f81515adf28ee_chunk_0001,doc_c79f81515adf28ee,1,プロジェクト/医療法人社団 蒼泉会 ひがし丘総合病院/04.分析/analysis_project/src/features.py,features.py,.py,プロジェクト,医療法人社団 蒼泉会 ひがし丘総合病院,04.分析,983,2164,1181
doc_c79f81515adf28ee_chunk_0002,doc_c79f81515adf28ee,2,プロジェクト/医療法人社団 蒼泉会 ひがし丘総合病院/04.分析/analysis_project/src/features.py,features.py,.py,プロジェクト,医療法人社団 蒼泉会 ひがし丘総合病院,04.分析,1964,3149,1183
doc_c79f81515adf28ee_chunk_0003,doc_c79f81515adf28ee,3,プロジェクト/医療法人社団 蒼泉会 ひがし丘総合病院/04.分析/analysis_project/src/features.py,features.py,.py,プロジェクト,医療法人社団 蒼泉会 ひがし丘総合病院,04.分析,2949,4117,1168
doc_c79f81515adf28ee_chunk_0004,doc_c79f81515adf28ee,4,プロジェクト/医療法人社団 蒼泉会 ひがし丘総合病院/04.分析/analysis_project/src/features.py,features.py,.py,プロジェクト,医療法人社団 蒼泉会 ひがし丘総合病院,04.分析,3917,5106,1189
doc_c79f81515adf28ee_chunk_0005,doc_c79f81515adf28ee,5,プロジェクト/医療法人社団 蒼泉会 ひがし丘総合病院/04.分析/analysis_project/src/features.py,features.py,.py,プロジェクト,医療法人社団 蒼泉会 ひがし丘総合病院,04.分析,4906,5495,589
doc_e46d76b77e4fd3ca_chunk_0000,doc_e46d76b77e4fd3ca,0,プロジェクト/医療法人社団 蒼泉会 ひがし丘総合病院/04.分析/analysis_project/src/infer.py,infer.py,.py,プロジェクト,医療法人社団 蒼泉会 ひがし丘総合病院,04.分析,0,372,372
doc_1e2db3541c1a0fc7_chunk_0000,doc_1e2db3541c1a0fc7,0,プロジェクト/医療法人社団 蒼泉会 ひがし丘総合病院/04.分析/analysis_project/src/modeling.py,modeling.py,.py,プロジェクト,医療法人社団 蒼泉会 ひがし丘総合病院,04.分析,0,1171,1171
doc_1e2db3541c1a0fc7_chunk_0001,doc_1e2db3541c1a0fc7,1,プロジェクト/医療法人社団 蒼泉会 ひがし丘総合病院/04.分析/analysis_project/src/modeling.py,modeling.py,.py,プロジェクト,医療法人社団 蒼泉会 ひがし丘総合病院,04.分析,971,2110,1139
doc_1e2db3541c1a0fc7_chunk_0002,doc_1e2db3541c1a0fc7,2,プロジェクト/医療法人社団 蒼泉会 ひがし丘総合病院/04.分析/analysis_project/src/modeling.py,modeling.py,.py,プロジェクト,医療法人社団 蒼泉会 ひがし丘総合病院,04.分析,1910,3073,1163
doc_1e2db3541c1a0fc7_chunk_0003,doc_1e2db3541c1a0fc7,3,プロジェクト/医療法人社団 蒼泉会 ひがし丘総合病院/04.分析/analysis_project/src/modeling.py,modeling.py,.py,プロジェクト,医療法人社団 蒼泉会 ひがし丘総合病院,04.分析,2873,3941,1068
doc_e5b03481bf52b406_chunk_0000,doc_e5b03481bf52b406,0,プロジェクト/医療法人社団 蒼泉会 ひがし丘総合病院/04.分析/analysis_project/src/preprocess.py,preprocess.py,.py,プロジェクト,医療法人社団 蒼泉会 ひがし丘総合病院,04.分析,0,1179,1179
doc_e5b03481bf52b406_chunk_0001,doc_e5b03481bf52b406,1,プロジェクト/医療法人社団 蒼泉会 ひがし丘総合病院/04.分析/analysis_project/src/preprocess.py,preprocess.py,.py,プロジェクト,医療法人社団 蒼泉会 ひがし丘総合病院,04.分析,979,1229,250
doc_526f2b9516c9e693_chunk_0000,doc_526f2b9516c9e693,0,プロジェクト/株式会社東都人材プラットフォーム/04.分析/analysis_project/scripts/bootstrap_env.py,bootstrap_env.py,.py,プロジェクト,株式会社東都人材プラットフォーム,04.分析,0,1198,1198
doc_526f2b9516c9e693_chunk_0001,doc_526f2b9516c9e693,1,プロジェクト/株式会社東都人材プラットフォーム/04.分析/analysis_project/scripts/bootstrap_env.py,bootstrap_env.py,.py,プロジェクト,株式会社東都人材プラットフォーム,04.分析,998,2158,1160
doc_f90e331bf1399a0f_chunk_0000,doc_f90e331bf1399a0f,0,プロジェクト/株式会社東都人材プラットフォーム/04.分析/analysis_project/scripts/run_train.py,run_train.py,.py,プロジェクト,株式会社東都人材プラットフォーム,04.分析,0,1197,1197
doc_f90e331bf1399a0f_chunk_0001,doc_f90e331bf1399a0f,1,プロジェクト/株式会社東都人材プラットフォーム/04.分析/analysis_project/scripts/run_train.py,run_train.py,.py,プロジェクト,株式会社東都人材プラットフォーム,04.分析,997,2196,1199
doc_f90e331bf1399a0f_chunk_0002,doc_f90e331bf1399a0f,2,プロジェクト/株式会社東都人材プラットフォーム/04.分析/analysis_project/scripts/run_train.py,run_train.py,.py,プロジェクト,株式会社東都人材プラットフォーム,04.分析,1996,3164,1168
doc_f90e331bf1399a0f_chunk_0003,doc_f90e331bf1399a0f,3,プロジェクト/株式会社東都人材プラットフォーム/04.分析/analysis_project/scripts/run_train.py,run_train.py,.py,プロジェクト,株式会社東都人材プラットフォーム,04.分析,2964,4154,1190
doc_f90e331bf1399a0f_chunk_0004,doc_f90e331bf1399a0f,4,プロジェクト/株式会社東都人材プラットフォーム/04.分析/analysis_project/scripts/run_train.py,run_train.py,.py,プロジェクト,株式会社東都人材プラットフォーム,04.分析,3954,5143,1189
doc_f90e331bf1399a0f_chunk_0005,doc_f90e331bf1399a0f,5,プロジェクト/株式会社東都人材プラットフォーム/04.分析/analysis_project/scripts/run_train.py,run_train.py,.py,プロジェクト,株式会社東都人材プラットフォーム,04.分析,4943,6124,1181
doc_f90e331bf1399a0f_chunk_0006,doc_f90e331bf1399a0f,6,プロジェクト/株式会社東都人材プラットフォーム/04.分析/analysis_project/scripts/run_train.py,run_train.py,.py,プロジェクト,株式会社東都人材プラットフォーム,04.分析,5924,7090,1166
doc_f90e331bf1399a0f_chunk_0007,doc_f90e331bf1399a0f,7,プロジェクト/株式会社東都人材プラットフォーム/04.分析/analysis_project/scripts/run_train.py,run_train.py,.py,プロジェクト,株式会社東都人材プラットフォーム,04.分析,6890,8052,1162
doc_f90e331bf1399a0f_chunk_0008,doc_f90e331bf1399a0f,8,プロジェクト/株式会社東都人材プラットフォーム/04.分析/analysis_project/scripts/run_train.py,run_train.py,.py,プロジェクト,株式会社東都人材プラットフォーム,04.分析,7852,9032,1167
doc_f90e331bf1399a0f_chunk_0009,doc_f90e331bf1399a0f,9,プロジェクト/株式会社東都人材プラットフォーム/04.分析/analysis_project/scripts/run_train.py,run_train.py,.py,プロジェクト,株式会社東都人材プラットフォーム,04.分析,8832,9953,1121
doc_f90e331bf1399a0f_chunk_0010,doc_f90e331bf1399a0f,10,プロジェクト/株式会社東都人材プラットフォーム/04.分析/analysis_project/scripts/run_train.py,run_train.py,.py,プロジェクト,株式会社東都人材プラットフォーム,04.分析,9753,10918,1165
doc_f90e331bf1399a0f_chunk_0011,doc_f90e331bf1399a0f,11,プロジェクト/株式会社東都人材プラットフォーム/04.分析/analysis_project/scripts/run_train.py,run_train.py,.py,プロジェクト,株式会社東都人材プラットフォーム,04.分析,10718,11913,1195
doc_f90e331bf1399a0f_chunk_0012,doc_f90e331bf1399a0f,12,プロジェクト/株式会社東都人材プラットフォーム/04.分析/analysis_project/scripts/run_train.py,run_train.py,.py,プロジェクト,株式会社東都人材プラットフォーム,04.分析,11713,12880,1167
doc_f90e331bf1399a0f_chunk_0013,doc_f90e331bf1399a0f,13,プロジェクト/株式会社東都人材プラットフォーム/04.分析/analysis_project/scripts/run_train.py,run_train.py,.py,プロジェクト,株式会社東都人材プラットフォーム,04.分析,12680,13844,1164
doc_f90e331bf1399a0f_chunk_0014,doc_f90e331bf1399a0f,14,プロジェクト/株式会社東都人材プラットフォーム/04.分析/analysis_project/scripts/run_train.py,run_train.py,.py,プロジェクト,株式会社東都人材プラットフォーム,04.分析,13644,14830,1170
doc_f90e331bf1399a0f_chunk_0015,doc_f90e331bf1399a0f,15,プロジェクト/株式会社東都人材プラットフォーム/04.分析/analysis_project/scripts/run_train.py,run_train.py,.py,プロジェクト,株式会社東都人材プラットフォーム,04.分析,14630,15816,1186
doc_f90e331bf1399a0f_chunk_0016,doc_f90e331bf1399a0f,16,プロジェクト/株式会社東都人材プラットフォーム/04.分析/analysis_project/scripts/run_train.py,run_train.py,.py,プロジェクト,株式会社東都人材プラットフォーム,04.分析,15616,16782,1166
doc_f90e331bf1399a0f_chunk_0017,doc_f90e331bf1399a0f,17,プロジェクト/株式会社東都人材プラットフォーム/04.分析/analysis_project/scripts/run_train.py,run_train.py,.py,プロジェクト,株式会社東都人材プラットフォーム,04.分析,16582,17779,1195
doc_f90e331bf1399a0f_chunk_0018,doc_f90e331bf1399a0f,18,プロジェクト/株式会社東都人材プラットフォーム/04.分析/analysis_project/scripts/run_train.py,run_train.py,.py,プロジェクト,株式会社東都人材プラットフォーム,04.分析,17579,18769,1181
doc_f90e331bf1399a0f_chunk_0019,doc_f90e331bf1399a0f,19,プロジェクト/株式会社東都人材プラットフォーム/04.分析/analysis_project/scripts/run_train.py,run_train.py,.py,プロジェクト,株式会社東都人材プラットフォーム,04.分析,18569,19764,1195
doc_f90e331bf1399a0f_chunk_0020,doc_f90e331bf1399a0f,20,プロジェクト/株式会社東都人材プラットフォーム/04.分析/analysis_project/scripts/run_train.py,run_train.py,.py,プロジェクト,株式会社東都人材プラットフォーム,04.分析,19564,20756,1192
doc_f90e331bf1399a0f_chunk_0021,doc_f90e331bf1399a0f,21,プロジェクト/株式会社東都人材プラットフォーム/04.分析/analysis_project/scripts/run_train.py,run_train.py,.py,プロジェクト,株式会社東都人材プラットフォーム,04.分析,20556,21727,1171
doc_f90e331bf1399a0f_chunk_0022,doc_f90e331bf1399a0f,22,プロジェクト/株式会社東都人材プラットフォーム/04.分析/analysis_project/scripts/run_train.py,run_train.py,.py,プロジェクト,株式会社東都人材プラットフォーム,04.分析,21527,22660,1133
doc_f90e331bf1399a0f_chunk_0023,doc_f90e331bf1399a0f,23,プロジェクト/株式会社東都人材プラットフォーム/04.分析/analysis_project/scripts/run_train.py,run_train.py,.py,プロジェクト,株式会社東都人材プラットフォーム,04.分析,22460,23659,1199
doc_f90e331bf1399a0f_chunk_0024,doc_f90e331bf1399a0f,24,プロジェクト/株式会社東都人材プラットフォーム/04.分析/analysis_project/scripts/run_train.py,run_train.py,.py,プロジェクト,株式会社東都人材プラットフォーム,04.分析,23459,24632,1166
doc_f90e331bf1399a0f_chunk_0025,doc_f90e331bf1399a0f,25,プロジェクト/株式会社東都人材プラットフォーム/04.分析/analysis_project/scripts/run_train.py,run_train.py,.py,プロジェクト,株式会社東都人材プラットフォーム,04.分析,24432,25621,1189
doc_f90e331bf1399a0f_chunk_0026,doc_f90e331bf1399a0f,26,プロジェクト/株式会社東都人材プラットフォーム/04.分析/analysis_project/scripts/run_train.py,run_train.py,.py,プロジェクト,株式会社東都人材プラットフォーム,04.分析,25421,26577,1156
doc_f90e331bf1399a0f_chunk_0027,doc_f90e331bf1399a0f,27,プロジェクト/株式会社東都人材プラットフォーム/04.分析/analysis_project/scripts/run_train.py,run_train.py,.py,プロジェクト,株式会社東都人材プラットフォーム,04.分析,26377,27509,1132
doc_f90e331bf1399a0f_chunk_0028,doc_f90e331bf1399a0f,28,プロジェクト/株式会社東都人材プラットフォーム/04.分析/analysis_project/scripts/run_train.py,run_train.py,.py,プロジェクト,株式会社東都人材プラットフォーム,04.分析,27309,28483,1174
doc_f90e331bf1399a0f_chunk_0029,doc_f90e331bf1399a0f,29,プロジェクト/株式会社東都人材プラットフォーム/04.分析/analysis_project/scripts/run_train.py,run_train.py,.py,プロジェクト,株式会社東都人材プラットフォーム,04.分析,28283,29434,1151
doc_f90e331bf1399a0f_chunk_0030,doc_f90e331bf1399a0f,30,プロジェクト/株式会社東都人材プラットフォーム/04.分析/analysis_project/scripts/run_train.py,run_train.py,.py,プロジェクト,株式会社東都人材プラットフォーム,04.分析,29234,29531,297
doc_73a73b50bb51ec19_chunk_0000,doc_73a73b50bb51ec19,0,プロジェクト/株式会社東都人材プラットフォーム/04.分析/analysis_project/src/__init__.py,__init__.py,.py,プロジェクト,株式会社東都人材プラットフォーム,04.分析,0,189,189
doc_61d9a6f9c6c8645b_chunk_0000,doc_61d9a6f9c6c8645b,0,プロジェクト/株式会社東都人材プラットフォーム/04.分析/analysis_project/src/common.py,common.py,.py,プロジェクト,株式会社東都人材プラットフォーム,04.分析,0,1170,1168
doc_61d9a6f9c6c8645b_chunk_0001,doc_61d9a6f9c6c8645b,1,プロジェクト/株式会社東都人材プラットフォーム/04.分析/analysis_project/src/common.py,common.py,.py,プロジェクト,株式会社東都人材プラットフォーム,04.分析,970,2109,1137
doc_61d9a6f9c6c8645b_chunk_0002,doc_61d9a6f9c6c8645b,2,プロジェクト/株式会社東都人材プラットフォーム/04.分析/analysis_project/src/common.py,common.py,.py,プロジェクト,株式会社東都人材プラットフォーム,04.分析,1909,3106,1187
doc_61d9a6f9c6c8645b_chunk_0003,doc_61d9a6f9c6c8645b,3,プロジェクト/株式会社東都人材プラットフォーム/04.分析/analysis_project/src/common.py,common.py,.py,プロジェクト,株式会社東都人材プラットフォーム,04.分析,2906,3967,1060
doc_44caa7c083f975dd_chunk_0000,doc_44caa7c083f975dd,0,プロジェクト/株式会社東都人材プラットフォーム/04.分析/analysis_project/src/eda.py,eda.py,.py,プロジェクト,株式会社東都人材プラットフォーム,04.分析,0,854,854
doc_3be8232a867332aa_chunk_0000,doc_3be8232a867332aa,0,プロジェクト/株式会社東都人材プラットフォーム/04.分析/analysis_project/src/evaluate.py,evaluate.py,.py,プロジェクト,株式会社東都人材プラットフォーム,04.分析,0,1174,1174
doc_3be8232a867332aa_chunk_0001,doc_3be8232a867332aa,1,プロジェクト/株式会社東都人材プラットフォーム/04.分析/analysis_project/src/evaluate.py,evaluate.py,.py,プロジェクト,株式会社東都人材プラットフォーム,04.分析,974,2115,1141
doc_3be8232a867332aa_chunk_0002,doc_3be8232a867332aa,2,プロジェクト/株式会社東都人材プラットフォーム/04.分析/analysis_project/src/evaluate.py,evaluate.py,.py,プロジェクト,株式会社東都人材プラットフォーム,04.分析,1915,3079,1164
doc_3be8232a867332aa_chunk_0003,doc_3be8232a867332aa,3,プロジェクト/株式会社東都人材プラットフォーム/04.分析/analysis_project/src/evaluate.py,evaluate.py,.py,プロジェクト,株式会社東都人材プラットフォーム,04.分析,2879,4031,1152
doc_3be8232a867332aa_chunk_0004,doc_3be8232a867332aa,4,プロジェクト/株式会社東都人材プラットフォーム/04.分析/analysis_project/src/evaluate.py,evaluate.py,.py,プロジェクト,株式会社東都人材プラットフォーム,04.分析,3831,5028,1197
doc_3be8232a867332aa_chunk_0005,doc_3be8232a867332aa,5,プロジェクト/株式会社東都人材プラットフォーム/04.分析/analysis_project/src/evaluate.py,evaluate.py,.py,プロジェクト,株式会社東都人材プラットフォーム,04.分析,4828,5174,340
doc_ab1cf8f76179470e_chunk_0000,doc_ab1cf8f76179470e,0,プロジェクト/株式会社東都人材プラットフォーム/04.分析/analysis_project/src/features.py,features.py,.py,プロジェクト,株式会社東都人材プラットフォーム,04.分析,0,1180,1180
doc_ab1cf8f76179470e_chunk_0001,doc_ab1cf8f76179470e,1,プロジェクト/株式会社東都人材プラットフォーム/04.分析/analysis_project/src/features.py,features.py,.py,プロジェクト,株式会社東都人材プラットフォーム,04.分析,980,2168,1188
doc_ab1cf8f76179470e_chunk_0002,doc_ab1cf8f76179470e,2,プロジェクト/株式会社東都人材プラットフォーム/04.分析/analysis_project/src/features.py,features.py,.py,プロジェクト,株式会社東都人材プラットフォーム,04.分析,1968,3160,1192
doc_ab1cf8f76179470e_chunk_0003,doc_ab1cf8f76179470e,3,プロジェクト/株式会社東都人材プラットフォーム/04.分析/analysis_project/src/features.py,features.py,.py,プロジェクト,株式会社東都人材プラットフォーム,04.分析,2960,4158,1198
doc_ab1cf8f76179470e_chunk_0004,doc_ab1cf8f76179470e,4,プロジェクト/株式会社東都人材プラットフォーム/04.分析/analysis_project/src/features.py,features.py,.py,プロジェクト,株式会社東都人材プラットフォーム,04.分析,3958,5126,1168
doc_ab1cf8f76179470e_chunk_0005,doc_ab1cf8f76179470e,5,プロジェクト/株式会社東都人材プラットフォーム/04.分析/analysis_project/src/features.py,features.py,.py,プロジェクト,株式会社東都人材プラットフォーム,04.分析,4926,6088,1159
doc_ab1cf8f76179470e_chunk_0006,doc_ab1cf8f76179470e,6,プロジェクト/株式会社東都人材プラットフォーム/04.分析/analysis_project/src/features.py,features.py,.py,プロジェクト,株式会社東都人材プラットフォーム,04.分析,5888,7066,1178
doc_ab1cf8f76179470e_chunk_0007,doc_ab1cf8f76179470e,7,プロジェクト/株式会社東都人材プラットフォーム/04.分析/analysis_project/src/features.py,features.py,.py,プロジェクト,株式会社東都人材プラットフォーム,04.分析,6866,8035,1169
doc_ab1cf8f76179470e_chunk_0008,doc_ab1cf8f76179470e,8,プロジェクト/株式会社東都人材プラットフォーム/04.分析/analysis_project/src/features.py,features.py,.py,プロジェクト,株式会社東都人材プラットフォーム,04.分析,7835,8997,1162
doc_ab1cf8f76179470e_chunk_0009,doc_ab1cf8f76179470e,9,プロジェクト/株式会社東都人材プラットフォーム/04.分析/analysis_project/src/features.py,features.py,.py,プロジェクト,株式会社東都人材プラットフォーム,04.分析,8797,9973,1176
doc_ab1cf8f76179470e_chunk_0010,doc_ab1cf8f76179470e,10,プロジェクト/株式会社東都人材プラットフォーム/04.分析/analysis_project/src/features.py,features.py,.py,プロジェクト,株式会社東都人材プラットフォーム,04.分析,9773,10968,1195
doc_ab1cf8f76179470e_chunk_0011,doc_ab1cf8f76179470e,11,プロジェクト/株式会社東都人材プラットフォーム/04.分析/analysis_project/src/features.py,features.py,.py,プロジェクト,株式会社東都人材プラットフォーム,04.分析,10768,11882,1114
doc_ab1cf8f76179470e_chunk_0012,doc_ab1cf8f76179470e,12,プロジェクト/株式会社東都人材プラットフォーム/04.分析/analysis_project/src/features.py,features.py,.py,プロジェクト,株式会社東都人材プラットフォーム,04.分析,11682,12845,1156
doc_ab1cf8f76179470e_chunk_0013,doc_ab1cf8f76179470e,13,プロジェクト/株式会社東都人材プラットフォーム/04.分析/analysis_project/src/features.py,features.py,.py,プロジェクト,株式会社東都人材プラットフォーム,04.分析,12645,12981,323
doc_5ff338e75a702e35_chunk_0000,doc_5ff338e75a702e35,0,プロジェクト/株式会社東都人材プラットフォーム/04.分析/analysis_project/src/infer.py,infer.py,.py,プロジェクト,株式会社東都人材プラットフォーム,04.分析,0,366,366
doc_1ea2a54683bef8f1_chunk_0000,doc_1ea2a54683bef8f1,0,プロジェクト/株式会社東都人材プラットフォーム/04.分析/analysis_project/src/modeling.py,modeling.py,.py,プロジェクト,株式会社東都人材プラットフォーム,04.分析,0,1193,1193
doc_1ea2a54683bef8f1_chunk_0001,doc_1ea2a54683bef8f1,1,プロジェクト/株式会社東都人材プラットフォーム/04.分析/analysis_project/src/modeling.py,modeling.py,.py,プロジェクト,株式会社東都人材プラットフォーム,04.分析,993,2170,1177
doc_1ea2a54683bef8f1_chunk_0002,doc_1ea2a54683bef8f1,2,プロジェクト/株式会社東都人材プラットフォーム/04.分析/analysis_project/src/modeling.py,modeling.py,.py,プロジェクト,株式会社東都人材プラットフォーム,04.分析,1970,3161,1191
doc_1ea2a54683bef8f1_chunk_0003,doc_1ea2a54683bef8f1,3,プロジェクト/株式会社東都人材プラットフォーム/04.分析/analysis_project/src/modeling.py,modeling.py,.py,プロジェクト,株式会社東都人材プラットフォーム,04.分析,2961,4155,1190
doc_1ea2a54683bef8f1_chunk_0004,doc_1ea2a54683bef8f1,4,プロジェクト/株式会社東都人材プラットフォーム/04.分析/analysis_project/src/modeling.py,modeling.py,.py,プロジェクト,株式会社東都人材プラットフォーム,04.分析,3955,5091,1136
doc_9d2929f817eac1f6_chunk_0000,doc_9d2929f817eac1f6,0,プロジェクト/株式会社東都人材プラットフォーム/04.分析/analysis_project/src/preprocess.py,preprocess.py,.py,プロジェクト,株式会社東都人材プラットフォーム,04.分析,0,1177,1177
doc_9d2929f817eac1f6_chunk_0001,doc_9d2929f817eac1f6,1,プロジェクト/株式会社東都人材プラットフォーム/04.分析/analysis_project/src/preprocess.py,preprocess.py,.py,プロジェクト,株式会社東都人材プラットフォーム,04.分析,977,2174,1197
doc_9d2929f817eac1f6_chunk_0002,doc_9d2929f817eac1f6,2,プロジェクト/株式会社東都人材プラットフォーム/04.分析/analysis_project/src/preprocess.py,preprocess.py,.py,プロジェクト,株式会社東都人材プラットフォーム,04.分析,1974,3158,1184
doc_9d2929f817eac1f6_chunk_0003,doc_9d2929f817eac1f6,3,プロジェクト/株式会社東都人材プラットフォーム/04.分析/analysis_project/src/preprocess.py,preprocess.py,.py,プロジェクト,株式会社東都人材プラットフォーム,04.分析,2958,4088,1130
doc_2b4c1246ed78e8bb_chunk_0000,doc_2b4c1246ed78e8bb,0,プロジェクト/株式会社青嶺不動産アセットマネジメント/04.分析/analysis_project/scripts/bootstrap_env.py,bootstrap_env.py,.py,プロジェクト,株式会社青嶺不動産アセットマネジメント,04.分析,0,1150,1150
doc_2b4c1246ed78e8bb_chunk_0001,doc_2b4c1246ed78e8bb,1,プロジェクト/株式会社青嶺不動産アセットマネジメント/04.分析/analysis_project/scripts/bootstrap_env.py,bootstrap_env.py,.py,プロジェクト,株式会社青嶺不動産アセットマネジメント,04.分析,950,2126,1174
doc_2b4c1246ed78e8bb_chunk_0002,doc_2b4c1246ed78e8bb,2,プロジェクト/株式会社青嶺不動産アセットマネジメント/04.分析/analysis_project/scripts/bootstrap_env.py,bootstrap_env.py,.py,プロジェクト,株式会社青嶺不動産アセットマネジメント,04.分析,1926,2164,238
doc_fc494cad6b99891d_chunk_0000,doc_fc494cad6b99891d,0,プロジェクト/株式会社青嶺不動産アセットマネジメント/04.分析/analysis_project/scripts/run_train.py,run_train.py,.py,プロジェクト,株式会社青嶺不動産アセットマネジメント,04.分析,0,1183,1183
doc_fc494cad6b99891d_chunk_0001,doc_fc494cad6b99891d,1,プロジェクト/株式会社青嶺不動産アセットマネジメント/04.分析/analysis_project/scripts/run_train.py,run_train.py,.py,プロジェクト,株式会社青嶺不動産アセットマネジメント,04.分析,983,2150,1167
doc_fc494cad6b99891d_chunk_0002,doc_fc494cad6b99891d,2,プロジェクト/株式会社青嶺不動産アセットマネジメント/04.分析/analysis_project/scripts/run_train.py,run_train.py,.py,プロジェクト,株式会社青嶺不動産アセットマネジメント,04.分析,1950,3079,1129
doc_fc494cad6b99891d_chunk_0003,doc_fc494cad6b99891d,3,プロジェクト/株式会社青嶺不動産アセットマネジメント/04.分析/analysis_project/scripts/run_train.py,run_train.py,.py,プロジェクト,株式会社青嶺不動産アセットマネジメント,04.分析,2879,4051,1169
doc_fc494cad6b99891d_chunk_0004,doc_fc494cad6b99891d,4,プロジェクト/株式会社青嶺不動産アセットマネジメント/04.分析/analysis_project/scripts/run_train.py,run_train.py,.py,プロジェクト,株式会社青嶺不動産アセットマネジメント,04.分析,3851,4966,1115
doc_fc494cad6b99891d_chunk_0005,doc_fc494cad6b99891d,5,プロジェクト/株式会社青嶺不動産アセットマネジメント/04.分析/analysis_project/scripts/run_train.py,run_train.py,.py,プロジェクト,株式会社青嶺不動産アセットマネジメント,04.分析,4766,5964,1198
doc_fc494cad6b99891d_chunk_0006,doc_fc494cad6b99891d,6,プロジェクト/株式会社青嶺不動産アセットマネジメント/04.分析/analysis_project/scripts/run_train.py,run_train.py,.py,プロジェクト,株式会社青嶺不動産アセットマネジメント,04.分析,5764,6916,1152
doc_fc494cad6b99891d_chunk_0007,doc_fc494cad6b99891d,7,プロジェクト/株式会社青嶺不動産アセットマネジメント/04.分析/analysis_project/scripts/run_train.py,run_train.py,.py,プロジェクト,株式会社青嶺不動産アセットマネジメント,04.分析,6716,7887,1161
doc_fc494cad6b99891d_chunk_0008,doc_fc494cad6b99891d,8,プロジェクト/株式会社青嶺不動産アセットマネジメント/04.分析/analysis_project/scripts/run_train.py,run_train.py,.py,プロジェクト,株式会社青嶺不動産アセットマネジメント,04.分析,7687,8871,1184
doc_fc494cad6b99891d_chunk_0009,doc_fc494cad6b99891d,9,プロジェクト/株式会社青嶺不動産アセットマネジメント/04.分析/analysis_project/scripts/run_train.py,run_train.py,.py,プロジェクト,株式会社青嶺不動産アセットマネジメント,04.分析,8671,9854,1183
doc_fc494cad6b99891d_chunk_0010,doc_fc494cad6b99891d,10,プロジェクト/株式会社青嶺不動産アセットマネジメント/04.分析/analysis_project/scripts/run_train.py,run_train.py,.py,プロジェクト,株式会社青嶺不動産アセットマネジメント,04.分析,9654,10850,1196
doc_fc494cad6b99891d_chunk_0011,doc_fc494cad6b99891d,11,プロジェクト/株式会社青嶺不動産アセットマネジメント/04.分析/analysis_project/scripts/run_train.py,run_train.py,.py,プロジェクト,株式会社青嶺不動産アセットマネジメント,04.分析,10650,11823,1173
doc_fc494cad6b99891d_chunk_0012,doc_fc494cad6b99891d,12,プロジェクト/株式会社青嶺不動産アセットマネジメント/04.分析/analysis_project/scripts/run_train.py,run_train.py,.py,プロジェクト,株式会社青嶺不動産アセットマネジメント,04.分析,11623,12801,1178
doc_fc494cad6b99891d_chunk_0013,doc_fc494cad6b99891d,13,プロジェクト/株式会社青嶺不動産アセットマネジメント/04.分析/analysis_project/scripts/run_train.py,run_train.py,.py,プロジェクト,株式会社青嶺不動産アセットマネジメント,04.分析,12601,13790,1188
doc_fc494cad6b99891d_chunk_0014,doc_fc494cad6b99891d,14,プロジェクト/株式会社青嶺不動産アセットマネジメント/04.分析/analysis_project/scripts/run_train.py,run_train.py,.py,プロジェクト,株式会社青嶺不動産アセットマネジメント,04.分析,13590,14734,1144
doc_fc494cad6b99891d_chunk_0015,doc_fc494cad6b99891d,15,プロジェクト/株式会社青嶺不動産アセットマネジメント/04.分析/analysis_project/scripts/run_train.py,run_train.py,.py,プロジェクト,株式会社青嶺不動産アセットマネジメント,04.分析,14534,15715,1181
doc_fc494cad6b99891d_chunk_0016,doc_fc494cad6b99891d,16,プロジェクト/株式会社青嶺不動産アセットマネジメント/04.分析/analysis_project/scripts/run_train.py,run_train.py,.py,プロジェクト,株式会社青嶺不動産アセットマネジメント,04.分析,15515,16652,1129
doc_fc494cad6b99891d_chunk_0017,doc_fc494cad6b99891d,17,プロジェクト/株式会社青嶺不動産アセットマネジメント/04.分析/analysis_project/scripts/run_train.py,run_train.py,.py,プロジェクト,株式会社青嶺不動産アセットマネジメント,04.分析,16452,17577,1125
doc_fc494cad6b99891d_chunk_0018,doc_fc494cad6b99891d,18,プロジェクト/株式会社青嶺不動産アセットマネジメント/04.分析/analysis_project/scripts/run_train.py,run_train.py,.py,プロジェクト,株式会社青嶺不動産アセットマネジメント,04.分析,17377,18497,1120
doc_fc494cad6b99891d_chunk_0019,doc_fc494cad6b99891d,19,プロジェクト/株式会社青嶺不動産アセットマネジメント/04.分析/analysis_project/scripts/run_train.py,run_train.py,.py,プロジェクト,株式会社青嶺不動産アセットマネジメント,04.分析,18297,19420,1123
doc_fc494cad6b99891d_chunk_0020,doc_fc494cad6b99891d,20,プロジェクト/株式会社青嶺不動産アセットマネジメント/04.分析/analysis_project/scripts/run_train.py,run_train.py,.py,プロジェクト,株式会社青嶺不動産アセットマネジメント,04.分析,19220,20389,1165
doc_fc494cad6b99891d_chunk_0021,doc_fc494cad6b99891d,21,プロジェクト/株式会社青嶺不動産アセットマネジメント/04.分析/analysis_project/scripts/run_train.py,run_train.py,.py,プロジェクト,株式会社青嶺不動産アセットマネジメント,04.分析,20189,21312,1123
doc_fc494cad6b99891d_chunk_0022,doc_fc494cad6b99891d,22,プロジェクト/株式会社青嶺不動産アセットマネジメント/04.分析/analysis_project/scripts/run_train.py,run_train.py,.py,プロジェクト,株式会社青嶺不動産アセットマネジメント,04.分析,21112,22304,1192
doc_fc494cad6b99891d_chunk_0023,doc_fc494cad6b99891d,23,プロジェクト/株式会社青嶺不動産アセットマネジメント/04.分析/analysis_project/scripts/run_train.py,run_train.py,.py,プロジェクト,株式会社青嶺不動産アセットマネジメント,04.分析,22104,23257,1153
doc_fc494cad6b99891d_chunk_0024,doc_fc494cad6b99891d,24,プロジェクト/株式会社青嶺不動産アセットマネジメント/04.分析/analysis_project/scripts/run_train.py,run_train.py,.py,プロジェクト,株式会社青嶺不動産アセットマネジメント,04.分析,23057,24209,1152
doc_fc494cad6b99891d_chunk_0025,doc_fc494cad6b99891d,25,プロジェクト/株式会社青嶺不動産アセットマネジメント/04.分析/analysis_project/scripts/run_train.py,run_train.py,.py,プロジェクト,株式会社青嶺不動産アセットマネジメント,04.分析,24009,25159,1150
doc_fc494cad6b99891d_chunk_0026,doc_fc494cad6b99891d,26,プロジェクト/株式会社青嶺不動産アセットマネジメント/04.分析/analysis_project/scripts/run_train.py,run_train.py,.py,プロジェクト,株式会社青嶺不動産アセットマネジメント,04.分析,24959,26133,1168
doc_fc494cad6b99891d_chunk_0027,doc_fc494cad6b99891d,27,プロジェクト/株式会社青嶺不動産アセットマネジメント/04.分析/analysis_project/scripts/run_train.py,run_train.py,.py,プロジェクト,株式会社青嶺不動産アセットマネジメント,04.分析,25933,27120,1187
doc_fc494cad6b99891d_chunk_0028,doc_fc494cad6b99891d,28,プロジェクト/株式会社青嶺不動産アセットマネジメント/04.分析/analysis_project/scripts/run_train.py,run_train.py,.py,プロジェクト,株式会社青嶺不動産アセットマネジメント,04.分析,26920,28052,1132
doc_fc494cad6b99891d_chunk_0029,doc_fc494cad6b99891d,29,プロジェクト/株式会社青嶺不動産アセットマネジメント/04.分析/analysis_project/scripts/run_train.py,run_train.py,.py,プロジェクト,株式会社青嶺不動産アセットマネジメント,04.分析,27852,29043,1191
doc_fc494cad6b99891d_chunk_0030,doc_fc494cad6b99891d,30,プロジェクト/株式会社青嶺不動産アセットマネジメント/04.分析/analysis_project/scripts/run_train.py,run_train.py,.py,プロジェクト,株式会社青嶺不動産アセットマネジメント,04.分析,28843,29537,694
doc_d7843cfda4331e6a_chunk_0000,doc_d7843cfda4331e6a,0,プロジェクト/株式会社青嶺不動産アセットマネジメント/04.分析/analysis_project/src/__init__.py,__init__.py,.py,プロジェクト,株式会社青嶺不動産アセットマネジメント,04.分析,0,195,195
doc_8eeb604150f5af45_chunk_0000,doc_8eeb604150f5af45,0,プロジェクト/株式会社青嶺不動産アセットマネジメント/04.分析/analysis_project/src/common.py,common.py,.py,プロジェクト,株式会社青嶺不動産アセットマネジメント,04.分析,0,1176,1174
doc_8eeb604150f5af45_chunk_0001,doc_8eeb604150f5af45,1,プロジェクト/株式会社青嶺不動産アセットマネジメント/04.分析/analysis_project/src/common.py,common.py,.py,プロジェクト,株式会社青嶺不動産アセットマネジメント,04.分析,976,2115,1137
doc_8eeb604150f5af45_chunk_0002,doc_8eeb604150f5af45,2,プロジェクト/株式会社青嶺不動産アセットマネジメント/04.分析/analysis_project/src/common.py,common.py,.py,プロジェクト,株式会社青嶺不動産アセットマネジメント,04.分析,1915,3112,1187
doc_8eeb604150f5af45_chunk_0003,doc_8eeb604150f5af45,3,プロジェクト/株式会社青嶺不動産アセットマネジメント/04.分析/analysis_project/src/common.py,common.py,.py,プロジェクト,株式会社青嶺不動産アセットマネジメント,04.分析,2912,3973,1060
doc_cc15b493d8251ff9_chunk_0000,doc_cc15b493d8251ff9,0,プロジェクト/株式会社青嶺不動産アセットマネジメント/04.分析/analysis_project/src/eda.py,eda.py,.py,プロジェクト,株式会社青嶺不動産アセットマネジメント,04.分析,0,860,860
doc_88188138ccc291b4_chunk_0000,doc_88188138ccc291b4,0,プロジェクト/株式会社青嶺不動産アセットマネジメント/04.分析/analysis_project/src/evaluate.py,evaluate.py,.py,プロジェクト,株式会社青嶺不動産アセットマネジメント,04.分析,0,1180,1180
doc_88188138ccc291b4_chunk_0001,doc_88188138ccc291b4,1,プロジェクト/株式会社青嶺不動産アセットマネジメント/04.分析/analysis_project/src/evaluate.py,evaluate.py,.py,プロジェクト,株式会社青嶺不動産アセットマネジメント,04.分析,980,2121,1141
doc_88188138ccc291b4_chunk_0002,doc_88188138ccc291b4,2,プロジェクト/株式会社青嶺不動産アセットマネジメント/04.分析/analysis_project/src/evaluate.py,evaluate.py,.py,プロジェクト,株式会社青嶺不動産アセットマネジメント,04.分析,1921,3085,1164
doc_88188138ccc291b4_chunk_0003,doc_88188138ccc291b4,3,プロジェクト/株式会社青嶺不動産アセットマネジメント/04.分析/analysis_project/src/evaluate.py,evaluate.py,.py,プロジェクト,株式会社青嶺不動産アセットマネジメント,04.分析,2885,4037,1152
doc_88188138ccc291b4_chunk_0004,doc_88188138ccc291b4,4,プロジェクト/株式会社青嶺不動産アセットマネジメント/04.分析/analysis_project/src/evaluate.py,evaluate.py,.py,プロジェクト,株式会社青嶺不動産アセットマネジメント,04.分析,3837,5034,1197
doc_88188138ccc291b4_chunk_0005,doc_88188138ccc291b4,5,プロジェクト/株式会社青嶺不動産アセットマネジメント/04.分析/analysis_project/src/evaluate.py,evaluate.py,.py,プロジェクト,株式会社青嶺不動産アセットマネジメント,04.分析,4834,5180,340
doc_0f57c5fbd2e6af70_chunk_0000,doc_0f57c5fbd2e6af70,0,プロジェクト/株式会社青嶺不動産アセットマネジメント/04.分析/analysis_project/src/features.py,features.py,.py,プロジェクト,株式会社青嶺不動産アセットマネジメント,04.分析,0,1186,1186
doc_0f57c5fbd2e6af70_chunk_0001,doc_0f57c5fbd2e6af70,1,プロジェクト/株式会社青嶺不動産アセットマネジメント/04.分析/analysis_project/src/features.py,features.py,.py,プロジェクト,株式会社青嶺不動産アセットマネジメント,04.分析,986,2174,1188
doc_0f57c5fbd2e6af70_chunk_0002,doc_0f57c5fbd2e6af70,2,プロジェクト/株式会社青嶺不動産アセットマネジメント/04.分析/analysis_project/src/features.py,features.py,.py,プロジェクト,株式会社青嶺不動産アセットマネジメント,04.分析,1974,3166,1192
doc_0f57c5fbd2e6af70_chunk_0003,doc_0f57c5fbd2e6af70,3,プロジェクト/株式会社青嶺不動産アセットマネジメント/04.分析/analysis_project/src/features.py,features.py,.py,プロジェクト,株式会社青嶺不動産アセットマネジメント,04.分析,2966,4164,1198
doc_0f57c5fbd2e6af70_chunk_0004,doc_0f57c5fbd2e6af70,4,プロジェクト/株式会社青嶺不動産アセットマネジメント/04.分析/analysis_project/src/features.py,features.py,.py,プロジェクト,株式会社青嶺不動産アセットマネジメント,04.分析,3964,5132,1168
doc_0f57c5fbd2e6af70_chunk_0005,doc_0f57c5fbd2e6af70,5,プロジェクト/株式会社青嶺不動産アセットマネジメント/04.分析/analysis_project/src/features.py,features.py,.py,プロジェクト,株式会社青嶺不動産アセットマネジメント,04.分析,4932,6094,1159
doc_0f57c5fbd2e6af70_chunk_0006,doc_0f57c5fbd2e6af70,6,プロジェクト/株式会社青嶺不動産アセットマネジメント/04.分析/analysis_project/src/features.py,features.py,.py,プロジェクト,株式会社青嶺不動産アセットマネジメント,04.分析,5894,7072,1178
doc_0f57c5fbd2e6af70_chunk_0007,doc_0f57c5fbd2e6af70,7,プロジェクト/株式会社青嶺不動産アセットマネジメント/04.分析/analysis_project/src/features.py,features.py,.py,プロジェクト,株式会社青嶺不動産アセットマネジメント,04.分析,6872,8041,1169
doc_0f57c5fbd2e6af70_chunk_0008,doc_0f57c5fbd2e6af70,8,プロジェクト/株式会社青嶺不動産アセットマネジメント/04.分析/analysis_project/src/features.py,features.py,.py,プロジェクト,株式会社青嶺不動産アセットマネジメント,04.分析,7841,9003,1162
doc_0f57c5fbd2e6af70_chunk_0009,doc_0f57c5fbd2e6af70,9,プロジェクト/株式会社青嶺不動産アセットマネジメント/04.分析/analysis_project/src/features.py,features.py,.py,プロジェクト,株式会社青嶺不動産アセットマネジメント,04.分析,8803,9979,1176
doc_0f57c5fbd2e6af70_chunk_0010,doc_0f57c5fbd2e6af70,10,プロジェクト/株式会社青嶺不動産アセットマネジメント/04.分析/analysis_project/src/features.py,features.py,.py,プロジェクト,株式会社青嶺不動産アセットマネジメント,04.分析,9779,10974,1195
doc_0f57c5fbd2e6af70_chunk_0011,doc_0f57c5fbd2e6af70,11,プロジェクト/株式会社青嶺不動産アセットマネジメント/04.分析/analysis_project/src/features.py,features.py,.py,プロジェクト,株式会社青嶺不動産アセットマネジメント,04.分析,10774,11888,1114
doc_0f57c5fbd2e6af70_chunk_0012,doc_0f57c5fbd2e6af70,12,プロジェクト/株式会社青嶺不動産アセットマネジメント/04.分析/analysis_project/src/features.py,features.py,.py,プロジェクト,株式会社青嶺不動産アセットマネジメント,04.分析,11688,12851,1156
doc_0f57c5fbd2e6af70_chunk_0013,doc_0f57c5fbd2e6af70,13,プロジェクト/株式会社青嶺不動産アセットマネジメント/04.分析/analysis_project/src/features.py,features.py,.py,プロジェクト,株式会社青嶺不動産アセットマネジメント,04.分析,12651,12987,323
doc_1e1dd7f63af89dc1_chunk_0000,doc_1e1dd7f63af89dc1,0,プロジェクト/株式会社青嶺不動産アセットマネジメント/04.分析/analysis_project/src/infer.py,infer.py,.py,プロジェクト,株式会社青嶺不動産アセットマネジメント,04.分析,0,372,372
doc_d767f6662cee7116_chunk_0000,doc_d767f6662cee7116,0,プロジェクト/株式会社青嶺不動産アセットマネジメント/04.分析/analysis_project/src/modeling.py,modeling.py,.py,プロジェクト,株式会社青嶺不動産アセットマネジメント,04.分析,0,1199,1199
doc_d767f6662cee7116_chunk_0001,doc_d767f6662cee7116,1,プロジェクト/株式会社青嶺不動産アセットマネジメント/04.分析/analysis_project/src/modeling.py,modeling.py,.py,プロジェクト,株式会社青嶺不動産アセットマネジメント,04.分析,999,2176,1177
doc_d767f6662cee7116_chunk_0002,doc_d767f6662cee7116,2,プロジェクト/株式会社青嶺不動産アセットマネジメント/04.分析/analysis_project/src/modeling.py,modeling.py,.py,プロジェクト,株式会社青嶺不動産アセットマネジメント,04.分析,1976,3167,1191
doc_d767f6662cee7116_chunk_0003,doc_d767f6662cee7116,3,プロジェクト/株式会社青嶺不動産アセットマネジメント/04.分析/analysis_project/src/modeling.py,modeling.py,.py,プロジェクト,株式会社青嶺不動産アセットマネジメント,04.分析,2967,4161,1190
doc_d767f6662cee7116_chunk_0004,doc_d767f6662cee7116,4,プロジェクト/株式会社青嶺不動産アセットマネジメント/04.分析/analysis_project/src/modeling.py,modeling.py,.py,プロジェクト,株式会社青嶺不動産アセットマネジメント,04.分析,3961,5097,1136
doc_8bb4390c93da7553_chunk_0000,doc_8bb4390c93da7553,0,プロジェクト/株式会社青嶺不動産アセットマネジメント/04.分析/analysis_project/src/preprocess.py,preprocess.py,.py,プロジェクト,株式会社青嶺不動産アセットマネジメント,04.分析,0,1183,1183
doc_8bb4390c93da7553_chunk_0001,doc_8bb4390c93da7553,1,プロジェクト/株式会社青嶺不動産アセットマネジメント/04.分析/analysis_project/src/preprocess.py,preprocess.py,.py,プロジェクト,株式会社青嶺不動産アセットマネジメント,04.分析,983,2180,1197
doc_8bb4390c93da7553_chunk_0002,doc_8bb4390c93da7553,2,プロジェクト/株式会社青嶺不動産アセットマネジメント/04.分析/analysis_project/src/preprocess.py,preprocess.py,.py,プロジェクト,株式会社青嶺不動産アセットマネジメント,04.分析,1980,3164,1184
doc_8bb4390c93da7553_chunk_0003,doc_8bb4390c93da7553,3,プロジェクト/株式会社青嶺不動産アセットマネジメント/04.分析/analysis_project/src/preprocess.py,preprocess.py,.py,プロジェクト,株式会社青嶺不動産アセットマネジメント,04.分析,2964,4094,1130
doc_869528c011366966_chunk_0000,doc_869528c011366966,0,プロジェクト/株式会社青潮モビリティサービス/04.分析/analysis_project/scripts/bootstrap_env.py,bootstrap_env.py,.py,プロジェクト,株式会社青潮モビリティサービス,04.分析,0,1196,1196
doc_869528c011366966_chunk_0001,doc_869528c011366966,1,プロジェクト/株式会社青潮モビリティサービス/04.分析/analysis_project/scripts/bootstrap_env.py,bootstrap_env.py,.py,プロジェクト,株式会社青潮モビリティサービス,04.分析,996,2156,1160
doc_81b5cef8ad5b6965_chunk_0000,doc_81b5cef8ad5b6965,0,プロジェクト/株式会社青潮モビリティサービス/04.分析/analysis_project/scripts/run_train.py,run_train.py,.py,プロジェクト,株式会社青潮モビリティサービス,04.分析,0,1185,1185
doc_81b5cef8ad5b6965_chunk_0001,doc_81b5cef8ad5b6965,1,プロジェクト/株式会社青潮モビリティサービス/04.分析/analysis_project/scripts/run_train.py,run_train.py,.py,プロジェクト,株式会社青潮モビリティサービス,04.分析,985,2167,1182
doc_81b5cef8ad5b6965_chunk_0002,doc_81b5cef8ad5b6965,2,プロジェクト/株式会社青潮モビリティサービス/04.分析/analysis_project/scripts/run_train.py,run_train.py,.py,プロジェクト,株式会社青潮モビリティサービス,04.分析,1967,3159,1192
doc_81b5cef8ad5b6965_chunk_0003,doc_81b5cef8ad5b6965,3,プロジェクト/株式会社青潮モビリティサービス/04.分析/analysis_project/scripts/run_train.py,run_train.py,.py,プロジェクト,株式会社青潮モビリティサービス,04.分析,2959,4120,1161
doc_81b5cef8ad5b6965_chunk_0004,doc_81b5cef8ad5b6965,4,プロジェクト/株式会社青潮モビリティサービス/04.分析/analysis_project/scripts/run_train.py,run_train.py,.py,プロジェクト,株式会社青潮モビリティサービス,04.分析,3920,5108,1188
doc_81b5cef8ad5b6965_chunk_0005,doc_81b5cef8ad5b6965,5,プロジェクト/株式会社青潮モビリティサービス/04.分析/analysis_project/scripts/run_train.py,run_train.py,.py,プロジェクト,株式会社青潮モビリティサービス,04.分析,4908,6093,1185
doc_81b5cef8ad5b6965_chunk_0006,doc_81b5cef8ad5b6965,6,プロジェクト/株式会社青潮モビリティサービス/04.分析/analysis_project/scripts/run_train.py,run_train.py,.py,プロジェクト,株式会社青潮モビリティサービス,04.分析,5893,7073,1173
doc_81b5cef8ad5b6965_chunk_0007,doc_81b5cef8ad5b6965,7,プロジェクト/株式会社青潮モビリティサービス/04.分析/analysis_project/scripts/run_train.py,run_train.py,.py,プロジェクト,株式会社青潮モビリティサービス,04.分析,6873,8037,1163
doc_81b5cef8ad5b6965_chunk_0008,doc_81b5cef8ad5b6965,8,プロジェクト/株式会社青潮モビリティサービス/04.分析/analysis_project/scripts/run_train.py,run_train.py,.py,プロジェクト,株式会社青潮モビリティサービス,04.分析,7837,8990,1147
doc_81b5cef8ad5b6965_chunk_0009,doc_81b5cef8ad5b6965,9,プロジェクト/株式会社青潮モビリティサービス/04.分析/analysis_project/scripts/run_train.py,run_train.py,.py,プロジェクト,株式会社青潮モビリティサービス,04.分析,8790,9977,1187
doc_81b5cef8ad5b6965_chunk_0010,doc_81b5cef8ad5b6965,10,プロジェクト/株式会社青潮モビリティサービス/04.分析/analysis_project/scripts/run_train.py,run_train.py,.py,プロジェクト,株式会社青潮モビリティサービス,04.分析,9777,10952,1169
doc_81b5cef8ad5b6965_chunk_0011,doc_81b5cef8ad5b6965,11,プロジェクト/株式会社青潮モビリティサービス/04.分析/analysis_project/scripts/run_train.py,run_train.py,.py,プロジェクト,株式会社青潮モビリティサービス,04.分析,10752,11940,1181
doc_81b5cef8ad5b6965_chunk_0012,doc_81b5cef8ad5b6965,12,プロジェクト/株式会社青潮モビリティサービス/04.分析/analysis_project/scripts/run_train.py,run_train.py,.py,プロジェクト,株式会社青潮モビリティサービス,04.分析,11740,12930,1183
doc_81b5cef8ad5b6965_chunk_0013,doc_81b5cef8ad5b6965,13,プロジェクト/株式会社青潮モビリティサービス/04.分析/analysis_project/scripts/run_train.py,run_train.py,.py,プロジェクト,株式会社青潮モビリティサービス,04.分析,12730,13920,1189
doc_81b5cef8ad5b6965_chunk_0014,doc_81b5cef8ad5b6965,14,プロジェクト/株式会社青潮モビリティサービス/04.分析/analysis_project/scripts/run_train.py,run_train.py,.py,プロジェクト,株式会社青潮モビリティサービス,04.分析,13720,14899,1179
doc_81b5cef8ad5b6965_chunk_0015,doc_81b5cef8ad5b6965,15,プロジェクト/株式会社青潮モビリティサービス/04.分析/analysis_project/scripts/run_train.py,run_train.py,.py,プロジェクト,株式会社青潮モビリティサービス,04.分析,14699,15388,683
doc_3b32bd2f7b2735e9_chunk_0000,doc_3b32bd2f7b2735e9,0,プロジェクト/株式会社青潮モビリティサービス/04.分析/analysis_project/src/__init__.py,__init__.py,.py,プロジェクト,株式会社青潮モビリティサービス,04.分析,0,187,187
doc_0ae9e1534cae15c8_chunk_0000,doc_0ae9e1534cae15c8,0,プロジェクト/株式会社青潮モビリティサービス/04.分析/analysis_project/src/common.py,common.py,.py,プロジェクト,株式会社青潮モビリティサービス,04.分析,0,1168,1166
doc_0ae9e1534cae15c8_chunk_0001,doc_0ae9e1534cae15c8,1,プロジェクト/株式会社青潮モビリティサービス/04.分析/analysis_project/src/common.py,common.py,.py,プロジェクト,株式会社青潮モビリティサービス,04.分析,968,2107,1137
doc_0ae9e1534cae15c8_chunk_0002,doc_0ae9e1534cae15c8,2,プロジェクト/株式会社青潮モビリティサービス/04.分析/analysis_project/src/common.py,common.py,.py,プロジェクト,株式会社青潮モビリティサービス,04.分析,1907,3104,1187
doc_0ae9e1534cae15c8_chunk_0003,doc_0ae9e1534cae15c8,3,プロジェクト/株式会社青潮モビリティサービス/04.分析/analysis_project/src/common.py,common.py,.py,プロジェクト,株式会社青潮モビリティサービス,04.分析,2904,3965,1060
doc_31e66b258c516f32_chunk_0000,doc_31e66b258c516f32,0,プロジェクト/株式会社青潮モビリティサービス/04.分析/analysis_project/src/eda.py,eda.py,.py,プロジェクト,株式会社青潮モビリティサービス,04.分析,0,852,852
doc_029e628a13ac2b17_chunk_0000,doc_029e628a13ac2b17,0,プロジェクト/株式会社青潮モビリティサービス/04.分析/analysis_project/src/evaluate.py,evaluate.py,.py,プロジェクト,株式会社青潮モビリティサービス,04.分析,0,1168,1168
doc_029e628a13ac2b17_chunk_0001,doc_029e628a13ac2b17,1,プロジェクト/株式会社青潮モビリティサービス/04.分析/analysis_project/src/evaluate.py,evaluate.py,.py,プロジェクト,株式会社青潮モビリティサービス,04.分析,968,2117,1149
doc_029e628a13ac2b17_chunk_0002,doc_029e628a13ac2b17,2,プロジェクト/株式会社青潮モビリティサービス/04.分析/analysis_project/src/evaluate.py,evaluate.py,.py,プロジェクト,株式会社青潮モビリティサービス,04.分析,1917,3087,1170
doc_029e628a13ac2b17_chunk_0003,doc_029e628a13ac2b17,3,プロジェクト/株式会社青潮モビリティサービス/04.分析/analysis_project/src/evaluate.py,evaluate.py,.py,プロジェクト,株式会社青潮モビリティサービス,04.分析,2887,4080,1193
doc_b967690960f21267_chunk_0000,doc_b967690960f21267,0,プロジェクト/株式会社青潮モビリティサービス/04.分析/analysis_project/src/features.py,features.py,.py,プロジェクト,株式会社青潮モビリティサービス,04.分析,0,1161,1161
doc_b967690960f21267_chunk_0001,doc_b967690960f21267,1,プロジェクト/株式会社青潮モビリティサービス/04.分析/analysis_project/src/features.py,features.py,.py,プロジェクト,株式会社青潮モビリティサービス,04.分析,961,2153,1192
doc_b967690960f21267_chunk_0002,doc_b967690960f21267,2,プロジェクト/株式会社青潮モビリティサービス/04.分析/analysis_project/src/features.py,features.py,.py,プロジェクト,株式会社青潮モビリティサービス,04.分析,1953,3151,1198
doc_b967690960f21267_chunk_0003,doc_b967690960f21267,3,プロジェクト/株式会社青潮モビリティサービス/04.分析/analysis_project/src/features.py,features.py,.py,プロジェクト,株式会社青潮モビリティサービス,04.分析,2951,4149,1198
doc_b967690960f21267_chunk_0004,doc_b967690960f21267,4,プロジェクト/株式会社青潮モビリティサービス/04.分析/analysis_project/src/features.py,features.py,.py,プロジェクト,株式会社青潮モビリティサービス,04.分析,3949,5133,1183
doc_b967690960f21267_chunk_0005,doc_b967690960f21267,5,プロジェクト/株式会社青潮モビリティサービス/04.分析/analysis_project/src/features.py,features.py,.py,プロジェクト,株式会社青潮モビリティサービス,04.分析,4933,6112,1179
doc_b967690960f21267_chunk_0006,doc_b967690960f21267,6,プロジェクト/株式会社青潮モビリティサービス/04.分析/analysis_project/src/features.py,features.py,.py,プロジェクト,株式会社青潮モビリティサービス,04.分析,5912,6448,536
doc_74ae470c6a26aaaf_chunk_0000,doc_74ae470c6a26aaaf,0,プロジェクト/株式会社青潮モビリティサービス/04.分析/analysis_project/src/infer.py,infer.py,.py,プロジェクト,株式会社青潮モビリティサービス,04.分析,0,364,364
doc_dc5b0dfe2ee237be_chunk_0000,doc_dc5b0dfe2ee237be,0,プロジェクト/株式会社青潮モビリティサービス/04.分析/analysis_project/src/modeling.py,modeling.py,.py,プロジェクト,株式会社青潮モビリティサービス,04.分析,0,1191,1191
doc_dc5b0dfe2ee237be_chunk_0001,doc_dc5b0dfe2ee237be,1,プロジェクト/株式会社青潮モビリティサービス/04.分析/analysis_project/src/modeling.py,modeling.py,.py,プロジェクト,株式会社青潮モビリティサービス,04.分析,991,2181,1190
doc_dc5b0dfe2ee237be_chunk_0002,doc_dc5b0dfe2ee237be,2,プロジェクト/株式会社青潮モビリティサービス/04.分析/analysis_project/src/modeling.py,modeling.py,.py,プロジェクト,株式会社青潮モビリティサービス,04.分析,1981,3140,1159
doc_dc5b0dfe2ee237be_chunk_0003,doc_dc5b0dfe2ee237be,3,プロジェクト/株式会社青潮モビリティサービス/04.分析/analysis_project/src/modeling.py,modeling.py,.py,プロジェクト,株式会社青潮モビリティサービス,04.分析,2940,4110,1170
doc_dc5b0dfe2ee237be_chunk_0004,doc_dc5b0dfe2ee237be,4,プロジェクト/株式会社青潮モビリティサービス/04.分析/analysis_project/src/modeling.py,modeling.py,.py,プロジェクト,株式会社青潮モビリティサービス,04.分析,3910,4740,830
doc_f062d221f6ec0542_chunk_0000,doc_f062d221f6ec0542,0,プロジェクト/株式会社青潮モビリティサービス/04.分析/analysis_project/src/preprocess.py,preprocess.py,.py,プロジェクト,株式会社青潮モビリティサービス,04.分析,0,1175,1175
doc_f062d221f6ec0542_chunk_0001,doc_f062d221f6ec0542,1,プロジェクト/株式会社青潮モビリティサービス/04.分析/analysis_project/src/preprocess.py,preprocess.py,.py,プロジェクト,株式会社青潮モビリティサービス,04.分析,975,2172,1197
doc_f062d221f6ec0542_chunk_0002,doc_f062d221f6ec0542,2,プロジェクト/株式会社青潮モビリティサービス/04.分析/analysis_project/src/preprocess.py,preprocess.py,.py,プロジェクト,株式会社青潮モビリティサービス,04.分析,1972,3156,1184
doc_f062d221f6ec0542_chunk_0003,doc_f062d221f6ec0542,3,プロジェクト/株式会社青潮モビリティサービス/04.分析/analysis_project/src/preprocess.py,preprocess.py,.py,プロジェクト,株式会社青潮モビリティサービス,04.分析,2956,4086,1130
doc_caa5129958548959_chunk_0000,doc_caa5129958548959,0,プロジェクト/株式会社青葉バイオメディカル機器/04.分析/analysis_project/scripts/bootstrap_env.py,bootstrap_env.py,.py,プロジェクト,株式会社青葉バイオメディカル機器,04.分析,0,1198,1198
doc_caa5129958548959_chunk_0001,doc_caa5129958548959,1,プロジェクト/株式会社青葉バイオメディカル機器/04.分析/analysis_project/scripts/bootstrap_env.py,bootstrap_env.py,.py,プロジェクト,株式会社青葉バイオメディカル機器,04.分析,998,2158,1160
doc_281f4f8dee33851a_chunk_0000,doc_281f4f8dee33851a,0,プロジェクト/株式会社青葉バイオメディカル機器/04.分析/analysis_project/scripts/run_train.py,run_train.py,.py,プロジェクト,株式会社青葉バイオメディカル機器,04.分析,0,1197,1197
doc_281f4f8dee33851a_chunk_0001,doc_281f4f8dee33851a,1,プロジェクト/株式会社青葉バイオメディカル機器/04.分析/analysis_project/scripts/run_train.py,run_train.py,.py,プロジェクト,株式会社青葉バイオメディカル機器,04.分析,997,2196,1199
doc_281f4f8dee33851a_chunk_0002,doc_281f4f8dee33851a,2,プロジェクト/株式会社青葉バイオメディカル機器/04.分析/analysis_project/scripts/run_train.py,run_train.py,.py,プロジェクト,株式会社青葉バイオメディカル機器,04.分析,1996,3164,1168
doc_281f4f8dee33851a_chunk_0003,doc_281f4f8dee33851a,3,プロジェクト/株式会社青葉バイオメディカル機器/04.分析/analysis_project/scripts/run_train.py,run_train.py,.py,プロジェクト,株式会社青葉バイオメディカル機器,04.分析,2964,4154,1190
doc_281f4f8dee33851a_chunk_0004,doc_281f4f8dee33851a,4,プロジェクト/株式会社青葉バイオメディカル機器/04.分析/analysis_project/scripts/run_train.py,run_train.py,.py,プロジェクト,株式会社青葉バイオメディカル機器,04.分析,3954,5143,1189
doc_281f4f8dee33851a_chunk_0005,doc_281f4f8dee33851a,5,プロジェクト/株式会社青葉バイオメディカル機器/04.分析/analysis_project/scripts/run_train.py,run_train.py,.py,プロジェクト,株式会社青葉バイオメディカル機器,04.分析,4943,6124,1181
doc_281f4f8dee33851a_chunk_0006,doc_281f4f8dee33851a,6,プロジェクト/株式会社青葉バイオメディカル機器/04.分析/analysis_project/scripts/run_train.py,run_train.py,.py,プロジェクト,株式会社青葉バイオメディカル機器,04.分析,5924,7090,1166
doc_281f4f8dee33851a_chunk_0007,doc_281f4f8dee33851a,7,プロジェクト/株式会社青葉バイオメディカル機器/04.分析/analysis_project/scripts/run_train.py,run_train.py,.py,プロジェクト,株式会社青葉バイオメディカル機器,04.分析,6890,8052,1162
doc_281f4f8dee33851a_chunk_0008,doc_281f4f8dee33851a,8,プロジェクト/株式会社青葉バイオメディカル機器/04.分析/analysis_project/scripts/run_train.py,run_train.py,.py,プロジェクト,株式会社青葉バイオメディカル機器,04.分析,7852,9032,1167
doc_281f4f8dee33851a_chunk_0009,doc_281f4f8dee33851a,9,プロジェクト/株式会社青葉バイオメディカル機器/04.分析/analysis_project/scripts/run_train.py,run_train.py,.py,プロジェクト,株式会社青葉バイオメディカル機器,04.分析,8832,9953,1121
doc_281f4f8dee33851a_chunk_0010,doc_281f4f8dee33851a,10,プロジェクト/株式会社青葉バイオメディカル機器/04.分析/analysis_project/scripts/run_train.py,run_train.py,.py,プロジェクト,株式会社青葉バイオメディカル機器,04.分析,9753,10918,1165
doc_281f4f8dee33851a_chunk_0011,doc_281f4f8dee33851a,11,プロジェクト/株式会社青葉バイオメディカル機器/04.分析/analysis_project/scripts/run_train.py,run_train.py,.py,プロジェクト,株式会社青葉バイオメディカル機器,04.分析,10718,11913,1195
doc_281f4f8dee33851a_chunk_0012,doc_281f4f8dee33851a,12,プロジェクト/株式会社青葉バイオメディカル機器/04.分析/analysis_project/scripts/run_train.py,run_train.py,.py,プロジェクト,株式会社青葉バイオメディカル機器,04.分析,11713,12881,1168
doc_281f4f8dee33851a_chunk_0013,doc_281f4f8dee33851a,13,プロジェクト/株式会社青葉バイオメディカル機器/04.分析/analysis_project/scripts/run_train.py,run_train.py,.py,プロジェクト,株式会社青葉バイオメディカル機器,04.分析,12681,13870,1188
doc_281f4f8dee33851a_chunk_0014,doc_281f4f8dee33851a,14,プロジェクト/株式会社青葉バイオメディカル機器/04.分析/analysis_project/scripts/run_train.py,run_train.py,.py,プロジェクト,株式会社青葉バイオメディカル機器,04.分析,13670,14814,1144
doc_281f4f8dee33851a_chunk_0015,doc_281f4f8dee33851a,15,プロジェクト/株式会社青葉バイオメディカル機器/04.分析/analysis_project/scripts/run_train.py,run_train.py,.py,プロジェクト,株式会社青葉バイオメディカル機器,04.分析,14614,15795,1181
doc_281f4f8dee33851a_chunk_0016,doc_281f4f8dee33851a,16,プロジェクト/株式会社青葉バイオメディカル機器/04.分析/analysis_project/scripts/run_train.py,run_train.py,.py,プロジェクト,株式会社青葉バイオメディカル機器,04.分析,15595,16732,1129
doc_281f4f8dee33851a_chunk_0017,doc_281f4f8dee33851a,17,プロジェクト/株式会社青葉バイオメディカル機器/04.分析/analysis_project/scripts/run_train.py,run_train.py,.py,プロジェクト,株式会社青葉バイオメディカル機器,04.分析,16532,17657,1125
doc_281f4f8dee33851a_chunk_0018,doc_281f4f8dee33851a,18,プロジェクト/株式会社青葉バイオメディカル機器/04.分析/analysis_project/scripts/run_train.py,run_train.py,.py,プロジェクト,株式会社青葉バイオメディカル機器,04.分析,17457,18638,1181
doc_281f4f8dee33851a_chunk_0019,doc_281f4f8dee33851a,19,プロジェクト/株式会社青葉バイオメディカル機器/04.分析/analysis_project/scripts/run_train.py,run_train.py,.py,プロジェクト,株式会社青葉バイオメディカル機器,04.分析,18438,19630,1192
doc_281f4f8dee33851a_chunk_0020,doc_281f4f8dee33851a,20,プロジェクト/株式会社青葉バイオメディカル機器/04.分析/analysis_project/scripts/run_train.py,run_train.py,.py,プロジェクト,株式会社青葉バイオメディカル機器,04.分析,19430,20599,1165
doc_281f4f8dee33851a_chunk_0021,doc_281f4f8dee33851a,21,プロジェクト/株式会社青葉バイオメディカル機器/04.分析/analysis_project/scripts/run_train.py,run_train.py,.py,プロジェクト,株式会社青葉バイオメディカル機器,04.分析,20399,21592,1193
doc_281f4f8dee33851a_chunk_0022,doc_281f4f8dee33851a,22,プロジェクト/株式会社青葉バイオメディカル機器/04.分析/analysis_project/scripts/run_train.py,run_train.py,.py,プロジェクト,株式会社青葉バイオメディカル機器,04.分析,21392,22549,1156
doc_281f4f8dee33851a_chunk_0023,doc_281f4f8dee33851a,23,プロジェクト/株式会社青葉バイオメディカル機器/04.分析/analysis_project/scripts/run_train.py,run_train.py,.py,プロジェクト,株式会社青葉バイオメディカル機器,04.分析,22349,23483,1134
doc_281f4f8dee33851a_chunk_0024,doc_281f4f8dee33851a,24,プロジェクト/株式会社青葉バイオメディカル機器/04.分析/analysis_project/scripts/run_train.py,run_train.py,.py,プロジェクト,株式会社青葉バイオメディカル機器,04.分析,23283,24478,1195
doc_281f4f8dee33851a_chunk_0025,doc_281f4f8dee33851a,25,プロジェクト/株式会社青葉バイオメディカル機器/04.分析/analysis_project/scripts/run_train.py,run_train.py,.py,プロジェクト,株式会社青葉バイオメディカル機器,04.分析,24278,25457,1179
doc_281f4f8dee33851a_chunk_0026,doc_281f4f8dee33851a,26,プロジェクト/株式会社青葉バイオメディカル機器/04.分析/analysis_project/scripts/run_train.py,run_train.py,.py,プロジェクト,株式会社青葉バイオメディカル機器,04.分析,25257,26373,1108
doc_281f4f8dee33851a_chunk_0027,doc_281f4f8dee33851a,27,プロジェクト/株式会社青葉バイオメディカル機器/04.分析/analysis_project/scripts/run_train.py,run_train.py,.py,プロジェクト,株式会社青葉バイオメディカル機器,04.分析,26173,27346,1173
doc_281f4f8dee33851a_chunk_0028,doc_281f4f8dee33851a,28,プロジェクト/株式会社青葉バイオメディカル機器/04.分析/analysis_project/scripts/run_train.py,run_train.py,.py,プロジェクト,株式会社青葉バイオメディカル機器,04.分析,27146,28304,1158
doc_281f4f8dee33851a_chunk_0029,doc_281f4f8dee33851a,29,プロジェクト/株式会社青葉バイオメディカル機器/04.分析/analysis_project/scripts/run_train.py,run_train.py,.py,プロジェクト,株式会社青葉バイオメディカル機器,04.分析,28104,29264,1160
doc_281f4f8dee33851a_chunk_0030,doc_281f4f8dee33851a,30,プロジェクト/株式会社青葉バイオメディカル機器/04.分析/analysis_project/scripts/run_train.py,run_train.py,.py,プロジェクト,株式会社青葉バイオメディカル機器,04.分析,29064,30006,942
doc_788e87f228ce56f5_chunk_0000,doc_788e87f228ce56f5,0,プロジェクト/株式会社青葉バイオメディカル機器/04.分析/analysis_project/src/__init__.py,__init__.py,.py,プロジェクト,株式会社青葉バイオメディカル機器,04.分析,0,189,189
doc_16621eff4a643323_chunk_0000,doc_16621eff4a643323,0,プロジェクト/株式会社青葉バイオメディカル機器/04.分析/analysis_project/src/common.py,common.py,.py,プロジェクト,株式会社青葉バイオメディカル機器,04.分析,0,1177,1177
doc_16621eff4a643323_chunk_0001,doc_16621eff4a643323,1,プロジェクト/株式会社青葉バイオメディカル機器/04.分析/analysis_project/src/common.py,common.py,.py,プロジェクト,株式会社青葉バイオメディカル機器,04.分析,977,2141,1162
doc_16621eff4a643323_chunk_0002,doc_16621eff4a643323,2,プロジェクト/株式会社青葉バイオメディカル機器/04.分析/analysis_project/src/common.py,common.py,.py,プロジェクト,株式会社青葉バイオメディカル機器,04.分析,1941,3140,1191
doc_16621eff4a643323_chunk_0003,doc_16621eff4a643323,3,プロジェクト/株式会社青葉バイオメディカル機器/04.分析/analysis_project/src/common.py,common.py,.py,プロジェクト,株式会社青葉バイオメディカル機器,04.分析,2940,4126,1179
doc_16621eff4a643323_chunk_0004,doc_16621eff4a643323,4,プロジェクト/株式会社青葉バイオメディカル機器/04.分析/analysis_project/src/common.py,common.py,.py,プロジェクト,株式会社青葉バイオメディカル機器,04.分析,3926,5109,1182
doc_16621eff4a643323_chunk_0005,doc_16621eff4a643323,5,プロジェクト/株式会社青葉バイオメディカル機器/04.分析/analysis_project/src/common.py,common.py,.py,プロジェクト,株式会社青葉バイオメディカル機器,04.分析,4909,5168,259
doc_bcfb1e9c46939b11_chunk_0000,doc_bcfb1e9c46939b11,0,プロジェクト/株式会社青葉バイオメディカル機器/04.分析/analysis_project/src/eda.py,eda.py,.py,プロジェクト,株式会社青葉バイオメディカル機器,04.分析,0,854,854
doc_a0fd6f5f05b5dd58_chunk_0000,doc_a0fd6f5f05b5dd58,0,プロジェクト/株式会社青葉バイオメディカル機器/04.分析/analysis_project/src/evaluate.py,evaluate.py,.py,プロジェクト,株式会社青葉バイオメディカル機器,04.分析,0,1181,1181
doc_a0fd6f5f05b5dd58_chunk_0001,doc_a0fd6f5f05b5dd58,1,プロジェクト/株式会社青葉バイオメディカル機器/04.分析/analysis_project/src/evaluate.py,evaluate.py,.py,プロジェクト,株式会社青葉バイオメディカル機器,04.分析,981,2149,1168
doc_a0fd6f5f05b5dd58_chunk_0002,doc_a0fd6f5f05b5dd58,2,プロジェクト/株式会社青葉バイオメディカル機器/04.分析/analysis_project/src/evaluate.py,evaluate.py,.py,プロジェクト,株式会社青葉バイオメディカル機器,04.分析,1949,3139,1190
doc_a0fd6f5f05b5dd58_chunk_0003,doc_a0fd6f5f05b5dd58,3,プロジェクト/株式会社青葉バイオメディカル機器/04.分析/analysis_project/src/evaluate.py,evaluate.py,.py,プロジェクト,株式会社青葉バイオメディカル機器,04.分析,2939,4129,1190
doc_a0fd6f5f05b5dd58_chunk_0004,doc_a0fd6f5f05b5dd58,4,プロジェクト/株式会社青葉バイオメディカル機器/04.分析/analysis_project/src/evaluate.py,evaluate.py,.py,プロジェクト,株式会社青葉バイオメディカル機器,04.分析,3929,5126,1197
doc_a0fd6f5f05b5dd58_chunk_0005,doc_a0fd6f5f05b5dd58,5,プロジェクト/株式会社青葉バイオメディカル機器/04.分析/analysis_project/src/evaluate.py,evaluate.py,.py,プロジェクト,株式会社青葉バイオメディカル機器,04.分析,4926,5272,340
doc_24f68be614ae06ba_chunk_0000,doc_24f68be614ae06ba,0,プロジェクト/株式会社青葉バイオメディカル機器/04.分析/analysis_project/src/features.py,features.py,.py,プロジェクト,株式会社青葉バイオメディカル機器,04.分析,0,1194,1194
doc_24f68be614ae06ba_chunk_0001,doc_24f68be614ae06ba,1,プロジェクト/株式会社青葉バイオメディカル機器/04.分析/analysis_project/src/features.py,features.py,.py,プロジェクト,株式会社青葉バイオメディカル機器,04.分析,994,2182,1188
doc_24f68be614ae06ba_chunk_0002,doc_24f68be614ae06ba,2,プロジェクト/株式会社青葉バイオメディカル機器/04.分析/analysis_project/src/features.py,features.py,.py,プロジェクト,株式会社青葉バイオメディカル機器,04.分析,1982,3174,1192
doc_24f68be614ae06ba_chunk_0003,doc_24f68be614ae06ba,3,プロジェクト/株式会社青葉バイオメディカル機器/04.分析/analysis_project/src/features.py,features.py,.py,プロジェクト,株式会社青葉バイオメディカル機器,04.分析,2974,4172,1198
doc_24f68be614ae06ba_chunk_0004,doc_24f68be614ae06ba,4,プロジェクト/株式会社青葉バイオメディカル機器/04.分析/analysis_project/src/features.py,features.py,.py,プロジェクト,株式会社青葉バイオメディカル機器,04.分析,3972,5140,1168
doc_24f68be614ae06ba_chunk_0005,doc_24f68be614ae06ba,5,プロジェクト/株式会社青葉バイオメディカル機器/04.分析/analysis_project/src/features.py,features.py,.py,プロジェクト,株式会社青葉バイオメディカル機器,04.分析,4940,6102,1159
doc_24f68be614ae06ba_chunk_0006,doc_24f68be614ae06ba,6,プロジェクト/株式会社青葉バイオメディカル機器/04.分析/analysis_project/src/features.py,features.py,.py,プロジェクト,株式会社青葉バイオメディカル機器,04.分析,5902,7080,1178
doc_24f68be614ae06ba_chunk_0007,doc_24f68be614ae06ba,7,プロジェクト/株式会社青葉バイオメディカル機器/04.分析/analysis_project/src/features.py,features.py,.py,プロジェクト,株式会社青葉バイオメディカル機器,04.分析,6880,8049,1169
doc_24f68be614ae06ba_chunk_0008,doc_24f68be614ae06ba,8,プロジェクト/株式会社青葉バイオメディカル機器/04.分析/analysis_project/src/features.py,features.py,.py,プロジェクト,株式会社青葉バイオメディカル機器,04.分析,7849,9011,1162
doc_24f68be614ae06ba_chunk_0009,doc_24f68be614ae06ba,9,プロジェクト/株式会社青葉バイオメディカル機器/04.分析/analysis_project/src/features.py,features.py,.py,プロジェクト,株式会社青葉バイオメディカル機器,04.分析,8811,9987,1176
doc_24f68be614ae06ba_chunk_0010,doc_24f68be614ae06ba,10,プロジェクト/株式会社青葉バイオメディカル機器/04.分析/analysis_project/src/features.py,features.py,.py,プロジェクト,株式会社青葉バイオメディカル機器,04.分析,9787,10982,1195
doc_24f68be614ae06ba_chunk_0011,doc_24f68be614ae06ba,11,プロジェクト/株式会社青葉バイオメディカル機器/04.分析/analysis_project/src/features.py,features.py,.py,プロジェクト,株式会社青葉バイオメディカル機器,04.分析,10782,11896,1114
doc_24f68be614ae06ba_chunk_0012,doc_24f68be614ae06ba,12,プロジェクト/株式会社青葉バイオメディカル機器/04.分析/analysis_project/src/features.py,features.py,.py,プロジェクト,株式会社青葉バイオメディカル機器,04.分析,11696,12862,1159
doc_24f68be614ae06ba_chunk_0013,doc_24f68be614ae06ba,13,プロジェクト/株式会社青葉バイオメディカル機器/04.分析/analysis_project/src/features.py,features.py,.py,プロジェクト,株式会社青葉バイオメディカル機器,04.分析,12662,13198,536
doc_348302a1db1c6752_chunk_0000,doc_348302a1db1c6752,0,プロジェクト/株式会社青葉バイオメディカル機器/04.分析/analysis_project/src/infer.py,infer.py,.py,プロジェクト,株式会社青葉バイオメディカル機器,04.分析,0,366,366
doc_6d0a991eb76eb5b8_chunk_0000,doc_6d0a991eb76eb5b8,0,プロジェクト/株式会社青葉バイオメディカル機器/04.分析/analysis_project/src/modeling.py,modeling.py,.py,プロジェクト,株式会社青葉バイオメディカル機器,04.分析,0,1160,1160
doc_6d0a991eb76eb5b8_chunk_0001,doc_6d0a991eb76eb5b8,1,プロジェクト/株式会社青葉バイオメディカル機器/04.分析/analysis_project/src/modeling.py,modeling.py,.py,プロジェクト,株式会社青葉バイオメディカル機器,04.分析,960,2144,1183
doc_6d0a991eb76eb5b8_chunk_0002,doc_6d0a991eb76eb5b8,2,プロジェクト/株式会社青葉バイオメディカル機器/04.分析/analysis_project/src/modeling.py,modeling.py,.py,プロジェクト,株式会社青葉バイオメディカル機器,04.分析,1944,3107,1163
doc_6d0a991eb76eb5b8_chunk_0003,doc_6d0a991eb76eb5b8,3,プロジェクト/株式会社青葉バイオメディカル機器/04.分析/analysis_project/src/modeling.py,modeling.py,.py,プロジェクト,株式会社青葉バイオメディカル機器,04.分析,2907,4091,1184
doc_6d0a991eb76eb5b8_chunk_0004,doc_6d0a991eb76eb5b8,4,プロジェクト/株式会社青葉バイオメディカル機器/04.分析/analysis_project/src/modeling.py,modeling.py,.py,プロジェクト,株式会社青葉バイオメディカル機器,04.分析,3891,5088,1195
doc_6d0a991eb76eb5b8_chunk_0005,doc_6d0a991eb76eb5b8,5,プロジェクト/株式会社青葉バイオメディカル機器/04.分析/analysis_project/src/modeling.py,modeling.py,.py,プロジェクト,株式会社青葉バイオメディカル機器,04.分析,4888,6084,1196
doc_de32b7556023807d_chunk_0000,doc_de32b7556023807d,0,プロジェクト/株式会社青葉バイオメディカル機器/04.分析/analysis_project/src/preprocess.py,preprocess.py,.py,プロジェクト,株式会社青葉バイオメディカル機器,04.分析,0,1177,1177
doc_de32b7556023807d_chunk_0001,doc_de32b7556023807d,1,プロジェクト/株式会社青葉バイオメディカル機器/04.分析/analysis_project/src/preprocess.py,preprocess.py,.py,プロジェクト,株式会社青葉バイオメディカル機器,04.分析,977,2174,1197
doc_de32b7556023807d_chunk_0002,doc_de32b7556023807d,2,プロジェクト/株式会社青葉バイオメディカル機器/04.分析/analysis_project/src/preprocess.py,preprocess.py,.py,プロジェクト,株式会社青葉バイオメディカル機器,04.分析,1974,3158,1184
doc_de32b7556023807d_chunk_0003,doc_de32b7556023807d,3,プロジェクト/株式会社青葉バイオメディカル機器/04.分析/analysis_project/src/preprocess.py,preprocess.py,.py,プロジェクト,株式会社青葉バイオメディカル機器,04.分析,2958,4088,1130
doc_4c0d5e3abbefa7f5_chunk_0000,doc_4c0d5e3abbefa7f5,0,プロジェクト/白峰信用リスク評価株式会社/04.分析/analysis_project/scripts/bootstrap_env.py,bootstrap_env.py,.py,プロジェクト,白峰信用リスク評価株式会社,04.分析,0,1198,1198
doc_4c0d5e3abbefa7f5_chunk_0001,doc_4c0d5e3abbefa7f5,1,プロジェクト/白峰信用リスク評価株式会社/04.分析/analysis_project/scripts/bootstrap_env.py,bootstrap_env.py,.py,プロジェクト,白峰信用リスク評価株式会社,04.分析,998,2152,1154
doc_3a4ec1c7b2c7c79b_chunk_0000,doc_3a4ec1c7b2c7c79b,0,プロジェクト/白峰信用リスク評価株式会社/04.分析/analysis_project/scripts/run_train.py,run_train.py,.py,プロジェクト,白峰信用リスク評価株式会社,04.分析,0,1185,1185
doc_3a4ec1c7b2c7c79b_chunk_0001,doc_3a4ec1c7b2c7c79b,1,プロジェクト/白峰信用リスク評価株式会社/04.分析/analysis_project/scripts/run_train.py,run_train.py,.py,プロジェクト,白峰信用リスク評価株式会社,04.分析,985,2177,1192
doc_3a4ec1c7b2c7c79b_chunk_0002,doc_3a4ec1c7b2c7c79b,2,プロジェクト/白峰信用リスク評価株式会社/04.分析/analysis_project/scripts/run_train.py,run_train.py,.py,プロジェクト,白峰信用リスク評価株式会社,04.分析,1977,3155,1177
doc_3a4ec1c7b2c7c79b_chunk_0003,doc_3a4ec1c7b2c7c79b,3,プロジェクト/白峰信用リスク評価株式会社/04.分析/analysis_project/scripts/run_train.py,run_train.py,.py,プロジェクト,白峰信用リスク評価株式会社,04.分析,2955,4134,1179
doc_3a4ec1c7b2c7c79b_chunk_0004,doc_3a4ec1c7b2c7c79b,4,プロジェクト/白峰信用リスク評価株式会社/04.分析/analysis_project/scripts/run_train.py,run_train.py,.py,プロジェクト,白峰信用リスク評価株式会社,04.分析,3934,5130,1196
doc_3a4ec1c7b2c7c79b_chunk_0005,doc_3a4ec1c7b2c7c79b,5,プロジェクト/白峰信用リスク評価株式会社/04.分析/analysis_project/scripts/run_train.py,run_train.py,.py,プロジェクト,白峰信用リスク評価株式会社,04.分析,4930,5227,293
doc_14da3f947ddf1676_chunk_0000,doc_14da3f947ddf1676,0,プロジェクト/白峰信用リスク評価株式会社/04.分析/analysis_project/src/__init__.py,__init__.py,.py,プロジェクト,白峰信用リスク評価株式会社,04.分析,0,183,183
doc_d1a0822d781affe3_chunk_0000,doc_d1a0822d781affe3,0,プロジェクト/白峰信用リスク評価株式会社/04.分析/analysis_project/src/common.py,common.py,.py,プロジェクト,白峰信用リスク評価株式会社,04.分析,0,1164,1162
doc_d1a0822d781affe3_chunk_0001,doc_d1a0822d781affe3,1,プロジェクト/白峰信用リスク評価株式会社/04.分析/analysis_project/src/common.py,common.py,.py,プロジェクト,白峰信用リスク評価株式会社,04.分析,964,2160,1196
doc_d1a0822d781affe3_chunk_0002,doc_d1a0822d781affe3,2,プロジェクト/白峰信用リスク評価株式会社/04.分析/analysis_project/src/common.py,common.py,.py,プロジェクト,白峰信用リスク評価株式会社,04.分析,1960,3154,1194
doc_d1a0822d781affe3_chunk_0003,doc_d1a0822d781affe3,3,プロジェクト/白峰信用リスク評価株式会社/04.分析/analysis_project/src/common.py,common.py,.py,プロジェクト,白峰信用リスク評価株式会社,04.分析,2954,3896,942
doc_af6eae0021fc3bd5_chunk_0000,doc_af6eae0021fc3bd5,0,プロジェクト/白峰信用リスク評価株式会社/04.分析/analysis_project/src/eda.py,eda.py,.py,プロジェクト,白峰信用リスク評価株式会社,04.分析,0,848,848
doc_8571f11d232641b4_chunk_0000,doc_8571f11d232641b4,0,プロジェクト/白峰信用リスク評価株式会社/04.分析/analysis_project/src/evaluate.py,evaluate.py,.py,プロジェクト,白峰信用リスク評価株式会社,04.分析,0,1171,1171
doc_8571f11d232641b4_chunk_0001,doc_8571f11d232641b4,1,プロジェクト/白峰信用リスク評価株式会社/04.分析/analysis_project/src/evaluate.py,evaluate.py,.py,プロジェクト,白峰信用リスク評価株式会社,04.分析,971,2167,1196
doc_8571f11d232641b4_chunk_0002,doc_8571f11d232641b4,2,プロジェクト/白峰信用リスク評価株式会社/04.分析/analysis_project/src/evaluate.py,evaluate.py,.py,プロジェクト,白峰信用リスク評価株式会社,04.分析,1967,3151,1182
doc_8571f11d232641b4_chunk_0003,doc_8571f11d232641b4,3,プロジェクト/白峰信用リスク評価株式会社/04.分析/analysis_project/src/evaluate.py,evaluate.py,.py,プロジェクト,白峰信用リスク評価株式会社,04.分析,2951,3338,382
doc_9ed171c55586048e_chunk_0000,doc_9ed171c55586048e,0,プロジェクト/白峰信用リスク評価株式会社/04.分析/analysis_project/src/features.py,features.py,.py,プロジェクト,白峰信用リスク評価株式会社,04.分析,0,1176,1176
doc_9ed171c55586048e_chunk_0001,doc_9ed171c55586048e,1,プロジェクト/白峰信用リスク評価株式会社/04.分析/analysis_project/src/features.py,features.py,.py,プロジェクト,白峰信用リスク評価株式会社,04.分析,976,2155,1179
doc_9ed171c55586048e_chunk_0002,doc_9ed171c55586048e,2,プロジェクト/白峰信用リスク評価株式会社/04.分析/analysis_project/src/features.py,features.py,.py,プロジェクト,白峰信用リスク評価株式会社,04.分析,1955,2528,572
doc_b7f29b44da7b2e4a_chunk_0000,doc_b7f29b44da7b2e4a,0,プロジェクト/白峰信用リスク評価株式会社/04.分析/analysis_project/src/infer.py,infer.py,.py,プロジェクト,白峰信用リスク評価株式会社,04.分析,0,360,360
doc_b4455d3ad41c5d1e_chunk_0000,doc_b4455d3ad41c5d1e,0,プロジェクト/白峰信用リスク評価株式会社/04.分析/analysis_project/src/modeling.py,modeling.py,.py,プロジェクト,白峰信用リスク評価株式会社,04.分析,0,1159,1159
doc_b4455d3ad41c5d1e_chunk_0001,doc_b4455d3ad41c5d1e,1,プロジェクト/白峰信用リスク評価株式会社/04.分析/analysis_project/src/modeling.py,modeling.py,.py,プロジェクト,白峰信用リスク評価株式会社,04.分析,959,2144,1185
doc_b4455d3ad41c5d1e_chunk_0002,doc_b4455d3ad41c5d1e,2,プロジェクト/白峰信用リスク評価株式会社/04.分析/analysis_project/src/modeling.py,modeling.py,.py,プロジェクト,白峰信用リスク評価株式会社,04.分析,1944,3111,1167
doc_b4455d3ad41c5d1e_chunk_0003,doc_b4455d3ad41c5d1e,3,プロジェクト/白峰信用リスク評価株式会社/04.分析/analysis_project/src/modeling.py,modeling.py,.py,プロジェクト,白峰信用リスク評価株式会社,04.分析,2911,3404,490
doc_6518e7f1d4db0f14_chunk_0000,doc_6518e7f1d4db0f14,0,プロジェクト/白峰信用リスク評価株式会社/04.分析/analysis_project/src/preprocess.py,preprocess.py,.py,プロジェクト,白峰信用リスク評価株式会社,04.分析,0,1167,1167
doc_6518e7f1d4db0f14_chunk_0001,doc_6518e7f1d4db0f14,1,プロジェクト/白峰信用リスク評価株式会社/04.分析/analysis_project/src/preprocess.py,preprocess.py,.py,プロジェクト,白峰信用リスク評価株式会社,04.分析,967,1217,250
doc_723496b26e60e2a4_chunk_0000,doc_723496b26e60e2a4,0,プロジェクト/青葉与信マネジメント株式会社/04.分析/analysis_project/scripts/bootstrap_env.py,bootstrap_env.py,.py,プロジェクト,青葉与信マネジメント株式会社,04.分析,0,1194,1194
doc_723496b26e60e2a4_chunk_0001,doc_723496b26e60e2a4,1,プロジェクト/青葉与信マネジメント株式会社/04.分析/analysis_project/scripts/bootstrap_env.py,bootstrap_env.py,.py,プロジェクト,青葉与信マネジメント株式会社,04.分析,994,2154,1160
doc_f72c5e1ddb7d8121_chunk_0000,doc_f72c5e1ddb7d8121,0,プロジェクト/青葉与信マネジメント株式会社/04.分析/analysis_project/scripts/run_train.py,run_train.py,.py,プロジェクト,青葉与信マネジメント株式会社,04.分析,0,1187,1187
doc_f72c5e1ddb7d8121_chunk_0001,doc_f72c5e1ddb7d8121,1,プロジェクト/青葉与信マネジメント株式会社/04.分析/analysis_project/scripts/run_train.py,run_train.py,.py,プロジェクト,青葉与信マネジメント株式会社,04.分析,987,2179,1192
doc_f72c5e1ddb7d8121_chunk_0002,doc_f72c5e1ddb7d8121,2,プロジェクト/青葉与信マネジメント株式会社/04.分析/analysis_project/scripts/run_train.py,run_train.py,.py,プロジェクト,青葉与信マネジメント株式会社,04.分析,1979,3157,1177
doc_f72c5e1ddb7d8121_chunk_0003,doc_f72c5e1ddb7d8121,3,プロジェクト/青葉与信マネジメント株式会社/04.分析/analysis_project/scripts/run_train.py,run_train.py,.py,プロジェクト,青葉与信マネジメント株式会社,04.分析,2957,4136,1179
doc_f72c5e1ddb7d8121_chunk_0004,doc_f72c5e1ddb7d8121,4,プロジェクト/青葉与信マネジメント株式会社/04.分析/analysis_project/scripts/run_train.py,run_train.py,.py,プロジェクト,青葉与信マネジメント株式会社,04.分析,3936,5132,1196
doc_f72c5e1ddb7d8121_chunk_0005,doc_f72c5e1ddb7d8121,5,プロジェクト/青葉与信マネジメント株式会社/04.分析/analysis_project/scripts/run_train.py,run_train.py,.py,プロジェクト,青葉与信マネジメント株式会社,04.分析,4932,5229,293
doc_91cb626e7a49d0c4_chunk_0000,doc_91cb626e7a49d0c4,0,プロジェクト/青葉与信マネジメント株式会社/04.分析/analysis_project/src/__init__.py,__init__.py,.py,プロジェクト,青葉与信マネジメント株式会社,04.分析,0,185,185
doc_bc74cf24425e8fcf_chunk_0000,doc_bc74cf24425e8fcf,0,プロジェクト/青葉与信マネジメント株式会社/04.分析/analysis_project/src/common.py,common.py,.py,プロジェクト,青葉与信マネジメント株式会社,04.分析,0,1166,1164
doc_bc74cf24425e8fcf_chunk_0001,doc_bc74cf24425e8fcf,1,プロジェクト/青葉与信マネジメント株式会社/04.分析/analysis_project/src/common.py,common.py,.py,プロジェクト,青葉与信マネジメント株式会社,04.分析,966,2162,1196
doc_bc74cf24425e8fcf_chunk_0002,doc_bc74cf24425e8fcf,2,プロジェクト/青葉与信マネジメント株式会社/04.分析/analysis_project/src/common.py,common.py,.py,プロジェクト,青葉与信マネジメント株式会社,04.分析,1962,3156,1194
doc_bc74cf24425e8fcf_chunk_0003,doc_bc74cf24425e8fcf,3,プロジェクト/青葉与信マネジメント株式会社/04.分析/analysis_project/src/common.py,common.py,.py,プロジェクト,青葉与信マネジメント株式会社,04.分析,2956,3898,942
doc_3c799bca4f64c9c2_chunk_0000,doc_3c799bca4f64c9c2,0,プロジェクト/青葉与信マネジメント株式会社/04.分析/analysis_project/src/eda.py,eda.py,.py,プロジェクト,青葉与信マネジメント株式会社,04.分析,0,850,850
doc_a1d5be6d84cfc929_chunk_0000,doc_a1d5be6d84cfc929,0,プロジェクト/青葉与信マネジメント株式会社/04.分析/analysis_project/src/evaluate.py,evaluate.py,.py,プロジェクト,青葉与信マネジメント株式会社,04.分析,0,1173,1173
doc_a1d5be6d84cfc929_chunk_0001,doc_a1d5be6d84cfc929,1,プロジェクト/青葉与信マネジメント株式会社/04.分析/analysis_project/src/evaluate.py,evaluate.py,.py,プロジェクト,青葉与信マネジメント株式会社,04.分析,973,2169,1196
doc_a1d5be6d84cfc929_chunk_0002,doc_a1d5be6d84cfc929,2,プロジェクト/青葉与信マネジメント株式会社/04.分析/analysis_project/src/evaluate.py,evaluate.py,.py,プロジェクト,青葉与信マネジメント株式会社,04.分析,1969,3153,1182
doc_a1d5be6d84cfc929_chunk_0003,doc_a1d5be6d84cfc929,3,プロジェクト/青葉与信マネジメント株式会社/04.分析/analysis_project/src/evaluate.py,evaluate.py,.py,プロジェクト,青葉与信マネジメント株式会社,04.分析,2953,3340,382
doc_51ea46fe3528a0fb_chunk_0000,doc_51ea46fe3528a0fb,0,プロジェクト/青葉与信マネジメント株式会社/04.分析/analysis_project/src/features.py,features.py,.py,プロジェクト,青葉与信マネジメント株式会社,04.分析,0,1178,1178
doc_51ea46fe3528a0fb_chunk_0001,doc_51ea46fe3528a0fb,1,プロジェクト/青葉与信マネジメント株式会社/04.分析/analysis_project/src/features.py,features.py,.py,プロジェクト,青葉与信マネジメント株式会社,04.分析,978,2157,1179
doc_51ea46fe3528a0fb_chunk_0002,doc_51ea46fe3528a0fb,2,プロジェクト/青葉与信マネジメント株式会社/04.分析/analysis_project/src/features.py,features.py,.py,プロジェクト,青葉与信マネジメント株式会社,04.分析,1957,2530,572
doc_61f6e584f03a6df5_chunk_0000,doc_61f6e584f03a6df5,0,プロジェクト/青葉与信マネジメント株式会社/04.分析/analysis_project/src/infer.py,infer.py,.py,プロジェクト,青葉与信マネジメント株式会社,04.分析,0,362,362
doc_0d60794bf3097db5_chunk_0000,doc_0d60794bf3097db5,0,プロジェクト/青葉与信マネジメント株式会社/04.分析/analysis_project/src/modeling.py,modeling.py,.py,プロジェクト,青葉与信マネジメント株式会社,04.分析,0,1161,1161
doc_0d60794bf3097db5_chunk_0001,doc_0d60794bf3097db5,1,プロジェクト/青葉与信マネジメント株式会社/04.分析/analysis_project/src/modeling.py,modeling.py,.py,プロジェクト,青葉与信マネジメント株式会社,04.分析,961,2146,1185
doc_0d60794bf3097db5_chunk_0002,doc_0d60794bf3097db5,2,プロジェクト/青葉与信マネジメント株式会社/04.分析/analysis_project/src/modeling.py,modeling.py,.py,プロジェクト,青葉与信マネジメント株式会社,04.分析,1946,3113,1167
doc_0d60794bf3097db5_chunk_0003,doc_0d60794bf3097db5,3,プロジェクト/青葉与信マネジメント株式会社/04.分析/analysis_project/src/modeling.py,modeling.py,.py,プロジェクト,青葉与信マネジメント株式会社,04.分析,2913,3406,490
doc_4794424aba6e74d4_chunk_0000,doc_4794424aba6e74d4,0,プロジェクト/青葉与信マネジメント株式会社/04.分析/analysis_project/src/preprocess.py,preprocess.py,.py,プロジェクト,青葉与信マネジメント株式会社,04.分析,0,1169,1169
doc_4794424aba6e74d4_chunk_0001,doc_4794424aba6e74d4,1,プロジェクト/青葉与信マネジメント株式会社/04.分析/analysis_project/src/preprocess.py,preprocess.py,.py,プロジェクト,青葉与信マネジメント株式会社,04.分析,969,1219,250
