project,document_kind,source_path,file_name,meeting_id,date,page,has_progress_summary,has_action,has_comment,has_checkpoint,text
京橋信用ソリューションズ株式会社,meeting_minutes,data/processed/share/share/共有ドライブ/プロジェクト/京橋信用ソリューションズ株式会社/05.会議/会議録/会議録_2025-10-01.pdf.md,会議録_2025-10-01.pdf.md,M01,2025-10-01,1,False,False,False,False,会議録 1. 会議情報 • 会議 ID: M01 • 会議種別: キックオフ • 日時: 2025-10-01 • 目的: プロジェクト開始にあたり目的・KPI・スコープ・体制・レビュー計 画・データ受領前提を確認し、単一正本と進行ルールを確定する • 開催形式: 会議(資料共有有) • 出席者: o 京橋信用ソリューションズ株式会社 リスク管理部 与信モデル統括課: 高橋 恒一(課長)、(リスク管理部 与信モデル統括課 担当者) o 株式会社データアステル(データサイエンス部):佐藤 健一(PM)、 鈴木 美咲(リード DS)、斎藤 悠斗(データエンジニア)、井上 里 奈(ビジネスアナリスト) • 記録: 佐藤 健一(議事録作成担当) 2. 議題 1. 業務目的・活用場面の確定(接触優先順位付け支援を主目的) 2. 対象データ/カラム定義の正式確認と受領トレース確認
京橋信用ソリューションズ株式会社,meeting_minutes,data/processed/share/share/共有ドライブ/プロジェクト/京橋信用ソリューションズ株式会社/05.会議/会議録/会議録_2025-10-01.pdf.md,会議録_2025-10-01.pdf.md,M02,2025-10-01,2,False,False,False,False,"3. 単一正本(本プロジェクト概要書)と進行ルール(週次、版管理、監査証 跡)の確定 4. レビュー日程および検収窓口の確定(MS2/M02 等) 5. 初期スケジュール・支払(着手金)確認 6. 分析着手前の前提確認とレビュー計画の共有 3. 主要議論 • 業務目的: 「定期預金等の契約有無( y)予測による接触優先順位付け支援」 および、実務で説明可能な示唆提供で合意。評価指標は業務 KPI(上位スコ ア群の契約率向上等)を優先しつつ、AUC 等の分析 KPI を併用する。承認 窓口は高橋課長。 • 対象データ/カラム: data.csv(27,128 件、18 カラム)および data.md を正 本定義とすることを確認。受領トレース(artifacts 等)を監査証跡に登録す る運用を確認。 • 単一正本と進行ルール: 本プロジェクト概要書を単一正本とし、以後の成果 物はこれに整合させる。週次進捗(毎週月曜 10:00)・版管理・監査証跡台 帳を運用する。 • レビュー日程/検収窓口: 週次進捗 2025-10-06、MS2(EDA 完了) 2025-10- 14、M02(中間報告) 2025-10-29、最終報告・検収 2025-11-11 を主要節目 として承認。検収窓口は高橋 恒一(課長)で確定。 • データ/分析上の論点: duration は情報リークの懸念があるため「事前判断 モデル(除外)」と「事後分析モデル(含有)」の 2 系統で評価する方針 で合意。pdays=-1 や unknown は業務上有効なカテゴリとして扱う方針を確"
京橋信用ソリューションズ株式会社,meeting_minutes,data/processed/share/share/共有ドライブ/プロジェクト/京橋信用ソリューションズ株式会社/05.会議/会議録/会議録_2025-10-01.pdf.md,会議録_2025-10-01.pdf.md,M01,2025-10-01,3,True,False,False,False,認。 • 支払確認: 着手金(50%)支払期日 2025-10-08 を確認。経理手続きフォロー を高橋課長と連携して実施する。 • 初期成果物と現状: データ受領、カラム定義確認、レビュー計画、監査証跡 方針を共有。分析結果の共有は次回以降とする。 4. 進捗サマリ • MS1(キックオフ)実施: 完了(本議事録で決定事項を正式記録) • データ受領: data.csv を受領済。受領トレースを監査証跡に登録予定。 • EDA/予備モデル: キックオフ時点では未共有。EDA の正式レビューは MS2 (2025-10-14)で実施する。 • 当面の課題: M01 の正式議事録化、カラム定義の署名・受領記録、EDA レビ ューの完了、着手金支払確認。 5. 決定事項 1. 業務目的と活用場面: 「顧客接触の優先順位付け支援」を主目的とすること を確定(承認: 高橋 恒一)。 2. 対象データとカラム定義: data.csv と data.md を正式カラム定義・正本デー タとすることを確定。受領トレースを監査証跡に記録する。 3. レビュー日程と検収窓口: 週次進捗(初回 2025-10-06)、MS2 EDA 完了 2025-10-14、M02 中間報告 2025-10-29、最終報告・検収 2025-11-11。検収 窓口は高橋 恒一(課長)。
京橋信用ソリューションズ株式会社,meeting_minutes,data/processed/share/share/共有ドライブ/プロジェクト/京橋信用ソリューションズ株式会社/05.会議/会議録/会議録_2025-10-01.pdf.md,会議録_2025-10-01.pdf.md,M01,2025-10-01,4,False,True,False,False,4. 単一正本と進行ルール: 本プロジェクト概要書を単一正本とし、版管理・監 査証跡台帳を運用、週次で進捗報告する運用を確定(責任: 佐藤 健一)。 5. duration の扱い: 情報リークリスクを踏まえ、(A) 事前判断用途:duration 除外、(B) 事後分析用途:duration 含有、の 2 系統で評価することを確定。 6. 支払関連: 着手金(50%)支払期日 2025-10-08 を確認。 変更: なし(本会議で新たに上記を正式決定。 prior meeting history: none) 6. アクションアイテム ID Action Owner Due Date Status A01 M01 議事録作 成・配布(単 一正本への登 録含む) 佐藤 健一 2025-10-03 Open A02 単一正本(プ ロジェクト概 要書)を版管 理リポジトリ に登録し、ア クセス権・監 査証跡台帳を 初期化 佐藤 健一 2025-10-03 Open A03 対象データ (data.csv) 受領の最終記 録および data.md の正 式受領(署名/ 受領トレー 斎藤 悠斗 / 井 上 里奈 2025-10-02 Open
京橋信用ソリューションズ株式会社,meeting_minutes,data/processed/share/share/共有ドライブ/プロジェクト/京橋信用ソリューションズ株式会社/05.会議/会議録/会議録_2025-10-01.pdf.md,会議録_2025-10-01.pdf.md,M02,2025-10-01,5,False,True,False,False,ID Action Owner Due Date Status ス) A04 EDA 実行完了 と EDA レビュ ー資料作成 (EDA 結果・ 論点一覧を含 む) 鈴木 美咲 / 井 上 里奈 2025-10-14 In Progress A05 pdays=-1、 unknown カテ ゴリ、 duration の扱 い方針(事前/ 事後モデル定 義含む)を最 終決定し中間 報告で提示 鈴木 美咲 2025-10-29 Open A06 着手金請求・ 支払フォロー (契約条件に 基づく請求書 送付・経理確 認) 佐藤 健一 / 高 橋 恒一 2025-10-08 Open A07 週次進捗・ MS2・M02 の 会議招集(招 待送付・アジ ェンダ確定) 佐藤 健一 2025-10-03 Open A08 artifacts/run_s ummary.json 斎藤 悠斗 2025-10-03 Open
京橋信用ソリューションズ株式会社,meeting_minutes,data/processed/share/share/共有ドライブ/プロジェクト/京橋信用ソリューションズ株式会社/05.会議/会議録/会議録_2025-10-01.pdf.md,会議録_2025-10-01.pdf.md,M01,2025-10-01,6,False,True,False,False,ID Action Owner Due Date Status ・metrics.json の再現手順確 認と出力保全 (再現性トレ ースの初期登 録) (注)全アクションは期日までに担当者が進捗を週次で報告。期限延長の場合は 早めに PM 宛に変更要求を提出すること。 7. リスクと懸念事項 • R1: クラス不均衡による評価誤認(契約率 11.7%) o 影響: Accuracy 単独評価による誤判断の可能性。 o 対策: AUC、Precision/Recall、上位スコア群契約率等複数指標で評価、 業務側レビューでの指標確認。 o 担当: 鈴木 美咲 / 井上 里奈 • R2: duration による情報リーク(接触後情報) o 影響: 事前判断用途での過剰評価。 o 対策: 事前判断モデルと事後分析モデルの分離評価を必須化。A05 で 方針確定。 o 担当: 鈴木 美咲 • R3: 議事録・承認の未完(文書化・署名遅延) → 意思決定遅延リスク o 影響: 以降フェーズの仕様確定遅延。
京橋信用ソリューションズ株式会社,meeting_minutes,data/processed/share/share/共有ドライブ/プロジェクト/京橋信用ソリューションズ株式会社/05.会議/会議録/会議録_2025-10-01.pdf.md,会議録_2025-10-01.pdf.md,M01,2025-10-01,7,False,True,False,False,o 対策: A01/A02/A03 により文書化・版管理を即時実施、承認フローは 高橋課長の署名を取得。 o 担当: 佐藤 健一 / 高橋 恒一 • R4: 着手金支払遅延(2025-10-08) o 影響: プロジェクト資金フロー・着手作業に影響。 o 対策: A06 にて請求・経理確認を実施。早期連絡を依頼。 o 担当: 佐藤 健一 / 高橋 恒一 • R5: 単一データソース依存による説明力不足 o 影響: 業務判断での補完データ不足による精度限界。 o 対策: 成果物で「優先順位付け支援」として範囲を明示し、追加デー タは変更管理で対応。 o 担当: 井上 里奈 • 未解決事項(Open Issues): 1. M01 議事録の正式承認(高橋課長の署名・単一正本への確定)が未 完 → A01/A02 で対応。 2. duration の最終扱い(運用ルールとしての明文化) → A05 で中間報 告にて最終決定。 3. EDA に関する追加確認項目(外れ値処理方針の詳細) → A04 で整理。 8. 次回会議計画 • 次回定例(週次進捗): 2025-10-06(月)10:00 — 主議題: データ受領トレー ス確認、T07/T08 進捗、着手金支払状況確認。招集: 佐藤 健一。
京橋信用ソリューションズ株式会社,meeting_minutes,data/processed/share/share/共有ドライブ/プロジェクト/京橋信用ソリューションズ株式会社/05.会議/会議録/会議録_2025-10-01.pdf.md,会議録_2025-10-01.pdf.md,M02,2025-10-01,8,False,True,False,False,• MS2 EDA 完了チェック: 2025-10-14 — 主議題: EDA 結果レビュー、前処理方 針案承認。 • M02 中間報告: 2025-10-29 — 主議題: 前処理・ベースライン・duration 方針 ・変更管理判定。 • 招集・アジェンダ送付責任: 佐藤 健一(A07) • 備考: 上記日程は本議事録により確定。出席者はレビュー資料を事前配布の うえ参加すること。 以上(配布先は出席者および関係者)。
京橋信用ソリューションズ株式会社,meeting_minutes,data/processed/share/share/共有ドライブ/プロジェクト/京橋信用ソリューションズ株式会社/05.会議/会議録/会議録_2025-10-29.pdf.md,会議録_2025-10-29.pdf.md,M02,2025-10-29,1,False,False,False,False,会議録 1. 会議情報 • 会議 ID: M02 • 会議種別: 中間報告 • 日時: 2025-10-29 • 目的: EDA 前処理方針ベースライン評価結果を共有し、duration 含有/非含 有の用途分離および説明性・監査観点の論点を整理する • 出席者: o 京橋信用ソリューションズ株式会社:高橋 恒一(課長) o 株式会社データアステル:佐藤 健一(PM)、鈴木 美咲(リード DS)、井上 里奈(BA)、斎藤 悠斗(データエンジニア)、池田 恒 一(QA) 2. 議題 1. EDA・モデル比較結果(leaderboard.csv)結果の共有 2. 前処理方針(pdays=-1 / unknown / duration 等)の最終化 3. 比較対象モデルと最終評価軸の確定 4. 追加確認事項の整理と最終報告への反映方針 5. オープンアクション/リスク確認
京橋信用ソリューションズ株式会社,meeting_minutes,data/processed/share/share/共有ドライブ/プロジェクト/京橋信用ソリューションズ株式会社/05.会議/会議録/会議録_2025-10-29.pdf.md,会議録_2025-10-29.pdf.md,M02,2025-10-29,2,False,False,False,False,"3. 主要議論 • EDA/ベースライン結果(要旨) o データ: 27,128 件、カラム 18 o 学習行数 train_rows=21,702、test_rows=5,426 o trial_index 1〜5 の比較結果では、random_forest が F1(macro)=0.71486、Accuracy=0.90527 で最良だったことを確認。 o artifacts/analysis_outputs/experiments/leaderboard.csv を参照し、 trial 比較結果を共有。 • 前処理方針(特別値取扱い) o pdays=-1 は「未連絡」の業務上有効値としてフラグ化/保持(欠損 扱いしない) o unknown は欠損ではなく独立カテゴリとして保持(補完しない) o 決定根拠: 業務定義・EDA での有意差検証を踏まえた運用観点 • duration の扱い(情報リーク懸念) o 用途別にモデルを分離する方針で合意 ▪ 事前判断モデル(運用での接触先決定等): duration を除外 ▪ 事後分析モデル(効果検証・深掘り): duration を含有 o 監査・運用設計上、両系統を成果物で明確に区分・説明する運用が 必要 • 比較対象モデルと評価軸 o 比較対象モデル(合意): ロジスティック回帰(説明性重視)、 Gradient Boosting(性能重視)、必要時ランダムフォレスト(補助)"
京橋信用ソリューションズ株式会社,meeting_minutes,data/processed/share/share/共有ドライブ/プロジェクト/京橋信用ソリューションズ株式会社/05.会議/会議録/会議録_2025-10-29.pdf.md,会議録_2025-10-29.pdf.md,M02,2025-10-29,3,True,False,False,False,o 最終評価軸(合意): AUC、Precision@Top10%(業務 KPI)、 Calibration(Brier score)、上位群契約率(業務指標)、過学習指標 (学習/検証差) • 追加確認事項・最終報告反映方針 o EDA で抽出した論点(外れ値処理、変換方針、カテゴリ水準管理) を中間報告のフィードバックとして最終報告に反映する o 再現手順・監査証跡(run 再現手順、成果物版管理)は必ず最終報告 に同梱 • ドキュメント/支払等の運用課題確認 o 単一正本登録、監査証跡台帳、着手金支払の状況を再確認(アクシ ョン参照) 4. 進捗サマリ • マイルストーン状況 o MS1(キックオフ): 完了 o MS2(EDA 完了): 完了(EDA 資料・metrics.json 出力) o MS3(ベースライン評価): 完了(ベースライン指標出力) o MS4(中間報告): 本会議にて実施・議論完了 • 成果物(現物) o artifacts/analysis_outputs/metrics.json、run_summary.json、 train_preview.csv 等を出力済 • 本会議での決着ポイント(要約) o 前処理方針(pdays=-1 / unknown の扱い)を承認
京橋信用ソリューションズ株式会社,meeting_minutes,data/processed/share/share/共有ドライブ/プロジェクト/京橋信用ソリューションズ株式会社/05.会議/会議録/会議録_2025-10-29.pdf.md,会議録_2025-10-29.pdf.md,M01,2025-10-29,4,False,True,False,False,o duration を用途別に分離(事前判断:非含有、事後分析:含有)で 合意 o 比較モデル群と評価軸を確定し、最終評価の実行を指示 5. 決定事項 1. 前処理方針と特別値取扱いを承認する(pdays=-1 は未連絡フラグ/unknown は独立カテゴリとして保持) o 承認者: 高橋 恒一(京橋信用ソリューションズ) 2. duration の用途分離(事前判断モデル = 除外、事後分析モデル = 含有)を 承認する。成果物では用途ごとにモデル・指標を分けて提示する。 o 承認者: 高橋 恒一 3. 比較対象モデルと最終評価軸を確定する。比較モデル: ロジスティック回帰、 Gradient Boosting(必要時 RF)。評価軸: AUC、Precision@Top10%、Brier (Calibration)、上位群契約率、学習/検証差。 o 承認者: 高橋 恒一 4. 追加確認事項(外れ値処理、変換方針、再現手順、監査証跡)の反映方針 を確定し、最終報告に組み込む。 o 承認者: 高橋 恒一 (変更: なし — prior の決定事項に対する変更は本会議で発生していない) 6. アクションアイテム ID Action Owner Due Date Status A01 M01 議事 録作成・配 布(単一正 本への登録 佐藤 健一 2025-10-03 Open
京橋信用ソリューションズ株式会社,meeting_minutes,data/processed/share/share/共有ドライブ/プロジェクト/京橋信用ソリューションズ株式会社/05.会議/会議録/会議録_2025-10-29.pdf.md,会議録_2025-10-29.pdf.md,M02,2025-10-29,5,False,True,False,False,ID Action Owner Due Date Status 含む) A02 単一正本 (プロジェ クト概要 書)を版管 理リポジト リに登録 し、アクセ ス権・監査 証跡台帳を 初期化 佐藤 健一 2025-10-03 Open A03 対象データ (data.csv )受領の最 終記録およ び data.md の正式受領 (署名/受 領トレー ス) 斎藤 悠斗 / 井上 里奈 2025-10-02 Open A04 EDA 実行完 了と EDA レビュー資 料作成 (EDA 結果 ・論点一覧 を含む) — 完了登 鈴木 美咲 / 井上 里奈 2025-10-14 Closed(完 了)
京橋信用ソリューションズ株式会社,meeting_minutes,data/processed/share/share/共有ドライブ/プロジェクト/京橋信用ソリューションズ株式会社/05.会議/会議録/会議録_2025-10-29.pdf.md,会議録_2025-10-29.pdf.md,M02,2025-10-29,6,False,True,False,False,ID Action Owner Due Date Status 録 A05 pdays=-1、 unknown カ テゴリ、 duration の扱い方針 を最終決定 し中間報告 で提示 鈴木 美咲 2025-10-29 Closed(会議 承認) A06 着手金請求 ・支払フォ ロー(契約 条件に基づ く請求書送 付・経理確 認) 佐藤 健一 / 高橋 恒一 2025-10-08 Open A07 週次進捗・ MS2・M02 の会議招集 (招待送付 ・アジェン ダ確定) 佐藤 健一 2025-10-03 Open A08 artifacts/ru n_summar y.json・ metrics.jso n の再現手 順確認と出 力保全(再 斎藤 悠斗 2025-10-03 Open
京橋信用ソリューションズ株式会社,meeting_minutes,data/processed/share/share/共有ドライブ/プロジェクト/京橋信用ソリューションズ株式会社/05.会議/会議録/会議録_2025-10-29.pdf.md,会議録_2025-10-29.pdf.md,M02,2025-10-29,7,False,True,False,False,ID Action Owner Due Date Status 現性トレー スの初期登 録) A09 比較対象モ デルの最終 実装・評価 実行 (LR/GBM/ (必要 時)RF)と 確定評価軸 での出力を 行う 鈴木 美咲 2025-11-05 Open A10 中間報告の 指摘事項を 整理し、最 終報告書へ 反映する方 針(反映優 先度一覧と 担当割当) を作成する 井上 里奈 / 佐藤 健一 2025-10-31 Open • A04:完了理由 — EDA 実行とレビュー資料 (metrics.json/run_summary.json 含む)を出力・提出したため完了扱い。 • A05:完了理由 — 本会議で前処理方針(pdays=-1/unknown/duration 用途分 離)を承認したため完了扱い。
京橋信用ソリューションズ株式会社,meeting_minutes,data/processed/share/share/共有ドライブ/プロジェクト/京橋信用ソリューションズ株式会社/05.会議/会議録/会議録_2025-10-29.pdf.md,会議録_2025-10-29.pdf.md,M02,2025-10-29,8,False,True,False,False,7. リスクと懸念事項 • R01: 着手金支払の遅延(A06 未解決) o 影響: プロジェクト資金・スケジュールに影響の可能性 o 対応: 佐藤 / 高橋で経理フォローを継続(A06) o 状況: Open • R02: 単一正本登録・監査証跡台帳未整備(A01/A02) o 影響: 監査対応・文書整合性リスク o 対応: 佐藤が優先で登録実施(A01/A02) o 状況: Open • R03: 再現手順・出力保全未確定(A08) o 影響: 監査証跡/再現性の担保に不足 o 対応: 斎藤が再現手順を登録(A08) o 状況: Open • R04: 単一データソース依存によるモデルの説明力限界 o 影響: 業務判断の補完が必要(外部データがないため) o 対応: 成果物で「補助的利用」である旨明記、追加データは変更管理 で対応 o 状況: Mitigated(ドキュメントに注記) • R05: duration による情報リーク(残存リスク) o 影響: 事前判断用途での過度な性能期待・運用混乱
京橋信用ソリューションズ株式会社,meeting_minutes,data/processed/share/share/共有ドライブ/プロジェクト/京橋信用ソリューションズ株式会社/05.会議/会議録/会議録_2025-10-29.pdf.md,会議録_2025-10-29.pdf.md,M03,2025-10-29,9,False,True,False,True,o 対応: 用途別モデル分離を実施し、運用ガイドにて明確に制約記載 (本会議で承認) o 状況: Mitigated(方針承認で軽減) • R06: クラス不均衡による評価誤認(Accuracy 偏重) o 影響: 業務価値の過大評価 o 対応: AUC・Precision@Top10%・Calibration 等の複合評価を最終軸 に採用(決定) o 状況: Mitigated(評価軸確定で対応) 8. 次回会議計画 • 次回主要会議: M03(最終報告・検収) — 予定日: 2025-11-11(確定) • 目的(次回): 最終モデル評価の提示、最終報告書提出・検収、検収に伴う 修正確認 • 当面の中間チェックポイント: o 2025-10-31: A10(最終報告反映方針)完了確認 o 2025-11-05: A09(比較モデル評価)完了・結果共有 o 2025-11-08〜11: QA 反映・最終資料整備(WBS のリスクバッファ期 間) • 次回アジェンダ案: 最終モデル(用途別)結果、業務 KPI に基づく期待値提 示、監査証跡/再現性パッケージ確認、検収手続き確認 • 招集オーナー: 佐藤 健一(A07 での招集継続、未完) 以上(配布用)
京橋信用ソリューションズ株式会社,meeting_minutes,data/processed/share/share/共有ドライブ/プロジェクト/京橋信用ソリューションズ株式会社/05.会議/会議録/会議録_2025-11-11.pdf.md,会議録_2025-11-11.pdf.md,M03,2025-11-11,1,False,False,False,False,会議録 1. 会議情報 • 会議 ID: M03 • 会議種別: 最終報告・検収会 • 日時: 2025-11-11 • 目的: 最終モデル評価・重要変数・セグメント示唆・公平性の初期確認、監 査証跡・再現性情報の報告および納品内容の確認・検収判断 • 出席者: o 京橋信用ソリューションズ株式会社 リスク管理部 与信モデル統括課: 高橋 恒一(課長)、検収関係者(TODO) o 株式会社データアステル: 山田 直樹(エグゼクティブスポンサー)、 佐藤 健一(PM)、鈴木 美咲(リード DS)、池田 恒一(QA) 2. 議題 1. 最終成果物(最終報告書/分析補足資料/再現性情報)の提示と検収判定 2. 最終モデル評価結果(事前/事後モデルの比較、主要指標)の確認 3. 重要変数・セグメント示唆および公平性(初期確認)レポートの確認 4. 監査証跡・再現手順のデリバリー状況確認とクライアント検証方法の合意 5. 検収完了条件、支払スケジュール確認、次段階(パイロット/本番検討) アクション合意
京橋信用ソリューションズ株式会社,meeting_minutes,data/processed/share/share/共有ドライブ/プロジェクト/京橋信用ソリューションズ株式会社/05.会議/会議録/会議録_2025-11-11.pdf.md,会議録_2025-11-11.pdf.md,M03,2025-11-11,2,False,False,False,False,"3. 主要議論 • 成果物提示 o 最終報告書(提出日: 2025-11-11)、分析補足資料、 artifacts/analysis_outputs(metrics.json, run_summary.json 等)、監 査証跡台帳を提示。主要指標は AUC≈0.925、 Precision@Top10%≈0.589 等であることを確認。 • モデル系統・評価 o 事前判断モデル(duration 除外)と事後分析モデル(duration 含有) を明確に分離して提示。両者の比較結果・用途を再確認。 • 重要変数・セグメント示唆 o 重要変数ランキングおよび上位スコア群のセグメント示唆を提示。 営業での優先接触対象(上位 10%等)を運用候補として合意。 • 公平性(初期確認) o age 等の属性について初期の差分指標を提示。深掘り分析(属性別の 更なるバイアス検証)は追加作業で対応する合意。 • 再現性・監査証跡 o run 再現手順、前処理スクリプト、成果物版管理を artifacts に格納済。 クライアント側での再現確認方法(デモ実行または手順に沿った実 行確認)を合意。 • 検収・支払 o 検収完了判定の運用(下記決定事項参照)を合意。支払スケジュー ル(検収金処理)は契約に従うが、請求/入金トレースの確認を実施 する旨確認。 • 保持事項"
京橋信用ソリューションズ株式会社,meeting_minutes,data/processed/share/share/共有ドライブ/プロジェクト/京橋信用ソリューションズ株式会社/05.会議/会議録/会議録_2025-11-11.pdf.md,会議録_2025-11-11.pdf.md,M01,2025-11-11,3,True,True,False,False,o prior の合意事項(業務目的、data.csv を正本、pdays=-1 / unknown の 扱い、duration 切り分け、評価指標)は本会議で再確認・継続。 4. 進捗サマリ • 納品物(提出済): 最終報告書(本議事録作成時点で提出済 : 2025-11-11)、 分析補足資料、再現性管理情報 (artifacts/analysis_outputs/run_summary.json、metrics.json)、議事録 (M01/M02/M03) • 主な数値(reference: artifacts/analysis_outputs/metrics.json): AUC=0.92495、Precision@Top10%=0.58932、Accuracy≈0.89993、 Brier≈0.06627 • prior open actions の処理状況(概要) o A01/A02/A03/A07/A08/A09/A10 は本会議時点で成果物出力・台帳登 録・議事録作成等により完了と判断(下段で個別に記載)。 o A06(着手金請求・支払フォロー)は契約上の期日(2025-10-08)が 過ぎているため、検収側で最終支払状況の確認が必要(Open)。 • 次段階提案(合意事項): 短期パイロット(限定範囲・4–8 週間)実施の検 討、別途見積による本番実装/API 化の提案準備 5. 決定事項 1. 最終成果物の受入方式: 「条件付き受入」を決定。検収完了条件は以下を満 たすこと。承認者: 高橋 恒一(課長) o 検収完了条件(3 点) 1) 監査証跡台帳(成果物一覧・版管理・実行ログ)が artifacts に格納され、アクセス可能であること(乙が提示 → 甲が確認)
京橋信用ソリューションズ株式会社,meeting_minutes,data/processed/share/share/共有ドライブ/プロジェクト/京橋信用ソリューションズ株式会社/05.会議/会議録/会議録_2025-11-11.pdf.md,会議録_2025-11-11.pdf.md,M01,2025-11-11,4,False,True,False,False,2) run 再現手順の実行確認(甲による実行検証または乙によるデ モ実行で問題無きこと) 3) 支払処理に係る経理トレース(着手金請求・入金確認、検収 金請求手続き状況)の確認 o 検収可否の確定期限: 2025-11-12(MS7 に準拠) 2. 業務利用上の留意点(合意) o 事前接触判断には必ず duration を除外したモデルを使用すること (情報リーク防止)。 o パイロット運用(上位 10%を高優先)を短期実施し、実績で閾値・ 運用ルールを調整すること。 o モデル出力には主要寄与要因(上位 3 要因程度)を併記して営業の 説明性を担保すること。 3. 次段階アクション(合意) o 甲→乙でパイロット要件の確定(範囲・KPI・A/B 設計)を実施し、 別途見積を経て本番化検討を進める。 4. 検収完了条件の確認方法(合意) o 上記 3 点の確認完了後、甲が検収可/不可を最終判断する。可の場 合は検収金請求を乙が行う。 変更: なし(M01/M02 で合意した主要事項・方針の変更は無い) 6. アクションアイテム ID Action Owner Due Date Status A01 M01 議事録 作成・配布 佐藤 健一 2025-10-03 Closed
京橋信用ソリューションズ株式会社,meeting_minutes,data/processed/share/share/共有ドライブ/プロジェクト/京橋信用ソリューションズ株式会社/05.会議/会議録/会議録_2025-11-11.pdf.md,会議録_2025-11-11.pdf.md,M02,2025-11-11,5,False,True,False,False,ID Action Owner Due Date Status (単一正本 への登録含 む) A02 単一正本を 版管理リポ ジトリに登 録し、アク セス権・監 査証跡台帳 を初期化 佐藤 健一 2025-10-03 Closed A03 data.csv 受 領の最終記 録および data.md の 正式受領 (署名/受領 トレース) 斎藤 悠斗 / 井上 里奈 2025-10-02 Closed A06 着手金請求 ・支払フォ ロー(請求 書送付・経 理確認) 佐藤 健一 / 高橋 恒一 2025-10-08 Open A07 週次進捗・ MS2・M02 の会議招集 (招待送付 ・アジェン ダ確定) 佐藤 健一 2025-10-03 Closed
京橋信用ソリューションズ株式会社,meeting_minutes,data/processed/share/share/共有ドライブ/プロジェクト/京橋信用ソリューションズ株式会社/05.会議/会議録/会議録_2025-11-11.pdf.md,会議録_2025-11-11.pdf.md,M03,2025-11-11,6,False,True,False,False,ID Action Owner Due Date Status A08 artifacts/run _summary.js on・ metrics.json の再現手順 確認と出力 保全 斎藤 悠斗 2025-10-03 Closed A09 比較対象モ デルの最終 実装・評価 実行 (LR/GBM/( 必要時)RF) と出力 鈴木 美咲 2025-11-05 Closed A10 中間報告の 指摘事項を 整理し、最 終報告へ反 映する方針 作成 井上 里奈 / 佐藤 健一 2025-10-31 Closed A11 検収判定 (監査証跡 確認・再現 手順検証) を実施し検 収可否を確 定する 高橋 恒一 / 佐藤 健一 2025-11-12 Open A12 検収金請求 ・支払処理 佐藤 健一 / 高橋 恒一 2025-11-18 Open
京橋信用ソリューションズ株式会社,meeting_minutes,data/processed/share/share/共有ドライブ/プロジェクト/京橋信用ソリューションズ株式会社/05.会議/会議録/会議録_2025-11-11.pdf.md,会議録_2025-11-11.pdf.md,M01,2025-11-11,7,False,True,False,False,ID Action Owner Due Date Status (請求書発 行・経理ト レース)を 実行する A13 パイロット 運用設計 (対象・KPI ・A/B 設計 ・見積)を 作成し提案 する 佐藤 健一 / 鈴木 美咲 2025-12-05 Open A14 公平性(属 性別の初期 バイアス) に関する追 加分析レポ ートを作成 する 鈴木 美咲 / 池田 恒一 2025-11-20 Open 注記(アクションのクローズ/スコープ変更理由) - A01: Closed — M01 議事録は 配布済みかつ単一正本へ登録(artifacts/meeting_minutes/会議録_2025-10- 01.md)。記録と承認済のため完了と判断。 - A02: Closed — 単一正本(プロジェクト概要書)の版管理リポジトリ登録および 監査証跡台帳初期化を完了(成果物保管・アクセス設定済)。 - A03: Closed — data.csv と data.md の受領トレースは artifacts に保存済(受領記 録完了)。 - A07/A08/A09/A10: Closed — 週次の招集実施、再現手順の整備、比較モデル評価、 及び中間指摘の反映は最終報告に反映済のため完了判定。
京橋信用ソリューションズ株式会社,meeting_minutes,data/processed/share/share/共有ドライブ/プロジェクト/京橋信用ソリューションズ株式会社/05.会議/会議録/会議録_2025-11-11.pdf.md,会議録_2025-11-11.pdf.md,M03,2025-11-11,8,False,True,False,False,- A06: Open(期日 2025-10-08 は原表記のまま維持) — 着手金支払状況の公式トレ ース確認が未完のため継続。A11/A12 により検収側と会計処理の確認を行う。 7. リスクと懸念事項 • 未解決事項 / Open Issues 1. 支払トレース不確定(A06): 着手金・検収金の入金確認が必要。 Owner: 佐藤健一 / 高橋 恒一。対応: A11/A12 にて検収確定と請求処理 を実行。 2. クライアント側での再現検証待ち: 甲側での実行確認ファイル/実行 ログ確認が必要(A11)。 3. 公平性の深掘り要望: age 等の属性別バイアスの更なる分析要求が想 定(A14)。 • 主要リスク(継続) o 情報リーク(duration): 事前判断用途での誤使用リスク。対策: 用途 別モデル運用ルールの徹底(実装前にアクセス制御・運用手順を整 備)。Owner: 高橋 / 佐藤。 o 単一データ依存: 外部データが無いため外的要因未考慮のリスク。対 策: 本成果は優先順位付け支援として位置付け、追加データ取り込み は別契約で検討。Owner: 甲/乙。 o モデルドリフト未検知: 本番運用時の監視未整備はリスク。対策: パ イロット中に監視指標を定義・実装(A13)。Owner: 佐藤 / 鈴木。 • 優先対応 o 直近: A11(検収判定)を最優先で実施し、検収可否および A12(請 求処理)に連携。期日厳守。
京橋信用ソリューションズ株式会社,meeting_minutes,data/processed/share/share/共有ドライブ/プロジェクト/京橋信用ソリューションズ株式会社/05.会議/会議録/会議録_2025-11-11.pdf.md,会議録_2025-11-11.pdf.md,M03,2025-11-11,9,False,True,False,False,"8. クロージング • クロージング決定事項 o 本会議をもって「最終報告書および関連成果物を提出」したことを 確認。検収の最終可否は 2025-11-12(A11)で確定する。 o 検収完了(受入)後、契約に基づき乙が検収金請求を実施し( A12)、 支払処理を行う。 • 引き継ぎ(ハンドオーバー)状況 o 成果物保管場所(参照): artifacts/analysis_outputs/, artifacts/reports/, artifacts/meeting_minutes/ に最終版を格納済。ア クセス権は単一正本の管理に従う。 o 再現性資料・前処理コード・実行ログ: artifacts に保存済。甲による 再現確認(A11)を経てクローズ。 o パイロット/本番化の要望・問い合わせは、甲側窓口: 高橋 恒一(課 長)→ 乙側窓口: 佐藤 健一(PM)で対応するルートで合意。 • ポストプロジェクト連絡先(運用後サポート/見積依頼) o 株式会社データアステル(乙): 佐藤 健一(PM、窓口) o 京橋信用ソリューションズ(甲): 高橋 恒一(課長、検収窓口) • 備考 o 本会議で合意した次段階(パイロット設計、追加公平性分析、検収 処理)は上記アクションにて管理する。検収可否判定後にプロジェ クトは正式クローズとなる。 以上、M03(最終報告・検収会)の議事録を作成しました。"
京橋信用ソリューションズ株式会社,report_pack,data/processed/share/share/共有ドライブ/プロジェクト/京橋信用ソリューションズ株式会社/05.会議/報告資料/報告資料_2025-10-01.docx.md,報告資料_2025-10-01.docx.md,M01,2025-10-01,1,False,False,False,True,# Word Markdown: 報告資料_2025-10-01.docx ## Source - raw_path: `share/共有ドライブ/プロジェクト/京橋信用ソリューションズ株式会社/05.会議/報告資料/報告資料_2025-10-01.docx` - source_sha1: `20e6c8c47f0425e8eb9f8c824481f42d183ae21e` - paragraph_count: 83 - table_count: 0 - image_count: 0 ## Body <!-- block_index=1 type=paragraph style=Heading 1 --> ## 分析進捗報告書 <!-- block_index=2 type=paragraph style=Heading 2 --> ## 1. 報告サマリー <!-- block_index=3 type=paragraph style=Compact --> チェックポイント: M01(キックオフ)実施日 2025-10-01 <!-- block_index=4 type=paragraph style=Compact --> 報告対象期間: 2025-10-01 ~ 2025-10-01 <!-- block_index=5 type=paragraph style=Compact --> 当日状況(要旨): <!-- block_index=6 type=paragraph style=Compact --> キックオフ(M01)を実施(会議自体は計画どおり、ただし議事録は未作成/保存されていません)。 <!-- block_index=7 type=paragraph style=Compact --> キックオフ時点では、分析結果ではなく前提確認・データ受領・レビュー計画を共有する。 <!-- block_index=8 type=paragraph style=Compact --> 決定待ち項目(業務目的の最終確定、カラム定義の正式承認、レビュー日程・検収窓口など)は未だ正式記録がないためフォローが必要です(詳細は「未解決事項」参照)。 <!-- block_index=9 type=paragraph style=Heading 2 --> ## 2. 進捗状況 <!-- block_index=10 type=paragraph style=Compact --> マイルストーン対応状況(スケジュール参照) <!-- block_index=11 type=paragraph style=Compact --> MS1 キックオフ完了(予定日: 2025-10-01): 実施済(会議は開催、議事録未提出) <!-- block_index
京橋信用ソリューションズ株式会社,report_pack,data/processed/share/share/共有ドライブ/プロジェクト/京橋信用ソリューションズ株式会社/05.会議/報告資料/報告資料_2025-10-29.docx.md,報告資料_2025-10-29.docx.md,M02,2025-10-29,1,False,True,False,True,"# Word Markdown: 報告資料_2025-10-29.docx ## Source - raw_path: `share/共有ドライブ/プロジェクト/京橋信用ソリューションズ株式会社/05.会議/報告資料/報告資料_2025-10-29.docx` - source_sha1: `5708108e4e8d073214c148baad893a2c6738d904` - paragraph_count: 125 - table_count: 0 - image_count: 0 ## Body <!-- block_index=1 type=paragraph style=Heading 1 --> ## 分析進捗報告書 <!-- block_index=2 type=paragraph style=First Paragraph --> 会議ID: M02(中間報告) 会議日: 2025-10-29 報告対象期間: 2025-10-01 ~ 2025-10-29 <!-- block_index=3 type=paragraph style=Normal --> <!-- block_index=4 type=paragraph style=Heading 2 --> ## 1. 報告サマリー <!-- block_index=5 type=paragraph style=Compact --> 本中間チェックポイント(M02)時点で、データ受領・EDA・モデル比較を実施し、成果物(artifacts/analysis_outputs/experiments/leaderboard.csv 等)を出力しています(出力参照: artifacts/analysis_outputs/experiments)。 <!-- block_index=6 type=paragraph style=Compact --> 代表的評価指標(leaderboard.csv の trial_index 1〜5 より): <!-- block_index=7 type=paragraph style=Compact --> レコード数: 27,128 件 <!-- block_index=8 type=paragraph style=Compact --> 学習行数(train_rows): 21,702 件 <!-- block_index=9 type=paragraph style=Compact --> 検証行数(test_rows): 5,426 件 <!-- block_index=10 type=paragraph style=Compact --> モデル種別: random_forest(trial_index 1〜5 の最良) <!-- block_i"
医療法人社団 恒一会 かえで総合病院,meeting_minutes,data/processed/share/share/共有ドライブ/プロジェクト/医療法人社団 恒一会 かえで総合病院/05.会議/会議録/会議録_2025-09-02.docx.md,会議録_2025-09-02.docx.md,M01,2025-09-02,1,True,True,False,True,# Word Markdown: 会議録_2025-09-02.docx ## Source - raw_path: `share/共有ドライブ/プロジェクト/医療法人社団 恒一会 かえで総合病院/05.会議/会議録/会議録_2025-09-02.docx` - source_sha1: `e12b16f00aa75918dad7547f0b93313b448b6ac3` - paragraph_count: 67 - table_count: 1 - image_count: 0 ## Body <!-- block_index=1 type=paragraph style=Heading 1 --> ## 会議録 <!-- block_index=2 type=paragraph style=Heading 2 --> ## 1. 会議情報 <!-- block_index=3 type=paragraph style=Compact --> 会議ID: M01 <!-- block_index=4 type=paragraph style=Compact --> 種類: キックオフ <!-- block_index=5 type=paragraph style=Compact --> 日付: 2025-09-02 <!-- block_index=6 type=paragraph style=Compact --> 目的: プロジェクト開始にあたり目的変数 disease の定義とスコープ、成果物、進め方を確認し、データ受領と初期課題管理を開始する <!-- block_index=7 type=paragraph style=Compact --> 出席者: <!-- block_index=8 type=paragraph style=Compact --> 顧客(医療法人社団 恒一会 かえで総合病院)主担当: 柴田 海斗(室長) <!-- block_index=9 type=paragraph style=Compact --> 医療情報分析室 関係者: TODO <!-- block_index=10 type=paragraph style=Compact --> 株式会社データアステル: 佐藤 健一(PM)、山本 彩乃(リードDS)、斎藤 悠斗(データエンジニア) <!-- block_index=11 type=paragraph style=Compact --> 他(参照用): 松本 真央(ビジネスアナリスト)、池田 直哉(QAレビューア)※いずれもプロジェクト体制参照 <!-- block_index=12 type=paragraph style=Heading 2 --> ## 2. 議題 <!-- block_index=1
医療法人社団 恒一会 かえで総合病院,meeting_minutes,data/processed/share/share/共有ドライブ/プロジェクト/医療法人社団 恒一会 かえで総合病院/05.会議/会議録/会議録_2025-09-16.docx.md,会議録_2025-09-16.docx.md,M02,2025-09-16,1,True,True,False,True,# Word Markdown: 会議録_2025-09-16.docx ## Source - raw_path: `share/共有ドライブ/プロジェクト/医療法人社団 恒一会 かえで総合病院/05.会議/会議録/会議録_2025-09-16.docx` - source_sha1: `b9c145f072d7a5f9d7a6efc2640fd7288a7e4638` - paragraph_count: 75 - table_count: 1 - image_count: 0 ## Body <!-- block_index=1 type=paragraph style=Heading 1 --> ## 会議録 <!-- block_index=2 type=paragraph style=Heading 2 --> ## 1. 会議情報 <!-- block_index=3 type=paragraph style=Compact --> 会議ID: M02 <!-- block_index=4 type=paragraph style=Compact --> 種類: 中間レビュー <!-- block_index=5 type=paragraph style=Compact --> 日付: 2025-09-16 <!-- block_index=6 type=paragraph style=Compact --> 目的: 第3週の節目でデータ理解結果、前処理方針、初期モデル評価を共有し、Recall重視の評価観点で論点整理を行う <!-- block_index=7 type=paragraph style=Compact --> 期待決定事項: 前処理方針の確定/比較対象モデルの継続候補選定/中間論点と追加確認事項の合意 <!-- block_index=8 type=paragraph style=Compact --> 出席者: <!-- block_index=9 type=paragraph style=Compact --> 顧客主担当: 柴田 海斗(室長) <!-- block_index=10 type=paragraph style=Compact --> 医療情報分析室 関係者: 医療側関係者(参加者名は顧客側にて追加共有) <!-- block_index=11 type=paragraph style=Compact --> 株式会社データアステル: 佐藤 健一(PM)、山本 彩乃(リードDS)、松本 真央(ビジネスアナリスト)、斎藤 悠斗(データエンジニア)、池田 直哉(QA) <!-- block_index=12 type=paragraph style=Heading 2 --> ## 2. 議題 <!-- bloc
医療法人社団 恒一会 かえで総合病院,meeting_minutes,data/processed/share/share/共有ドライブ/プロジェクト/医療法人社団 恒一会 かえで総合病院/05.会議/会議録/会議録_2025-09-30.docx.md,会議録_2025-09-30.docx.md,M03,2025-09-30,1,True,True,True,True,# Word Markdown: 会議録_2025-09-30.docx ## Source - raw_path: `share/共有ドライブ/プロジェクト/医療法人社団 恒一会 かえで総合病院/05.会議/会議録/会議録_2025-09-30.docx` - source_sha1: `4c80f60311ead4c0b133cbf97c7276316920cc70` - paragraph_count: 82 - table_count: 1 - image_count: 0 ## Body <!-- block_index=1 type=paragraph style=Heading 1 --> ## 会議録 <!-- block_index=2 type=paragraph style=Heading 2 --> ## 1. 会議情報 <!-- block_index=3 type=paragraph style=Compact --> 会議ID: M03 <!-- block_index=4 type=paragraph style=Compact --> 種類: 最終報告会 <!-- block_index=5 type=paragraph style=Compact --> 日付: 2025-09-30 <!-- block_index=6 type=paragraph style=Compact --> 目的: 第5週の最終成果確認として分析結果と解釈と業務活用可否判断材料を報告し納品前の最終確認を行う <!-- block_index=7 type=paragraph style=Compact --> 出席者: <!-- block_index=8 type=paragraph style=Compact --> 顧客(医療法人社団 恒一会 かえで総合病院)主担当: 柴田 海斗(室長) <!-- block_index=9 type=paragraph style=Compact --> 医療情報分析室 責任者: TODO <!-- block_index=10 type=paragraph style=Compact --> エグゼクティブスポンサー: 山田 直樹(株式会社データアステル) <!-- block_index=11 type=paragraph style=Compact --> PM: 佐藤 健一(株式会社データアステル) <!-- block_index=12 type=paragraph style=Compact --> リードDS: 山本 彩乃(株式会社データアステル) <!-- block_index=13 type=paragraph style=Compact --> ビジネスアナリスト: 松本 真央(株
医療法人社団 恒一会 かえで総合病院,report_pack,data/processed/share/share/共有ドライブ/プロジェクト/医療法人社団 恒一会 かえで総合病院/05.会議/報告資料/報告資料_2025-09-02.docx.md,報告資料_2025-09-02.docx.md,M01,2025-09-02,1,False,False,False,True,# Word Markdown: 報告資料_2025-09-02.docx ## Source - raw_path: `share/共有ドライブ/プロジェクト/医療法人社団 恒一会 かえで総合病院/05.会議/報告資料/報告資料_2025-09-02.docx` - source_sha1: `3f6905c4f91c2a0a868730235b7fcc34fd70c884` - paragraph_count: 90 - table_count: 0 - image_count: 0 ## Body <!-- block_index=1 type=paragraph style=Heading 1 --> ## 分析進捗報告書 <!-- block_index=2 type=paragraph style=First Paragraph --> (チェックポイント: M01 キックオフ / 日付: 2025-09-02 / 報告対象期間: 2025-09-02 to 2025-09-02) (ステージ: kickoff / 実装状況: planning_only / 実験結果可視性: no_model_results) <!-- block_index=3 type=paragraph style=Normal --> <!-- block_index=4 type=paragraph style=Heading 2 --> ## 1. 報告サマリー <!-- block_index=5 type=paragraph style=Compact --> 2025-09-02 にキックオフ(Meeting ID: M01)を実施(本報告は当日状態の中間報告)。Report facts JSON の checkpoint による記録を基に作成。 <!-- block_index=6 type=paragraph style=Compact --> 現時点は「キックオフ/立上げ段階(pre-implementation)」であり、モデル学習や評価スコアは未実施・未報告です(analysis.checkpoint_stage = “kickoff”、results_visibility = “no_model_results”、implementation_status = “planning_only”)。 <!-- block_index=7 type=paragraph style=Compact --> 直近の運用事項は「分析計画書の確定」「データ受領・読込確認」「初期課題の管理開始」であり、優先的に着手します。 <!-- block_index=8 type=paragraph style=Compact --> 既知のオープンアクションは公式記録上 
医療法人社団 恒一会 かえで総合病院,report_pack,data/processed/share/share/共有ドライブ/プロジェクト/医療法人社団 恒一会 かえで総合病院/05.会議/報告資料/報告資料_2025-09-16.docx.md,報告資料_2025-09-16.docx.md,M02,2025-09-16,1,False,True,False,True,# Word Markdown: 報告資料_2025-09-16.docx ## Source - raw_path: `share/共有ドライブ/プロジェクト/医療法人社団 恒一会 かえで総合病院/05.会議/報告資料/報告資料_2025-09-16.docx` - source_sha1: `1ee371126fa3b54feba9a916ae7a235dd627f53f` - paragraph_count: 99 - table_count: 0 - image_count: 0 ## Body <!-- block_index=1 type=paragraph style=Heading 1 --> ## 分析進捗報告書 <!-- block_index=2 type=paragraph style=Heading 2 --> ## 1. 報告サマリー <!-- block_index=3 type=paragraph style=Compact --> チェックポイント: M02(中間レビュー) <!-- block_index=4 type=paragraph style=Compact --> 会議日: 2025-09-16 <!-- block_index=5 type=paragraph style=Compact --> 報告対象期間: 2025-09-02 ~ 2025-09-16 <!-- block_index=6 type=paragraph style=Compact --> 本報告の分析段階: interim(中間) — 本中間段階では Report facts JSON.analysis.checkpoint_stage に従い、visible_trials(trial_index 1〜5)で公開された実験結果のみを引用しています。最終的なチャンピオンモデルや最終スコアは本中間報告では扱いません。 <!-- block_index=7 type=paragraph style=Compact --> 主要現状要約: <!-- block_index=8 type=paragraph style=Compact --> 初期の線形系ベースライン系列の比較試行(visible trials = 5)を実施し、trial_index=4(T04: threshold_tuned_linear)が現在のベスト(可視領域)として確認されています。 <!-- block_index=9 type=paragraph style=Compact --> モデル評価(可視領域)は f1_macro を主指標とし、T04 の f1_macro = 0.7329671168078127、accuracy = 0.735714285714285
医療法人社団 蒼樹会 みなみ野女性医療センター,meeting_minutes,data/processed/share/share/共有ドライブ/プロジェクト/医療法人社団 蒼樹会 みなみ野女性医療センター/05.会議/会議録/会議録_2025-04-03.pdf.md,会議録_2025-04-03.pdf.md,,2025-04-03,1,False,False,False,False,[no text extracted]
医療法人社団 蒼樹会 みなみ野女性医療センター,meeting_minutes,data/processed/share/share/共有ドライブ/プロジェクト/医療法人社団 蒼樹会 みなみ野女性医療センター/05.会議/会議録/会議録_2025-04-03.pdf.md,会議録_2025-04-03.pdf.md,,2025-04-03,2,False,False,False,False,[no text extracted]
医療法人社団 蒼樹会 みなみ野女性医療センター,meeting_minutes,data/processed/share/share/共有ドライブ/プロジェクト/医療法人社団 蒼樹会 みなみ野女性医療センター/05.会議/会議録/会議録_2025-04-03.pdf.md,会議録_2025-04-03.pdf.md,,2025-04-03,3,False,False,False,False,[no text extracted]
医療法人社団 蒼樹会 みなみ野女性医療センター,meeting_minutes,data/processed/share/share/共有ドライブ/プロジェクト/医療法人社団 蒼樹会 みなみ野女性医療センター/05.会議/会議録/会議録_2025-04-03.pdf.md,会議録_2025-04-03.pdf.md,,2025-04-03,4,False,False,False,False,[no text extracted]
医療法人社団 蒼樹会 みなみ野女性医療センター,meeting_minutes,data/processed/share/share/共有ドライブ/プロジェクト/医療法人社団 蒼樹会 みなみ野女性医療センター/05.会議/会議録/会議録_2025-04-03.pdf.md,会議録_2025-04-03.pdf.md,,2025-04-03,5,False,False,False,False,[no text extracted]
医療法人社団 蒼樹会 みなみ野女性医療センター,meeting_minutes,data/processed/share/share/共有ドライブ/プロジェクト/医療法人社団 蒼樹会 みなみ野女性医療センター/05.会議/会議録/会議録_2025-04-03.pdf.md,会議録_2025-04-03.pdf.md,,2025-04-03,6,False,False,False,False,[no text extracted]
医療法人社団 蒼樹会 みなみ野女性医療センター,meeting_minutes,data/processed/share/share/共有ドライブ/プロジェクト/医療法人社団 蒼樹会 みなみ野女性医療センター/05.会議/会議録/会議録_2025-04-24.pdf.md,会議録_2025-04-24.pdf.md,,2025-04-24,1,False,False,False,False,[no text extracted]
医療法人社団 蒼樹会 みなみ野女性医療センター,meeting_minutes,data/processed/share/share/共有ドライブ/プロジェクト/医療法人社団 蒼樹会 みなみ野女性医療センター/05.会議/会議録/会議録_2025-04-24.pdf.md,会議録_2025-04-24.pdf.md,,2025-04-24,2,False,False,False,False,[no text extracted]
医療法人社団 蒼樹会 みなみ野女性医療センター,meeting_minutes,data/processed/share/share/共有ドライブ/プロジェクト/医療法人社団 蒼樹会 みなみ野女性医療センター/05.会議/会議録/会議録_2025-04-24.pdf.md,会議録_2025-04-24.pdf.md,,2025-04-24,3,False,False,False,False,[no text extracted]
医療法人社団 蒼樹会 みなみ野女性医療センター,meeting_minutes,data/processed/share/share/共有ドライブ/プロジェクト/医療法人社団 蒼樹会 みなみ野女性医療センター/05.会議/会議録/会議録_2025-04-24.pdf.md,会議録_2025-04-24.pdf.md,,2025-04-24,4,False,False,False,False,[no text extracted]
医療法人社団 蒼樹会 みなみ野女性医療センター,meeting_minutes,data/processed/share/share/共有ドライブ/プロジェクト/医療法人社団 蒼樹会 みなみ野女性医療センター/05.会議/会議録/会議録_2025-04-24.pdf.md,会議録_2025-04-24.pdf.md,,2025-04-24,5,False,False,False,False,[no text extracted]
医療法人社団 蒼樹会 みなみ野女性医療センター,meeting_minutes,data/processed/share/share/共有ドライブ/プロジェクト/医療法人社団 蒼樹会 みなみ野女性医療センター/05.会議/会議録/会議録_2025-04-24.pdf.md,会議録_2025-04-24.pdf.md,,2025-04-24,6,False,False,False,False,[no text extracted]
医療法人社団 蒼樹会 みなみ野女性医療センター,meeting_minutes,data/processed/share/share/共有ドライブ/プロジェクト/医療法人社団 蒼樹会 みなみ野女性医療センター/05.会議/会議録/会議録_2025-05-15.pdf.md,会議録_2025-05-15.pdf.md,,2025-05-15,1,False,False,False,False,[no text extracted]
医療法人社団 蒼樹会 みなみ野女性医療センター,meeting_minutes,data/processed/share/share/共有ドライブ/プロジェクト/医療法人社団 蒼樹会 みなみ野女性医療センター/05.会議/会議録/会議録_2025-05-15.pdf.md,会議録_2025-05-15.pdf.md,,2025-05-15,2,False,False,False,False,[no text extracted]
医療法人社団 蒼樹会 みなみ野女性医療センター,meeting_minutes,data/processed/share/share/共有ドライブ/プロジェクト/医療法人社団 蒼樹会 みなみ野女性医療センター/05.会議/会議録/会議録_2025-05-15.pdf.md,会議録_2025-05-15.pdf.md,,2025-05-15,3,False,False,False,False,[no text extracted]
医療法人社団 蒼樹会 みなみ野女性医療センター,meeting_minutes,data/processed/share/share/共有ドライブ/プロジェクト/医療法人社団 蒼樹会 みなみ野女性医療センター/05.会議/会議録/会議録_2025-05-15.pdf.md,会議録_2025-05-15.pdf.md,,2025-05-15,4,False,False,False,False,[no text extracted]
医療法人社団 蒼樹会 みなみ野女性医療センター,meeting_minutes,data/processed/share/share/共有ドライブ/プロジェクト/医療法人社団 蒼樹会 みなみ野女性医療センター/05.会議/会議録/会議録_2025-05-15.pdf.md,会議録_2025-05-15.pdf.md,,2025-05-15,5,False,False,False,False,[no text extracted]
医療法人社団 蒼樹会 みなみ野女性医療センター,meeting_minutes,data/processed/share/share/共有ドライブ/プロジェクト/医療法人社団 蒼樹会 みなみ野女性医療センター/05.会議/会議録/会議録_2025-05-15.pdf.md,会議録_2025-05-15.pdf.md,,2025-05-15,6,False,False,False,False,[no text extracted]
医療法人社団 蒼樹会 みなみ野女性医療センター,report_pack,data/processed/share/share/共有ドライブ/プロジェクト/医療法人社団 蒼樹会 みなみ野女性医療センター/05.会議/報告資料/報告資料_2025-04-03.pdf.md,報告資料_2025-04-03.pdf.md,,2025-04-03,1,False,False,False,False,[no text extracted]
医療法人社団 蒼樹会 みなみ野女性医療センター,report_pack,data/processed/share/share/共有ドライブ/プロジェクト/医療法人社団 蒼樹会 みなみ野女性医療センター/05.会議/報告資料/報告資料_2025-04-03.pdf.md,報告資料_2025-04-03.pdf.md,,2025-04-03,2,False,False,False,False,[no text extracted]
医療法人社団 蒼樹会 みなみ野女性医療センター,report_pack,data/processed/share/share/共有ドライブ/プロジェクト/医療法人社団 蒼樹会 みなみ野女性医療センター/05.会議/報告資料/報告資料_2025-04-03.pdf.md,報告資料_2025-04-03.pdf.md,,2025-04-03,3,False,False,False,False,[no text extracted]
医療法人社団 蒼樹会 みなみ野女性医療センター,report_pack,data/processed/share/share/共有ドライブ/プロジェクト/医療法人社団 蒼樹会 みなみ野女性医療センター/05.会議/報告資料/報告資料_2025-04-03.pdf.md,報告資料_2025-04-03.pdf.md,,2025-04-03,4,False,False,False,False,[no text extracted]
医療法人社団 蒼樹会 みなみ野女性医療センター,report_pack,data/processed/share/share/共有ドライブ/プロジェクト/医療法人社団 蒼樹会 みなみ野女性医療センター/05.会議/報告資料/報告資料_2025-04-03.pdf.md,報告資料_2025-04-03.pdf.md,,2025-04-03,5,False,False,False,False,[no text extracted]
医療法人社団 蒼樹会 みなみ野女性医療センター,report_pack,data/processed/share/share/共有ドライブ/プロジェクト/医療法人社団 蒼樹会 みなみ野女性医療センター/05.会議/報告資料/報告資料_2025-04-24.pdf.md,報告資料_2025-04-24.pdf.md,,2025-04-24,1,False,False,False,False,[no text extracted]
医療法人社団 蒼樹会 みなみ野女性医療センター,report_pack,data/processed/share/share/共有ドライブ/プロジェクト/医療法人社団 蒼樹会 みなみ野女性医療センター/05.会議/報告資料/報告資料_2025-04-24.pdf.md,報告資料_2025-04-24.pdf.md,,2025-04-24,2,False,False,False,False,[no text extracted]
医療法人社団 蒼樹会 みなみ野女性医療センター,report_pack,data/processed/share/share/共有ドライブ/プロジェクト/医療法人社団 蒼樹会 みなみ野女性医療センター/05.会議/報告資料/報告資料_2025-04-24.pdf.md,報告資料_2025-04-24.pdf.md,,2025-04-24,3,False,False,False,False,[no text extracted]
医療法人社団 蒼樹会 みなみ野女性医療センター,report_pack,data/processed/share/share/共有ドライブ/プロジェクト/医療法人社団 蒼樹会 みなみ野女性医療センター/05.会議/報告資料/報告資料_2025-04-24.pdf.md,報告資料_2025-04-24.pdf.md,,2025-04-24,4,False,False,False,False,[no text extracted]
医療法人社団 蒼樹会 みなみ野女性医療センター,report_pack,data/processed/share/share/共有ドライブ/プロジェクト/医療法人社団 蒼樹会 みなみ野女性医療センター/05.会議/報告資料/報告資料_2025-04-24.pdf.md,報告資料_2025-04-24.pdf.md,,2025-04-24,5,False,False,False,False,[no text extracted]
医療法人社団 蒼樹会 みなみ野女性医療センター,report_pack,data/processed/share/share/共有ドライブ/プロジェクト/医療法人社団 蒼樹会 みなみ野女性医療センター/05.会議/報告資料/報告資料_2025-04-24.pdf.md,報告資料_2025-04-24.pdf.md,,2025-04-24,6,False,False,False,False,[no text extracted]
医療法人社団 蒼泉会 ひがし丘総合病院,meeting_minutes,data/processed/share/share/共有ドライブ/プロジェクト/医療法人社団 蒼泉会 ひがし丘総合病院/05.会議/会議録/会議録_2025-07-08.docx.md,会議録_2025-07-08.docx.md,M01,2025-07-08,1,True,False,False,True,# Word Markdown: 会議録_2025-07-08.docx ## Source - raw_path: `share/共有ドライブ/プロジェクト/医療法人社団 蒼泉会 ひがし丘総合病院/05.会議/会議録/会議録_2025-07-08.docx` - source_sha1: `7fdc50ba1f02261d7118577aba8ff9420e80afec` - paragraph_count: 134 - table_count: 1 - image_count: 0 ## Body <!-- block_index=1 type=paragraph style=Heading 1 --> ## 会議録 <!-- block_index=2 type=paragraph style=Heading 2 --> ## 1. 会議情報 <!-- block_index=3 type=paragraph style=Compact --> **会議ID**: M01 <!-- block_index=4 type=paragraph style=Compact --> **会議種別**: キックオフ <!-- block_index=5 type=paragraph style=Compact --> **開催日**: 2025-07-08 <!-- block_index=6 type=paragraph style=Compact --> **目的**: プロジェクト開始時点で目的変数 charges の定義、対象範囲、5週間の進行計画、会議運営、医療データ取扱い上の留意点を確認し、分析着手条件をそろえる <!-- block_index=7 type=paragraph style=Compact --> **出席者**: <!-- block_index=8 type=paragraph style=Compact --> **クライアント** <!-- block_index=9 type=paragraph style=Compact --> 宮本 恒一 課長(医療法人社団 蒼泉会 ひがし丘総合病院 / 医療情報部 データ戦略推進課) <!-- block_index=10 type=paragraph style=Compact --> TODO(クライアント主担当以外の参加者名) <!-- block_index=11 type=paragraph style=Compact --> **ベンダー** <!-- block_index=12 type=paragraph style=Compact --> 加藤 大輔(PM) <!-- block_index=13 type=paragraph style=Compact --> 
医療法人社団 蒼泉会 ひがし丘総合病院,meeting_minutes,data/processed/share/share/共有ドライブ/プロジェクト/医療法人社団 蒼泉会 ひがし丘総合病院/05.会議/会議録/会議録_2025-07-22.docx.md,会議録_2025-07-22.docx.md,M02,2025-07-22,1,True,False,False,True,# Word Markdown: 会議録_2025-07-22.docx ## Source - raw_path: `share/共有ドライブ/プロジェクト/医療法人社団 蒼泉会 ひがし丘総合病院/05.会議/会議録/会議録_2025-07-22.docx` - source_sha1: `32c62a2a403c50e99caa50a328903856d05294d6` - paragraph_count: 127 - table_count: 1 - image_count: 0 ## Body <!-- block_index=1 type=paragraph style=Heading 1 --> ## 会議録 <!-- block_index=2 type=paragraph style=Heading 2 --> ## 1. 会議情報 <!-- block_index=3 type=paragraph style=Compact --> **会議ID**: M02 <!-- block_index=4 type=paragraph style=Compact --> **会議種別**: 中間報告 <!-- block_index=5 type=paragraph style=Compact --> **開催日**: 2025-07-22 <!-- block_index=6 type=paragraph style=Compact --> **目的**: 3週目マイルストーンとして、基礎集計、クラス不均衡の確認、初期モデル結果、重要変数の暫定傾向、高価格帯候補群の特徴仮説を共有し、最終化に向けた分析方針を固める <!-- block_index=7 type=paragraph style=Compact --> **出席者**: <!-- block_index=8 type=paragraph style=Compact --> **クライアント** <!-- block_index=9 type=paragraph style=Compact --> 宮本 恒一 課長(医療法人社団 蒼泉会 ひがし丘総合病院 / 医療情報部 データ戦略推進課) <!-- block_index=10 type=paragraph style=Compact --> TODO(必要に応じ主管部署レビュー参加者名) <!-- block_index=11 type=paragraph style=Compact --> **ベンダー** <!-- block_index=12 type=paragraph style=Compact --> 加藤 大輔(PM) <!-- block_index=13 type=paragraph style=Compact -
医療法人社団 蒼泉会 ひがし丘総合病院,meeting_minutes,data/processed/share/share/共有ドライブ/プロジェクト/医療法人社団 蒼泉会 ひがし丘総合病院/05.会議/会議録/会議録_2025-08-05.docx.md,会議録_2025-08-05.docx.md,M03,2025-08-05,1,True,False,False,True,# Word Markdown: 会議録_2025-08-05.docx ## Source - raw_path: `share/共有ドライブ/プロジェクト/医療法人社団 蒼泉会 ひがし丘総合病院/05.会議/会議録/会議録_2025-08-05.docx` - source_sha1: `832654795d204c77b49b6a3a1265b8c58029ddc7` - paragraph_count: 144 - table_count: 1 - image_count: 0 ## Body <!-- block_index=1 type=paragraph style=Heading 1 --> ## 会議録 <!-- block_index=2 type=paragraph style=Heading 2 --> ## 1. 会議情報 <!-- block_index=3 type=paragraph style=Compact --> **会議ID**: M03 <!-- block_index=4 type=paragraph style=Compact --> **会議種別**: 最終報告 <!-- block_index=5 type=paragraph style=Compact --> **開催日**: 2025-08-05 <!-- block_index=6 type=paragraph style=Compact --> **目的**: 5週目の完了ゲートとして、charges 3クラス分類の最終評価、重要変数、価格帯セグメント定義、高価格帯関連要因、再現可能な分析手順、制約と次フェーズ示唆を報告する <!-- block_index=7 type=paragraph style=Compact --> **出席者**: <!-- block_index=8 type=paragraph style=Compact --> **クライアント** <!-- block_index=9 type=paragraph style=Compact --> 宮本 恒一 課長(医療法人社団 蒼泉会 ひがし丘総合病院 / 医療情報部 データ戦略推進課) <!-- block_index=10 type=paragraph style=Compact --> TODO(医療情報部関係者名) <!-- block_index=11 type=paragraph style=Compact --> **ベンダー** <!-- block_index=12 type=paragraph style=Compact --> 山田 直樹(エグゼクティブスポンサー) <!-- block_index=13 type=paragraph style=Com
医療法人社団 蒼泉会 ひがし丘総合病院,report_pack,data/processed/share/share/共有ドライブ/プロジェクト/医療法人社団 蒼泉会 ひがし丘総合病院/05.会議/報告資料/報告資料_2025-07-08.docx.md,報告資料_2025-07-08.docx.md,M01,2025-07-08,1,False,False,False,True,# Word Markdown: 報告資料_2025-07-08.docx ## Source - raw_path: `share/共有ドライブ/プロジェクト/医療法人社団 蒼泉会 ひがし丘総合病院/05.会議/報告資料/報告資料_2025-07-08.docx` - source_sha1: `f88c6f4ab53ac49b53a8ffa1eb8fcb2b7adef2a3` - paragraph_count: 96 - table_count: 9 - image_count: 0 ## Body <!-- block_index=1 type=paragraph style=Heading 1 --> ## 分析進捗報告書 <!-- block_index=2 type=paragraph style=Heading 2 --> ## 1. 報告サマリー <!-- block_index=3 type=paragraph style=Compact --> 対象チェックポイントは **M01(2025-07-08、キックオフ)** です。 <!-- block_index=4 type=paragraph style=Compact --> 本報告は、**キックオフ時点の暫定状況**を整理したものであり、Report facts JSON.analysis.checkpoint_stage = kickoff に従い、**実装前・分析着手前の状態**として記載しています。 <!-- block_index=5 type=paragraph style=Compact --> 現時点の分析実装状況は **planning_only** であり、**モデル学習完了・評価完了・最終精度確定を示す段階ではありません**。 <!-- block_index=6 type=paragraph style=Compact --> キックオフで確認対象となる主要論点は、以下の4点です。 <!-- block_index=7 type=paragraph style=Compact --> 目的変数 charges の定義確認 <!-- block_index=8 type=paragraph style=Compact --> 対象範囲および除外列 id の扱い確認 <!-- block_index=9 type=paragraph style=Compact --> 評価指標(Accuracy、Macro F1、各クラス Precision / Recall)の確認 <!-- block_index=10 type=paragraph style=Compact --> 中間報告・最終報告の日程確認 <!-- block_index=11 type=paragr
医療法人社団 蒼泉会 ひがし丘総合病院,report_pack,data/processed/share/share/共有ドライブ/プロジェクト/医療法人社団 蒼泉会 ひがし丘総合病院/05.会議/報告資料/報告資料_2025-07-22.docx.md,報告資料_2025-07-22.docx.md,M02,2025-07-22,1,False,False,False,True,"# Word Markdown: 報告資料_2025-07-22.docx ## Source - raw_path: `share/共有ドライブ/プロジェクト/医療法人社団 蒼泉会 ひがし丘総合病院/05.会議/報告資料/報告資料_2025-07-22.docx` - source_sha1: `5d600b3d968acfb0c9c259dc723a6d51f54ac60e` - paragraph_count: 200 - table_count: 2 - image_count: 0 ## Body <!-- block_index=1 type=paragraph style=Heading 1 --> ## 分析進捗報告書 <!-- block_index=2 type=paragraph style=Heading 2 --> ## 1. 報告サマリー <!-- block_index=3 type=paragraph style=First Paragraph --> 本報告書は、**2025-07-22(M02:中間報告)時点**における「医療費関連の価格帯分類と要因分析プロジェクト」の進捗状況を整理した中間分析報告である。対象期間は **2025-07-08 ****~**** 2025-07-22** とする。 <!-- block_index=4 type=paragraph style=Body Text --> 現時点の到達状況は、Report facts JSON.analysis.checkpoint_stage = interim に従い、**データ理解・基礎集計および初期モデリング結果の共有段階**である。したがって、本報告では**中間時点で公開可能な試行結果(trial_index**** ****1~5)に限定**して記載し、最終採用モデル・最終評価結果・最終結論は示さない。 <!-- block_index=5 type=paragraph style=Body Text --> 進捗の要点は以下の通りである。 <!-- block_index=6 type=paragraph style=Compact --> プロジェクトは計画上の**中間報告マイルストーン(MS3,**** ****2025-07-22)**に到達している。 <!-- block_index=7 type=paragraph style=Compact --> 分析対象は当初合意どおり **data\train.csv**、目的変数は **charges****(価格帯0/1/2)**、除外列は **id** のままで変更なし。 <!-- block_index=8 type=paragraph style=Compact --> データ品質面"
株式会社東都人材プラットフォーム,meeting_minutes,data/processed/share/share/共有ドライブ/プロジェクト/株式会社東都人材プラットフォーム/05.会議/会議録/会議録_2025-08-18.docx.md,会議録_2025-08-18.docx.md,M01,2025-08-18,1,True,False,False,False,# Word Markdown: 会議録_2025-08-18.docx ## Source - raw_path: `share/共有ドライブ/プロジェクト/株式会社東都人材プラットフォーム/05.会議/会議録/会議録_2025-08-18.docx` - source_sha1: `32fd3cce4047db9a2100a2ea76bff6e352d310fe` - paragraph_count: 71 - table_count: 1 - image_count: 0 ## Body <!-- block_index=1 type=paragraph style=Heading 1 --> ## 会議録 <!-- block_index=2 type=paragraph style=Heading 2 --> ## 1. 会議情報 <!-- block_index=3 type=paragraph style=Compact --> 会議ID:M01 <!-- block_index=4 type=paragraph style=Compact --> 会議種別:キックオフ <!-- block_index=5 type=paragraph style=Compact --> 日付:2025-08-18 <!-- block_index=6 type=paragraph style=Compact --> 目的:プロジェクト目的・スコープ・体制・進行方法およびデータ受領前提を確認し、収入クラス予測の初期分析方針を合意する <!-- block_index=7 type=paragraph style=Compact --> 主催:株式会社データアステル(データサイエンス部) <!-- block_index=8 type=paragraph style=Compact --> 記録:藤田 彩(ビジネスアナリスト) <!-- block_index=9 type=paragraph style=Compact --> 出席: <!-- block_index=10 type=paragraph style=Compact --> 発注者:石川 直樹(株式会社東都人材プラットフォーム/人事戦略部長) <!-- block_index=11 type=paragraph style=Compact --> 受託者: <!-- block_index=12 type=paragraph style=Compact --> 佐藤 健一(プロジェクトマネージャー) <!-- block_index=13 type=paragraph style=Compact --> 渡辺 遥(リードデータサイエンティスト) <!-- block_index=14 type=
株式会社東都人材プラットフォーム,meeting_minutes,data/processed/share/share/共有ドライブ/プロジェクト/株式会社東都人材プラットフォーム/05.会議/会議録/会議録_2025-09-08.docx.md,会議録_2025-09-08.docx.md,M02,2025-09-08,1,True,False,False,False,# Word Markdown: 会議録_2025-09-08.docx ## Source - raw_path: `share/共有ドライブ/プロジェクト/株式会社東都人材プラットフォーム/05.会議/会議録/会議録_2025-09-08.docx` - source_sha1: `c1984434c03f57abe983ec6dfbcc5801129b625e` - paragraph_count: 104 - table_count: 1 - image_count: 0 ## Body <!-- block_index=1 type=paragraph style=Heading 1 --> ## 会議録 <!-- block_index=2 type=paragraph style=Heading 2 --> ## 1. 会議情報 <!-- block_index=3 type=paragraph style=Compact --> 会議ID:M02 <!-- block_index=4 type=paragraph style=Compact --> 会議種別:中間報告 <!-- block_index=5 type=paragraph style=Compact --> 日付:2025-09-08 <!-- block_index=6 type=paragraph style=Compact --> 目的:データ理解(EDA)結果、前処理方針、ベースラインと初期モデル結果、公平性観点の初期確認を共有し、最終化に向けた論点を整理する <!-- block_index=7 type=paragraph style=Compact --> 主催:株式会社データアステル(データサイエンス部) <!-- block_index=8 type=paragraph style=Compact --> 記録:藤田 彩 <!-- block_index=9 type=paragraph style=Compact --> 出席: <!-- block_index=10 type=paragraph style=Compact --> 発注者側:石川 直樹(人事戦略部長、株式会社東都人材プラットフォーム) <!-- block_index=11 type=paragraph style=Compact --> 受託側:佐藤 健一(PM)、渡辺 遥(リードデータサイエンティスト)、斎藤 悠斗(データエンジニア)、藤田 彩(ビジネスアナリスト)、清水 麻衣(QAレビュー担当) <!-- block_index=12 type=paragraph style=Heading 2 --> ## 2. 議題 <!-- block_index=13 type=paragra
株式会社東都人材プラットフォーム,meeting_minutes,data/processed/share/share/共有ドライブ/プロジェクト/株式会社東都人材プラットフォーム/05.会議/会議録/会議録_2025-09-26.docx.md,会議録_2025-09-26.docx.md,M03,2025-09-26,1,True,False,False,False,# Word Markdown: 会議録_2025-09-26.docx ## Source - raw_path: `share/共有ドライブ/プロジェクト/株式会社東都人材プラットフォーム/05.会議/会議録/会議録_2025-09-26.docx` - source_sha1: `bb246a18a553e53a13ebecfce43651cb98a3c783` - paragraph_count: 103 - table_count: 1 - image_count: 0 ## Body <!-- block_index=1 type=paragraph style=Heading 1 --> ## 会議録 <!-- block_index=2 type=paragraph style=Heading 2 --> ## 1. 会議情報 <!-- block_index=3 type=paragraph style=Compact --> 会議ID:M03 <!-- block_index=4 type=paragraph style=Compact --> 会議種別:最終報告 <!-- block_index=5 type=paragraph style=Compact --> 日付:2025-09-26 <!-- block_index=6 type=paragraph style=Compact --> 目的:最終分析結果、性能評価、主要因の解釈、公平性上の留意点、業務活用示唆と次フェーズ論点を報告し、検収に向けて確認する <!-- block_index=7 type=paragraph style=Compact --> 期待決定事項:最終成果物の受領内容、次フェーズ検討事項、業務活用上の注意事項、検収進行の確認 <!-- block_index=8 type=paragraph style=Compact --> 主催:株式会社データアステル(データサイエンス部) <!-- block_index=9 type=paragraph style=Compact --> 記録:藤田 彩(ビジネスアナリスト) <!-- block_index=10 type=paragraph style=Compact --> 出席: <!-- block_index=11 type=paragraph style=Compact --> 発注者側:石川 直樹(人事戦略部長、株式会社東都人材プラットフォーム) <!-- block_index=12 type=paragraph style=Compact --> 受託者側: <!-- block_index=13 type=paragraph style=Compact --> 佐藤 健一(PM、株式会社デー
株式会社東都人材プラットフォーム,report_pack,data/processed/share/share/共有ドライブ/プロジェクト/株式会社東都人材プラットフォーム/05.会議/報告資料/報告資料_2025-08-18.pdf.md,報告資料_2025-08-18.pdf.md,,2025-08-18,1,False,False,False,False,[no text extracted]
株式会社東都人材プラットフォーム,report_pack,data/processed/share/share/共有ドライブ/プロジェクト/株式会社東都人材プラットフォーム/05.会議/報告資料/報告資料_2025-08-18.pdf.md,報告資料_2025-08-18.pdf.md,,2025-08-18,2,False,False,False,False,[no text extracted]
株式会社東都人材プラットフォーム,report_pack,data/processed/share/share/共有ドライブ/プロジェクト/株式会社東都人材プラットフォーム/05.会議/報告資料/報告資料_2025-08-18.pdf.md,報告資料_2025-08-18.pdf.md,,2025-08-18,3,False,False,False,False,[no text extracted]
株式会社東都人材プラットフォーム,report_pack,data/processed/share/share/共有ドライブ/プロジェクト/株式会社東都人材プラットフォーム/05.会議/報告資料/報告資料_2025-08-18.pdf.md,報告資料_2025-08-18.pdf.md,,2025-08-18,4,False,False,False,False,[no text extracted]
株式会社東都人材プラットフォーム,report_pack,data/processed/share/share/共有ドライブ/プロジェクト/株式会社東都人材プラットフォーム/05.会議/報告資料/報告資料_2025-08-18.pdf.md,報告資料_2025-08-18.pdf.md,,2025-08-18,5,False,False,False,False,[no text extracted]
株式会社東都人材プラットフォーム,report_pack,data/processed/share/share/共有ドライブ/プロジェクト/株式会社東都人材プラットフォーム/05.会議/報告資料/報告資料_2025-08-18.pdf.md,報告資料_2025-08-18.pdf.md,,2025-08-18,6,False,False,False,False,[no text extracted]
株式会社東都人材プラットフォーム,report_pack,data/processed/share/share/共有ドライブ/プロジェクト/株式会社東都人材プラットフォーム/05.会議/報告資料/報告資料_2025-08-18.pdf.md,報告資料_2025-08-18.pdf.md,,2025-08-18,7,False,False,False,False,[no text extracted]
株式会社東都人材プラットフォーム,report_pack,data/processed/share/share/共有ドライブ/プロジェクト/株式会社東都人材プラットフォーム/05.会議/報告資料/報告資料_2025-09-08.pdf.md,報告資料_2025-09-08.pdf.md,,2025-09-08,1,False,False,False,False,[no text extracted]
株式会社東都人材プラットフォーム,report_pack,data/processed/share/share/共有ドライブ/プロジェクト/株式会社東都人材プラットフォーム/05.会議/報告資料/報告資料_2025-09-08.pdf.md,報告資料_2025-09-08.pdf.md,,2025-09-08,2,False,False,False,False,[no text extracted]
株式会社東都人材プラットフォーム,report_pack,data/processed/share/share/共有ドライブ/プロジェクト/株式会社東都人材プラットフォーム/05.会議/報告資料/報告資料_2025-09-08.pdf.md,報告資料_2025-09-08.pdf.md,,2025-09-08,3,False,False,False,False,[no text extracted]
株式会社東都人材プラットフォーム,report_pack,data/processed/share/share/共有ドライブ/プロジェクト/株式会社東都人材プラットフォーム/05.会議/報告資料/報告資料_2025-09-08.pdf.md,報告資料_2025-09-08.pdf.md,,2025-09-08,4,False,False,False,False,[no text extracted]
株式会社東都人材プラットフォーム,report_pack,data/processed/share/share/共有ドライブ/プロジェクト/株式会社東都人材プラットフォーム/05.会議/報告資料/報告資料_2025-09-08.pdf.md,報告資料_2025-09-08.pdf.md,,2025-09-08,5,False,False,False,False,[no text extracted]
株式会社東都人材プラットフォーム,report_pack,data/processed/share/share/共有ドライブ/プロジェクト/株式会社東都人材プラットフォーム/05.会議/報告資料/報告資料_2025-09-08.pdf.md,報告資料_2025-09-08.pdf.md,,2025-09-08,6,False,False,False,False,[no text extracted]
株式会社東都人材プラットフォーム,report_pack,data/processed/share/share/共有ドライブ/プロジェクト/株式会社東都人材プラットフォーム/05.会議/報告資料/報告資料_2025-09-08.pdf.md,報告資料_2025-09-08.pdf.md,,2025-09-08,7,False,False,False,False,[no text extracted]
株式会社東都人材プラットフォーム,report_pack,data/processed/share/share/共有ドライブ/プロジェクト/株式会社東都人材プラットフォーム/05.会議/報告資料/報告資料_2025-09-08.pdf.md,報告資料_2025-09-08.pdf.md,,2025-09-08,8,False,False,False,False,[no text extracted]
株式会社東都人材プラットフォーム,report_pack,data/processed/share/share/共有ドライブ/プロジェクト/株式会社東都人材プラットフォーム/05.会議/報告資料/報告資料_2025-09-08.pdf.md,報告資料_2025-09-08.pdf.md,,2025-09-08,9,False,False,False,False,[no text extracted]
株式会社青嶺不動産アセットマネジメント,meeting_minutes,data/processed/share/share/共有ドライブ/プロジェクト/株式会社青嶺不動産アセットマネジメント/05.会議/会議録/会議録_2025-08-06.docx.md,会議録_2025-08-06.docx.md,M01,2025-08-06,1,True,True,False,True,"# Word Markdown: 会議録_2025-08-06.docx ## Source - raw_path: `share/共有ドライブ/プロジェクト/株式会社青嶺不動産アセットマネジメント/05.会議/会議録/会議録_2025-08-06.docx` - source_sha1: `26b451d102c2dc104c02d93685943cb33f83e80f` - paragraph_count: 70 - table_count: 1 - image_count: 0 ## Body <!-- block_index=1 type=paragraph style=Heading 1 --> ## <span data-font-name=""BIZ UDPゴシック"" data-font-size-pt="""">**会議録**</span> <!-- block_index=2 type=paragraph style=Heading 2 --> ## <span data-font-name=""BIZ UDPゴシック"" data-font-size-pt="""">1. </span><span data-font-name=""BIZ UDPゴシック"" data-font-size-pt="""">**会議情報**</span> <!-- block_index=3 type=paragraph style=Compact --> <span data-font-name=""BIZ UDPゴシック"" data-font-size-pt="""">会議ID:</span><span data-font-name=""BIZ UDPゴシック"" data-font-size-pt=""""> M01</span><span data-font-name=""BIZ UDPゴシック"" data-font-size-pt=""""> </span> <!-- block_index=4 type=paragraph style=Compact --> <span data-font-name=""BIZ UDPゴシック"" data-font-size-pt="""">種別:</span><span data-font-name=""BIZ UDPゴシック"" data-font-size-pt=""""> キックオフ</span><span data-font-name=""BIZ UDPゴシック"" data-font-size-pt=""""> </span> <!-- block_index=5 type=paragraph style=Compact --> <span data-font-name=""BIZ UDPゴシック"" data-font-size-pt="""">日付:</span><s"
株式会社青嶺不動産アセットマネジメント,meeting_minutes,data/processed/share/share/共有ドライブ/プロジェクト/株式会社青嶺不動産アセットマネジメント/05.会議/会議録/会議録_2025-08-26.docx.md,会議録_2025-08-26.docx.md,M02,2025-08-26,1,True,True,False,True,"# Word Markdown: 会議録_2025-08-26.docx ## Source - raw_path: `share/共有ドライブ/プロジェクト/株式会社青嶺不動産アセットマネジメント/05.会議/会議録/会議録_2025-08-26.docx` - source_sha1: `e421e5300348cfba1dff8b3f0f107e00b155b95b` - paragraph_count: 86 - table_count: 1 - image_count: 0 ## Body <!-- block_index=1 type=paragraph style=Heading 1 --> ## <span data-font-name=""BIZ UDPゴシック"" data-font-size-pt="""">会議録</span> <!-- block_index=2 type=paragraph style=Heading 2 --> ## <span data-font-name=""BIZ UDPゴシック"" data-font-size-pt="""">1. </span><span data-font-name=""BIZ UDPゴシック"" data-font-size-pt="""">会議情報</span> <!-- block_index=3 type=paragraph style=Compact --> <span data-font-name=""BIZ UDPゴシック"" data-font-size-pt="""">会議ID:</span><span data-font-name=""BIZ UDPゴシック"" data-font-size-pt=""""> M02</span><span data-font-name=""BIZ UDPゴシック"" data-font-size-pt=""""> </span> <!-- block_index=4 type=paragraph style=Compact --> <span data-font-name=""BIZ UDPゴシック"" data-font-size-pt="""">種別:</span><span data-font-name=""BIZ UDPゴシック"" data-font-size-pt=""""> </span><span data-font-name=""BIZ UDPゴシック"" data-font-size-pt="""">中間報告(第3週ゲート)</span><span data-font-name=""BIZ UDPゴシック"" data-font-size-pt=""""> </span> <!-- block_index=5 type=paragraph style=Compact --> <span "
株式会社青嶺不動産アセットマネジメント,meeting_minutes,data/processed/share/share/共有ドライブ/プロジェクト/株式会社青嶺不動産アセットマネジメント/05.会議/会議録/会議録_2025-09-16.docx.md,会議録_2025-09-16.docx.md,M03,2025-09-16,1,True,True,True,True,# Word Markdown: 会議録_2025-09-16.docx ## Source - raw_path: `share/共有ドライブ/プロジェクト/株式会社青嶺不動産アセットマネジメント/05.会議/会議録/会議録_2025-09-16.docx` - source_sha1: `71d9c8023ef02a9f521e5e173ea8779a334e2c56` - paragraph_count: 102 - table_count: 1 - image_count: 0 ## Body <!-- block_index=1 type=paragraph style=Heading 1 --> ## 会議録 <!-- block_index=2 type=paragraph style=Heading 2 --> ## 1. 会議情報 <!-- block_index=3 type=paragraph style=Compact --> 会議ID: M03 <!-- block_index=4 type=paragraph style=Compact --> 種別: 最終報告 <!-- block_index=5 type=paragraph style=Compact --> 日付: 2025-09-16 <!-- block_index=6 type=paragraph style=Compact --> 目的: 第6週の最終成果として価格形成要因上位項目と初期予測モデル評価および実務示唆を報告し今後の拡張論点を整理する <!-- block_index=7 type=paragraph style=Compact --> 期待決定事項: 最終報告書の内容承認と検収判断および追加分析テーマの優先度確認 <!-- block_index=8 type=paragraph style=First Paragraph --> 出席者(役割) - 前田 美咲(クライアント主担当/部長) - TODO(関係意思決定者) - 佐藤 健一(PM/株式会社データアステル) - 中村 誠(エグゼクティブスポンサー/株式会社データアステル) - 渡辺 遙(リードデータサイエンティスト/株式会社データアステル) - 藤田 彩(ビジネスアナリスト/株式会社データアステル) - 小林 直樹(QAレビューア/株式会社データアステル) <!-- block_index=9 type=paragraph style=Body Text --> 欠席: なし <!-- block_index=10 type=paragraph style=Heading 2 --> ## 2. 議題 <!-- block_index=11 type=paragraph style=Comp
株式会社青嶺不動産アセットマネジメント,report_pack,data/processed/share/share/共有ドライブ/プロジェクト/株式会社青嶺不動産アセットマネジメント/05.会議/報告資料/報告資料_2025-08-06.pdf.md,報告資料_2025-08-06.pdf.md,M01,2025-08-06,1,False,False,False,True,"分析進捗報告書 1. 報告サマリー • チェックポイント: M01(キックオフ) • チェックポイント日付: 2025-08-06(報告対象期間: 2025-08-06 to 2025-08-06) • チェックポイント段階: kickoff(事前準備/計画段階、実装・学習未着手)※ analysis.checkpoint_stage=kickoff に準拠 • 現時点の総括: o キックオフ(M01)は予定通りの実施扱い(議題: 目的変数 SALE PRICE、対象データ、スコープ、 役割分担、会議運営)。ただし該当議事メモは現時点で未登録(No meeting minutes found / prior_state.minutes_files = [])。 o 実装状況: planning_only(モデル学習・評価結果は未存在/公開不可)。visible_trials は空 (no_model_results)。 o 商務トピック(Report facts に基づく): 想定総工数 170 時間、見込金額(税抜)4,250,000 円、消費税 425,000 円、見込金額(税込)4,675,000 円、支払スキームは最終一括精算(支払 条件: 検収後 5 営業日以内)。 2. 進捗状況 • キックオフ(MS1)は実施済(会議 ID=M01、2025-08-06)。会議計画は artifacts/04a_meeting_plan.csv に格納。チェックポイント情報は報告事実 JSON の checkpoint に一致。 • 現フェーズの状態(要点) o 計画/前提固定フェーズ開始済み(スコープ・役割の明確化)。 o データ受領・読込の検証タスク(T03)および分析計画メモ作成タスク(T05)は予定フェーズ→着 手予定。 o open_action_count は 0(報告事実 JSON.prior_state.open_action_count = 0)。 o 実験・モデル結果の公開はなし(analysis.visible_trials = []、best_visible_trial = null)。 • スケジュールとのトレース(主要マイルストーン) o MS1(キックオフ完了): 2025-08-06(本チェックポイント) o 次ゲート: MS2(分析計画メモ確定): 2025-08-12(予定) — ここで前処理方針と品質点検観 点を確定予定。"
株式会社青嶺不動産アセットマネジメント,report_pack,data/processed/share/share/共有ドライブ/プロジェクト/株式会社青嶺不動産アセットマネジメント/05.会議/報告資料/報告資料_2025-08-06.pdf.md,報告資料_2025-08-06.pdf.md,M01,2025-08-06,2,False,False,False,False,"o 中間報告ゲート: MS4(中間報告承認): 2025-08-26(予定) 3. 主要な分析結果 (注)現在はキックオフ段階のため、モデル結果や最終評価指標は存在しません。以下はデータ理解フェーズでの初 期観察・要確認事項です。数値の多くはプロジェクト概要に基づくため Report facts JSON に未記載の項目は 「(assumption)」と明示しています。 • 目的変数関連 o 目的変数: SALE PRICE(設定済)。(config 等により target_column は SALE PRICE と確 定) o SALE PRICE のサンプル要約(参照資料ベース): レコード数 37,751(assumption)、最小 100,700(assumption)、最大 4,996,841(assumption)、平均 約 870,378.47 (assumption)。分布は右に歪んでいる可能性が高く、対数変換の検討が必要。 • データ品質関連の初期発見(要対応) o 面積項目の欠損が多い: LAND SQUARE FEET 欠損 13,262 件(assumption)、GROSS SQUARE FEET 欠損 13,555 件(assumption)。0 値も混在。 o 築年・郵便番号の異常値疑い: YEAR BUILT 最小 0、平均 ≒ 1,817.78(assumption)/ZIP CODE に 0 が含まれる(assumption)。入力誤・欠損代替・非開示を切り分ける必要あり。 o 建物クラス・税区分の欠損: TAX CLASS AT PRESENT 欠損 362(assumption)、 BUILDING CLASS AT PRESENT 欠損 362(assumption)。 o 立地変数(BOROUGH, NEIGHBORHOOD, ZIP CODE)は価格差の主要要因と想定。 BOROUGH は 1–5 のコード(Manhattan 等)で重要軸。 o 設定ミス・確認要: analysis/config において date_column が ""TAX CLASS AT TIME OF SALE"" に設定されている(configs/project_config.json / analysis_spec)。当該列名は日 付でない可能性が高く、日付列指定の再確認が必要(未解決事項)。 • 実験状況 o 現時点で可視化された試行(visible_trials)は無し(analysis.visible_trials = [])。モデル学 習・評価は実施前(implementation_status = planning_only)。 4. データ品質と実装状況 • データ品質(要点、数値は原資料に基づく/assumption "
株式会社青嶺不動産アセットマネジメント,report_pack,data/processed/share/share/共有ドライブ/プロジェクト/株式会社青嶺不動産アセットマネジメント/05.会議/報告資料/報告資料_2025-08-06.pdf.md,報告資料_2025-08-06.pdf.md,M01,2025-08-06,3,False,False,False,True,"▪ TAX CLASS AT PRESENT, BUILDING CLASS AT PRESENT 欠損 それぞれ 362 (assumption) ▪ YEAR BUILT に 0 を含む(assumption) o 結論: 面積系・築年・一部カテゴリに対する補完方針/除外基準を早期に確定する必要あり(中間報 告前に合意)。 • 実装・環境状況 o プロジェクトのコード基盤・設定ファイルは生成済(analysis_project README、 configs/project_config.json 等が存在)。 o 実行設定(configs)では split_strategy=time_ordered、early_stopping=true 等が設 定されているが、これらを確定するためのデータ前提(有効な日付列の有無等)を確認する必要あ り。 o 現時点でモデル学習は未実行(planning_only)。出力可能なモデルメトリクスは存在しない (no_model_results)。 5. リスクと対応策 • リスク 1: 立地起因の偏り(location-driven bias) o 影響: 立地が価格変動の大半を説明し、建物属性の寄与推定が歪む可能性。 o 対応: BOROUGH レベルで階層比較を行い、立地調整(階層固定効果等)の方針を中間報告 (MS4)までに決定。担当: 渡辺(リード DS)/期限: 2025-08-26(中間報告)。 • リスク 2: 市況(時系列)情報の欠落または誤指定(日付列誤設定) o 影響: 市況サイクルを調整できず解釈が限定される。 o 対応: date_column 設定の是非確認(現在: “TAX CLASS AT TIME OF SALE” → 要確認)。 担当: 岡田(DE)+渡辺(DS)/期限: 2025-08-08(データ受領確認)→ 2025-08-12(計画 メモ確定)。 • リスク 3: 面積・築年等の欠損・異常値 o 影響: 面積をキーとする説明力低下、補完によるバイアス導入。 o 対応: 欠損・ゼロ値の切り分けルール(除外・補完・カテゴリ化)を MS2(2025-08-12)で合意し、 影響件数を明記する。担当: 渡辺/岡田。 • リスク 4: 高カーディナリティ変数による過学習 o 影響: NEIGHBORHOOD や BBL 等をそのまま使うと過学習。 o 対応: 高カーディナリティは除外または集約(階層集約/頻度エンコーディング等)を適用。方針は MS2 で決定。担当: 渡辺。 • 運用上の注意(商務) o 追加要求は time_and_materials で別途見積(Report facts/commercial に記載)。変更多 発時は 2025-08-27 の変更管理チェックポイントで"
株式会社青嶺不動産アセットマネジメント,report_pack,data/processed/share/share/共有ドライブ/プロジェクト/株式会社青嶺不動産アセットマネジメント/05.会議/報告資料/報告資料_2025-08-06.pdf.md,報告資料_2025-08-06.pdf.md,M01,2025-08-06,4,False,False,False,True,6. 次回までの実施事項 (責任者・期限を明記してスケジュールと紐付け) 1. データ受領確認・読込検証(T03) o 担当: 岡田 佑樹(データエンジニア) o 期限: 2025-08-08(予定) o 成果物: 読込確認レポート(artifacts/analysis_outputs/train_preview.csv など) 2. 分析計画メモ/実施方針書の確定(MS2 / T05) o 担当: 藤田 彩(BA)/渡辺(DS)/小林(QA) o 期限: 2025-08-12(予定) o 成果物: 分析計画メモ(前処理方針、欠損処理基準、日付列定義を明記) 3. date_column の実態確認(設定ミスの有無確認) o 担当: 岡田+渡辺 o 期限: 2025-08-08(優先)→ 結果は分析計画メモに反映 4. 欠損・ゼロ値・異常値の件数確定(T06) o 担当: 岡田/渡辺 o 期限: 2025-08-15(予定) o 成果物: 品質点検一覧(件数と方針) 5. 中間報告資料(EDA 図表含む)作成(T10) o 担当: 渡辺/藤田 o 期限: 2025-08-25(内部レビュー)/中間報告会 2025-08-26(MS4) 6. 変更管理チェックポイントの準備(T12) o 担当: 佐藤(PM) o 期限: 2025-08-27(変更要求発生時の工数試算に備える) ※ 上記タスクはプロジェクトスケジュール(WBS)と整合。重要な締切(MS2:2025-08-12、MS3:2025-08- 22、MS4:2025-08-26)を優先。 7. 経営/PM 向け補足 • 契約・商務状況(Report facts JSON に基づく)
株式会社青嶺不動産アセットマネジメント,report_pack,data/processed/share/share/共有ドライブ/プロジェクト/株式会社青嶺不動産アセットマネジメント/05.会議/報告資料/報告資料_2025-08-06.pdf.md,報告資料_2025-08-06.pdf.md,M01,2025-08-06,5,False,False,False,True,"o 契約開始日: 2025-08-06(適用開始) o 期間: 6 週間(プロジェクト期間) o 想定総工数: 170 時間(project_facts / commercial) o 見込金額(税抜): 4,250,000 円、消費税: 425,000 円、見込金額(税込): 4,675,000 円(支 払は最終一括精算) o 支払スケジュール: 最終一括(支払期日: 検収後 5 営業日以内) • 現時点での経営判断ポイント(要決定) 1. date_column の正確な指定(分析方針と前処理に影響) — 早急な確認を推奨。 2. 中間ゲート(2025-08-26)での前処理方針承認(欠損処理・除外基準の承認)がないとモデリン グ工程に着手できない旨を注意。 3. 追加データやスコープ拡張要求がある場合、time_and_materials のため早期に見積が発生。 2025-08-27 の変更管理 CP で調整を推奨。 • 当チェックポイントのエビデンス/参照ファイル o ミーティング企画: artifacts/04a_meeting_plan.csv o 分析設定: configs/project_config.json(date_column 等の設定を含む) o Report facts JSON(本報告は同データを基準に作成): トレース情報は artifacts/00a_project_facts.json 等に保存 備考: 本報告は analysis.checkpoint_stage = “kickoff” のルールに従い、「モデル学習済・評価済」の記載 は一切行っていません。モデルの学習・評価結果が可視化された段階で、visible_trials / best_visible_trial に基づく定量報告を行います。"
株式会社青嶺不動産アセットマネジメント,report_pack,data/processed/share/share/共有ドライブ/プロジェクト/株式会社青嶺不動産アセットマネジメント/05.会議/報告資料/報告資料_2025-08-26.pdf.md,報告資料_2025-08-26.pdf.md,M02,2025-08-26,1,False,False,False,True,"分析進捗報告書 1. 報告サマリー • チェックポイント: M02(中間報告) • 日付: 2025-08-26 • 報告対象期間: 2025-08-06 ~ 2025-08-26 • チェックポイント段階(Report facts): interim(中間分析段階) • 現状ステータス(短報): 第 1 週キックオフ完了、データ受領・読込検証着手、品質点検と探索的分析を経てモデ ル実験(第 1〜第 5 トライアル)を実行。中間報告(MS4)で「前処理ルール案」「分析データセット化方針」「初期 モデリング継続条件」の承認を受けるべく報告を実施。 2. 進捗状況 • スケジュール整合 o キックオフ(M01): 実施済(2025-08-06) — 議事録: artifacts/meeting_minutes/会議録 _2025-08-06.md o 中間報告(M02): 実施日 2025-08-26(本チェックポイント) o 次の主要予定: 変更管理チェックポイント(2025-08-27)、初期モデリング継続(第 4 週以降) • 会議・決定トレース o 中間報告の目的は「データ品質確認結果と探索的分析結果の共有/前処理方針合意」(Report facts.checkpoint.purpose に準拠)。 • 開発・実験進捗(可視化された実験のみを引用) o visible_trials(trial_index 1〜5)を実施済み(詳細は第 3 節)。 • 開放アクション(トレース) o prior_state.open_action_count: 8(未完了アクションが 8 件/詳細は第 6 節に列挙、Report facts prior_state より) 3. 主要な分析結果 ※ 本節は Report facts JSON.analysis.visible_trials / best_visible_trial に明示されている実験結果のみ を記載します。中間段階の結果であり最終結論ではありません。 • 実験サマリ(visible_trials) o T01(trial_id: T01, linear_baseline) ▪ model_type: linear_baseline ▪ primary_metric (rmse): 2825578.6761237755 ▪ secondary_metric (r2): -7.4503627353568636 ▪ selected_feature_count: 13, excluded_feature_count: 4 o T02(T02, cyclical_linear) ▪ model_type: linear_baseline(周期特徴を追加) ▪ rmse: 2825578.6761237755 ▪ "
株式会社青嶺不動産アセットマネジメント,report_pack,data/processed/share/share/共有ドライブ/プロジェクト/株式会社青嶺不動産アセットマネジメント/05.会議/報告資料/報告資料_2025-08-26.pdf.md,報告資料_2025-08-26.pdf.md,M01,2025-08-26,2,False,True,True,True,"▪ rmse: 708753.9903292693 ▪ r2: 0.46831846615046635 ▪ selected_feature_count: 13, excluded_feature_count: 4 o T04(T04, log_target_hist_gradient_boosting) ▪ model_type: hist_gradient_boosting(ターゲットに log1p を適用) ▪ rmse: 738055.754082396 ▪ r2: 0.4234474680039092 ▪ selected_feature_count: 13, excluded_feature_count: 4 o T05(T05, configured_default) ▪ model_type: random_forest ▪ rmse: 706251.4871887658 ▪ r2: 0.47206641189165033 ▪ selected_feature_count: 13, excluded_feature_count: 4 • 現時点の「最良(可視)試行」について o best_visible_trial: T05(random_forest) ▪ rmse: 706251.4871887658、r2: 0.47206641189165033(Report facts.best_visible_trial と analysis.metrics に整合) ▪ analysis.metrics に記載の MAE: 428820.1407276015(これも中間結果の指標とし て参照可能) o コメント(中間観察): ▪ 線形ベースライン(T01/T02)は本データ特性では性能が劣後しており(rmse が非常に大きく、 r2 が負の値)、非線形手法(T03/T05)の方が大幅に改善している。T03/T05 の rmse は 約 7.08e5〜7.06e5、r2 は約 0.47(T05)前後で安定している点が確認できる。 ▪ T04(ターゲットに log1p を適用した hist gradient boosting)はやや性能低下が見られ、 ターゲット変換の効果は条件依存であることが示唆される。 o 注意: これらは中間チェックポイントで可視化されたトライアル(trial_index 1〜5)の結果であり、最終 モデルや最終スコアを示すものではありません(Report facts.analysis.checkpoint_stage = “interim” の方針に準拠)。 4. データ品質と実装状況 • 実行構成(参照) o 分析仕様の date_column 設定: “TAX CLASS AT TIME OF SALE”(configs "
株式会社青嶺不動産アセットマネジメント,report_pack,data/processed/share/share/共有ドライブ/プロジェクト/株式会社青嶺不動産アセットマネジメント/05.会議/報告資料/報告資料_2025-08-26.pdf.md,報告資料_2025-08-26.pdf.md,M02,2025-08-26,3,False,True,False,True,o 特徴量選択後の選択特徴量数: 13(selected_feature_count = 13、Report facts に一致) o 除外特徴量数: 4(excluded_feature_count = 4) o モデルパイプライン: visible_trials に示されたモデル群を v1 として実行済。early_stopping 等の パラメータは設定に依存しているため、最終調整は第4 週以降の作業で継続予定。 5. リスクと対応策 • 主要リスク(中間時点) 1. 立地(BOROUGH/NEIGHBORHOOD)による説明力の偏重 ▪ 影響: 価格差の多くが立地で説明され、建物属性の寄与解釈が不安定化 ▪ 対策: BOROUGH 固定効果や階層別比較を優先的に行い、属性寄与を分離する(担当: 渡辺、 次回中間以降の作業に反映) 2. date_column の不整合(“TAX CLASS AT TIME OF SALE” が時系列として不適切) ▪ 影響: time_ordered split や日付由来特徴の利用が妥当でなくなる可能性 ▪ 対策: A03 による実カラム確認(担当: 岡田/渡辺)を速やかに完了し、必要なら分割戦略を input_order に戻す 3. 面積・築年等の欠損・異常(欠損補完がバイアス導入) ▪ 対策: 欠損件数と分布を確定後、補完か除外かを前処理ルール案で合意(MS2/MS4 のゴー ル) 4. 高カーディナリティ変数による過学習(NEIGHBORHOOD 等) ▪ 対策: 頻度集約、カテゴリ集約、あるいは除外の基準を MS2 で確定 • 現状のアクション(短期) o 変更管理チェックポイント(2025-08-27)で、追加要求が発生した場合の工数影響を提示する(担当: 佐藤) o 中間報告で合意した前処理方針を早期に実装し、第4 週のモデル化に反映する 6. 次回までの実施事項(トレース付き) • 既存オープンアクション(Report facts.prior_state.open_actions を転記) o A01: 正式データ(data.csv)およびカラム説明の最終受領確認/不足ファイルの有無を報告 ▪ Owner: 前田 美咲(クライアント)、Due: 2025-08-08、Status: Open o A02: データ受領後の読込検証(読み込みエラー・エンコーディング・レコード数確認)および読込確認レ ポート提出 ▪ Owner: 岡田 佑樹、Due: 2025-08-08、Status: Open o A03: configs の date_column 実態確認(“TAX CLASS AT TIME OF SALE” が日付でない 場合の修正案提示) ▪ Owner: 岡田 佑樹/渡辺 遙、Due: 
株式会社青嶺不動産アセットマネジメント,report_pack,data/processed/share/share/共有ドライブ/プロジェクト/株式会社青嶺不動産アセットマネジメント/05.会議/報告資料/報告資料_2025-08-26.pdf.md,報告資料_2025-08-26.pdf.md,M02,2025-08-26,4,False,True,False,True,"1. A03 の完了: date_column 実態の確定(重要) → time_ordered split の妥当性最終判定(担当: 岡田/渡辺) 2. A05 の完了: 欠損件数の確定と前処理(補完 or 除外)基準の確定(担当: 岡田/渡辺) 3. A06 の完了: 中間報告用 EDA 図表の最終化(担当: 渡辺/藤田) 4. A07 に基づく変更管理テンプレ準備(担当: 佐藤) 5. 前処理ルール合意後、モデリング用分析データセット v1 を作成し(T13 相当)、第 4 週でベースライン の再実行とパラ調整 7. 経営/PM 向け補足 • 中間フェーズでの重要ポイント o チェックポイント段階は “interim”(Report facts.analysis.checkpoint_stage = “interim”) であるため、現時点のモデル実験は「初期検証」であり最終モデルや確定的なビジネス適用判断は未到 達です。実験結果はあくまで方向性確認(非線形モデルが有望)に留めてください。 • 商務・工数(トレース) o 想定総工数(project facts / commercial_terms): 170 時間(見込) o 見込金額(税抜): 4,250,000 円、消費税: 425,000 円、税込見込額: 4,675,000 円(支払条件は 最終一括精算 / Report facts.commercial に準拠) • 次回管理上のリスク指標 o 未解決アクション数: 8(prior_state.open_action_count) o クリティカルパス上のタスク遅延は最終報告(2025-09-16)と支払期日(2025-09-23)に影響す る可能性あり。変更管理チェックポイント(2025-08-27)で工数影響の見積を取得することを推奨し ます。 • 参照資産(トレース) o 会議計画: artifacts/04a_meeting_plan.csv o 会議録: artifacts/meeting_minutes/会議録_2025-08-06.md o 分析ランサマリ: artifacts/analysis_outputs/run_summary.json o 分析メトリクス: artifacts/analysis_outputs/metrics.json o 実験リーダーボード: artifacts/analysis_outputs/experiments/leaderboard.json 以上。中間報告にて示した前処理ルール案・EDA 図表に基づき、承認を得られ次第(MS4 承認)、モデリングの第 2 フ ェーズ(特徴量調整・ハイパラ改善)へ移行します。"
株式会社青潮モビリティサービス,meeting_minutes,data/processed/share/share/共有ドライブ/プロジェクト/株式会社青潮モビリティサービス/05.会議/会議録/会議録_2025-07-23.docx.md,会議録_2025-07-23.docx.md,M01,2025-07-23,1,True,True,False,False,"# Word Markdown: 会議録_2025-07-23.docx ## Source - raw_path: `share/共有ドライブ/プロジェクト/株式会社青潮モビリティサービス/05.会議/会議録/会議録_2025-07-23.docx` - source_sha1: `3c3572d24cdefdb7e21629593a7a252bfa6067bf` - paragraph_count: 83 - table_count: 1 - image_count: 0 ## Body <!-- block_index=1 type=paragraph style=Heading 1 --> ## 会議録 <!-- block_index=2 type=paragraph style=Heading 2 --> ## 1. 会議情報 <!-- block_index=3 type=paragraph style=Compact --> 会議ID: M01 <!-- block_index=4 type=paragraph style=Compact --> 会議種別: キックオフ <!-- block_index=5 type=paragraph style=Compact --> 日時: 2025-07-23 <!-- block_index=6 type=paragraph style=Compact --> 目的: プロジェクト開始合意、目的変数 cnt と 1時間粒度の確認、data\train.tsv の受領確認、yr および workingday の定義不整合確認方針を整理する <!-- block_index=7 type=paragraph style=Compact --> 参加者: <!-- block_index=8 type=paragraph style=Compact --> 発注者(株式会社青潮モビリティサービス): 高山 拓海 <!-- block_index=9 type=paragraph style=Compact --> 受託者(株式会社データアステル): 伊藤 翔太、鈴木 美咲、木村 拓海 <!-- block_index=10 type=paragraph style=Heading 2 --> ## 2. 議題 <!-- block_index=11 type=paragraph style=Compact --> プロジェクト進行計画(スケジュール/マイルストーン)の承認 <!-- block_index=12 type=paragraph style=Compact --> 目的変数および解析粒度の確定(cnt, 1時間) <!-- block_index=13 type=paragraph style"
株式会社青潮モビリティサービス,meeting_minutes,data/processed/share/share/共有ドライブ/プロジェクト/株式会社青潮モビリティサービス/05.会議/会議録/会議録_2025-08-06.docx.md,会議録_2025-08-06.docx.md,M02,2025-08-06,1,True,True,False,True,# Word Markdown: 会議録_2025-08-06.docx ## Source - raw_path: `share/共有ドライブ/プロジェクト/株式会社青潮モビリティサービス/05.会議/会議録/会議録_2025-08-06.docx` - source_sha1: `186aa9f2d366963322e10f6c508a4c8bb89755a6` - paragraph_count: 84 - table_count: 1 - image_count: 0 ## Body <!-- block_index=1 type=paragraph style=Heading 1 --> ## 会議録 <!-- block_index=2 type=paragraph style=Heading 2 --> ## 1. 会議情報 <!-- block_index=3 type=paragraph style=Compact --> 会議ID: M02 <!-- block_index=4 type=paragraph style=Compact --> 会議種別: 中間報告 <!-- block_index=5 type=paragraph style=Compact --> 日時: 2025-08-06 <!-- block_index=6 type=paragraph style=Compact --> 目的: Week3ゲートとして初期EDA、データ定義差異確認結果、ベースラインモデル評価、改善方針、需要変動要因の初期解釈を共有する <!-- block_index=7 type=paragraph style=Compact --> 参加者: <!-- block_index=8 type=paragraph style=Compact --> 発注者(株式会社青潮モビリティサービス): 高山 拓海 <!-- block_index=9 type=paragraph style=Compact --> 受託者(株式会社データアステル): 伊藤 翔太、鈴木 美咲、藤田 彩 <!-- block_index=10 type=paragraph style=Heading 2 --> ## 2. 議題 <!-- block_index=11 type=paragraph style=Compact --> yr / workingday 等の定義差異確認結果共有 <!-- block_index=12 type=paragraph style=Compact --> 初期EDA・データ品質の中間報告(可視化図表) <!-- block_index=13 type=paragraph style=Compact --> ベースラインおよび可視試行(
株式会社青潮モビリティサービス,meeting_minutes,data/processed/share/share/共有ドライブ/プロジェクト/株式会社青潮モビリティサービス/05.会議/会議録/会議録_2025-08-26.docx.md,会議録_2025-08-26.docx.md,M03,2025-08-26,1,True,True,False,False,# Word Markdown: 会議録_2025-08-26.docx ## Source - raw_path: `share/共有ドライブ/プロジェクト/株式会社青潮モビリティサービス/05.会議/会議録/会議録_2025-08-26.docx` - source_sha1: `b741e24fdc3748a0c867c909b70a50f0c78da436` - paragraph_count: 101 - table_count: 1 - image_count: 0 ## Body <!-- block_index=1 type=paragraph style=Heading 1 --> ## 会議録 <!-- block_index=2 type=paragraph style=Heading 2 --> ## 1. 会議情報 <!-- block_index=3 type=paragraph style=Compact --> 会議ID: M03 <!-- block_index=4 type=paragraph style=Compact --> 会議種別: 最終報告・検収 <!-- block_index=5 type=paragraph style=Compact --> 日時: 2025-08-26 <!-- block_index=6 type=paragraph style=Compact --> 目的: Week5終盤の最終成果説明としてモデル比較結果、重要説明変数、時間帯別・曜日別・天候別の需要傾向、業務示唆、追加データ要件、次フェーズ論点を報告する <!-- block_index=7 type=paragraph style=Compact --> 期待される決定事項: 最終成果物受領判断、検収対応方針決定、次フェーズ検討論点の確認 <!-- block_index=8 type=paragraph style=Compact --> 参加者: <!-- block_index=9 type=paragraph style=Compact --> 発注者(株式会社青潮モビリティサービス): 高山 拓海 <!-- block_index=10 type=paragraph style=Compact --> 受託者(株式会社データアステル): 中村 誠、伊藤 翔太、鈴木 美咲、藤田 彩 <!-- block_index=11 type=paragraph style=Heading 2 --> ## 2. 議題 <!-- block_index=12 type=paragraph style=Compact --> モデル比較結果の最終報告(ベストモデルの性能と根拠) <!-- block_index=13 type=par
株式会社青潮モビリティサービス,report_pack,data/processed/share/share/共有ドライブ/プロジェクト/株式会社青潮モビリティサービス/05.会議/報告資料/基礎分析.docx.md,基礎分析.docx.md,,,1,False,False,False,False,# Word Markdown: 基礎分析.docx ## Source - raw_path: `share/共有ドライブ/プロジェクト/株式会社青潮モビリティサービス/05.会議/報告資料/基礎分析.docx` - source_sha1: `7f61e786679cec659601f5547c20da7a980adad0` - paragraph_count: 2 - table_count: 0 - image_count: 0 ## Body <!-- block_index=1 type=paragraph style=Normal --> <!-- block_index=2 type=paragraph style=Normal -->
株式会社青潮モビリティサービス,report_pack,data/processed/share/share/共有ドライブ/プロジェクト/株式会社青潮モビリティサービス/05.会議/報告資料/基礎分析.pptx.md,基礎分析.pptx.md,,,1,False,False,False,False,# PowerPoint Markdown: 基礎分析.pptx ## Source - raw_path: `share/共有ドライブ/プロジェクト/株式会社青潮モビリティサービス/05.会議/報告資料/基礎分析.pptx` - source_sha1: `33e6925b80862a150f26bceb5f816ed93306f4a3` - slide_count: 1 - table_count: 0 - image_count: 1 - chart_count: 0 ## Slides ### Slide 1 表1 #### Image - image_path: `data/processed/share/share/共有ドライブ/プロジェクト/株式会社青潮モビリティサービス/05.会議/報告資料/基礎分析.pptx.assets/slide001_shape001.wmf` - content_type: `image/x-wmf`
株式会社青潮モビリティサービス,report_pack,data/processed/share/share/共有ドライブ/プロジェクト/株式会社青潮モビリティサービス/05.会議/報告資料/報告資料_2025-07-23.docx.md,報告資料_2025-07-23.docx.md,M01,2025-07-23,1,False,False,False,True,# Word Markdown: 報告資料_2025-07-23.docx ## Source - raw_path: `share/共有ドライブ/プロジェクト/株式会社青潮モビリティサービス/05.会議/報告資料/報告資料_2025-07-23.docx` - source_sha1: `0b67512ffbe259c75b47b5cb63c082d1dc4ee608` - paragraph_count: 86 - table_count: 0 - image_count: 0 ## Body <!-- block_index=1 type=paragraph style=Heading 1 --> ## 分析進捗報告書 <!-- block_index=2 type=paragraph style=Heading 2 --> ## 1. 報告サマリー <!-- block_index=3 type=paragraph style=Compact --> チェックポイント: M01(キックオフ) 日付: 2025-07-23(報告対象期間: 2025-07-23 to 2025-07-23) — analysis.checkpoint_stage は “kickoff”(プレ実装フェーズ)に従います。 <!-- block_index=4 type=paragraph style=Compact --> 現フェーズのステータス: 立上げ / 計画合意フェーズ(実装・学習は未着手) <!-- block_index=5 type=paragraph style=Compact --> analysis.results_visibility: “no_model_results”(現時点でモデル学習・評価結果は報告対象外) <!-- block_index=6 type=paragraph style=Compact --> analysis.implementation_status: “planning_only” <!-- block_index=7 type=paragraph style=Compact --> 会議・決定予定(meeting_plan に基づく想定): 進行計画承認、初期分析前提合意、確認事項と課題管理方法の決定 <!-- block_index=8 type=paragraph style=Compact --> 開いているアクション: 0件(Report facts JSON.prior_state.open_action_count = 0) ※議事録が未登録のため、実会議で発生した宿題の有無は議事録登録後に正式に反映します。 <!-- block_index=9 type=paragraph style=Normal --
株式会社青潮モビリティサービス,report_pack,data/processed/share/share/共有ドライブ/プロジェクト/株式会社青潮モビリティサービス/05.会議/報告資料/報告資料_2025-08-06.docx.md,報告資料_2025-08-06.docx.md,M02,2025-08-06,1,False,True,False,True,# Word Markdown: 報告資料_2025-08-06.docx ## Source - raw_path: `share/共有ドライブ/プロジェクト/株式会社青潮モビリティサービス/05.会議/報告資料/報告資料_2025-08-06.docx` - source_sha1: `e4c26d711c6dc35a6bf88290fe9ba5fe26cf1eba` - paragraph_count: 103 - table_count: 0 - image_count: 0 ## Body <!-- block_index=1 type=paragraph style=Heading 1 --> ## 分析進捗報告書 <!-- block_index=2 type=paragraph style=Heading 2 --> ## 1. 報告サマリー <!-- block_index=3 type=paragraph style=Compact --> チェックポイント: M02(中間報告) <!-- block_index=4 type=paragraph style=Compact --> 会議日: 2025-08-06 <!-- block_index=5 type=paragraph style=Compact --> 報告対象期間: 2025-07-23 〜 2025-08-06 <!-- block_index=6 type=paragraph style=Compact --> フェーズ(Report facts JSON.analysis.checkpoint_stage準拠): interim(中間分析フェーズ) <!-- block_index=7 type=paragraph style=Compact --> 本報告の要旨: Week3ゲート(初期EDA、定義差異確認、ベースライン評価の共有)。可視化された最初の実験群(trial_index 1〜5)についての評価結果を踏まえ、前処理定義の最終化、改善方針の承認、次フェーズに向けた追加確認事項の整理を行う。 <!-- block_index=8 type=paragraph style=Heading 2 --> ## 2. 進捗状況 <!-- block_index=9 type=paragraph style=Compact --> 進捗ステータス(フェーズ分類に対する到達度) <!-- block_index=10 type=paragraph style=Compact --> 立上げ・定義確認(Week1): 実施済み(キックオフ完了、readme/会議録格納)。ただし yr / workingday の定義差異確認(A02)は進行中。 <!-- block_ind
株式会社青葉バイオメディカル機器,meeting_minutes,data/processed/share/share/共有ドライブ/プロジェクト/株式会社青葉バイオメディカル機器/05.会議/会議録/会議録_2025-06-23.docx.md,会議録_2025-06-23.docx.md,M01,2025-06-23,1,True,False,False,False,# Word Markdown: 会議録_2025-06-23.docx ## Source - raw_path: `share/共有ドライブ/プロジェクト/株式会社青葉バイオメディカル機器/05.会議/会議録/会議録_2025-06-23.docx` - source_sha1: `132f264df69ed18773a16caabe9b73fe3cfe6623` - paragraph_count: 130 - table_count: 1 - image_count: 0 ## Body <!-- block_index=1 type=paragraph style=Heading 1 --> ## 会議録 <!-- block_index=2 type=paragraph style=Heading 2 --> ## 1. 会議情報 <!-- block_index=3 type=paragraph style=Compact --> **会議ID**: M01 <!-- block_index=4 type=paragraph style=Compact --> **会議種別**: キックオフ <!-- block_index=5 type=paragraph style=Compact --> **開催日**: 2025-06-23 <!-- block_index=6 type=paragraph style=Compact --> **案件名**: 離職要因分析・離職リスク検知 初期分析プロジェクト <!-- block_index=7 type=paragraph style=Compact --> **目的**: プロジェクト目的・対象範囲・進め方・データ定義差分確認方針を合意し、離職要因分析と離職リスク検知の初期分析を開始する <!-- block_index=8 type=paragraph style=Compact --> **期待意思決定**: <!-- block_index=9 type=paragraph style=Compact --> 分析目的とスコープ確定 <!-- block_index=10 type=paragraph style=Compact --> 実データ準拠方針の承認 <!-- block_index=11 type=paragraph style=Compact --> レビュー日程と連絡体制の確定 <!-- block_index=12 type=paragraph style=Compact --> **出席者**: <!-- block_index=13 type=paragraph style=Compact --> 株式会社青葉バイオメディカル機器 人事本部 人材戦略部 部長: 山田 
株式会社青葉バイオメディカル機器,meeting_minutes,data/processed/share/share/共有ドライブ/プロジェクト/株式会社青葉バイオメディカル機器/05.会議/会議録/会議録_2025-07-11.docx.md,会議録_2025-07-11.docx.md,M02,2025-07-11,1,True,False,False,True,# Word Markdown: 会議録_2025-07-11.docx ## Source - raw_path: `share/共有ドライブ/プロジェクト/株式会社青葉バイオメディカル機器/05.会議/会議録/会議録_2025-07-11.docx` - source_sha1: `2f353307d66cb3ff4a4fb01a1a58ffbacaaa52a7` - paragraph_count: 125 - table_count: 1 - image_count: 0 ## Body <!-- block_index=1 type=paragraph style=Heading 1 --> ## 会議録 <!-- block_index=2 type=paragraph style=Heading 2 --> ## 1. 会議情報 <!-- block_index=3 type=paragraph style=Compact --> **会議ID**: M02 <!-- block_index=4 type=paragraph style=Compact --> **会議種別**: EDAレビュー・中間報告 <!-- block_index=5 type=paragraph style=Compact --> **開催日**: 2025-07-11 <!-- block_index=6 type=paragraph style=Compact --> **案件名**: 離職要因分析・離職リスク検知 初期分析プロジェクト <!-- block_index=7 type=paragraph style=Compact --> **目的**: EDA結果と初期モデル評価を共有し主要因子候補と追加確認論点を整理する <!-- block_index=8 type=paragraph style=Compact --> **期待意思決定**: <!-- block_index=9 type=paragraph style=Compact --> 主要な離職関連変数の方向性確認 <!-- block_index=10 type=paragraph style=Compact --> 中間報告内容の承認 <!-- block_index=11 type=paragraph style=Compact --> 最終報告で深掘りする施策論点の選定 <!-- block_index=12 type=paragraph style=Compact --> **出席者**: <!-- block_index=13 type=paragraph style=Compact --> 株式会社青葉バイオメディカル機器 人事本部 人材戦略部 部長: 山田 太一 <!-- blo
株式会社青葉バイオメディカル機器,meeting_minutes,data/processed/share/share/共有ドライブ/プロジェクト/株式会社青葉バイオメディカル機器/05.会議/会議録/会議録_2025-07-25.docx.md,会議録_2025-07-25.docx.md,M03,2025-07-25,1,True,False,False,True,# Word Markdown: 会議録_2025-07-25.docx ## Source - raw_path: `share/共有ドライブ/プロジェクト/株式会社青葉バイオメディカル機器/05.会議/会議録/会議録_2025-07-25.docx` - source_sha1: `b63b75f1caf1b9cdc1710b6c1dd58ed61c97cc2d` - paragraph_count: 130 - table_count: 1 - image_count: 0 ## Body <!-- block_index=1 type=paragraph style=Heading 1 --> ## 会議録 <!-- block_index=2 type=paragraph style=Heading 2 --> ## 1. 会議情報 <!-- block_index=3 type=paragraph style=Compact --> **会議ID**: M03 <!-- block_index=4 type=paragraph style=Compact --> **会議種別**: 最終報告・検収会 <!-- block_index=5 type=paragraph style=Compact --> **開催日**: 2025-07-25 <!-- block_index=6 type=paragraph style=Compact --> **案件名**: 離職要因分析・離職リスク検知 初期分析プロジェクト <!-- block_index=7 type=paragraph style=Compact --> **目的**: 最終分析結果と施策示唆および公平性留意点を報告し、成果物の確認を行う <!-- block_index=8 type=paragraph style=Compact --> **期待意思決定**: <!-- block_index=9 type=paragraph style=Compact --> 最終報告書と関連成果物の承認 <!-- block_index=10 type=paragraph style=Compact --> 優先施策仮説の採否確認 <!-- block_index=11 type=paragraph style=Compact --> 次フェーズ要否と検収方針の確定 <!-- block_index=12 type=paragraph style=Compact --> **出席者**: <!-- block_index=13 type=paragraph style=Compact --> 株式会社青葉バイオメディカル機器 人事本部 人材戦略部 部長: 山田 太一 <!-- block_ind
株式会社青葉バイオメディカル機器,report_pack,data/processed/share/share/共有ドライブ/プロジェクト/株式会社青葉バイオメディカル機器/05.会議/報告資料/報告資料_2025-06-23.docx.md,報告資料_2025-06-23.docx.md,M01,2025-06-23,1,False,False,False,True,# Word Markdown: 報告資料_2025-06-23.docx ## Source - raw_path: `share/共有ドライブ/プロジェクト/株式会社青葉バイオメディカル機器/05.会議/報告資料/報告資料_2025-06-23.docx` - source_sha1: `80054a6c9deb9af5eca7cb641a62184a57470fba` - paragraph_count: 116 - table_count: 5 - image_count: 0 ## Body <!-- block_index=1 type=paragraph style=Heading 1 --> ## 分析進捗報告書 <!-- block_index=2 type=paragraph style=Heading 2 --> ## 1. 報告サマリー <!-- block_index=3 type=paragraph style=Compact --> 対象チェックポイントは **M01(2025-06-23、キックオフ)** です。 <!-- block_index=4 type=paragraph style=Compact --> 本報告は、**2025-06-23時点**のプロジェクト立上げ状況を整理した中間分析報告です。 <!-- block_index=5 type=paragraph style=Compact --> Report facts JSON.analysis.checkpoint_stage が **kickoff** のため、本時点では**分析実装前の計画・前提整理フェーズ**として扱います。 <!-- block_index=6 type=paragraph style=Compact --> 現時点の主な到達点は以下です。 <!-- block_index=7 type=paragraph style=Compact --> プロジェクト目的、対象範囲、進め方の確認対象が明確化された <!-- block_index=8 type=paragraph style=Compact --> 実データ準拠方針(説明書より train.csv の実値を優先)が既存文書上で明文化されている <!-- block_index=9 type=paragraph style=Compact --> 週次計画、マイルストン、WBSが定義済みであり、次工程へのトレースが可能 <!-- block_index=10 type=paragraph style=Compact --> 一方で、**会議議事録は未確認**(Meeting minutes: No meeting minutes found.)のため、M01での最終合意事項・宿題
株式会社青葉バイオメディカル機器,report_pack,data/processed/share/share/共有ドライブ/プロジェクト/株式会社青葉バイオメディカル機器/05.会議/報告資料/報告資料_2025-07-11.docx.md,報告資料_2025-07-11.docx.md,M02,2025-07-11,1,False,False,False,True,"# Word Markdown: 報告資料_2025-07-11.docx ## Source - raw_path: `share/共有ドライブ/プロジェクト/株式会社青葉バイオメディカル機器/05.会議/報告資料/報告資料_2025-07-11.docx` - source_sha1: `607796444ac4894d79569a11c56d3329dc1bf6c3` - paragraph_count: 139 - table_count: 8 - image_count: 0 ## Body <!-- block_index=1 type=paragraph style=Heading 1 --> ## 分析進捗報告書 <!-- block_index=2 type=paragraph style=Heading 2 --> ## 1. 報告サマリー <!-- block_index=3 type=paragraph style=Compact --> **報告時点**: M02(2025-07-11、EDAレビュー・中間報告) <!-- block_index=4 type=paragraph style=Compact --> **報告対象期間**: 2025-06-23 ~ 2025-07-11 <!-- block_index=5 type=paragraph style=Compact --> **現在ステージ**: 中間報告(interim) <!-- block_index=6 type=paragraph style=Compact --> **総評**: 立上げ~EDA~初期モデル評価までを予定どおり中間報告時点まで進行できている。 キックオフで合意した「実データ準拠」「集計中心」「公平性配慮」の方針に沿って、データ理解、品質確認、主要変数の探索、初期的な分類実験を実施した。 <!-- block_index=7 type=paragraph style=Compact --> **主な到達点** <!-- block_index=8 type=paragraph style=Compact --> 対象データ **735行・33列** の理解を整理 <!-- block_index=9 type=paragraph style=Compact --> 欠損が **全列0件** <!-- block_index=10 type=paragraph style=Compact --> 定数列として **2列(****Over18****,**** ****StandardHours****)** を確認 <!-- block_index=11 type=paragraph style=Compact --> 初期の可視化・クロス集計"
白峰信用リスク評価株式会社,meeting_minutes,data/processed/share/share/共有ドライブ/プロジェクト/白峰信用リスク評価株式会社/05.会議/会議録/会議録_2025-05-13.pdf.md,会議録_2025-05-13.pdf.md,,2025-05-13,1,False,False,False,False,[no text extracted]
白峰信用リスク評価株式会社,meeting_minutes,data/processed/share/share/共有ドライブ/プロジェクト/白峰信用リスク評価株式会社/05.会議/会議録/会議録_2025-05-13.pdf.md,会議録_2025-05-13.pdf.md,,2025-05-13,2,False,False,False,False,[no text extracted]
白峰信用リスク評価株式会社,meeting_minutes,data/processed/share/share/共有ドライブ/プロジェクト/白峰信用リスク評価株式会社/05.会議/会議録/会議録_2025-05-13.pdf.md,会議録_2025-05-13.pdf.md,,2025-05-13,3,False,False,False,False,[no text extracted]
白峰信用リスク評価株式会社,meeting_minutes,data/processed/share/share/共有ドライブ/プロジェクト/白峰信用リスク評価株式会社/05.会議/会議録/会議録_2025-05-13.pdf.md,会議録_2025-05-13.pdf.md,,2025-05-13,4,False,False,False,False,[no text extracted]
白峰信用リスク評価株式会社,meeting_minutes,data/processed/share/share/共有ドライブ/プロジェクト/白峰信用リスク評価株式会社/05.会議/会議録/会議録_2025-05-27.pdf.md,会議録_2025-05-27.pdf.md,,2025-05-27,1,False,False,False,False,[no text extracted]
白峰信用リスク評価株式会社,meeting_minutes,data/processed/share/share/共有ドライブ/プロジェクト/白峰信用リスク評価株式会社/05.会議/会議録/会議録_2025-05-27.pdf.md,会議録_2025-05-27.pdf.md,,2025-05-27,2,False,False,False,False,[no text extracted]
白峰信用リスク評価株式会社,meeting_minutes,data/processed/share/share/共有ドライブ/プロジェクト/白峰信用リスク評価株式会社/05.会議/会議録/会議録_2025-05-27.pdf.md,会議録_2025-05-27.pdf.md,,2025-05-27,3,False,False,False,False,[no text extracted]
白峰信用リスク評価株式会社,meeting_minutes,data/processed/share/share/共有ドライブ/プロジェクト/白峰信用リスク評価株式会社/05.会議/会議録/会議録_2025-05-27.pdf.md,会議録_2025-05-27.pdf.md,,2025-05-27,4,False,False,False,False,[no text extracted]
白峰信用リスク評価株式会社,meeting_minutes,data/processed/share/share/共有ドライブ/プロジェクト/白峰信用リスク評価株式会社/05.会議/会議録/会議録_2025-05-27.pdf.md,会議録_2025-05-27.pdf.md,,2025-05-27,5,False,False,False,False,[no text extracted]
白峰信用リスク評価株式会社,meeting_minutes,data/processed/share/share/共有ドライブ/プロジェクト/白峰信用リスク評価株式会社/05.会議/会議録/会議録_2025-06-17.pdf.md,会議録_2025-06-17.pdf.md,,2025-06-17,1,False,False,False,False,[no text extracted]
白峰信用リスク評価株式会社,meeting_minutes,data/processed/share/share/共有ドライブ/プロジェクト/白峰信用リスク評価株式会社/05.会議/会議録/会議録_2025-06-17.pdf.md,会議録_2025-06-17.pdf.md,,2025-06-17,2,False,False,False,False,[no text extracted]
白峰信用リスク評価株式会社,meeting_minutes,data/processed/share/share/共有ドライブ/プロジェクト/白峰信用リスク評価株式会社/05.会議/会議録/会議録_2025-06-17.pdf.md,会議録_2025-06-17.pdf.md,,2025-06-17,3,False,False,False,False,[no text extracted]
白峰信用リスク評価株式会社,meeting_minutes,data/processed/share/share/共有ドライブ/プロジェクト/白峰信用リスク評価株式会社/05.会議/会議録/会議録_2025-06-17.pdf.md,会議録_2025-06-17.pdf.md,,2025-06-17,4,False,False,False,False,[no text extracted]
白峰信用リスク評価株式会社,meeting_minutes,data/processed/share/share/共有ドライブ/プロジェクト/白峰信用リスク評価株式会社/05.会議/会議録/会議録_2025-07-15.pdf.md,会議録_2025-07-15.pdf.md,,2025-07-15,1,False,False,False,False,[no text extracted]
白峰信用リスク評価株式会社,meeting_minutes,data/processed/share/share/共有ドライブ/プロジェクト/白峰信用リスク評価株式会社/05.会議/会議録/会議録_2025-07-15.pdf.md,会議録_2025-07-15.pdf.md,,2025-07-15,2,False,False,False,False,[no text extracted]
白峰信用リスク評価株式会社,meeting_minutes,data/processed/share/share/共有ドライブ/プロジェクト/白峰信用リスク評価株式会社/05.会議/会議録/会議録_2025-07-15.pdf.md,会議録_2025-07-15.pdf.md,,2025-07-15,3,False,False,False,False,[no text extracted]
白峰信用リスク評価株式会社,meeting_minutes,data/processed/share/share/共有ドライブ/プロジェクト/白峰信用リスク評価株式会社/05.会議/会議録/会議録_2025-07-15.pdf.md,会議録_2025-07-15.pdf.md,,2025-07-15,4,False,False,False,False,[no text extracted]
白峰信用リスク評価株式会社,report_pack,data/processed/share/share/共有ドライブ/プロジェクト/白峰信用リスク評価株式会社/05.会議/報告資料/報告資料_2025-05-13.pdf.md,報告資料_2025-05-13.pdf.md,,2025-05-13,1,False,False,False,False,[no text extracted]
白峰信用リスク評価株式会社,report_pack,data/processed/share/share/共有ドライブ/プロジェクト/白峰信用リスク評価株式会社/05.会議/報告資料/報告資料_2025-05-13.pdf.md,報告資料_2025-05-13.pdf.md,,2025-05-13,2,False,False,False,False,[no text extracted]
白峰信用リスク評価株式会社,report_pack,data/processed/share/share/共有ドライブ/プロジェクト/白峰信用リスク評価株式会社/05.会議/報告資料/報告資料_2025-05-13.pdf.md,報告資料_2025-05-13.pdf.md,,2025-05-13,3,False,False,False,False,[no text extracted]
白峰信用リスク評価株式会社,report_pack,data/processed/share/share/共有ドライブ/プロジェクト/白峰信用リスク評価株式会社/05.会議/報告資料/報告資料_2025-05-27.pdf.md,報告資料_2025-05-27.pdf.md,,2025-05-27,1,False,False,False,False,[no text extracted]
白峰信用リスク評価株式会社,report_pack,data/processed/share/share/共有ドライブ/プロジェクト/白峰信用リスク評価株式会社/05.会議/報告資料/報告資料_2025-05-27.pdf.md,報告資料_2025-05-27.pdf.md,,2025-05-27,2,False,False,False,False,[no text extracted]
白峰信用リスク評価株式会社,report_pack,data/processed/share/share/共有ドライブ/プロジェクト/白峰信用リスク評価株式会社/05.会議/報告資料/報告資料_2025-05-27.pdf.md,報告資料_2025-05-27.pdf.md,,2025-05-27,3,False,False,False,False,[no text extracted]
白峰信用リスク評価株式会社,report_pack,data/processed/share/share/共有ドライブ/プロジェクト/白峰信用リスク評価株式会社/05.会議/報告資料/報告資料_2025-05-27.pdf.md,報告資料_2025-05-27.pdf.md,,2025-05-27,4,False,False,False,False,[no text extracted]
白峰信用リスク評価株式会社,report_pack,data/processed/share/share/共有ドライブ/プロジェクト/白峰信用リスク評価株式会社/05.会議/報告資料/報告資料_2025-06-17.pdf.md,報告資料_2025-06-17.pdf.md,,2025-06-17,1,False,False,False,False,[no text extracted]
白峰信用リスク評価株式会社,report_pack,data/processed/share/share/共有ドライブ/プロジェクト/白峰信用リスク評価株式会社/05.会議/報告資料/報告資料_2025-06-17.pdf.md,報告資料_2025-06-17.pdf.md,,2025-06-17,2,False,False,False,False,[no text extracted]
白峰信用リスク評価株式会社,report_pack,data/processed/share/share/共有ドライブ/プロジェクト/白峰信用リスク評価株式会社/05.会議/報告資料/報告資料_2025-06-17.pdf.md,報告資料_2025-06-17.pdf.md,,2025-06-17,3,False,False,False,False,[no text extracted]
白峰信用リスク評価株式会社,report_pack,data/processed/share/share/共有ドライブ/プロジェクト/白峰信用リスク評価株式会社/05.会議/報告資料/報告資料_2025-06-17.pdf.md,報告資料_2025-06-17.pdf.md,,2025-06-17,4,False,False,False,False,[no text extracted]
青葉与信マネジメント株式会社,meeting_minutes,data/processed/share/share/共有ドライブ/プロジェクト/青葉与信マネジメント株式会社/05.会議/会議録/会議録_2025-04-09.pdf.md,会議録_2025-04-09.pdf.md,M01,2025-04-09,1,False,False,False,False,会議録 1. 会議情報 • 会議 ID: M01 • 会議種別: キックオフ・前提確認会 • 日時: 2025-04-09 • 目的: プロジェクト立上げとして目的変数 loan_status の業務定義と分析前 提を確定し、スコープとレビュー計画を合意する • 想定決定事項: loan_status の 0/1 定義確定、interest_rate と grade の利用可 能時点確認、スコープ境界と週次運営の承認 • 出席者: o 青葉与信マネジメント株式会社(審査企画部) 中村 浩一(主担当) o 株式会社データアステル(データサイエンス部) 伊藤 翔太(PM) o 株式会社データアステル(データサイエンス部) 山本 彩乃(リード DS) o 株式会社データアステル(データサイエンス部) 斎藤 悠斗(データ エンジニア) o 株式会社データアステル(データサイエンス部) 藤田 彩(ビジネス アナリスト、議事録作成)
青葉与信マネジメント株式会社,meeting_minutes,data/processed/share/share/共有ドライブ/プロジェクト/青葉与信マネジメント株式会社/05.会議/会議録/会議録_2025-04-09.pdf.md,会議録_2025-04-09.pdf.md,M01,2025-04-09,2,False,False,False,False,2. 議題 1. loan_status の業務定義(0/1)の確定 2. interest_rate/grade の審査時点での利用可否(利用可能時点)の確認方法 ・期限決定 3. スコープ境界の最終確認(対象 / 対象外の確認) 4. 週次運営(定例会・中間レビュー・納品スケジュール)の合意 5. 議事録登録と監査証跡整備の担当割当 3. 主要議論 • loan_status の業務定義案について説明(現状ドキュメント上は loan_status=1 を「返済不良・要注意」と仮置き)。中村氏より業務上の意 味確認が行われ、文書化の必要性を共有。 • interest_rate/grade はモデル性能に寄与する一方で審査確定後に決定され る可能性がありリーケージの懸念あり。クライアント(中村氏)にて「審 査時点で利用可能か」を確認し、期限内に回答を得る必要がある。回答が 得られない場合は A/B の並列分析(1: 利用あり、2: 利用除外)で比較する 方針を合意。 • スコープは提案書/スケジュール記載のとおりを原則承認(対象外項目の 明確化は維持)。本番実装や外部データ連携等は除外。 • 週次運営は毎週火曜定例(第 1 回:2025-04-15)を基本とすることで合意。 中間レビューは 2025-04-29、最終報告・検収は 2025-05-27 を想定。
青葉与信マネジメント株式会社,meeting_minutes,data/processed/share/share/共有ドライブ/プロジェクト/青葉与信マネジメント株式会社/05.会議/会議録/会議録_2025-04-09.pdf.md,会議録_2025-04-09.pdf.md,M01,2025-04-09,3,True,False,False,False,• 監査証跡の懸念(キックオフ議事録未登録)を共有。議事録アップロード と前提定義の登録を早急に行う合意。 • 分析はキックオフ後に着手し、初回結果は次回会議で共有する。 4. 進捗サマリ • 実施済み : キックオフ実施、データ受領確認、スコープ・役割分担・レビュ ー計画の合意。分析は未着手。 • 未完了(要対応): loan_status の正式な文書化(議事録への明記)、 interest_rate/grade の利用可否確定、キックオフ議事録の登録、週次会議 の正式招集。 • トレーサビリティ : 分析前提(ラベル定義、利用可能変数、レビュー計画) の文書化が未完のため監査ギャップあり。 5. 決定事項 1. loan_status のラベル定義 o 決定: loan_status = 1 を「返済不良(要注意)」として業務で扱う (本会議にて口頭合意)。 o 承認者: 中村 浩一(発注者) o 備考: 定義は議事録および変数定義表に明記すること(アクション参 照)。 2. interest_rate / grade の取り扱い o 決定: 中村氏が「審査時点での利用可否」を確認し、2025-04-10 まで に回答する。回答結果に応じて以下を実施する。 ▪ 利用可能と回答:モデルに含める(以後の手順は通常通り)。
青葉与信マネジメント株式会社,meeting_minutes,data/processed/share/share/共有ドライブ/プロジェクト/青葉与信マネジメント株式会社/05.会議/会議録/会議録_2025-04-09.pdf.md,会議録_2025-04-09.pdf.md,M01,2025-04-09,4,False,True,False,False,▪ 利用不可または未回答:interest_rate/grade を除外した並列分 析を実施し、比較結果で運用方針を決定する。 o 承認者: 全出席者合意(中村 浩一 / 伊藤 翔太) 3. スコープと運営ルール o 決定: スコープは提案書記載の対象/対象外を原則承認(本番実装・ 外部データ連携等は対象外)。 o 週次運営: 毎週火曜を定例とし、次回定例を 2025-04-15 とする。招 集と議題配布は PM(伊藤)が実施。 o 承認者: 中村 浩一 / 伊藤 翔太 4. 議事録登録 o 決定: 本キックオフ議事録を速やかにプロジェクトリポジトリへアッ プロードする。担当は 藤田 彩。期限を 2025-04-10 とする。 変更: なし(本会議で既存の決定を変更した事項はなし) 6. アクションアイテム ID Action Owner Due Date Status A01 loan_status の正式定義 (文書化) を議事録・ 変数定義表 に反映・配 布 中村浩一/ 藤 田 彩(文書 化担当) 2025-04-10 Open A02 interest_rate / grade の 「審査時点 での利用可 中村 浩一 2025-04-10 Open
青葉与信マネジメント株式会社,meeting_minutes,data/processed/share/share/共有ドライブ/プロジェクト/青葉与信マネジメント株式会社/05.会議/会議録/会議録_2025-04-09.pdf.md,会議録_2025-04-09.pdf.md,M01,2025-04-09,5,False,True,False,False,ID Action Owner Due Date Status 否」を確認 ・回答 A03 キックオフ 議事録のア ップロード (本会議 分)とアク ション登録 藤田 彩 2025-04-10 Open A04 週次定例の 招集(招待 メール・会 議室/URL 配 布)、初回 は 2025-04- 15 伊藤 翔太 2025-04-10 Open A05 データ受領 ・格納場所 確認(原本 データと関 連資料の保 管先確認) 斎藤 悠斗 2025-04-09 Done* A06 中間レビュ ー用初期探 索資料(単 変量・セグ メント別不 良率・中間 レビュー 山本 彩乃 / 藤田 彩 2025-04-24 → 中間 レビュー資料最 終 2025-04-28 Open
青葉与信マネジメント株式会社,meeting_minutes,data/processed/share/share/共有ドライブ/プロジェクト/青葉与信マネジメント株式会社/05.会議/会議録/会議録_2025-04-09.pdf.md,会議録_2025-04-09.pdf.md,M01,2025-04-09,6,False,True,False,True,ID Action Owner Due Date Status 案)作成 注 : A05 は本日実行済(受領データと保管場所の確認完了のため「 Done 」)。完 了理由 : 原本データと関連資料の所在を確認。 7. リスクと懸念事項 1. 目的変数定義の不確定(高) o 懸念: 定義が文書化されていない場合、解析・示唆が逆解釈されるリ スク。 o 緩和策: A01 を速やかに実行し、すべての成果物にラベル定義を明記。 責任者: 中村 / 藤田。 2. リーケージ(interest_rate / grade)(中〜高) o 懸念: 変数が審査後確定である場合、実運用で再現不可。 o 緩和策: A02 にて可否確認し、未確認時は変数除外分析を並列実施。 責任者: 中村 / 山本。 3. 時系列情報欠落による外部検証困難(中) o 懸念: ビンテージ分析やドリフト検知が現データ単体では不可。 o 緩和策: 将来的に時点情報が提供可能かを確認、外部検証データ取得 を検討。責任者: 伊藤 / 中村。 4. スコープ・納期(スコープクリープ)(中) o 懸念: 追加要望が固定価格・短納期計画に影響を与える。 o 緩和策: 変更管理(2025-05-01 チェックポイント)に基づき対応、 PM が影響評価。責任者: 伊藤。 5. 監査証跡不足(低〜中) o 懸念: 議事録・前提の未登録が監査上の欠落となる。
青葉与信マネジメント株式会社,meeting_minutes,data/processed/share/share/共有ドライブ/プロジェクト/青葉与信マネジメント株式会社/05.会議/会議録/会議録_2025-04-09.pdf.md,会議録_2025-04-09.pdf.md,M01,2025-04-09,7,False,True,False,False,o 緩和策: A03(議事録登録)を速やかに実行し、版管理を徹底。責任 者: 藤田 / 伊藤。 未解決のオープン課題(要アクション) - interest_rate/grade の審査時点可否 (A02) — 未回答(期限 2025-04-10) - loan_status の文書化(A01) — 議事録登録を以て閉鎖予定 8. 次回会議計画 • 会議名: 週次定例(第 2 回) • 日時: 2025-04-15(火)予定 — 招集は伊藤が実施 • データ受領・保管状況確認(A05 完了確認) • 参加予定: 中村 浩一、伊藤 翔太、山本 彩乃、斎藤 悠斗、藤田 彩(必要に応 じ他メンバー) • 主な議題案: 1. loan_status 文書化の確認(A01 完了確認) 2. interest_rate/grade の可否回答報告(A02)と並列分析方針決定 3. 中間レビュー資料スケジュール確認(A06 の進捗) 4. クリティカルパス上の遅延リスク有無報告 以上 (議事録作成: 藤田 彩 / 配布日: 2025-04-09)
青葉与信マネジメント株式会社,meeting_minutes,data/processed/share/share/共有ドライブ/プロジェクト/青葉与信マネジメント株式会社/05.会議/会議録/会議録_2025-04-29.pdf.md,会議録_2025-04-29.pdf.md,M02,2025-04-29,1,False,True,False,False,会議録 1. 会議情報 • 会議 ID: M02 • 会議種別: 中間レビュー会 • 日時: 2025-04-29 • 目的: データ理解と探索的分析および初期モデリング結果を共有し中間報告 に向けた論点優先順位を決定する • 出席者: o 青葉与信マネジメント株式会社 審査企画部 中村 浩一 o 株式会社データアステル(データサイエンス部) 伊藤 翔太、山本 彩 乃、藤田 彩、岡田 佑樹 2. 議題 1. 中間分析(EDA)・初期モデリング結果の共有 2. 採用する評価指標の決定(業務指標含む) 3. リスク区分(リスクセグメント)案の採択 4. リーケージ懸念変数(interest_rate / grade 等)の扱い方針確定 5. 追加深掘り論点の優先順位決定と担当割当 6. prior open actions の確認(A01〜A06)
青葉与信マネジメント株式会社,meeting_minutes,data/processed/share/share/共有ドライブ/プロジェクト/青葉与信マネジメント株式会社/05.会議/会議録/会議録_2025-04-29.pdf.md,会議録_2025-04-29.pdf.md,M02,2025-04-29,2,False,False,False,False,"3. 主要議論 • データ・モデル共有 o 学習データ: 17,500 レコード、欠損なし。target loan_status 平均 ≒ 0.2148。 o trial_index 1〜5 の比較結果では、random_forest の Accuracy 0.798、 F1(macro) 0.589 を確認。 • 評価指標(業務観点含む) o ROC-AUC をモデル選定の主要汎化指標とし、業務評価指標として 「precision@top10%(上位十%精度) 」を必須で採用する案を提示。 Brier スコア(較正評価)も併記することで合意形成しやすいとの意 見。 • リスク区分(リスクセグメント) o 実務で扱いやすい分割方式として「パーセンタイルベースの閾値」 を採用する案を提示(High / Medium / Low)。各区分の業務閾値案を 議論。 • リーケージ懸念変数の扱い o interest_rate / grade はモデル性能貢献が確認される一方で「審査時 点で利用可能か不確定」→ リーケージ懸念が高い。方針としては 「クライアント確認 → 未確認の間は並列評価(含むモデル / 除外モデ ル)を実行」し、運用時は利用可能性に応じて最終採用を決定する ことで合意。該当変数は変数定義表でフラグ管理する。 • 深掘り論点の優先順位 o M02 時点での優先順位を決定(詳細は決定事項・アクション参照)。 • prior open actions の確認"
青葉与信マネジメント株式会社,meeting_minutes,data/processed/share/share/共有ドライブ/プロジェクト/青葉与信マネジメント株式会社/05.会議/会議録/会議録_2025-04-29.pdf.md,会議録_2025-04-29.pdf.md,M02,2025-04-29,3,True,True,False,False,o A01/A02/A03/A04 は未完(期限超過)で継続。A06(中間レビュー資 料)は本会議で提示・配布したためクローズと判断(詳細はアクシ ョンに明記)。 4. 進捗サマリ • 完了(本会議まで) o データ読込・EDA 実施、初期サマリとベースラインモデルの出力 (artifacts に保存) o 中間レビュー資料(A06)を作成・配布・発表(A06 をクローズ) • 継続中/未完了 o A01/A02/A03/A04 は prior_state の通り継続(期日更新あり、下表参 照)。 o 並列モデル(interest_rate/grade 含む/除外)の比較実施(A08 を 新規作成)。 • 特記事項 o 目的変数定義(A01)の文書化が未完のまま進行しているため、監査 証跡の観点で最優先対応が必要。 o 時系列情報がないため、期間横断の一般化検証は限定的である点は 継続リスク。 5. 決定事項 1. 採用評価指標(合意) o 決定: モデル選定の主要指標を ROC-AUC とする。業務評価指標とし て precision@top10%(上位 10%の適合率)を必須採用、併せて Brier スコアで較正確認、混同行列・PR-AUC を補助指標として算出
青葉与信マネジメント株式会社,meeting_minutes,data/processed/share/share/共有ドライブ/プロジェクト/青葉与信マネジメント株式会社/05.会議/会議録/会議録_2025-04-29.pdf.md,会議録_2025-04-29.pdf.md,M02,2025-04-29,4,False,True,False,False,する。 o 承認者: 中村 浩一(口頭合意) 2. リスク区分(リスクセグメント、合意) o 決定: パーセンタイルベースの 3 区分を初期運用案として採用する。 閾値(初期案)は以下とする(運用検証後に調整可)。 ▪ High: スコア上位 10%(上位 10%を High リスク) ▪ Medium: 上位 10〜30%(10%〜30%) ▪ Low: 下位 70%(残余) o 備考: 業務上の閾値は中間評価(MS5: モデル評価完了時)で実績に 基づき最終調整する。 o 承認者: 中村 浩一(口頭合意) 3. リーケージ懸念変数の扱い(合意) o 決定: interest_rate / grade 等の審査時点可否が未確定な変数について は、以下の運用で合意する。 ▪ クライアント(中村氏)が「審査時点で利用可能か」を最終 確認する(A02)。 ▪ 確認が得られるまで、ベンダーは並列で「変数含むモデル」 「変数除外モデル」を構築・比較し、差分と運用インパクト を提示する(A08)。 ▪ 変数定義表に「post-decision 可能性」フラグを追加し、成果 物に明記する。
青葉与信マネジメント株式会社,meeting_minutes,data/processed/share/share/共有ドライブ/プロジェクト/青葉与信マネジメント株式会社/05.会議/会議録/会議録_2025-04-29.pdf.md,会議録_2025-04-29.pdf.md,M02,2025-04-29,5,False,True,False,False,"o 承認者: 中村 浩一(口頭合意) 4. 追加深掘り論点の優先順位(合意) o 決定: 優先度順に以下を着手する。各担当はアクション参照。 1) リーケージ影響評価(interest_rate / grade の影響定量化) 2) 上位群(Top10%)の詳細分析と閾値検討(業務インパクト評 価) 3) セグメント別不良率の精査(purpose, term, employment_length 等) 4) 時系列情報欠落への代替案検討(将来のデータ収集提案) o 承認者: 中村 浩一(口頭合意) 変更: prior open action A06 を「完了(Closed)」に変更。理由: 中間レビュー資料 を作成・配布し本会議で発表したため。承認: データアステル側(山本 / 藤田)報 告により確認。 6. アクションアイテム ID Action Owner Due Date Status A01 loan_status の正式定義 (文書化) を議事録・ 変数定義表 に反映・配 布 中村 浩一 / 藤田 彩 2025-05-01 Open A02 interest_rate / grade の 中村 浩一 2025-05-01 Open"
青葉与信マネジメント株式会社,meeting_minutes,data/processed/share/share/共有ドライブ/プロジェクト/青葉与信マネジメント株式会社/05.会議/会議録/会議録_2025-04-29.pdf.md,会議録_2025-04-29.pdf.md,M01,2025-04-29,6,False,True,False,False,ID Action Owner Due Date Status 「審査時点 での利用可 否」を確認 ・回答(※ 未回答のた め期日再設 定) A03 キックオフ 議事録 (M01)ア ップロード とアクショ ン登録の完 了 藤田 彩 2025-05-01 Open A04 週次定例の 招集(継続 運営確認、 招待メール ・URL 配 布) 伊藤 翔太 2025-05-01 Open A06 中間レビュ ー用初期探 索資料の作 成・配布・ 発表(M02 資料) 山本 彩乃 / 藤田 彩 2025-04-28 Closed(完 了) A07 採用評価指 標(ROC- 中村 浩一 / 伊藤 翔太 2025-05-01 Open
青葉与信マネジメント株式会社,meeting_minutes,data/processed/share/share/共有ドライブ/プロジェクト/青葉与信マネジメント株式会社/05.会議/会議録/会議録_2025-04-29.pdf.md,会議録_2025-04-29.pdf.md,M02,2025-04-29,7,False,True,False,False,ID Action Owner Due Date Status AUC / precision@t op10% / Brier 等)の 最終確認と 議事録反映 A08 並列モデル 実行:1 interest_rate /grade を含 むモデル 2 除外モデル の比較(差 分レポート 作成) 山本 彩乃 2025-05-08 Open A09 上位 10% (Top10%) の精度詳細 解析と業務 閾値候補作 成(リフト 表・混同行 列含む) 山本 彩乃 2025-05-08 Open A10 セグメント 別不良率の 深掘り (purpose / term / employment _length な 藤田 彩 / 山本 彩 乃 2025-05-07 Open
青葉与信マネジメント株式会社,meeting_minutes,data/processed/share/share/共有ドライブ/プロジェクト/青葉与信マネジメント株式会社/05.会議/会議録/会議録_2025-04-29.pdf.md,会議録_2025-04-29.pdf.md,M02,2025-04-29,8,False,True,False,False,ID Action Owner Due Date Status ど)と運用 インパクト 報告 A11 時系列情報 欠落への代 替案検討 (将来のデ ータ収集提 案/モニタ リング設計 案作成) 伊藤 翔太 2025-05-01 Open ※ prior action IDs A01〜A06 を保持(A06 のみクローズ)。新規アクション A07〜 A11 を追加。 7. リスクと懸念事項 • R01: 目的変数定義の不備(高) o 説明: loan_status の業務定義が文書化されていないと解釈誤りが発生 する。 o 対策/責任者: A01 を最優先で完了(Owner: 中村 / 藤田)。期限 2025- 05-01。 • R02: リーケージ(interest_rate / grade)(中〜高) o 説明: 審査後確定の変数を使用すると本番再現性が失われる可能性。 o 対策/責任者: A02(中村 による可否確認) → 未確定の間は A08 にて並 列評価を実施し、運用採用は client 確認後に決定。 • R03: 学習データ単独による一般化限界(中)
青葉与信マネジメント株式会社,meeting_minutes,data/processed/share/share/共有ドライブ/プロジェクト/青葉与信マネジメント株式会社/05.会議/会議録/会議録_2025-04-29.pdf.md,会議録_2025-04-29.pdf.md,M02,2025-04-29,9,False,True,False,False,o 説明: 時間情報なし・期間外検証不可のため将来性能不確定。 o 対策/責任者: モデル選定で汎化指標(ROC-AUC)を重視、運用前に 追加データが得られ次第外部検証を実施(Owner: 山本)。 • R04: 監査証跡不足(中) o 説明: 議事録・変数定義・前処理の版管理が未完の箇所あり。 o 対策/責任者: 全アクション完了時に成果物版管理を整備(Owner: 藤 田 / 岡田)。 • R05: スコープクリープ・短納期(中) o 説明: 追加深掘り要求が増えると契約範囲超過と納期影響。 o 対策/責任者: 変更管理 CP(2025-05-01)で仕分け、伊藤 がエスカレ ーション管理。 オープン課題(本会議時点) - O01: A01/A02/A03/A04 が未完(期日を 2025-05-01 に再設定)。 - O02: interest_rate / grade の本番利用可否未回答(A02)。 - O03: 上位群の閾値(業務採用閾値)を実データで最終決定する必要あり(A09)。 8. 次回会議計画 • 日時: 2025-05-06(火) 10:00 — 11:00(定例週次) • 目的: A02 の中間状況確認、A08/A09 の進捗報告、A01 の文書化状況確認、 並列モデル結果の初回差分レビュー(進捗報告中心)。 • 場所/形式: 会議室 / オンライン(招待は伊藤が送付) • 参加予定: 中村 浩一、伊藤 翔太、山本 彩乃、藤田 彩、岡田 佑樹
青葉与信マネジメント株式会社,meeting_minutes,data/processed/share/share/共有ドライブ/プロジェクト/青葉与信マネジメント株式会社/05.会議/会議録/会議録_2025-04-29.pdf.md,会議録_2025-04-29.pdf.md,M02,2025-04-29,10,False,False,False,False,以上。
青葉与信マネジメント株式会社,meeting_minutes,data/processed/share/share/共有ドライブ/プロジェクト/青葉与信マネジメント株式会社/05.会議/会議録/会議録_2025-05-27.pdf.md,会議録_2025-05-27.pdf.md,M03,2025-05-27,1,False,False,False,False,会議録 1. 会議情報 • 会議 ID: M03 • 会議種別: 最終報告・検収会 • 日時: 2025-05-27 • 目的: 最終分析結果と業務示唆を報告し説明可能性と監査証跡を含む成果物 の最終確認を行う • 想定決定事項: 最終報告書と成果物一式の承認; 業務活用上の留意点と次フ ェーズ論点確認; 検収可否決定 • 出席者: o 青葉与信マネジメント株式会社(審査企画部) 中村 浩一(主担当) o 関係レビュー担当者(クライアント側) o 株式会社データアステル(データサイエンス部) 山田 直樹(エグゼ クティブスポンサ)、伊藤 翔太(PM)、山本 彩乃(リード DS)、 藤田 彩(ビジネスアナリスト)、岡田 佑樹(QA) 2. 議題 1. 最終報告書(成果物一式)の説明・質疑 2. モデル評価指標・リスク区分・説明可能性の最終確認
青葉与信マネジメント株式会社,meeting_minutes,data/processed/share/share/共有ドライブ/プロジェクト/青葉与信マネジメント株式会社/05.会議/会議録/会議録_2025-05-27.pdf.md,会議録_2025-05-27.pdf.md,M03,2025-05-27,2,False,True,False,False,"3. 業務活用上の留意点(特に interest_rate / grade の取扱い)と次フェーズ論 点確認 4. 検収判定(承認可否)と検収後作業のスケジュール確認 5. 未解決アクションの扱い(Prior open actions の最終整理) 3. 主要議論 • 最終報告書の要旨と主要指標を受託者より提示(ROC-AUC 0.7127、 precision@top10% ≒ 0.4886、Brier 0.1581 等)。出力アーティファクト (artifacts/analysis_outputs/metrics.json, run_summary.json)および議事録 ・報告書の保管場所を確認。 • extra_trees において Accuracy 0.778、F1(macro) 0.60266642。 • 説明可能性については、ロジスティック回帰等の説明性モデルおよび特徴 量重要度により主要因解釈を提示。主要変数(loan_amnt, credit_score, interest_rate, grade 等)の寄与方向性を実務に沿って説明。 • interest_rate / grade の運用時点可用性(リーケージ懸念)は未解決。中村 氏が審査業務の運用観点から可用性を確認中であり、検収・運用判断に影 響する点を再確認。 • 既存の未完アクション(A01〜A11)をレビュー。最終報告書に含め済みの 項目(A08/A09/A10)は完了扱い、文書登録や監査証跡の未整備分 (A01/A02/A03/A07/A11)は検収後の短期間で完了することを合意。 • 検収手続きについて、契約条件(甲は受領後 5 営業日以内に検収合否通知) を確認。未解決アクションの取扱いと「条件付き検収合格」運用を合意 (詳細は決定事項参照)。"
青葉与信マネジメント株式会社,meeting_minutes,data/processed/share/share/共有ドライブ/プロジェクト/青葉与信マネジメント株式会社/05.会議/会議録/会議録_2025-05-27.pdf.md,会議録_2025-05-27.pdf.md,M01,2025-05-27,3,True,True,False,False,4. 進捗サマリ • 完了(今回まで): 最終報告書作成・配布、モデル評価結果出力 (artifacts/analysis_outputs/*)、中間レビューでの指摘反映。A08/A09/A10 の分析結果は最終報告書に反映済み。 • 継続/未完了: A01(loan_status 文書化)、A02(interest_rate/grade の審査 時点可否確認)、A03(M01 議事録アップロード)、A07(採用評価指標の 最終確認)、A11(時系列欠落の代替案検討)は未完で残存。これらは検収 プロセスにおける条件対応とする。 • 監査証跡: 主要出力は保存済みだが、目的変数の最終版定義と一部レビュー 証跡のアップロードが不足しているため、完了が必要(A01/A03)。 5. 決定事項 1. 最終報告書と成果物一式の承認(条件付き) o 決定: 株式会社データアステル提出の最終報告書および成果物一式を 承認する。ただし以下の未完事項(A01/A02/A03/A07/A11)は、検収 後 5 営業日以内に完了(証跡提出)することを条件とする。未完了 の場合は契約に基づく検収不合格扱いとする。 o 承認者: 中村 浩一(発注者) o 根拠: 提出アーティファクトの整合性(metrics/run_summary 等)お よび会議での説明に基づく。 2. 検収判定の運用ルール(合意) o 決定: 本会議での合意により「条件付き検収合格」を採用。甲(青葉 与信)は提出物受領後 5 営業日以内に最終検収可否を通知するが、 未解決の前述アクションが期限内に完了したことが確認できた場合 に「検収合格」を確定する。期限内に完了しない場合は不合格とし、
青葉与信マネジメント株式会社,meeting_minutes,data/processed/share/share/共有ドライブ/プロジェクト/青葉与信マネジメント株式会社/05.会議/会議録/会議録_2025-05-27.pdf.md,会議録_2025-05-27.pdf.md,M03,2025-05-27,4,False,True,False,False,別途是正対応を行う。 o 承認者: 中村 浩一 / 伊藤 翔太 3. 業務活用上の留意点(確認) o 決定: 運用時に使用する変数群は「モデル性能寄与変数」と「審査時 点で実際に利用可能な変数」に分けて管理する。特に interest_rate / grade は審査運用可否の最終回答を得るまで、運用用スコアリングで は除外/並列運用の二案を検討する旨合意。 o 承認者: 中村 浩一 / 山本 彩乃 4. 次フェーズ提案と優先論点(合意) o 決定: 次フェーズでの優先論点(時系列情報収集・モニタリング設計 ・本番化要件定義)を受託者が提案書形式でまとめ、甲へ提出する。 提出期限は別途合意(下記アクション参照)。 o 承認者: 中村 浩一 / 伊藤 翔太 変更: なし(本会議で prior の決定事項を取り下げる変更は発生していない) 6. アクションアイテム ID Action Owner Due Date Status A01 loan_status の正式定義 (文書化) を議事録・ 変数定義表 に反映・配 布 中村 浩一 / 藤田 彩 2025-06-03 Open A02 interest_rat e / grade の 「審査時点 中村 浩一 2025-06-03 Open
青葉与信マネジメント株式会社,meeting_minutes,data/processed/share/share/共有ドライブ/プロジェクト/青葉与信マネジメント株式会社/05.会議/会議録/会議録_2025-05-27.pdf.md,会議録_2025-05-27.pdf.md,M01,2025-05-27,5,False,True,False,False,ID Action Owner Due Date Status での利用可 否」を確認 ・回答 A03 キックオフ 議事録 (M01)ア ップロード とアクショ ン登録の完 了 藤田 彩 2025-06-03 Open A04 週次定例の 招集(継続 運営確認、 招待メール ・URL 配 布) 伊藤 翔太 2025-05-01 Closed (理由: プ ロジェクトは本 日検収会でクロ ージング。定例 招集は終了のた めクローズ) A07 採用評価指 標(ROC- AUC / precision@t op10% / Brier 等)の 最終確認と 議事録反映 中村 浩一 / 伊藤 翔太 2025-06-03 Open A08 並列モデル 実行:1 interest_rat e/grade を 含むモデル 山本 彩乃 2025-05-08 Closed (理由: 比 較結果は最終報 告書に反映・納 品済み)
青葉与信マネジメント株式会社,meeting_minutes,data/processed/share/share/共有ドライブ/プロジェクト/青葉与信マネジメント株式会社/05.会議/会議録/会議録_2025-05-27.pdf.md,会議録_2025-05-27.pdf.md,M03,2025-05-27,6,False,True,False,False,ID Action Owner Due Date Status 2 除外モデ ル の比較 (差分レポ ート作成) A09 上位 10% (Top10% )の精度詳 細解析と業 務閾値候補 作成(リフ ト表・混同 行列含む) 山本 彩乃 2025-05-08 Closed (理由: 詳 細解析は最終報 告書に反映・納 品済み) A10 セグメント 別不良率の 深掘り (purpose / term / employmen t_length な ど)と運用 インパクト 報告 藤田 彩 / 山本 彩 乃 2025-05-07 Closed (理由: セ グメント分析結 果は最終報告書 に反映・納品済 み) A11 時系列情報 欠落への代 替案検討 (将来のデ ータ収集提 案/モニタ リング設計 伊藤 翔太 2025-06-30 Open
青葉与信マネジメント株式会社,meeting_minutes,data/processed/share/share/共有ドライブ/プロジェクト/青葉与信マネジメント株式会社/05.会議/会議録/会議録_2025-05-27.pdf.md,会議録_2025-05-27.pdf.md,M03,2025-05-27,7,False,True,False,False,ID Action Owner Due Date Status 案作成) A12 次フェーズ 提案書(時 系列収集・ モニタリン グ・本番化 要件)を作 成・提出 伊藤 翔太 / 山田 直樹 2025-06-30 Open • 補足(クローズ/再スコープの理由): o A04 は本会議でプロジェクトをクロージングするため継続定例招集 は不要と判断しクローズした。 o A08/A09/A10 は最終報告書に結果を含めて納品済みのためクローズ とした(納品アーティファクト参照)。 7. リスクと懸念事項 1. 目的変数定義の不整合(高) o 現状: A01 が未完。最終報告では仮置き定義を使用しているが、業務 運用上の正式定義が未登録。 o 影響: 解釈の食い違いにより運用閾値や承認基準が誤る可能性。 o 対策/Owner: 中村 浩一 / 藤田 彩(A01: 2025-06-03) 2. リーケージ(interest_rate / grade)(中〜高) o 現状: A02 が未回答。これらが審査時点で利用可能か否かにより実運 用で採用可能なモデルが変わる。 o 影響: 本番再現性・運用リスク。
青葉与信マネジメント株式会社,meeting_minutes,data/processed/share/share/共有ドライブ/プロジェクト/青葉与信マネジメント株式会社/05.会議/会議録/会議録_2025-05-27.pdf.md,会議録_2025-05-27.pdf.md,M01,2025-05-27,8,False,True,False,False,"o 対策/Owner: 中村 浩一 による可用性確認(A02: 2025-06-03)。受託 側は並列案を保持。 3. 監査証跡の不足(中) o 現状: M01 のアップロード等(A03)が未完。監査対応時に証跡が不 足すると追認負担が発生。 o 対策/Owner: 藤田 彩(A03: 2025-06-03) 4. 時系列検証不可による一般化不確実性(中) o 現状: データに時系列情報がない(恒久的リスク)。A11 で代替案を 検討中。 o 影響: ドリフト検知や再学習ルールの構築が困難。 o 対策/Owner: 伊藤 翔太(A11: 2025-06-30) 5. 検収条件(期限内アクション未完了による不合格リスク) o 対策: 条件付き検収合格ルールを適用。未完了項目は期限内に完了・ 証跡提出することを明示。 8. クロージング • クロージング決定: 本日(2025-05-27)の最終報告・検収会にて「最終報告 書および成果物一式を条件付きで承認」し、上記の未解決アクション (A01/A02/A03/A07/A11/A12)を所定期限内に完了することを条件に、検収 の最終確定を行う。 • 成果物ハンドオーバー状況: 最終版報告書、分析出力 (artifacts/analysis_outputs/metrics.json, run_summary.json)、変数定義表、 議事録(M01/M02/M03)を所定のリポジトリに配置済み。未登録の議事録 ・定義は A01/A03 で補完。 • 検収後の連絡・問い合わせ窓口(ポストプロジェクト対応):"
青葉与信マネジメント株式会社,meeting_minutes,data/processed/share/share/共有ドライブ/プロジェクト/青葉与信マネジメント株式会社/05.会議/会議録/会議録_2025-05-27.pdf.md,会議録_2025-05-27.pdf.md,M03,2025-05-27,9,False,True,False,False,o 発注者(運用側)問い合わせ先: 中村 浩一(青葉与信マネジメント株 式会社 審査企画部) o 受託者(技術・成果物移管)窓口: 伊藤 翔太(株式会社データアステ ル データサイエンス部) o エグゼクティブ相談窓口: 山田 直樹(株式会社データアステル) • 今後の流れ: 受託者は本会議で合意した次フェーズ提案(A12)を 2025-06- 30 までに提出。甲は A01/A02/A03/A07 を 2025-06-03 までに完了・証跡提出 し、期限内の完了確認後に検収合格を確定する。以上により本プロジェク トはクロージング手続きに入る。
青葉与信マネジメント株式会社,report_pack,data/processed/share/share/共有ドライブ/プロジェクト/青葉与信マネジメント株式会社/05.会議/報告資料/報告資料_2025-04-09.docx.md,報告資料_2025-04-09.docx.md,M01,2025-04-09,1,False,False,False,True,"# Word Markdown: 報告資料_2025-04-09.docx ## Source - raw_path: `share/共有ドライブ/プロジェクト/青葉与信マネジメント株式会社/05.会議/報告資料/報告資料_2025-04-09.docx` - source_sha1: `935bb364071c034a1efd2af1427186b4a2f1ab5d` - paragraph_count: 97 - table_count: 0 - image_count: 0 ## Body <!-- block_index=1 type=paragraph style=Heading 1 --> ## 分析進捗報告書 <!-- block_index=2 type=paragraph style=Block Text --> チェックポイント: M01(キックオフ・前提確認会) チェックポイント日付: 2025-04-09 報告期間: 2025-04-09 to 2025-04-09 <!-- block_index=3 type=paragraph style=Normal --> <!-- block_index=4 type=paragraph style=Heading 2 --> ## 1. 報告サマリー <!-- block_index=5 type=paragraph style=Compact --> 本チェックポイント(M01:キックオフ)は所定日に設定されています(meeting_id: M01, meeting_date: 2025-04-09)。議題は「loan_status の業務定義確定、interest_rate/grade の利用可能時点確認、スコープ/週次運営の合意」です(Report facts checkpoint に記載の purpose/expected_decisions に準拠)。 <!-- block_index=6 type=paragraph style=Compact --> キックオフ時点では分析未着手のため、ここでは前提確認・データ受領・レビュー計画のみを共有する。 <!-- block_index=7 type=paragraph style=Compact --> 総レコード数: 17,500 行 <!-- block_index=8 type=paragraph style=Compact --> カラム数(説明変数含む): 10 列(eda_summary の column_count) <!-- block_index=9 type=paragraph style=Compact --> モデル評価: キックオフ時点では未実施 <!-- block_index=10 type=para"
青葉与信マネジメント株式会社,report_pack,data/processed/share/share/共有ドライブ/プロジェクト/青葉与信マネジメント株式会社/05.会議/報告資料/報告資料_2025-04-29.docx.md,報告資料_2025-04-29.docx.md,M02,2025-04-29,1,False,True,False,True,"# Word Markdown: 報告資料_2025-04-29.docx ## Source - raw_path: `share/共有ドライブ/プロジェクト/青葉与信マネジメント株式会社/05.会議/報告資料/報告資料_2025-04-29.docx` - source_sha1: `2f51f1292baf5a245be541cc1c650725ce1f978c` - paragraph_count: 106 - table_count: 0 - image_count: 0 ## Body <!-- block_index=1 type=paragraph style=Heading 1 --> ## 分析進捗報告書 <!-- block_index=2 type=paragraph style=First Paragraph --> 対象チェックポイント: M02(中間レビュー会) 会議日: 2025-04-29 報告対象期間: 2025-04-09 〜 2025-04-29 <!-- block_index=3 type=paragraph style=Normal --> <!-- block_index=4 type=paragraph style=Heading 2 --> ## 1. 報告サマリー <!-- block_index=5 type=paragraph style=Compact --> 本報告はチェックポイント M02 時点(2025-04-29)の状況をまとめた中間分析報告です。中間レビュー会は予定どおり 2025-04-29 に設定されています(議事録 M02 の正式反映は未配布のため、本報告は現時点で取得済みの成果物/ログに基づき作成しています)。 <!-- block_index=6 type=paragraph style=Compact --> データ受領・初期パイプライン実行が完了し、学習用データは 17,500 レコード(カラム数 10、説明変数数 9)で欠損はありません。target (loan_status) の平均は 0.2148(約21.48%)です。 <!-- block_index=7 type=paragraph style=Compact --> ベースライン(extra_trees)モデルの初回評価結果(学習/検証の分割あり)が出力済みです。主要指標(検証セット基準): <!-- block_index=8 type=paragraph style=Compact --> 行数: 17,500(train 14,000 / test 3,500) <!-- block_index=9 type=paragraph style=Compact --> Accuracy: 0.79800000 "
