relative_path,actual_relative_path,file_name,stem,extension,size_bytes,size_kb,depth,area,project_name,major_folder,is_temp_office_file,source_path
プロジェクト/京橋信用ソリューションズ株式会社/00.提案/提案書_final.pptx,プロジェクト/京橋信用ソリューションズ株式会社/00.提案/提案書_final.pptx,提案書_final.pptx,提案書_final,.pptx,81321,79.42,4,プロジェクト,京橋信用ソリューションズ株式会社,00.提案,False,data/raw/share/share/共有ドライブ/プロジェクト/京橋信用ソリューションズ株式会社/00.提案/提案書_final.pptx
プロジェクト/京橋信用ソリューションズ株式会社/00.提案/提案書_v1.pptx,プロジェクト/京橋信用ソリューションズ株式会社/00.提案/提案書_v1.pptx,提案書_v1.pptx,提案書_v1,.pptx,81469,79.56,4,プロジェクト,京橋信用ソリューションズ株式会社,00.提案,False,data/raw/share/share/共有ドライブ/プロジェクト/京橋信用ソリューションズ株式会社/00.提案/提案書_v1.pptx
プロジェクト/京橋信用ソリューションズ株式会社/01.契約/契約書.docx,プロジェクト/京橋信用ソリューションズ株式会社/01.契約/契約書.docx,契約書.docx,契約書,.docx,18644,18.21,4,プロジェクト,京橋信用ソリューションズ株式会社,01.契約,False,data/raw/share/share/共有ドライブ/プロジェクト/京橋信用ソリューションズ株式会社/01.契約/契約書.docx
プロジェクト/京橋信用ソリューションズ株式会社/02.計画/スケジュール.xlsx,プロジェクト/京橋信用ソリューションズ株式会社/02.計画/スケジュール.xlsx,スケジュール.xlsx,スケジュール,.xlsx,24592,24.02,4,プロジェクト,京橋信用ソリューションズ株式会社,02.計画,False,data/raw/share/share/共有ドライブ/プロジェクト/京橋信用ソリューションズ株式会社/02.計画/スケジュール.xlsx
プロジェクト/京橋信用ソリューションズ株式会社/03.データ/train.csv,プロジェクト/京橋信用ソリューションズ株式会社/03.データ/train.csv,train.csv,train,.csv,2345067,2290.1,4,プロジェクト,京橋信用ソリューションズ株式会社,03.データ,False,data/raw/share/share/共有ドライブ/プロジェクト/京橋信用ソリューションズ株式会社/03.データ/train.csv
プロジェクト/京橋信用ソリューションズ株式会社/03.データ/カラム説明.md,プロジェクト/京橋信用ソリューションズ株式会社/03.データ/カラム説明.md,カラム説明.md,カラム説明,.md,1570,1.53,4,プロジェクト,京橋信用ソリューションズ株式会社,03.データ,False,data/raw/share/share/共有ドライブ/プロジェクト/京橋信用ソリューションズ株式会社/03.データ/カラム説明.md
プロジェクト/京橋信用ソリューションズ株式会社/04.分析/analysis_outputs/experiments/leaderboard.csv,プロジェクト/京橋信用ソリューションズ株式会社/04.分析/analysis_outputs/experiments/leaderboard.csv,leaderboard.csv,leaderboard,.csv,1020,1.0,6,プロジェクト,京橋信用ソリューションズ株式会社,04.分析,False,data/raw/share/share/共有ドライブ/プロジェクト/京橋信用ソリューションズ株式会社/04.分析/analysis_outputs/experiments/leaderboard.csv
プロジェクト/京橋信用ソリューションズ株式会社/04.分析/analysis_outputs/metrics.json,プロジェクト/京橋信用ソリューションズ株式会社/04.分析/analysis_outputs/metrics.json,metrics.json,metrics,.json,902,0.88,5,プロジェクト,京橋信用ソリューションズ株式会社,04.分析,False,data/raw/share/share/共有ドライブ/プロジェクト/京橋信用ソリューションズ株式会社/04.分析/analysis_outputs/metrics.json
プロジェクト/京橋信用ソリューションズ株式会社/04.分析/analysis_project/README.md,プロジェクト/京橋信用ソリューションズ株式会社/04.分析/analysis_project/README.md,README.md,README,.md,1458,1.42,5,プロジェクト,京橋信用ソリューションズ株式会社,04.分析,False,data/raw/share/share/共有ドライブ/プロジェクト/京橋信用ソリューションズ株式会社/04.分析/analysis_project/README.md
プロジェクト/京橋信用ソリューションズ株式会社/04.分析/analysis_project/configs/project_config.json,プロジェクト/京橋信用ソリューションズ株式会社/04.分析/analysis_project/configs/project_config.json,project_config.json,project_config,.json,375,0.37,6,プロジェクト,京橋信用ソリューションズ株式会社,04.分析,False,data/raw/share/share/共有ドライブ/プロジェクト/京橋信用ソリューションズ株式会社/04.分析/analysis_project/configs/project_config.json
プロジェクト/京橋信用ソリューションズ株式会社/04.分析/analysis_project/data/train.csv,プロジェクト/京橋信用ソリューションズ株式会社/04.分析/analysis_project/data/train.csv,train.csv,train,.csv,2345067,2290.1,6,プロジェクト,京橋信用ソリューションズ株式会社,04.分析,False,data/raw/share/share/共有ドライブ/プロジェクト/京橋信用ソリューションズ株式会社/04.分析/analysis_project/data/train.csv
プロジェクト/京橋信用ソリューションズ株式会社/04.分析/analysis_project/data/カラム説明.md,プロジェクト/京橋信用ソリューションズ株式会社/04.分析/analysis_project/data/カラム説明.md,カラム説明.md,カラム説明,.md,1570,1.53,6,プロジェクト,京橋信用ソリューションズ株式会社,04.分析,False,data/raw/share/share/共有ドライブ/プロジェクト/京橋信用ソリューションズ株式会社/04.分析/analysis_project/data/カラム説明.md
プロジェクト/京橋信用ソリューションズ株式会社/04.分析/analysis_project/notebooks/01_eda.ipynb,プロジェクト/京橋信用ソリューションズ株式会社/04.分析/analysis_project/notebooks/01_eda.ipynb,01_eda.ipynb,01_eda,.ipynb,31047,30.32,6,プロジェクト,京橋信用ソリューションズ株式会社,04.分析,False,data/raw/share/share/共有ドライブ/プロジェクト/京橋信用ソリューションズ株式会社/04.分析/analysis_project/notebooks/01_eda.ipynb
プロジェクト/京橋信用ソリューションズ株式会社/04.分析/analysis_project/pyproject.toml,プロジェクト/京橋信用ソリューションズ株式会社/04.分析/analysis_project/pyproject.toml,pyproject.toml,pyproject,.toml,357,0.35,5,プロジェクト,京橋信用ソリューションズ株式会社,04.分析,False,data/raw/share/share/共有ドライブ/プロジェクト/京橋信用ソリューションズ株式会社/04.分析/analysis_project/pyproject.toml
プロジェクト/京橋信用ソリューションズ株式会社/04.分析/analysis_project/reports/figures/categorical_distribution_top3.png,プロジェクト/京橋信用ソリューションズ株式会社/04.分析/analysis_project/reports/figures/categorical_distribution_top3.png,categorical_distribution_top3.png,categorical_distribution_top3,.png,93717,91.52,7,プロジェクト,京橋信用ソリューションズ株式会社,04.分析,False,data/raw/share/share/共有ドライブ/プロジェクト/京橋信用ソリューションズ株式会社/04.分析/analysis_project/reports/figures/categorical_distribution_top3.png
プロジェクト/京橋信用ソリューションズ株式会社/04.分析/analysis_project/reports/figures/feature_correlation_heatmap.png,プロジェクト/京橋信用ソリューションズ株式会社/04.分析/analysis_project/reports/figures/feature_correlation_heatmap.png,feature_correlation_heatmap.png,feature_correlation_heatmap,.png,44296,43.26,7,プロジェクト,京橋信用ソリューションズ株式会社,04.分析,False,data/raw/share/share/共有ドライブ/プロジェクト/京橋信用ソリューションズ株式会社/04.分析/analysis_project/reports/figures/feature_correlation_heatmap.png
プロジェクト/京橋信用ソリューションズ株式会社/04.分析/analysis_project/reports/figures/figure_06.png,プロジェクト/京橋信用ソリューションズ株式会社/04.分析/analysis_project/reports/figures/figure_06.png,figure_06.png,figure_06,.png,110359,107.77,7,プロジェクト,京橋信用ソリューションズ株式会社,04.分析,False,data/raw/share/share/共有ドライブ/プロジェクト/京橋信用ソリューションズ株式会社/04.分析/analysis_project/reports/figures/figure_06.png
プロジェクト/京橋信用ソリューションズ株式会社/04.分析/analysis_project/reports/figures/missing_rate_top20.png,プロジェクト/京橋信用ソリューションズ株式会社/04.分析/analysis_project/reports/figures/missing_rate_top20.png,missing_rate_top20.png,missing_rate_top20,.png,44881,43.83,7,プロジェクト,京橋信用ソリューションズ株式会社,04.分析,False,data/raw/share/share/共有ドライブ/プロジェクト/京橋信用ソリューションズ株式会社/04.分析/analysis_project/reports/figures/missing_rate_top20.png
プロジェクト/京橋信用ソリューションズ株式会社/04.分析/analysis_project/reports/figures/numeric_distribution_top6.png,プロジェクト/京橋信用ソリューションズ株式会社/04.分析/analysis_project/reports/figures/numeric_distribution_top6.png,numeric_distribution_top6.png,numeric_distribution_top6,.png,191547,187.06,7,プロジェクト,京橋信用ソリューションズ株式会社,04.分析,False,data/raw/share/share/共有ドライブ/プロジェクト/京橋信用ソリューションズ株式会社/04.分析/analysis_project/reports/figures/numeric_distribution_top6.png
プロジェクト/京橋信用ソリューションズ株式会社/04.分析/analysis_project/reports/figures/target_distribution.png,プロジェクト/京橋信用ソリューションズ株式会社/04.分析/analysis_project/reports/figures/target_distribution.png,target_distribution.png,target_distribution,.png,24663,24.08,7,プロジェクト,京橋信用ソリューションズ株式会社,04.分析,False,data/raw/share/share/共有ドライブ/プロジェクト/京橋信用ソリューションズ株式会社/04.分析/analysis_project/reports/figures/target_distribution.png
プロジェクト/京橋信用ソリューションズ株式会社/04.分析/analysis_project/requirements.txt,プロジェクト/京橋信用ソリューションズ株式会社/04.分析/analysis_project/requirements.txt,requirements.txt,requirements,.txt,125,0.12,5,プロジェクト,京橋信用ソリューションズ株式会社,04.分析,False,data/raw/share/share/共有ドライブ/プロジェクト/京橋信用ソリューションズ株式会社/04.分析/analysis_project/requirements.txt
プロジェクト/京橋信用ソリューションズ株式会社/04.分析/analysis_project/scripts/bootstrap_env.py,プロジェクト/京橋信用ソリューションズ株式会社/04.分析/analysis_project/scripts/bootstrap_env.py,bootstrap_env.py,bootstrap_env,.py,2017,1.97,6,プロジェクト,京橋信用ソリューションズ株式会社,04.分析,False,data/raw/share/share/共有ドライブ/プロジェクト/京橋信用ソリューションズ株式会社/04.分析/analysis_project/scripts/bootstrap_env.py
プロジェクト/京橋信用ソリューションズ株式会社/04.分析/analysis_project/scripts/run_train.py,プロジェクト/京橋信用ソリューションズ株式会社/04.分析/analysis_project/scripts/run_train.py,run_train.py,run_train,.py,5180,5.06,6,プロジェクト,京橋信用ソリューションズ株式会社,04.分析,False,data/raw/share/share/共有ドライブ/プロジェクト/京橋信用ソリューションズ株式会社/04.分析/analysis_project/scripts/run_train.py
プロジェクト/京橋信用ソリューションズ株式会社/04.分析/analysis_project/src/__init__.py,プロジェクト/京橋信用ソリューションズ株式会社/04.分析/analysis_project/src/__init__.py,__init__.py,__init__,.py,0,0.0,6,プロジェクト,京橋信用ソリューションズ株式会社,04.分析,False,data/raw/share/share/共有ドライブ/プロジェクト/京橋信用ソリューションズ株式会社/04.分析/analysis_project/src/__init__.py
プロジェクト/京橋信用ソリューションズ株式会社/04.分析/analysis_project/src/common.py,プロジェクト/京橋信用ソリューションズ株式会社/04.分析/analysis_project/src/common.py,common.py,common,.py,3867,3.78,6,プロジェクト,京橋信用ソリューションズ株式会社,04.分析,False,data/raw/share/share/共有ドライブ/プロジェクト/京橋信用ソリューションズ株式会社/04.分析/analysis_project/src/common.py
プロジェクト/京橋信用ソリューションズ株式会社/04.分析/analysis_project/src/eda.py,プロジェクト/京橋信用ソリューションズ株式会社/04.分析/analysis_project/src/eda.py,eda.py,eda,.py,695,0.68,6,プロジェクト,京橋信用ソリューションズ株式会社,04.分析,False,data/raw/share/share/共有ドライブ/プロジェクト/京橋信用ソリューションズ株式会社/04.分析/analysis_project/src/eda.py
プロジェクト/京橋信用ソリューションズ株式会社/04.分析/analysis_project/src/evaluate.py,プロジェクト/京橋信用ソリューションズ株式会社/04.分析/analysis_project/src/evaluate.py,evaluate.py,evaluate,.py,3252,3.18,6,プロジェクト,京橋信用ソリューションズ株式会社,04.分析,False,data/raw/share/share/共有ドライブ/プロジェクト/京橋信用ソリューションズ株式会社/04.分析/analysis_project/src/evaluate.py
プロジェクト/京橋信用ソリューションズ株式会社/04.分析/analysis_project/src/features.py,プロジェクト/京橋信用ソリューションズ株式会社/04.分析/analysis_project/src/features.py,features.py,features,.py,2405,2.35,6,プロジェクト,京橋信用ソリューションズ株式会社,04.分析,False,data/raw/share/share/共有ドライブ/プロジェクト/京橋信用ソリューションズ株式会社/04.分析/analysis_project/src/features.py
プロジェクト/京橋信用ソリューションズ株式会社/04.分析/analysis_project/src/infer.py,プロジェクト/京橋信用ソリューションズ株式会社/04.分析/analysis_project/src/infer.py,infer.py,infer,.py,191,0.19,6,プロジェクト,京橋信用ソリューションズ株式会社,04.分析,False,data/raw/share/share/共有ドライブ/プロジェクト/京橋信用ソリューションズ株式会社/04.分析/analysis_project/src/infer.py
プロジェクト/京橋信用ソリューションズ株式会社/04.分析/analysis_project/src/modeling.py,プロジェクト/京橋信用ソリューションズ株式会社/04.分析/analysis_project/src/modeling.py,modeling.py,modeling,.py,3285,3.21,6,プロジェクト,京橋信用ソリューションズ株式会社,04.分析,False,data/raw/share/share/共有ドライブ/プロジェクト/京橋信用ソリューションズ株式会社/04.分析/analysis_project/src/modeling.py
プロジェクト/京橋信用ソリューションズ株式会社/04.分析/analysis_project/src/preprocess.py,プロジェクト/京橋信用ソリューションズ株式会社/04.分析/analysis_project/src/preprocess.py,preprocess.py,preprocess,.py,1060,1.04,6,プロジェクト,京橋信用ソリューションズ株式会社,04.分析,False,data/raw/share/share/共有ドライブ/プロジェクト/京橋信用ソリューションズ株式会社/04.分析/analysis_project/src/preprocess.py
プロジェクト/京橋信用ソリューションズ株式会社/04.分析/analysis_project/uv.lock,プロジェクト/京橋信用ソリューションズ株式会社/04.分析/analysis_project/uv.lock,uv.lock,uv,.lock,558828,545.73,5,プロジェクト,京橋信用ソリューションズ株式会社,04.分析,False,data/raw/share/share/共有ドライブ/プロジェクト/京橋信用ソリューションズ株式会社/04.分析/analysis_project/uv.lock
プロジェクト/京橋信用ソリューションズ株式会社/05.会議/会議録/会議録_2025-10-01.pdf,プロジェクト/京橋信用ソリューションズ株式会社/05.会議/会議録/会議録_2025-10-01.pdf,会議録_2025-10-01.pdf,会議録_2025-10-01,.pdf,719032,702.18,5,プロジェクト,京橋信用ソリューションズ株式会社,05.会議,False,data/raw/share/share/共有ドライブ/プロジェクト/京橋信用ソリューションズ株式会社/05.会議/会議録/会議録_2025-10-01.pdf
プロジェクト/京橋信用ソリューションズ株式会社/05.会議/会議録/会議録_2025-10-29.pdf,プロジェクト/京橋信用ソリューションズ株式会社/05.会議/会議録/会議録_2025-10-29.pdf,会議録_2025-10-29.pdf,会議録_2025-10-29,.pdf,768563,750.55,5,プロジェクト,京橋信用ソリューションズ株式会社,05.会議,False,data/raw/share/share/共有ドライブ/プロジェクト/京橋信用ソリューションズ株式会社/05.会議/会議録/会議録_2025-10-29.pdf
プロジェクト/京橋信用ソリューションズ株式会社/05.会議/会議録/会議録_2025-11-11.pdf,プロジェクト/京橋信用ソリューションズ株式会社/05.会議/会議録/会議録_2025-11-11.pdf,会議録_2025-11-11.pdf,会議録_2025-11-11,.pdf,744471,727.02,5,プロジェクト,京橋信用ソリューションズ株式会社,05.会議,False,data/raw/share/share/共有ドライブ/プロジェクト/京橋信用ソリューションズ株式会社/05.会議/会議録/会議録_2025-11-11.pdf
プロジェクト/京橋信用ソリューションズ株式会社/05.会議/報告資料/報告資料_2025-10-01.docx,プロジェクト/京橋信用ソリューションズ株式会社/05.会議/報告資料/報告資料_2025-10-01.docx,報告資料_2025-10-01.docx,報告資料_2025-10-01,.docx,15782,15.41,5,プロジェクト,京橋信用ソリューションズ株式会社,05.会議,False,data/raw/share/share/共有ドライブ/プロジェクト/京橋信用ソリューションズ株式会社/05.会議/報告資料/報告資料_2025-10-01.docx
プロジェクト/京橋信用ソリューションズ株式会社/05.会議/報告資料/報告資料_2025-10-29.docx,プロジェクト/京橋信用ソリューションズ株式会社/05.会議/報告資料/報告資料_2025-10-29.docx,報告資料_2025-10-29.docx,報告資料_2025-10-29,.docx,16989,16.59,5,プロジェクト,京橋信用ソリューションズ株式会社,05.会議,False,data/raw/share/share/共有ドライブ/プロジェクト/京橋信用ソリューションズ株式会社/05.会議/報告資料/報告資料_2025-10-29.docx
プロジェクト/京橋信用ソリューションズ株式会社/06.報告書/京橋信用ソリューションズ株式会社_最終報告.pptx,プロジェクト/京橋信用ソリューションズ株式会社/06.報告書/京橋信用ソリューションズ株式会社_最終報告.pptx,京橋信用ソリューションズ株式会社_最終報告.pptx,京橋信用ソリューションズ株式会社_最終報告,.pptx,75784,74.01,4,プロジェクト,京橋信用ソリューションズ株式会社,06.報告書,False,data/raw/share/share/共有ドライブ/プロジェクト/京橋信用ソリューションズ株式会社/06.報告書/京橋信用ソリューションズ株式会社_最終報告.pptx
プロジェクト/医療法人社団 恒一会 かえで総合病院/00.提案/提案書.pptx,プロジェクト/医療法人社団 恒一会 かえで総合病院/00.提案/提案書.pptx,提案書.pptx,提案書,.pptx,83190,81.24,4,プロジェクト,医療法人社団 恒一会 かえで総合病院,00.提案,False,data/raw/share/share/共有ドライブ/プロジェクト/医療法人社団 恒一会 かえで総合病院/00.提案/提案書.pptx
プロジェクト/医療法人社団 恒一会 かえで総合病院/01.契約/契約書_pw-kaede20250902.docx,プロジェクト/医療法人社団 恒一会 かえで総合病院/01.契約/契約書_pw-kaede20250902.docx,契約書_pw-kaede20250902.docx,契約書_pw-kaede20250902,.docx,31744,31.0,4,プロジェクト,医療法人社団 恒一会 かえで総合病院,01.契約,False,data/raw/share/share/共有ドライブ/プロジェクト/医療法人社団 恒一会 かえで総合病院/01.契約/契約書_pw-kaede20250902.docx
プロジェクト/医療法人社団 恒一会 かえで総合病院/02.計画/~$スケジュール.xlsx,プロジェクト/医療法人社団 恒一会 かえで総合病院/02.計画/~$スケジュール.xlsx,~$スケジュール.xlsx,~$スケジュール,.xlsx,165,0.16,4,プロジェクト,医療法人社団 恒一会 かえで総合病院,02.計画,True,data/raw/share/share/共有ドライブ/プロジェクト/医療法人社団 恒一会 かえで総合病院/02.計画/~$スケジュール.xlsx
プロジェクト/医療法人社団 恒一会 かえで総合病院/02.計画/スケジュール.xlsx,プロジェクト/医療法人社団 恒一会 かえで総合病院/02.計画/スケジュール.xlsx,スケジュール.xlsx,スケジュール,.xlsx,27648,27.0,4,プロジェクト,医療法人社団 恒一会 かえで総合病院,02.計画,False,data/raw/share/share/共有ドライブ/プロジェクト/医療法人社団 恒一会 かえで総合病院/02.計画/スケジュール.xlsx
プロジェクト/医療法人社団 恒一会 かえで総合病院/03.データ/train.csv,プロジェクト/医療法人社団 恒一会 かえで総合病院/03.データ/train.csv,train.csv,train,.csv,388974,379.86,4,プロジェクト,医療法人社団 恒一会 かえで総合病院,03.データ,False,data/raw/share/share/共有ドライブ/プロジェクト/医療法人社団 恒一会 かえで総合病院/03.データ/train.csv
プロジェクト/医療法人社団 恒一会 かえで総合病院/03.データ/train.xlsx,プロジェクト/医療法人社団 恒一会 かえで総合病院/03.データ/train.xlsx,train.xlsx,train,.xlsx,1584142,1547.01,4,プロジェクト,医療法人社団 恒一会 かえで総合病院,03.データ,False,data/raw/share/share/共有ドライブ/プロジェクト/医療法人社団 恒一会 かえで総合病院/03.データ/train.xlsx
プロジェクト/医療法人社団 恒一会 かえで総合病院/03.データ/カラム説明.md,プロジェクト/医療法人社団 恒一会 かえで総合病院/03.データ/カラム説明.md,カラム説明.md,カラム説明,.md,1150,1.12,4,プロジェクト,医療法人社団 恒一会 かえで総合病院,03.データ,False,data/raw/share/share/共有ドライブ/プロジェクト/医療法人社団 恒一会 かえで総合病院/03.データ/カラム説明.md
プロジェクト/医療法人社団 恒一会 かえで総合病院/04.分析/analysis_outputs/experiments/leaderboard.csv,プロジェクト/医療法人社団 恒一会 かえで総合病院/04.分析/analysis_outputs/experiments/leaderboard.csv,leaderboard.csv,leaderboard,.csv,4563,4.46,6,プロジェクト,医療法人社団 恒一会 かえで総合病院,04.分析,False,data/raw/share/share/共有ドライブ/プロジェクト/医療法人社団 恒一会 かえで総合病院/04.分析/analysis_outputs/experiments/leaderboard.csv
プロジェクト/医療法人社団 恒一会 かえで総合病院/04.分析/analysis_outputs/metrics.json,プロジェクト/医療法人社団 恒一会 かえで総合病院/04.分析/analysis_outputs/metrics.json,metrics.json,metrics,.json,3465,3.38,5,プロジェクト,医療法人社団 恒一会 かえで総合病院,04.分析,False,data/raw/share/share/共有ドライブ/プロジェクト/医療法人社団 恒一会 かえで総合病院/04.分析/analysis_outputs/metrics.json
プロジェクト/医療法人社団 恒一会 かえで総合病院/04.分析/analysis_outputs/run_summary.json,プロジェクト/医療法人社団 恒一会 かえで総合病院/04.分析/analysis_outputs/run_summary.json,run_summary.json,run_summary,.json,1654,1.62,5,プロジェクト,医療法人社団 恒一会 かえで総合病院,04.分析,False,data/raw/share/share/共有ドライブ/プロジェクト/医療法人社団 恒一会 かえで総合病院/04.分析/analysis_outputs/run_summary.json
プロジェクト/医療法人社団 恒一会 かえで総合病院/04.分析/analysis_project/README.md,プロジェクト/医療法人社団 恒一会 かえで総合病院/04.分析/analysis_project/README.md,README.md,README,.md,1671,1.63,5,プロジェクト,医療法人社団 恒一会 かえで総合病院,04.分析,False,data/raw/share/share/共有ドライブ/プロジェクト/医療法人社団 恒一会 かえで総合病院/04.分析/analysis_project/README.md
プロジェクト/医療法人社団 恒一会 かえで総合病院/04.分析/analysis_project/configs/project_config.json,プロジェクト/医療法人社団 恒一会 かえで総合病院/04.分析/analysis_project/configs/project_config.json,project_config.json,project_config,.json,2212,2.16,6,プロジェクト,医療法人社団 恒一会 かえで総合病院,04.分析,False,data/raw/share/share/共有ドライブ/プロジェクト/医療法人社団 恒一会 かえで総合病院/04.分析/analysis_project/configs/project_config.json
プロジェクト/医療法人社団 恒一会 かえで総合病院/04.分析/analysis_project/data/train.csv,プロジェクト/医療法人社団 恒一会 かえで総合病院/04.分析/analysis_project/data/train.csv,train.csv,train,.csv,388974,379.86,6,プロジェクト,医療法人社団 恒一会 かえで総合病院,04.分析,False,data/raw/share/share/共有ドライブ/プロジェクト/医療法人社団 恒一会 かえで総合病院/04.分析/analysis_project/data/train.csv
プロジェクト/医療法人社団 恒一会 かえで総合病院/04.分析/analysis_project/data/カラム説明.md,プロジェクト/医療法人社団 恒一会 かえで総合病院/04.分析/analysis_project/data/カラム説明.md,カラム説明.md,カラム説明,.md,1150,1.12,6,プロジェクト,医療法人社団 恒一会 かえで総合病院,04.分析,False,data/raw/share/share/共有ドライブ/プロジェクト/医療法人社団 恒一会 かえで総合病院/04.分析/analysis_project/data/カラム説明.md
プロジェクト/医療法人社団 恒一会 かえで総合病院/04.分析/analysis_project/notebooks/01_eda.ipynb,プロジェクト/医療法人社団 恒一会 かえで総合病院/04.分析/analysis_project/notebooks/01_eda.ipynb,01_eda.ipynb,01_eda,.ipynb,360775,352.32,6,プロジェクト,医療法人社団 恒一会 かえで総合病院,04.分析,False,data/raw/share/share/共有ドライブ/プロジェクト/医療法人社団 恒一会 かえで総合病院/04.分析/analysis_project/notebooks/01_eda.ipynb
プロジェクト/医療法人社団 恒一会 かえで総合病院/04.分析/analysis_project/pyproject.toml,プロジェクト/医療法人社団 恒一会 かえで総合病院/04.分析/analysis_project/pyproject.toml,pyproject.toml,pyproject,.toml,357,0.35,5,プロジェクト,医療法人社団 恒一会 かえで総合病院,04.分析,False,data/raw/share/share/共有ドライブ/プロジェクト/医療法人社団 恒一会 かえで総合病院/04.分析/analysis_project/pyproject.toml
プロジェクト/医療法人社団 恒一会 かえで総合病院/04.分析/analysis_project/reports/figures/categorical_distribution_top3.png,プロジェクト/医療法人社団 恒一会 かえで総合病院/04.分析/analysis_project/reports/figures/categorical_distribution_top3.png,categorical_distribution_top3.png,categorical_distribution_top3,.png,24092,23.53,7,プロジェクト,医療法人社団 恒一会 かえで総合病院,04.分析,False,data/raw/share/share/共有ドライブ/プロジェクト/医療法人社団 恒一会 かえで総合病院/04.分析/analysis_project/reports/figures/categorical_distribution_top3.png
プロジェクト/医療法人社団 恒一会 かえで総合病院/04.分析/analysis_project/reports/figures/date_feature_trend.png,プロジェクト/医療法人社団 恒一会 かえで総合病院/04.分析/analysis_project/reports/figures/date_feature_trend.png,date_feature_trend.png,date_feature_trend,.png,18878,18.44,7,プロジェクト,医療法人社団 恒一会 かえで総合病院,04.分析,False,data/raw/share/share/共有ドライブ/プロジェクト/医療法人社団 恒一会 かえで総合病院/04.分析/analysis_project/reports/figures/date_feature_trend.png
プロジェクト/医療法人社団 恒一会 かえで総合病院/04.分析/analysis_project/reports/figures/feature_correlation_heatmap.png,プロジェクト/医療法人社団 恒一会 かえで総合病院/04.分析/analysis_project/reports/figures/feature_correlation_heatmap.png,feature_correlation_heatmap.png,feature_correlation_heatmap,.png,145187,141.78,7,プロジェクト,医療法人社団 恒一会 かえで総合病院,04.分析,False,data/raw/share/share/共有ドライブ/プロジェクト/医療法人社団 恒一会 かえで総合病院/04.分析/analysis_project/reports/figures/feature_correlation_heatmap.png
プロジェクト/医療法人社団 恒一会 かえで総合病院/04.分析/analysis_project/reports/figures/missing_rate_top20.png,プロジェクト/医療法人社団 恒一会 かえで総合病院/04.分析/analysis_project/reports/figures/missing_rate_top20.png,missing_rate_top20.png,missing_rate_top20,.png,19668,19.21,7,プロジェクト,医療法人社団 恒一会 かえで総合病院,04.分析,False,data/raw/share/share/共有ドライブ/プロジェクト/医療法人社団 恒一会 かえで総合病院/04.分析/analysis_project/reports/figures/missing_rate_top20.png
プロジェクト/医療法人社団 恒一会 かえで総合病院/04.分析/analysis_project/reports/figures/numeric_distribution_top6.png,プロジェクト/医療法人社団 恒一会 かえで総合病院/04.分析/analysis_project/reports/figures/numeric_distribution_top6.png,numeric_distribution_top6.png,numeric_distribution_top6,.png,153616,150.02,7,プロジェクト,医療法人社団 恒一会 かえで総合病院,04.分析,False,data/raw/share/share/共有ドライブ/プロジェクト/医療法人社団 恒一会 かえで総合病院/04.分析/analysis_project/reports/figures/numeric_distribution_top6.png
プロジェクト/医療法人社団 恒一会 かえで総合病院/04.分析/analysis_project/reports/figures/target_distribution.png,プロジェクト/医療法人社団 恒一会 かえで総合病院/04.分析/analysis_project/reports/figures/target_distribution.png,target_distribution.png,target_distribution,.png,22932,22.39,7,プロジェクト,医療法人社団 恒一会 かえで総合病院,04.分析,False,data/raw/share/share/共有ドライブ/プロジェクト/医療法人社団 恒一会 かえで総合病院/04.分析/analysis_project/reports/figures/target_distribution.png
プロジェクト/医療法人社団 恒一会 かえで総合病院/04.分析/analysis_project/requirements.txt,プロジェクト/医療法人社団 恒一会 かえで総合病院/04.分析/analysis_project/requirements.txt,requirements.txt,requirements,.txt,125,0.12,5,プロジェクト,医療法人社団 恒一会 かえで総合病院,04.分析,False,data/raw/share/share/共有ドライブ/プロジェクト/医療法人社団 恒一会 かえで総合病院/04.分析/analysis_project/requirements.txt
プロジェクト/医療法人社団 恒一会 かえで総合病院/04.分析/analysis_project/scripts/bootstrap_env.py,プロジェクト/医療法人社団 恒一会 かえで総合病院/04.分析/analysis_project/scripts/bootstrap_env.py,bootstrap_env.py,bootstrap_env,.py,2017,1.97,6,プロジェクト,医療法人社団 恒一会 かえで総合病院,04.分析,False,data/raw/share/share/共有ドライブ/プロジェクト/医療法人社団 恒一会 かえで総合病院/04.分析/analysis_project/scripts/bootstrap_env.py
プロジェクト/医療法人社団 恒一会 かえで総合病院/04.分析/analysis_project/scripts/run_train.py,プロジェクト/医療法人社団 恒一会 かえで総合病院/04.分析/analysis_project/scripts/run_train.py,run_train.py,run_train,.py,29966,29.26,6,プロジェクト,医療法人社団 恒一会 かえで総合病院,04.分析,False,data/raw/share/share/共有ドライブ/プロジェクト/医療法人社団 恒一会 かえで総合病院/04.分析/analysis_project/scripts/run_train.py
プロジェクト/医療法人社団 恒一会 かえで総合病院/04.分析/analysis_project/src/__init__.py,プロジェクト/医療法人社団 恒一会 かえで総合病院/04.分析/analysis_project/src/__init__.py,__init__.py,__init__,.py,0,0.0,6,プロジェクト,医療法人社団 恒一会 かえで総合病院,04.分析,False,data/raw/share/share/共有ドライブ/プロジェクト/医療法人社団 恒一会 かえで総合病院/04.分析/analysis_project/src/__init__.py
プロジェクト/医療法人社団 恒一会 かえで総合病院/04.分析/analysis_project/src/common.py,プロジェクト/医療法人社団 恒一会 かえで総合病院/04.分析/analysis_project/src/common.py,common.py,common,.py,3933,3.84,6,プロジェクト,医療法人社団 恒一会 かえで総合病院,04.分析,False,data/raw/share/share/共有ドライブ/プロジェクト/医療法人社団 恒一会 かえで総合病院/04.分析/analysis_project/src/common.py
プロジェクト/医療法人社団 恒一会 かえで総合病院/04.分析/analysis_project/src/eda.py,プロジェクト/医療法人社団 恒一会 かえで総合病院/04.分析/analysis_project/src/eda.py,eda.py,eda,.py,695,0.68,6,プロジェクト,医療法人社団 恒一会 かえで総合病院,04.分析,False,data/raw/share/share/共有ドライブ/プロジェクト/医療法人社団 恒一会 かえで総合病院/04.分析/analysis_project/src/eda.py
プロジェクト/医療法人社団 恒一会 かえで総合病院/04.分析/analysis_project/src/evaluate.py,プロジェクト/医療法人社団 恒一会 かえで総合病院/04.分析/analysis_project/src/evaluate.py,evaluate.py,evaluate,.py,5116,5.0,6,プロジェクト,医療法人社団 恒一会 かえで総合病院,04.分析,False,data/raw/share/share/共有ドライブ/プロジェクト/医療法人社団 恒一会 かえで総合病院/04.分析/analysis_project/src/evaluate.py
プロジェクト/医療法人社団 恒一会 かえで総合病院/04.分析/analysis_project/src/features.py,プロジェクト/医療法人社団 恒一会 かえで総合病院/04.分析/analysis_project/src/features.py,features.py,features,.py,13135,12.83,6,プロジェクト,医療法人社団 恒一会 かえで総合病院,04.分析,False,data/raw/share/share/共有ドライブ/プロジェクト/医療法人社団 恒一会 かえで総合病院/04.分析/analysis_project/src/features.py
プロジェクト/医療法人社団 恒一会 かえで総合病院/04.分析/analysis_project/src/infer.py,プロジェクト/医療法人社団 恒一会 かえで総合病院/04.分析/analysis_project/src/infer.py,infer.py,infer,.py,191,0.19,6,プロジェクト,医療法人社団 恒一会 かえで総合病院,04.分析,False,data/raw/share/share/共有ドライブ/プロジェクト/医療法人社団 恒一会 かえで総合病院/04.分析/analysis_project/src/infer.py
プロジェクト/医療法人社団 恒一会 かえで総合病院/04.分析/analysis_project/src/modeling.py,プロジェクト/医療法人社団 恒一会 かえで総合病院/04.分析/analysis_project/src/modeling.py,modeling.py,modeling,.py,5027,4.91,6,プロジェクト,医療法人社団 恒一会 かえで総合病院,04.分析,False,data/raw/share/share/共有ドライブ/プロジェクト/医療法人社団 恒一会 かえで総合病院/04.分析/analysis_project/src/modeling.py
プロジェクト/医療法人社団 恒一会 かえで総合病院/04.分析/analysis_project/src/preprocess.py,プロジェクト/医療法人社団 恒一会 かえで総合病院/04.分析/analysis_project/src/preprocess.py,preprocess.py,preprocess,.py,4002,3.91,6,プロジェクト,医療法人社団 恒一会 かえで総合病院,04.分析,False,data/raw/share/share/共有ドライブ/プロジェクト/医療法人社団 恒一会 かえで総合病院/04.分析/analysis_project/src/preprocess.py
プロジェクト/医療法人社団 恒一会 かえで総合病院/04.分析/analysis_project/uv.lock,プロジェクト/医療法人社団 恒一会 かえで総合病院/04.分析/analysis_project/uv.lock,uv.lock,uv,.lock,558821,545.72,5,プロジェクト,医療法人社団 恒一会 かえで総合病院,04.分析,False,data/raw/share/share/共有ドライブ/プロジェクト/医療法人社団 恒一会 かえで総合病院/04.分析/analysis_project/uv.lock
プロジェクト/医療法人社団 恒一会 かえで総合病院/05.会議/会議録/会議録_2025-09-02.docx,プロジェクト/医療法人社団 恒一会 かえで総合病院/05.会議/会議録/会議録_2025-09-02.docx,会議録_2025-09-02.docx,会議録_2025-09-02,.docx,15621,15.25,5,プロジェクト,医療法人社団 恒一会 かえで総合病院,05.会議,False,data/raw/share/share/共有ドライブ/プロジェクト/医療法人社団 恒一会 かえで総合病院/05.会議/会議録/会議録_2025-09-02.docx
プロジェクト/医療法人社団 恒一会 かえで総合病院/05.会議/会議録/会議録_2025-09-16.docx,プロジェクト/医療法人社団 恒一会 かえで総合病院/05.会議/会議録/会議録_2025-09-16.docx,会議録_2025-09-16.docx,会議録_2025-09-16,.docx,16880,16.48,5,プロジェクト,医療法人社団 恒一会 かえで総合病院,05.会議,False,data/raw/share/share/共有ドライブ/プロジェクト/医療法人社団 恒一会 かえで総合病院/05.会議/会議録/会議録_2025-09-16.docx
プロジェクト/医療法人社団 恒一会 かえで総合病院/05.会議/会議録/会議録_2025-09-30.docx,プロジェクト/医療法人社団 恒一会 かえで総合病院/05.会議/会議録/会議録_2025-09-30.docx,会議録_2025-09-30.docx,会議録_2025-09-30,.docx,17059,16.66,5,プロジェクト,医療法人社団 恒一会 かえで総合病院,05.会議,False,data/raw/share/share/共有ドライブ/プロジェクト/医療法人社団 恒一会 かえで総合病院/05.会議/会議録/会議録_2025-09-30.docx
プロジェクト/医療法人社団 恒一会 かえで総合病院/05.会議/報告資料/報告資料_2025-09-02.docx,プロジェクト/医療法人社団 恒一会 かえで総合病院/05.会議/報告資料/報告資料_2025-09-02.docx,報告資料_2025-09-02.docx,報告資料_2025-09-02,.docx,16796,16.4,5,プロジェクト,医療法人社団 恒一会 かえで総合病院,05.会議,False,data/raw/share/share/共有ドライブ/プロジェクト/医療法人社団 恒一会 かえで総合病院/05.会議/報告資料/報告資料_2025-09-02.docx
プロジェクト/医療法人社団 恒一会 かえで総合病院/05.会議/報告資料/報告資料_2025-09-16.docx,プロジェクト/医療法人社団 恒一会 かえで総合病院/05.会議/報告資料/報告資料_2025-09-16.docx,報告資料_2025-09-16.docx,報告資料_2025-09-16,.docx,16810,16.42,5,プロジェクト,医療法人社団 恒一会 かえで総合病院,05.会議,False,data/raw/share/share/共有ドライブ/プロジェクト/医療法人社団 恒一会 かえで総合病院/05.会議/報告資料/報告資料_2025-09-16.docx
プロジェクト/医療法人社団 恒一会 かえで総合病院/06.報告書/医療法人社団 恒一会 かえで総合病院_最終報告.pptx,プロジェクト/医療法人社団 恒一会 かえで総合病院/06.報告書/医療法人社団 恒一会 かえで総合病院_最終報告.pptx,医療法人社団 恒一会 かえで総合病院_最終報告.pptx,医療法人社団 恒一会 かえで総合病院_最終報告,.pptx,100621,98.26,4,プロジェクト,医療法人社団 恒一会 かえで総合病院,06.報告書,False,data/raw/share/share/共有ドライブ/プロジェクト/医療法人社団 恒一会 かえで総合病院/06.報告書/医療法人社団 恒一会 かえで総合病院_最終報告.pptx
プロジェクト/医療法人社団 恒一会 かえで総合病院/06.報告書/医療法人社団 恒一会 かえで総合病院_最終報告_old.pptx,プロジェクト/医療法人社団 恒一会 かえで総合病院/06.報告書/医療法人社団 恒一会 かえで総合病院_最終報告_old.pptx,医療法人社団 恒一会 かえで総合病院_最終報告_old.pptx,医療法人社団 恒一会 かえで総合病院_最終報告_old,.pptx,96206,93.95,4,プロジェクト,医療法人社団 恒一会 かえで総合病院,06.報告書,False,data/raw/share/share/共有ドライブ/プロジェクト/医療法人社団 恒一会 かえで総合病院/06.報告書/医療法人社団 恒一会 かえで総合病院_最終報告_old.pptx
プロジェクト/医療法人社団 蒼樹会 みなみ野女性医療センター/00.提案/~$提案書.pptx,プロジェクト/医療法人社団 蒼樹会 みなみ野女性医療センター/00.提案/~$提案書.pptx,~$提案書.pptx,~$提案書,.pptx,165,0.16,4,プロジェクト,医療法人社団 蒼樹会 みなみ野女性医療センター,00.提案,True,data/raw/share/share/共有ドライブ/プロジェクト/医療法人社団 蒼樹会 みなみ野女性医療センター/00.提案/~$提案書.pptx
プロジェクト/医療法人社団 蒼樹会 みなみ野女性医療センター/00.提案/提案書.pptx,プロジェクト/医療法人社団 蒼樹会 みなみ野女性医療センター/00.提案/提案書.pptx,提案書.pptx,提案書,.pptx,71819,70.14,4,プロジェクト,医療法人社団 蒼樹会 みなみ野女性医療センター,00.提案,False,data/raw/share/share/共有ドライブ/プロジェクト/医療法人社団 蒼樹会 みなみ野女性医療センター/00.提案/提案書.pptx
プロジェクト/医療法人社団 蒼樹会 みなみ野女性医療センター/00.提案/糖尿病統計情報.docx,プロジェクト/医療法人社団 蒼樹会 みなみ野女性医療センター/00.提案/糖尿病統計情報.docx,糖尿病統計情報.docx,糖尿病統計情報,.docx,30690,29.97,4,プロジェクト,医療法人社団 蒼樹会 みなみ野女性医療センター,00.提案,False,data/raw/share/share/共有ドライブ/プロジェクト/医療法人社団 蒼樹会 みなみ野女性医療センター/00.提案/糖尿病統計情報.docx
プロジェクト/医療法人社団 蒼樹会 みなみ野女性医療センター/01.契約/契約書.docx,プロジェクト/医療法人社団 蒼樹会 みなみ野女性医療センター/01.契約/契約書.docx,契約書.docx,契約書,.docx,17118,16.72,4,プロジェクト,医療法人社団 蒼樹会 みなみ野女性医療センター,01.契約,False,data/raw/share/share/共有ドライブ/プロジェクト/医療法人社団 蒼樹会 みなみ野女性医療センター/01.契約/契約書.docx
プロジェクト/医療法人社団 蒼樹会 みなみ野女性医療センター/02.計画/スケジュール.xlsx,プロジェクト/医療法人社団 蒼樹会 みなみ野女性医療センター/02.計画/スケジュール.xlsx,スケジュール.xlsx,スケジュール,.xlsx,15407,15.05,4,プロジェクト,医療法人社団 蒼樹会 みなみ野女性医療センター,02.計画,False,data/raw/share/share/共有ドライブ/プロジェクト/医療法人社団 蒼樹会 みなみ野女性医療センター/02.計画/スケジュール.xlsx
プロジェクト/医療法人社団 蒼樹会 みなみ野女性医療センター/03.データ/train.csv,プロジェクト/医療法人社団 蒼樹会 みなみ野女性医療センター/03.データ/train.csv,train.csv,train,.csv,147606,144.15,4,プロジェクト,医療法人社団 蒼樹会 みなみ野女性医療センター,03.データ,False,data/raw/share/share/共有ドライブ/プロジェクト/医療法人社団 蒼樹会 みなみ野女性医療センター/03.データ/train.csv
プロジェクト/医療法人社団 蒼樹会 みなみ野女性医療センター/03.データ/train.xlsx,プロジェクト/医療法人社団 蒼樹会 みなみ野女性医療センター/03.データ/train.xlsx,train.xlsx,train,.xlsx,203417,198.65,4,プロジェクト,医療法人社団 蒼樹会 みなみ野女性医療センター,03.データ,False,data/raw/share/share/共有ドライブ/プロジェクト/医療法人社団 蒼樹会 みなみ野女性医療センター/03.データ/train.xlsx
プロジェクト/医療法人社団 蒼樹会 みなみ野女性医療センター/03.データ/カラム説明.md,プロジェクト/医療法人社団 蒼樹会 みなみ野女性医療センター/03.データ/カラム説明.md,カラム説明.md,カラム説明,.md,901,0.88,4,プロジェクト,医療法人社団 蒼樹会 みなみ野女性医療センター,03.データ,False,data/raw/share/share/共有ドライブ/プロジェクト/医療法人社団 蒼樹会 みなみ野女性医療センター/03.データ/カラム説明.md
プロジェクト/医療法人社団 蒼樹会 みなみ野女性医療センター/04.分析/analysis_outputs/experiments/leaderboard.csv,プロジェクト/医療法人社団 蒼樹会 みなみ野女性医療センター/04.分析/analysis_outputs/experiments/leaderboard.csv,leaderboard.csv,leaderboard,.csv,4563,4.46,6,プロジェクト,医療法人社団 蒼樹会 みなみ野女性医療センター,04.分析,False,data/raw/share/share/共有ドライブ/プロジェクト/医療法人社団 蒼樹会 みなみ野女性医療センター/04.分析/analysis_outputs/experiments/leaderboard.csv
プロジェクト/医療法人社団 蒼樹会 みなみ野女性医療センター/04.分析/analysis_outputs/metrics.json,プロジェクト/医療法人社団 蒼樹会 みなみ野女性医療センター/04.分析/analysis_outputs/metrics.json,metrics.json,metrics,.json,3194,3.12,5,プロジェクト,医療法人社団 蒼樹会 みなみ野女性医療センター,04.分析,False,data/raw/share/share/共有ドライブ/プロジェクト/医療法人社団 蒼樹会 みなみ野女性医療センター/04.分析/analysis_outputs/metrics.json
プロジェクト/医療法人社団 蒼樹会 みなみ野女性医療センター/04.分析/analysis_outputs/run_summary.json,プロジェクト/医療法人社団 蒼樹会 みなみ野女性医療センター/04.分析/analysis_outputs/run_summary.json,run_summary.json,run_summary,.json,1365,1.33,5,プロジェクト,医療法人社団 蒼樹会 みなみ野女性医療センター,04.分析,False,data/raw/share/share/共有ドライブ/プロジェクト/医療法人社団 蒼樹会 みなみ野女性医療センター/04.分析/analysis_outputs/run_summary.json
プロジェクト/医療法人社団 蒼樹会 みなみ野女性医療センター/04.分析/analysis_project/README.md,プロジェクト/医療法人社団 蒼樹会 みなみ野女性医療センター/04.分析/analysis_project/README.md,README.md,README,.md,1671,1.63,5,プロジェクト,医療法人社団 蒼樹会 みなみ野女性医療センター,04.分析,False,data/raw/share/share/共有ドライブ/プロジェクト/医療法人社団 蒼樹会 みなみ野女性医療センター/04.分析/analysis_project/README.md
プロジェクト/医療法人社団 蒼樹会 みなみ野女性医療センター/04.分析/analysis_project/configs/project_config.json,プロジェクト/医療法人社団 蒼樹会 みなみ野女性医療センター/04.分析/analysis_project/configs/project_config.json,project_config.json,project_config,.json,2212,2.16,6,プロジェクト,医療法人社団 蒼樹会 みなみ野女性医療センター,04.分析,False,data/raw/share/share/共有ドライブ/プロジェクト/医療法人社団 蒼樹会 みなみ野女性医療センター/04.分析/analysis_project/configs/project_config.json
プロジェクト/医療法人社団 蒼樹会 みなみ野女性医療センター/04.分析/analysis_project/data/train.csv,プロジェクト/医療法人社団 蒼樹会 みなみ野女性医療センター/04.分析/analysis_project/data/train.csv,train.csv,train,.csv,147606,144.15,6,プロジェクト,医療法人社団 蒼樹会 みなみ野女性医療センター,04.分析,False,data/raw/share/share/共有ドライブ/プロジェクト/医療法人社団 蒼樹会 みなみ野女性医療センター/04.分析/analysis_project/data/train.csv
プロジェクト/医療法人社団 蒼樹会 みなみ野女性医療センター/04.分析/analysis_project/data/カラム説明.md,プロジェクト/医療法人社団 蒼樹会 みなみ野女性医療センター/04.分析/analysis_project/data/カラム説明.md,カラム説明.md,カラム説明,.md,901,0.88,6,プロジェクト,医療法人社団 蒼樹会 みなみ野女性医療センター,04.分析,False,data/raw/share/share/共有ドライブ/プロジェクト/医療法人社団 蒼樹会 みなみ野女性医療センター/04.分析/analysis_project/data/カラム説明.md
プロジェクト/医療法人社団 蒼樹会 みなみ野女性医療センター/04.分析/analysis_project/notebooks/01_eda.ipynb,プロジェクト/医療法人社団 蒼樹会 みなみ野女性医療センター/04.分析/analysis_project/notebooks/01_eda.ipynb,01_eda.ipynb,01_eda,.ipynb,407839,398.28,6,プロジェクト,医療法人社団 蒼樹会 みなみ野女性医療センター,04.分析,False,data/raw/share/share/共有ドライブ/プロジェクト/医療法人社団 蒼樹会 みなみ野女性医療センター/04.分析/analysis_project/notebooks/01_eda.ipynb
プロジェクト/医療法人社団 蒼樹会 みなみ野女性医療センター/04.分析/analysis_project/pyproject.toml,プロジェクト/医療法人社団 蒼樹会 みなみ野女性医療センター/04.分析/analysis_project/pyproject.toml,pyproject.toml,pyproject,.toml,357,0.35,5,プロジェクト,医療法人社団 蒼樹会 みなみ野女性医療センター,04.分析,False,data/raw/share/share/共有ドライブ/プロジェクト/医療法人社団 蒼樹会 みなみ野女性医療センター/04.分析/analysis_project/pyproject.toml
プロジェクト/医療法人社団 蒼樹会 みなみ野女性医療センター/04.分析/analysis_project/reports/figures/categorical_distribution_top3.png,プロジェクト/医療法人社団 蒼樹会 みなみ野女性医療センター/04.分析/analysis_project/reports/figures/categorical_distribution_top3.png,categorical_distribution_top3.png,categorical_distribution_top3,.png,9523,9.3,7,プロジェクト,医療法人社団 蒼樹会 みなみ野女性医療センター,04.分析,False,data/raw/share/share/共有ドライブ/プロジェクト/医療法人社団 蒼樹会 みなみ野女性医療センター/04.分析/analysis_project/reports/figures/categorical_distribution_top3.png
プロジェクト/医療法人社団 蒼樹会 みなみ野女性医療センター/04.分析/analysis_project/reports/figures/date_feature_trend.png,プロジェクト/医療法人社団 蒼樹会 みなみ野女性医療センター/04.分析/analysis_project/reports/figures/date_feature_trend.png,date_feature_trend.png,date_feature_trend,.png,13498,13.18,7,プロジェクト,医療法人社団 蒼樹会 みなみ野女性医療センター,04.分析,False,data/raw/share/share/共有ドライブ/プロジェクト/医療法人社団 蒼樹会 みなみ野女性医療センター/04.分析/analysis_project/reports/figures/date_feature_trend.png
プロジェクト/医療法人社団 蒼樹会 みなみ野女性医療センター/04.分析/analysis_project/reports/figures/feature_correlation_heatmap.png,プロジェクト/医療法人社団 蒼樹会 みなみ野女性医療センター/04.分析/analysis_project/reports/figures/feature_correlation_heatmap.png,feature_correlation_heatmap.png,feature_correlation_heatmap,.png,153659,150.06,7,プロジェクト,医療法人社団 蒼樹会 みなみ野女性医療センター,04.分析,False,data/raw/share/share/共有ドライブ/プロジェクト/医療法人社団 蒼樹会 みなみ野女性医療センター/04.分析/analysis_project/reports/figures/feature_correlation_heatmap.png
プロジェクト/医療法人社団 蒼樹会 みなみ野女性医療センター/04.分析/analysis_project/reports/figures/missing_rate_top20.png,プロジェクト/医療法人社団 蒼樹会 みなみ野女性医療センター/04.分析/analysis_project/reports/figures/missing_rate_top20.png,missing_rate_top20.png,missing_rate_top20,.png,36820,35.96,7,プロジェクト,医療法人社団 蒼樹会 みなみ野女性医療センター,04.分析,False,data/raw/share/share/共有ドライブ/プロジェクト/医療法人社団 蒼樹会 みなみ野女性医療センター/04.分析/analysis_project/reports/figures/missing_rate_top20.png
プロジェクト/医療法人社団 蒼樹会 みなみ野女性医療センター/04.分析/analysis_project/reports/figures/numeric_distribution_top6.png,プロジェクト/医療法人社団 蒼樹会 みなみ野女性医療センター/04.分析/analysis_project/reports/figures/numeric_distribution_top6.png,numeric_distribution_top6.png,numeric_distribution_top6,.png,174456,170.37,7,プロジェクト,医療法人社団 蒼樹会 みなみ野女性医療センター,04.分析,False,data/raw/share/share/共有ドライブ/プロジェクト/医療法人社団 蒼樹会 みなみ野女性医療センター/04.分析/analysis_project/reports/figures/numeric_distribution_top6.png
プロジェクト/医療法人社団 蒼樹会 みなみ野女性医療センター/04.分析/analysis_project/reports/figures/overview_schema.png,プロジェクト/医療法人社団 蒼樹会 みなみ野女性医療センター/04.分析/analysis_project/reports/figures/overview_schema.png,overview_schema.png,overview_schema,.png,35178,34.35,7,プロジェクト,医療法人社団 蒼樹会 みなみ野女性医療センター,04.分析,False,data/raw/share/share/共有ドライブ/プロジェクト/医療法人社団 蒼樹会 みなみ野女性医療センター/04.分析/analysis_project/reports/figures/overview_schema.png
プロジェクト/医療法人社団 蒼樹会 みなみ野女性医療センター/04.分析/analysis_project/reports/figures/target_distribution.png,プロジェクト/医療法人社団 蒼樹会 みなみ野女性医療センター/04.分析/analysis_project/reports/figures/target_distribution.png,target_distribution.png,target_distribution,.png,20403,19.92,7,プロジェクト,医療法人社団 蒼樹会 みなみ野女性医療センター,04.分析,False,data/raw/share/share/共有ドライブ/プロジェクト/医療法人社団 蒼樹会 みなみ野女性医療センター/04.分析/analysis_project/reports/figures/target_distribution.png
プロジェクト/医療法人社団 蒼樹会 みなみ野女性医療センター/04.分析/analysis_project/requirements.txt,プロジェクト/医療法人社団 蒼樹会 みなみ野女性医療センター/04.分析/analysis_project/requirements.txt,requirements.txt,requirements,.txt,125,0.12,5,プロジェクト,医療法人社団 蒼樹会 みなみ野女性医療センター,04.分析,False,data/raw/share/share/共有ドライブ/プロジェクト/医療法人社団 蒼樹会 みなみ野女性医療センター/04.分析/analysis_project/requirements.txt
プロジェクト/医療法人社団 蒼樹会 みなみ野女性医療センター/04.分析/analysis_project/scripts/bootstrap_env.py,プロジェクト/医療法人社団 蒼樹会 みなみ野女性医療センター/04.分析/analysis_project/scripts/bootstrap_env.py,bootstrap_env.py,bootstrap_env,.py,2017,1.97,6,プロジェクト,医療法人社団 蒼樹会 みなみ野女性医療センター,04.分析,False,data/raw/share/share/共有ドライブ/プロジェクト/医療法人社団 蒼樹会 みなみ野女性医療センター/04.分析/analysis_project/scripts/bootstrap_env.py
プロジェクト/医療法人社団 蒼樹会 みなみ野女性医療センター/04.分析/analysis_project/scripts/run_train.py,プロジェクト/医療法人社団 蒼樹会 みなみ野女性医療センター/04.分析/analysis_project/scripts/run_train.py,run_train.py,run_train,.py,29966,29.26,6,プロジェクト,医療法人社団 蒼樹会 みなみ野女性医療センター,04.分析,False,data/raw/share/share/共有ドライブ/プロジェクト/医療法人社団 蒼樹会 みなみ野女性医療センター/04.分析/analysis_project/scripts/run_train.py
プロジェクト/医療法人社団 蒼樹会 みなみ野女性医療センター/04.分析/analysis_project/src/__init__.py,プロジェクト/医療法人社団 蒼樹会 みなみ野女性医療センター/04.分析/analysis_project/src/__init__.py,__init__.py,__init__,.py,0,0.0,6,プロジェクト,医療法人社団 蒼樹会 みなみ野女性医療センター,04.分析,False,data/raw/share/share/共有ドライブ/プロジェクト/医療法人社団 蒼樹会 みなみ野女性医療センター/04.分析/analysis_project/src/__init__.py
プロジェクト/医療法人社団 蒼樹会 みなみ野女性医療センター/04.分析/analysis_project/src/common.py,プロジェクト/医療法人社団 蒼樹会 みなみ野女性医療センター/04.分析/analysis_project/src/common.py,common.py,common,.py,3933,3.84,6,プロジェクト,医療法人社団 蒼樹会 みなみ野女性医療センター,04.分析,False,data/raw/share/share/共有ドライブ/プロジェクト/医療法人社団 蒼樹会 みなみ野女性医療センター/04.分析/analysis_project/src/common.py
プロジェクト/医療法人社団 蒼樹会 みなみ野女性医療センター/04.分析/analysis_project/src/eda.py,プロジェクト/医療法人社団 蒼樹会 みなみ野女性医療センター/04.分析/analysis_project/src/eda.py,eda.py,eda,.py,695,0.68,6,プロジェクト,医療法人社団 蒼樹会 みなみ野女性医療センター,04.分析,False,data/raw/share/share/共有ドライブ/プロジェクト/医療法人社団 蒼樹会 みなみ野女性医療センター/04.分析/analysis_project/src/eda.py
プロジェクト/医療法人社団 蒼樹会 みなみ野女性医療センター/04.分析/analysis_project/src/evaluate.py,プロジェクト/医療法人社団 蒼樹会 みなみ野女性医療センター/04.分析/analysis_project/src/evaluate.py,evaluate.py,evaluate,.py,5116,5.0,6,プロジェクト,医療法人社団 蒼樹会 みなみ野女性医療センター,04.分析,False,data/raw/share/share/共有ドライブ/プロジェクト/医療法人社団 蒼樹会 みなみ野女性医療センター/04.分析/analysis_project/src/evaluate.py
プロジェクト/医療法人社団 蒼樹会 みなみ野女性医療センター/04.分析/analysis_project/src/features.py,プロジェクト/医療法人社団 蒼樹会 みなみ野女性医療センター/04.分析/analysis_project/src/features.py,features.py,features,.py,13135,12.83,6,プロジェクト,医療法人社団 蒼樹会 みなみ野女性医療センター,04.分析,False,data/raw/share/share/共有ドライブ/プロジェクト/医療法人社団 蒼樹会 みなみ野女性医療センター/04.分析/analysis_project/src/features.py
プロジェクト/医療法人社団 蒼樹会 みなみ野女性医療センター/04.分析/analysis_project/src/infer.py,プロジェクト/医療法人社団 蒼樹会 みなみ野女性医療センター/04.分析/analysis_project/src/infer.py,infer.py,infer,.py,191,0.19,6,プロジェクト,医療法人社団 蒼樹会 みなみ野女性医療センター,04.分析,False,data/raw/share/share/共有ドライブ/プロジェクト/医療法人社団 蒼樹会 みなみ野女性医療センター/04.分析/analysis_project/src/infer.py
プロジェクト/医療法人社団 蒼樹会 みなみ野女性医療センター/04.分析/analysis_project/src/modeling.py,プロジェクト/医療法人社団 蒼樹会 みなみ野女性医療センター/04.分析/analysis_project/src/modeling.py,modeling.py,modeling,.py,5027,4.91,6,プロジェクト,医療法人社団 蒼樹会 みなみ野女性医療センター,04.分析,False,data/raw/share/share/共有ドライブ/プロジェクト/医療法人社団 蒼樹会 みなみ野女性医療センター/04.分析/analysis_project/src/modeling.py
プロジェクト/医療法人社団 蒼樹会 みなみ野女性医療センター/04.分析/analysis_project/src/preprocess.py,プロジェクト/医療法人社団 蒼樹会 みなみ野女性医療センター/04.分析/analysis_project/src/preprocess.py,preprocess.py,preprocess,.py,4002,3.91,6,プロジェクト,医療法人社団 蒼樹会 みなみ野女性医療センター,04.分析,False,data/raw/share/share/共有ドライブ/プロジェクト/医療法人社団 蒼樹会 みなみ野女性医療センター/04.分析/analysis_project/src/preprocess.py
プロジェクト/医療法人社団 蒼樹会 みなみ野女性医療センター/04.分析/analysis_project/uv.lock,プロジェクト/医療法人社団 蒼樹会 みなみ野女性医療センター/04.分析/analysis_project/uv.lock,uv.lock,uv,.lock,558813,545.72,5,プロジェクト,医療法人社団 蒼樹会 みなみ野女性医療センター,04.分析,False,data/raw/share/share/共有ドライブ/プロジェクト/医療法人社団 蒼樹会 みなみ野女性医療センター/04.分析/analysis_project/uv.lock
プロジェクト/医療法人社団 蒼樹会 みなみ野女性医療センター/05.会議/会議録/会議録_2025-04-03.pdf,プロジェクト/医療法人社団 蒼樹会 みなみ野女性医療センター/05.会議/会議録/会議録_2025-04-03.pdf,会議録_2025-04-03.pdf,会議録_2025-04-03,.pdf,947558,925.35,5,プロジェクト,医療法人社団 蒼樹会 みなみ野女性医療センター,05.会議,False,data/raw/share/share/共有ドライブ/プロジェクト/医療法人社団 蒼樹会 みなみ野女性医療センター/05.会議/会議録/会議録_2025-04-03.pdf
プロジェクト/医療法人社団 蒼樹会 みなみ野女性医療センター/05.会議/会議録/会議録_2025-04-24.pdf,プロジェクト/医療法人社団 蒼樹会 みなみ野女性医療センター/05.会議/会議録/会議録_2025-04-24.pdf,会議録_2025-04-24.pdf,会議録_2025-04-24,.pdf,944319,922.19,5,プロジェクト,医療法人社団 蒼樹会 みなみ野女性医療センター,05.会議,False,data/raw/share/share/共有ドライブ/プロジェクト/医療法人社団 蒼樹会 みなみ野女性医療センター/05.会議/会議録/会議録_2025-04-24.pdf
プロジェクト/医療法人社団 蒼樹会 みなみ野女性医療センター/05.会議/会議録/会議録_2025-05-15.pdf,プロジェクト/医療法人社団 蒼樹会 みなみ野女性医療センター/05.会議/会議録/会議録_2025-05-15.pdf,会議録_2025-05-15.pdf,会議録_2025-05-15,.pdf,1179748,1152.1,5,プロジェクト,医療法人社団 蒼樹会 みなみ野女性医療センター,05.会議,False,data/raw/share/share/共有ドライブ/プロジェクト/医療法人社団 蒼樹会 みなみ野女性医療センター/05.会議/会議録/会議録_2025-05-15.pdf
プロジェクト/医療法人社団 蒼樹会 みなみ野女性医療センター/05.会議/報告資料/報告資料_2025-04-03.pdf,プロジェクト/医療法人社団 蒼樹会 みなみ野女性医療センター/05.会議/報告資料/報告資料_2025-04-03.pdf,報告資料_2025-04-03.pdf,報告資料_2025-04-03,.pdf,1047544,1022.99,5,プロジェクト,医療法人社団 蒼樹会 みなみ野女性医療センター,05.会議,False,data/raw/share/share/共有ドライブ/プロジェクト/医療法人社団 蒼樹会 みなみ野女性医療センター/05.会議/報告資料/報告資料_2025-04-03.pdf
プロジェクト/医療法人社団 蒼樹会 みなみ野女性医療センター/05.会議/報告資料/報告資料_2025-04-24.pdf,プロジェクト/医療法人社団 蒼樹会 みなみ野女性医療センター/05.会議/報告資料/報告資料_2025-04-24.pdf,報告資料_2025-04-24.pdf,報告資料_2025-04-24,.pdf,34904854,34086.77,5,プロジェクト,医療法人社団 蒼樹会 みなみ野女性医療センター,05.会議,False,data/raw/share/share/共有ドライブ/プロジェクト/医療法人社団 蒼樹会 みなみ野女性医療センター/05.会議/報告資料/報告資料_2025-04-24.pdf
プロジェクト/医療法人社団 蒼樹会 みなみ野女性医療センター/06.報告書/医療法人社団 蒼樹会 みなみ野女性医療センター_最終報告.pdf,プロジェクト/医療法人社団 蒼樹会 みなみ野女性医療センター/06.報告書/医療法人社団 蒼樹会 みなみ野女性医療センター_最終報告.pdf,医療法人社団 蒼樹会 みなみ野女性医療センター_最終報告.pdf,医療法人社団 蒼樹会 みなみ野女性医療センター_最終報告,.pdf,2157943,2107.37,4,プロジェクト,医療法人社団 蒼樹会 みなみ野女性医療センター,06.報告書,False,data/raw/share/share/共有ドライブ/プロジェクト/医療法人社団 蒼樹会 みなみ野女性医療センター/06.報告書/医療法人社団 蒼樹会 みなみ野女性医療センター_最終報告.pdf
プロジェクト/医療法人社団 蒼泉会 ひがし丘総合病院/00.提案/提案書.pptx,プロジェクト/医療法人社団 蒼泉会 ひがし丘総合病院/00.提案/提案書.pptx,提案書.pptx,提案書,.pptx,75713,73.94,4,プロジェクト,医療法人社団 蒼泉会 ひがし丘総合病院,00.提案,False,data/raw/share/share/共有ドライブ/プロジェクト/医療法人社団 蒼泉会 ひがし丘総合病院/00.提案/提案書.pptx
プロジェクト/医療法人社団 蒼泉会 ひがし丘総合病院/01.契約/契約書.docx,プロジェクト/医療法人社団 蒼泉会 ひがし丘総合病院/01.契約/契約書.docx,契約書.docx,契約書,.docx,19050,18.6,4,プロジェクト,医療法人社団 蒼泉会 ひがし丘総合病院,01.契約,False,data/raw/share/share/共有ドライブ/プロジェクト/医療法人社団 蒼泉会 ひがし丘総合病院/01.契約/契約書.docx
プロジェクト/医療法人社団 蒼泉会 ひがし丘総合病院/02.計画/スケジュール.xlsx,プロジェクト/医療法人社団 蒼泉会 ひがし丘総合病院/02.計画/スケジュール.xlsx,スケジュール.xlsx,スケジュール,.xlsx,20344,19.87,4,プロジェクト,医療法人社団 蒼泉会 ひがし丘総合病院,02.計画,False,data/raw/share/share/共有ドライブ/プロジェクト/医療法人社団 蒼泉会 ひがし丘総合病院/02.計画/スケジュール.xlsx
プロジェクト/医療法人社団 蒼泉会 ひがし丘総合病院/03.データ/train.csv,プロジェクト/医療法人社団 蒼泉会 ひがし丘総合病院/03.データ/train.csv,train.csv,train,.csv,68414,66.81,4,プロジェクト,医療法人社団 蒼泉会 ひがし丘総合病院,03.データ,False,data/raw/share/share/共有ドライブ/プロジェクト/医療法人社団 蒼泉会 ひがし丘総合病院/03.データ/train.csv
プロジェクト/医療法人社団 蒼泉会 ひがし丘総合病院/03.データ/train.xlsx,プロジェクト/医療法人社団 蒼泉会 ひがし丘総合病院/03.データ/train.xlsx,train.xlsx,train,.xlsx,172360,168.32,4,プロジェクト,医療法人社団 蒼泉会 ひがし丘総合病院,03.データ,False,data/raw/share/share/共有ドライブ/プロジェクト/医療法人社団 蒼泉会 ひがし丘総合病院/03.データ/train.xlsx
プロジェクト/医療法人社団 蒼泉会 ひがし丘総合病院/03.データ/カラム説明.md,プロジェクト/医療法人社団 蒼泉会 ひがし丘総合病院/03.データ/カラム説明.md,カラム説明.md,カラム説明,.md,584,0.57,4,プロジェクト,医療法人社団 蒼泉会 ひがし丘総合病院,03.データ,False,data/raw/share/share/共有ドライブ/プロジェクト/医療法人社団 蒼泉会 ひがし丘総合病院/03.データ/カラム説明.md
プロジェクト/医療法人社団 蒼泉会 ひがし丘総合病院/04.分析/analysis_outputs/experiments/leaderboard.csv,プロジェクト/医療法人社団 蒼泉会 ひがし丘総合病院/04.分析/analysis_outputs/experiments/leaderboard.csv,leaderboard.csv,leaderboard,.csv,2122,2.07,6,プロジェクト,医療法人社団 蒼泉会 ひがし丘総合病院,04.分析,False,data/raw/share/share/共有ドライブ/プロジェクト/医療法人社団 蒼泉会 ひがし丘総合病院/04.分析/analysis_outputs/experiments/leaderboard.csv
プロジェクト/医療法人社団 蒼泉会 ひがし丘総合病院/04.分析/analysis_outputs/metrics.json,プロジェクト/医療法人社団 蒼泉会 ひがし丘総合病院/04.分析/analysis_outputs/metrics.json,metrics.json,metrics,.json,1642,1.6,5,プロジェクト,医療法人社団 蒼泉会 ひがし丘総合病院,04.分析,False,data/raw/share/share/共有ドライブ/プロジェクト/医療法人社団 蒼泉会 ひがし丘総合病院/04.分析/analysis_outputs/metrics.json
プロジェクト/医療法人社団 蒼泉会 ひがし丘総合病院/04.分析/analysis_project/README.md,プロジェクト/医療法人社団 蒼泉会 ひがし丘総合病院/04.分析/analysis_project/README.md,README.md,README,.md,1465,1.43,5,プロジェクト,医療法人社団 蒼泉会 ひがし丘総合病院,04.分析,False,data/raw/share/share/共有ドライブ/プロジェクト/医療法人社団 蒼泉会 ひがし丘総合病院/04.分析/analysis_project/README.md
プロジェクト/医療法人社団 蒼泉会 ひがし丘総合病院/04.分析/analysis_project/configs/project_config.json,プロジェクト/医療法人社団 蒼泉会 ひがし丘総合病院/04.分析/analysis_project/configs/project_config.json,project_config.json,project_config,.json,1204,1.18,6,プロジェクト,医療法人社団 蒼泉会 ひがし丘総合病院,04.分析,False,data/raw/share/share/共有ドライブ/プロジェクト/医療法人社団 蒼泉会 ひがし丘総合病院/04.分析/analysis_project/configs/project_config.json
プロジェクト/医療法人社団 蒼泉会 ひがし丘総合病院/04.分析/analysis_project/data/train.csv,プロジェクト/医療法人社団 蒼泉会 ひがし丘総合病院/04.分析/analysis_project/data/train.csv,train.csv,train,.csv,68414,66.81,6,プロジェクト,医療法人社団 蒼泉会 ひがし丘総合病院,04.分析,False,data/raw/share/share/共有ドライブ/プロジェクト/医療法人社団 蒼泉会 ひがし丘総合病院/04.分析/analysis_project/data/train.csv
プロジェクト/医療法人社団 蒼泉会 ひがし丘総合病院/04.分析/analysis_project/data/カラム説明.md,プロジェクト/医療法人社団 蒼泉会 ひがし丘総合病院/04.分析/analysis_project/data/カラム説明.md,カラム説明.md,カラム説明,.md,584,0.57,6,プロジェクト,医療法人社団 蒼泉会 ひがし丘総合病院,04.分析,False,data/raw/share/share/共有ドライブ/プロジェクト/医療法人社団 蒼泉会 ひがし丘総合病院/04.分析/analysis_project/data/カラム説明.md
プロジェクト/医療法人社団 蒼泉会 ひがし丘総合病院/04.分析/analysis_project/notebooks/01_eda.ipynb,プロジェクト/医療法人社団 蒼泉会 ひがし丘総合病院/04.分析/analysis_project/notebooks/01_eda.ipynb,01_eda.ipynb,01_eda,.ipynb,250696,244.82,6,プロジェクト,医療法人社団 蒼泉会 ひがし丘総合病院,04.分析,False,data/raw/share/share/共有ドライブ/プロジェクト/医療法人社団 蒼泉会 ひがし丘総合病院/04.分析/analysis_project/notebooks/01_eda.ipynb
プロジェクト/医療法人社団 蒼泉会 ひがし丘総合病院/04.分析/analysis_project/pyproject.toml,プロジェクト/医療法人社団 蒼泉会 ひがし丘総合病院/04.分析/analysis_project/pyproject.toml,pyproject.toml,pyproject,.toml,357,0.35,5,プロジェクト,医療法人社団 蒼泉会 ひがし丘総合病院,04.分析,False,data/raw/share/share/共有ドライブ/プロジェクト/医療法人社団 蒼泉会 ひがし丘総合病院/04.分析/analysis_project/pyproject.toml
プロジェクト/医療法人社団 蒼泉会 ひがし丘総合病院/04.分析/analysis_project/reports/figures/date_feature_trend.png,プロジェクト/医療法人社団 蒼泉会 ひがし丘総合病院/04.分析/analysis_project/reports/figures/date_feature_trend.png,date_feature_trend.png,date_feature_trend,.png,15372,15.01,7,プロジェクト,医療法人社団 蒼泉会 ひがし丘総合病院,04.分析,False,data/raw/share/share/共有ドライブ/プロジェクト/医療法人社団 蒼泉会 ひがし丘総合病院/04.分析/analysis_project/reports/figures/date_feature_trend.png
プロジェクト/医療法人社団 蒼泉会 ひがし丘総合病院/04.分析/analysis_project/reports/figures/feature_correlation_heatmap.png,プロジェクト/医療法人社団 蒼泉会 ひがし丘総合病院/04.分析/analysis_project/reports/figures/feature_correlation_heatmap.png,feature_correlation_heatmap.png,feature_correlation_heatmap,.png,52503,51.27,7,プロジェクト,医療法人社団 蒼泉会 ひがし丘総合病院,04.分析,False,data/raw/share/share/共有ドライブ/プロジェクト/医療法人社団 蒼泉会 ひがし丘総合病院/04.分析/analysis_project/reports/figures/feature_correlation_heatmap.png
プロジェクト/医療法人社団 蒼泉会 ひがし丘総合病院/04.分析/analysis_project/reports/figures/missing_rate_top20.png,プロジェクト/医療法人社団 蒼泉会 ひがし丘総合病院/04.分析/analysis_project/reports/figures/missing_rate_top20.png,missing_rate_top20.png,missing_rate_top20,.png,27281,26.64,7,プロジェクト,医療法人社団 蒼泉会 ひがし丘総合病院,04.分析,False,data/raw/share/share/共有ドライブ/プロジェクト/医療法人社団 蒼泉会 ひがし丘総合病院/04.分析/analysis_project/reports/figures/missing_rate_top20.png
プロジェクト/医療法人社団 蒼泉会 ひがし丘総合病院/04.分析/analysis_project/reports/figures/numeric_distribution_top6.png,プロジェクト/医療法人社団 蒼泉会 ひがし丘総合病院/04.分析/analysis_project/reports/figures/numeric_distribution_top6.png,numeric_distribution_top6.png,numeric_distribution_top6,.png,141328,138.02,7,プロジェクト,医療法人社団 蒼泉会 ひがし丘総合病院,04.分析,False,data/raw/share/share/共有ドライブ/プロジェクト/医療法人社団 蒼泉会 ひがし丘総合病院/04.分析/analysis_project/reports/figures/numeric_distribution_top6.png
プロジェクト/医療法人社団 蒼泉会 ひがし丘総合病院/04.分析/analysis_project/reports/figures/target_distribution.png,プロジェクト/医療法人社団 蒼泉会 ひがし丘総合病院/04.分析/analysis_project/reports/figures/target_distribution.png,target_distribution.png,target_distribution,.png,22398,21.87,7,プロジェクト,医療法人社団 蒼泉会 ひがし丘総合病院,04.分析,False,data/raw/share/share/共有ドライブ/プロジェクト/医療法人社団 蒼泉会 ひがし丘総合病院/04.分析/analysis_project/reports/figures/target_distribution.png
プロジェクト/医療法人社団 蒼泉会 ひがし丘総合病院/04.分析/analysis_project/requirements.txt,プロジェクト/医療法人社団 蒼泉会 ひがし丘総合病院/04.分析/analysis_project/requirements.txt,requirements.txt,requirements,.txt,125,0.12,5,プロジェクト,医療法人社団 蒼泉会 ひがし丘総合病院,04.分析,False,data/raw/share/share/共有ドライブ/プロジェクト/医療法人社団 蒼泉会 ひがし丘総合病院/04.分析/analysis_project/requirements.txt
プロジェクト/医療法人社団 蒼泉会 ひがし丘総合病院/04.分析/analysis_project/scripts/bootstrap_env.py,プロジェクト/医療法人社団 蒼泉会 ひがし丘総合病院/04.分析/analysis_project/scripts/bootstrap_env.py,bootstrap_env.py,bootstrap_env,.py,2017,1.97,6,プロジェクト,医療法人社団 蒼泉会 ひがし丘総合病院,04.分析,False,data/raw/share/share/共有ドライブ/プロジェクト/医療法人社団 蒼泉会 ひがし丘総合病院/04.分析/analysis_project/scripts/bootstrap_env.py
プロジェクト/医療法人社団 蒼泉会 ひがし丘総合病院/04.分析/analysis_project/scripts/run_train.py,プロジェクト/医療法人社団 蒼泉会 ひがし丘総合病院/04.分析/analysis_project/scripts/run_train.py,run_train.py,run_train,.py,6324,6.18,6,プロジェクト,医療法人社団 蒼泉会 ひがし丘総合病院,04.分析,False,data/raw/share/share/共有ドライブ/プロジェクト/医療法人社団 蒼泉会 ひがし丘総合病院/04.分析/analysis_project/scripts/run_train.py
プロジェクト/医療法人社団 蒼泉会 ひがし丘総合病院/04.分析/analysis_project/src/__init__.py,プロジェクト/医療法人社団 蒼泉会 ひがし丘総合病院/04.分析/analysis_project/src/__init__.py,__init__.py,__init__,.py,0,0.0,6,プロジェクト,医療法人社団 蒼泉会 ひがし丘総合病院,04.分析,False,data/raw/share/share/共有ドライブ/プロジェクト/医療法人社団 蒼泉会 ひがし丘総合病院/04.分析/analysis_project/src/__init__.py
プロジェクト/医療法人社団 蒼泉会 ひがし丘総合病院/04.分析/analysis_project/src/common.py,プロジェクト/医療法人社団 蒼泉会 ひがし丘総合病院/04.分析/analysis_project/src/common.py,common.py,common,.py,3933,3.84,6,プロジェクト,医療法人社団 蒼泉会 ひがし丘総合病院,04.分析,False,data/raw/share/share/共有ドライブ/プロジェクト/医療法人社団 蒼泉会 ひがし丘総合病院/04.分析/analysis_project/src/common.py
プロジェクト/医療法人社団 蒼泉会 ひがし丘総合病院/04.分析/analysis_project/src/eda.py,プロジェクト/医療法人社団 蒼泉会 ひがし丘総合病院/04.分析/analysis_project/src/eda.py,eda.py,eda,.py,695,0.68,6,プロジェクト,医療法人社団 蒼泉会 ひがし丘総合病院,04.分析,False,data/raw/share/share/共有ドライブ/プロジェクト/医療法人社団 蒼泉会 ひがし丘総合病院/04.分析/analysis_project/src/eda.py
プロジェクト/医療法人社団 蒼泉会 ひがし丘総合病院/04.分析/analysis_project/src/evaluate.py,プロジェクト/医療法人社団 蒼泉会 ひがし丘総合病院/04.分析/analysis_project/src/evaluate.py,evaluate.py,evaluate,.py,3358,3.28,6,プロジェクト,医療法人社団 蒼泉会 ひがし丘総合病院,04.分析,False,data/raw/share/share/共有ドライブ/プロジェクト/医療法人社団 蒼泉会 ひがし丘総合病院/04.分析/analysis_project/src/evaluate.py
プロジェクト/医療法人社団 蒼泉会 ひがし丘総合病院/04.分析/analysis_project/src/features.py,プロジェクト/医療法人社団 蒼泉会 ひがし丘総合病院/04.分析/analysis_project/src/features.py,features.py,features,.py,5448,5.32,6,プロジェクト,医療法人社団 蒼泉会 ひがし丘総合病院,04.分析,False,data/raw/share/share/共有ドライブ/プロジェクト/医療法人社団 蒼泉会 ひがし丘総合病院/04.分析/analysis_project/src/features.py
プロジェクト/医療法人社団 蒼泉会 ひがし丘総合病院/04.分析/analysis_project/src/infer.py,プロジェクト/医療法人社団 蒼泉会 ひがし丘総合病院/04.分析/analysis_project/src/infer.py,infer.py,infer,.py,191,0.19,6,プロジェクト,医療法人社団 蒼泉会 ひがし丘総合病院,04.分析,False,data/raw/share/share/共有ドライブ/プロジェクト/医療法人社団 蒼泉会 ひがし丘総合病院/04.分析/analysis_project/src/infer.py
プロジェクト/医療法人社団 蒼泉会 ひがし丘総合病院/04.分析/analysis_project/src/modeling.py,プロジェクト/医療法人社団 蒼泉会 ひがし丘総合病院/04.分析/analysis_project/src/modeling.py,modeling.py,modeling,.py,3850,3.76,6,プロジェクト,医療法人社団 蒼泉会 ひがし丘総合病院,04.分析,False,data/raw/share/share/共有ドライブ/プロジェクト/医療法人社団 蒼泉会 ひがし丘総合病院/04.分析/analysis_project/src/modeling.py
プロジェクト/医療法人社団 蒼泉会 ひがし丘総合病院/04.分析/analysis_project/src/preprocess.py,プロジェクト/医療法人社団 蒼泉会 ひがし丘総合病院/04.分析/analysis_project/src/preprocess.py,preprocess.py,preprocess,.py,1060,1.04,6,プロジェクト,医療法人社団 蒼泉会 ひがし丘総合病院,04.分析,False,data/raw/share/share/共有ドライブ/プロジェクト/医療法人社団 蒼泉会 ひがし丘総合病院/04.分析/analysis_project/src/preprocess.py
プロジェクト/医療法人社団 蒼泉会 ひがし丘総合病院/04.分析/analysis_project/uv.lock,プロジェクト/医療法人社団 蒼泉会 ひがし丘総合病院/04.分析/analysis_project/uv.lock,uv.lock,uv,.lock,558825,545.73,5,プロジェクト,医療法人社団 蒼泉会 ひがし丘総合病院,04.分析,False,data/raw/share/share/共有ドライブ/プロジェクト/医療法人社団 蒼泉会 ひがし丘総合病院/04.分析/analysis_project/uv.lock
プロジェクト/医療法人社団 蒼泉会 ひがし丘総合病院/05.会議/会議録/会議録_2025-07-08.docx,プロジェクト/医療法人社団 蒼泉会 ひがし丘総合病院/05.会議/会議録/会議録_2025-07-08.docx,会議録_2025-07-08.docx,会議録_2025-07-08,.docx,16737,16.34,5,プロジェクト,医療法人社団 蒼泉会 ひがし丘総合病院,05.会議,False,data/raw/share/share/共有ドライブ/プロジェクト/医療法人社団 蒼泉会 ひがし丘総合病院/05.会議/会議録/会議録_2025-07-08.docx
プロジェクト/医療法人社団 蒼泉会 ひがし丘総合病院/05.会議/会議録/会議録_2025-07-22.docx,プロジェクト/医療法人社団 蒼泉会 ひがし丘総合病院/05.会議/会議録/会議録_2025-07-22.docx,会議録_2025-07-22.docx,会議録_2025-07-22,.docx,17263,16.86,5,プロジェクト,医療法人社団 蒼泉会 ひがし丘総合病院,05.会議,False,data/raw/share/share/共有ドライブ/プロジェクト/医療法人社団 蒼泉会 ひがし丘総合病院/05.会議/会議録/会議録_2025-07-22.docx
プロジェクト/医療法人社団 蒼泉会 ひがし丘総合病院/05.会議/会議録/会議録_2025-08-05.docx,プロジェクト/医療法人社団 蒼泉会 ひがし丘総合病院/05.会議/会議録/会議録_2025-08-05.docx,会議録_2025-08-05.docx,会議録_2025-08-05,.docx,18196,17.77,5,プロジェクト,医療法人社団 蒼泉会 ひがし丘総合病院,05.会議,False,data/raw/share/share/共有ドライブ/プロジェクト/医療法人社団 蒼泉会 ひがし丘総合病院/05.会議/会議録/会議録_2025-08-05.docx
プロジェクト/医療法人社団 蒼泉会 ひがし丘総合病院/05.会議/報告資料/報告資料_2025-07-08.docx,プロジェクト/医療法人社団 蒼泉会 ひがし丘総合病院/05.会議/報告資料/報告資料_2025-07-08.docx,報告資料_2025-07-08.docx,報告資料_2025-07-08,.docx,18747,18.31,5,プロジェクト,医療法人社団 蒼泉会 ひがし丘総合病院,05.会議,False,data/raw/share/share/共有ドライブ/プロジェクト/医療法人社団 蒼泉会 ひがし丘総合病院/05.会議/報告資料/報告資料_2025-07-08.docx
プロジェクト/医療法人社団 蒼泉会 ひがし丘総合病院/05.会議/報告資料/報告資料_2025-07-22.docx,プロジェクト/医療法人社団 蒼泉会 ひがし丘総合病院/05.会議/報告資料/報告資料_2025-07-22.docx,報告資料_2025-07-22.docx,報告資料_2025-07-22,.docx,20029,19.56,5,プロジェクト,医療法人社団 蒼泉会 ひがし丘総合病院,05.会議,False,data/raw/share/share/共有ドライブ/プロジェクト/医療法人社団 蒼泉会 ひがし丘総合病院/05.会議/報告資料/報告資料_2025-07-22.docx
プロジェクト/医療法人社団 蒼泉会 ひがし丘総合病院/06.報告書/医療法人社団 蒼泉会 ひがし丘総合病院_最終報告.pdf,プロジェクト/医療法人社団 蒼泉会 ひがし丘総合病院/06.報告書/医療法人社団 蒼泉会 ひがし丘総合病院_最終報告.pdf,医療法人社団 蒼泉会 ひがし丘総合病院_最終報告.pdf,医療法人社団 蒼泉会 ひがし丘総合病院_最終報告,.pdf,660166,644.69,4,プロジェクト,医療法人社団 蒼泉会 ひがし丘総合病院,06.報告書,False,data/raw/share/share/共有ドライブ/プロジェクト/医療法人社団 蒼泉会 ひがし丘総合病院/06.報告書/医療法人社団 蒼泉会 ひがし丘総合病院_最終報告.pdf
プロジェクト/株式会社東都人材プラットフォーム/00.提案/データサイエンス市場の未来予測.pdf,プロジェクト/株式会社東都人材プラットフォーム/00.提案/データサイエンス市場の未来予測.pdf,データサイエンス市場の未来予測.pdf,データサイエンス市場の未来予測,.pdf,2284761,2231.21,4,プロジェクト,株式会社東都人材プラットフォーム,00.提案,False,data/raw/share/share/共有ドライブ/プロジェクト/株式会社東都人材プラットフォーム/00.提案/データサイエンス市場の未来予測.pdf
プロジェクト/株式会社東都人材プラットフォーム/00.提案/データサイエンティスト調査.docx,プロジェクト/株式会社東都人材プラットフォーム/00.提案/データサイエンティスト調査.docx,データサイエンティスト調査.docx,データサイエンティスト調査,.docx,1701890,1662.0,4,プロジェクト,株式会社東都人材プラットフォーム,00.提案,False,data/raw/share/share/共有ドライブ/プロジェクト/株式会社東都人材プラットフォーム/00.提案/データサイエンティスト調査.docx
プロジェクト/株式会社東都人材プラットフォーム/00.提案/提案書.pptx,プロジェクト/株式会社東都人材プラットフォーム/00.提案/提案書.pptx,提案書.pptx,提案書,.pptx,82751,80.81,4,プロジェクト,株式会社東都人材プラットフォーム,00.提案,False,data/raw/share/share/共有ドライブ/プロジェクト/株式会社東都人材プラットフォーム/00.提案/提案書.pptx
プロジェクト/株式会社東都人材プラットフォーム/01.契約/契約書.docx,プロジェクト/株式会社東都人材プラットフォーム/01.契約/契約書.docx,契約書.docx,契約書,.docx,17902,17.48,4,プロジェクト,株式会社東都人材プラットフォーム,01.契約,False,data/raw/share/share/共有ドライブ/プロジェクト/株式会社東都人材プラットフォーム/01.契約/契約書.docx
プロジェクト/株式会社東都人材プラットフォーム/02.計画/スケジュール.xlsx,プロジェクト/株式会社東都人材プラットフォーム/02.計画/スケジュール.xlsx,スケジュール.xlsx,スケジュール,.xlsx,16651,16.26,4,プロジェクト,株式会社東都人材プラットフォーム,02.計画,False,data/raw/share/share/共有ドライブ/プロジェクト/株式会社東都人材プラットフォーム/02.計画/スケジュール.xlsx
プロジェクト/株式会社東都人材プラットフォーム/03.データ/train.csv,プロジェクト/株式会社東都人材プラットフォーム/03.データ/train.csv,train.csv,train,.csv,1628834,1590.66,4,プロジェクト,株式会社東都人材プラットフォーム,03.データ,False,data/raw/share/share/共有ドライブ/プロジェクト/株式会社東都人材プラットフォーム/03.データ/train.csv
プロジェクト/株式会社東都人材プラットフォーム/03.データ/train.xlsx,プロジェクト/株式会社東都人材プラットフォーム/03.データ/train.xlsx,train.xlsx,train,.xlsx,693027,676.78,4,プロジェクト,株式会社東都人材プラットフォーム,03.データ,False,data/raw/share/share/共有ドライブ/プロジェクト/株式会社東都人材プラットフォーム/03.データ/train.xlsx
プロジェクト/株式会社東都人材プラットフォーム/03.データ/カラム説明.md,プロジェクト/株式会社東都人材プラットフォーム/03.データ/カラム説明.md,カラム説明.md,カラム説明,.md,319,0.31,4,プロジェクト,株式会社東都人材プラットフォーム,03.データ,False,data/raw/share/share/共有ドライブ/プロジェクト/株式会社東都人材プラットフォーム/03.データ/カラム説明.md
プロジェクト/株式会社東都人材プラットフォーム/04.分析/analysis_outputs/experiments/leaderboard.csv,プロジェクト/株式会社東都人材プラットフォーム/04.分析/analysis_outputs/experiments/leaderboard.csv,leaderboard.csv,leaderboard,.csv,4563,4.46,6,プロジェクト,株式会社東都人材プラットフォーム,04.分析,False,data/raw/share/share/共有ドライブ/プロジェクト/株式会社東都人材プラットフォーム/04.分析/analysis_outputs/experiments/leaderboard.csv
プロジェクト/株式会社東都人材プラットフォーム/04.分析/analysis_outputs/metrics.json,プロジェクト/株式会社東都人材プラットフォーム/04.分析/analysis_outputs/metrics.json,metrics.json,metrics,.json,6232,6.09,5,プロジェクト,株式会社東都人材プラットフォーム,04.分析,False,data/raw/share/share/共有ドライブ/プロジェクト/株式会社東都人材プラットフォーム/04.分析/analysis_outputs/metrics.json
プロジェクト/株式会社東都人材プラットフォーム/04.分析/analysis_outputs/run_summary.json,プロジェクト/株式会社東都人材プラットフォーム/04.分析/analysis_outputs/run_summary.json,run_summary.json,run_summary,.json,4042,3.95,5,プロジェクト,株式会社東都人材プラットフォーム,04.分析,False,data/raw/share/share/共有ドライブ/プロジェクト/株式会社東都人材プラットフォーム/04.分析/analysis_outputs/run_summary.json
プロジェクト/株式会社東都人材プラットフォーム/04.分析/analysis_project/README.md,プロジェクト/株式会社東都人材プラットフォーム/04.分析/analysis_project/README.md,README.md,README,.md,1670,1.63,5,プロジェクト,株式会社東都人材プラットフォーム,04.分析,False,data/raw/share/share/共有ドライブ/プロジェクト/株式会社東都人材プラットフォーム/04.分析/analysis_project/README.md
プロジェクト/株式会社東都人材プラットフォーム/04.分析/analysis_project/configs/project_config.json,プロジェクト/株式会社東都人材プラットフォーム/04.分析/analysis_project/configs/project_config.json,project_config.json,project_config,.json,2211,2.16,6,プロジェクト,株式会社東都人材プラットフォーム,04.分析,False,data/raw/share/share/共有ドライブ/プロジェクト/株式会社東都人材プラットフォーム/04.分析/analysis_project/configs/project_config.json
プロジェクト/株式会社東都人材プラットフォーム/04.分析/analysis_project/data/train.csv,プロジェクト/株式会社東都人材プラットフォーム/04.分析/analysis_project/data/train.csv,train.csv,train,.csv,1628834,1590.66,6,プロジェクト,株式会社東都人材プラットフォーム,04.分析,False,data/raw/share/share/共有ドライブ/プロジェクト/株式会社東都人材プラットフォーム/04.分析/analysis_project/data/train.csv
プロジェクト/株式会社東都人材プラットフォーム/04.分析/analysis_project/data/カラム説明.md,プロジェクト/株式会社東都人材プラットフォーム/04.分析/analysis_project/data/カラム説明.md,カラム説明.md,カラム説明,.md,319,0.31,6,プロジェクト,株式会社東都人材プラットフォーム,04.分析,False,data/raw/share/share/共有ドライブ/プロジェクト/株式会社東都人材プラットフォーム/04.分析/analysis_project/data/カラム説明.md
プロジェクト/株式会社東都人材プラットフォーム/04.分析/analysis_project/notebooks/01_eda.ipynb,プロジェクト/株式会社東都人材プラットフォーム/04.分析/analysis_project/notebooks/01_eda.ipynb,01_eda.ipynb,01_eda,.ipynb,227836,222.5,6,プロジェクト,株式会社東都人材プラットフォーム,04.分析,False,data/raw/share/share/共有ドライブ/プロジェクト/株式会社東都人材プラットフォーム/04.分析/analysis_project/notebooks/01_eda.ipynb
プロジェクト/株式会社東都人材プラットフォーム/04.分析/analysis_project/pyproject.toml,プロジェクト/株式会社東都人材プラットフォーム/04.分析/analysis_project/pyproject.toml,pyproject.toml,pyproject,.toml,357,0.35,5,プロジェクト,株式会社東都人材プラットフォーム,04.分析,False,data/raw/share/share/共有ドライブ/プロジェクト/株式会社東都人材プラットフォーム/04.分析/analysis_project/pyproject.toml
プロジェクト/株式会社東都人材プラットフォーム/04.分析/analysis_project/reports/figures/categorical_distribution_top3.png,プロジェクト/株式会社東都人材プラットフォーム/04.分析/analysis_project/reports/figures/categorical_distribution_top3.png,categorical_distribution_top3.png,categorical_distribution_top3,.png,108124,105.59,7,プロジェクト,株式会社東都人材プラットフォーム,04.分析,False,data/raw/share/share/共有ドライブ/プロジェクト/株式会社東都人材プラットフォーム/04.分析/analysis_project/reports/figures/categorical_distribution_top3.png
プロジェクト/株式会社東都人材プラットフォーム/04.分析/analysis_project/reports/figures/date_feature_trend.png,プロジェクト/株式会社東都人材プラットフォーム/04.分析/analysis_project/reports/figures/date_feature_trend.png,date_feature_trend.png,date_feature_trend,.png,13498,13.18,7,プロジェクト,株式会社東都人材プラットフォーム,04.分析,False,data/raw/share/share/共有ドライブ/プロジェクト/株式会社東都人材プラットフォーム/04.分析/analysis_project/reports/figures/date_feature_trend.png
プロジェクト/株式会社東都人材プラットフォーム/04.分析/analysis_project/reports/figures/feature_correlation_heatmap.png,プロジェクト/株式会社東都人材プラットフォーム/04.分析/analysis_project/reports/figures/feature_correlation_heatmap.png,feature_correlation_heatmap.png,feature_correlation_heatmap,.png,23217,22.67,7,プロジェクト,株式会社東都人材プラットフォーム,04.分析,False,data/raw/share/share/共有ドライブ/プロジェクト/株式会社東都人材プラットフォーム/04.分析/analysis_project/reports/figures/feature_correlation_heatmap.png
プロジェクト/株式会社東都人材プラットフォーム/04.分析/analysis_project/reports/figures/missing_rate_top20.png,プロジェクト/株式会社東都人材プラットフォーム/04.分析/analysis_project/reports/figures/missing_rate_top20.png,missing_rate_top20.png,missing_rate_top20,.png,23372,22.82,7,プロジェクト,株式会社東都人材プラットフォーム,04.分析,False,data/raw/share/share/共有ドライブ/プロジェクト/株式会社東都人材プラットフォーム/04.分析/analysis_project/reports/figures/missing_rate_top20.png
プロジェクト/株式会社東都人材プラットフォーム/04.分析/analysis_project/reports/figures/numeric_distribution_top6.png,プロジェクト/株式会社東都人材プラットフォーム/04.分析/analysis_project/reports/figures/numeric_distribution_top6.png,numeric_distribution_top6.png,numeric_distribution_top6,.png,25342,24.75,7,プロジェクト,株式会社東都人材プラットフォーム,04.分析,False,data/raw/share/share/共有ドライブ/プロジェクト/株式会社東都人材プラットフォーム/04.分析/analysis_project/reports/figures/numeric_distribution_top6.png
プロジェクト/株式会社東都人材プラットフォーム/04.分析/analysis_project/reports/figures/target_distribution.png,プロジェクト/株式会社東都人材プラットフォーム/04.分析/analysis_project/reports/figures/target_distribution.png,target_distribution.png,target_distribution,.png,24291,23.72,7,プロジェクト,株式会社東都人材プラットフォーム,04.分析,False,data/raw/share/share/共有ドライブ/プロジェクト/株式会社東都人材プラットフォーム/04.分析/analysis_project/reports/figures/target_distribution.png
プロジェクト/株式会社東都人材プラットフォーム/04.分析/analysis_project/requirements.txt,プロジェクト/株式会社東都人材プラットフォーム/04.分析/analysis_project/requirements.txt,requirements.txt,requirements,.txt,125,0.12,5,プロジェクト,株式会社東都人材プラットフォーム,04.分析,False,data/raw/share/share/共有ドライブ/プロジェクト/株式会社東都人材プラットフォーム/04.分析/analysis_project/requirements.txt
プロジェクト/株式会社東都人材プラットフォーム/04.分析/analysis_project/scripts/bootstrap_env.py,プロジェクト/株式会社東都人材プラットフォーム/04.分析/analysis_project/scripts/bootstrap_env.py,bootstrap_env.py,bootstrap_env,.py,2017,1.97,6,プロジェクト,株式会社東都人材プラットフォーム,04.分析,False,data/raw/share/share/共有ドライブ/プロジェクト/株式会社東都人材プラットフォーム/04.分析/analysis_project/scripts/bootstrap_env.py
プロジェクト/株式会社東都人材プラットフォーム/04.分析/analysis_project/scripts/run_train.py,プロジェクト/株式会社東都人材プラットフォーム/04.分析/analysis_project/scripts/run_train.py,run_train.py,run_train,.py,29966,29.26,6,プロジェクト,株式会社東都人材プラットフォーム,04.分析,False,data/raw/share/share/共有ドライブ/プロジェクト/株式会社東都人材プラットフォーム/04.分析/analysis_project/scripts/run_train.py
プロジェクト/株式会社東都人材プラットフォーム/04.分析/analysis_project/src/__init__.py,プロジェクト/株式会社東都人材プラットフォーム/04.分析/analysis_project/src/__init__.py,__init__.py,__init__,.py,0,0.0,6,プロジェクト,株式会社東都人材プラットフォーム,04.分析,False,data/raw/share/share/共有ドライブ/プロジェクト/株式会社東都人材プラットフォーム/04.分析/analysis_project/src/__init__.py
プロジェクト/株式会社東都人材プラットフォーム/04.分析/analysis_project/src/common.py,プロジェクト/株式会社東都人材プラットフォーム/04.分析/analysis_project/src/common.py,common.py,common,.py,3933,3.84,6,プロジェクト,株式会社東都人材プラットフォーム,04.分析,False,data/raw/share/share/共有ドライブ/プロジェクト/株式会社東都人材プラットフォーム/04.分析/analysis_project/src/common.py
プロジェクト/株式会社東都人材プラットフォーム/04.分析/analysis_project/src/eda.py,プロジェクト/株式会社東都人材プラットフォーム/04.分析/analysis_project/src/eda.py,eda.py,eda,.py,695,0.68,6,プロジェクト,株式会社東都人材プラットフォーム,04.分析,False,data/raw/share/share/共有ドライブ/プロジェクト/株式会社東都人材プラットフォーム/04.分析/analysis_project/src/eda.py
プロジェクト/株式会社東都人材プラットフォーム/04.分析/analysis_project/src/evaluate.py,プロジェクト/株式会社東都人材プラットフォーム/04.分析/analysis_project/src/evaluate.py,evaluate.py,evaluate,.py,5116,5.0,6,プロジェクト,株式会社東都人材プラットフォーム,04.分析,False,data/raw/share/share/共有ドライブ/プロジェクト/株式会社東都人材プラットフォーム/04.分析/analysis_project/src/evaluate.py
プロジェクト/株式会社東都人材プラットフォーム/04.分析/analysis_project/src/features.py,プロジェクト/株式会社東都人材プラットフォーム/04.分析/analysis_project/src/features.py,features.py,features,.py,13135,12.83,6,プロジェクト,株式会社東都人材プラットフォーム,04.分析,False,data/raw/share/share/共有ドライブ/プロジェクト/株式会社東都人材プラットフォーム/04.分析/analysis_project/src/features.py
プロジェクト/株式会社東都人材プラットフォーム/04.分析/analysis_project/src/infer.py,プロジェクト/株式会社東都人材プラットフォーム/04.分析/analysis_project/src/infer.py,infer.py,infer,.py,191,0.19,6,プロジェクト,株式会社東都人材プラットフォーム,04.分析,False,data/raw/share/share/共有ドライブ/プロジェクト/株式会社東都人材プラットフォーム/04.分析/analysis_project/src/infer.py
プロジェクト/株式会社東都人材プラットフォーム/04.分析/analysis_project/src/modeling.py,プロジェクト/株式会社東都人材プラットフォーム/04.分析/analysis_project/src/modeling.py,modeling.py,modeling,.py,5027,4.91,6,プロジェクト,株式会社東都人材プラットフォーム,04.分析,False,data/raw/share/share/共有ドライブ/プロジェクト/株式会社東都人材プラットフォーム/04.分析/analysis_project/src/modeling.py
プロジェクト/株式会社東都人材プラットフォーム/04.分析/analysis_project/src/preprocess.py,プロジェクト/株式会社東都人材プラットフォーム/04.分析/analysis_project/src/preprocess.py,preprocess.py,preprocess,.py,4002,3.91,6,プロジェクト,株式会社東都人材プラットフォーム,04.分析,False,data/raw/share/share/共有ドライブ/プロジェクト/株式会社東都人材プラットフォーム/04.分析/analysis_project/src/preprocess.py
プロジェクト/株式会社東都人材プラットフォーム/04.分析/analysis_project/uv.lock,プロジェクト/株式会社東都人材プラットフォーム/04.分析/analysis_project/uv.lock,uv.lock,uv,.lock,558827,545.73,5,プロジェクト,株式会社東都人材プラットフォーム,04.分析,False,data/raw/share/share/共有ドライブ/プロジェクト/株式会社東都人材プラットフォーム/04.分析/analysis_project/uv.lock
プロジェクト/株式会社東都人材プラットフォーム/05.会議/会議録/会議録_2025-08-18.docx,プロジェクト/株式会社東都人材プラットフォーム/05.会議/会議録/会議録_2025-08-18.docx,会議録_2025-08-18.docx,会議録_2025-08-18,.docx,25668,25.07,5,プロジェクト,株式会社東都人材プラットフォーム,05.会議,False,data/raw/share/share/共有ドライブ/プロジェクト/株式会社東都人材プラットフォーム/05.会議/会議録/会議録_2025-08-18.docx
プロジェクト/株式会社東都人材プラットフォーム/05.会議/会議録/会議録_2025-09-08.docx,プロジェクト/株式会社東都人材プラットフォーム/05.会議/会議録/会議録_2025-09-08.docx,会議録_2025-09-08.docx,会議録_2025-09-08,.docx,17318,16.91,5,プロジェクト,株式会社東都人材プラットフォーム,05.会議,False,data/raw/share/share/共有ドライブ/プロジェクト/株式会社東都人材プラットフォーム/05.会議/会議録/会議録_2025-09-08.docx
プロジェクト/株式会社東都人材プラットフォーム/05.会議/会議録/会議録_2025-09-26.docx,プロジェクト/株式会社東都人材プラットフォーム/05.会議/会議録/会議録_2025-09-26.docx,会議録_2025-09-26.docx,会議録_2025-09-26,.docx,18110,17.69,5,プロジェクト,株式会社東都人材プラットフォーム,05.会議,False,data/raw/share/share/共有ドライブ/プロジェクト/株式会社東都人材プラットフォーム/05.会議/会議録/会議録_2025-09-26.docx
プロジェクト/株式会社東都人材プラットフォーム/05.会議/報告資料/報告資料_2025-08-18.pdf,プロジェクト/株式会社東都人材プラットフォーム/05.会議/報告資料/報告資料_2025-08-18.pdf,報告資料_2025-08-18.pdf,報告資料_2025-08-18,.pdf,40721627,39767.21,5,プロジェクト,株式会社東都人材プラットフォーム,05.会議,False,data/raw/share/share/共有ドライブ/プロジェクト/株式会社東都人材プラットフォーム/05.会議/報告資料/報告資料_2025-08-18.pdf
プロジェクト/株式会社東都人材プラットフォーム/05.会議/報告資料/報告資料_2025-09-08.pdf,プロジェクト/株式会社東都人材プラットフォーム/05.会議/報告資料/報告資料_2025-09-08.pdf,報告資料_2025-09-08.pdf,報告資料_2025-09-08,.pdf,52355497,51128.42,5,プロジェクト,株式会社東都人材プラットフォーム,05.会議,False,data/raw/share/share/共有ドライブ/プロジェクト/株式会社東都人材プラットフォーム/05.会議/報告資料/報告資料_2025-09-08.pdf
プロジェクト/株式会社東都人材プラットフォーム/06.報告書/株式会社東都人材プラットフォーム_最終報告.pptx,プロジェクト/株式会社東都人材プラットフォーム/06.報告書/株式会社東都人材プラットフォーム_最終報告.pptx,株式会社東都人材プラットフォーム_最終報告.pptx,株式会社東都人材プラットフォーム_最終報告,.pptx,79270,77.41,4,プロジェクト,株式会社東都人材プラットフォーム,06.報告書,False,data/raw/share/share/共有ドライブ/プロジェクト/株式会社東都人材プラットフォーム/06.報告書/株式会社東都人材プラットフォーム_最終報告.pptx
プロジェクト/株式会社青嶺不動産アセットマネジメント/00.提案/old/提案書.pptx,プロジェクト/株式会社青嶺不動産アセットマネジメント/00.提案/old/提案書.pptx,提案書.pptx,提案書,.pptx,71042,69.38,5,プロジェクト,株式会社青嶺不動産アセットマネジメント,00.提案,False,data/raw/share/share/共有ドライブ/プロジェクト/株式会社青嶺不動産アセットマネジメント/00.提案/old/提案書.pptx
プロジェクト/株式会社青嶺不動産アセットマネジメント/00.提案/ニューヨーク不動産市場の最新動向調査.pdf,プロジェクト/株式会社青嶺不動産アセットマネジメント/00.提案/ニューヨーク不動産市場の最新動向調査.pdf,ニューヨーク不動産市場の最新動向調査.pdf,ニューヨーク不動産市場の最新動向調査,.pdf,370330,361.65,4,プロジェクト,株式会社青嶺不動産アセットマネジメント,00.提案,False,data/raw/share/share/共有ドライブ/プロジェクト/株式会社青嶺不動産アセットマネジメント/00.提案/ニューヨーク不動産市場の最新動向調査.pdf
プロジェクト/株式会社青嶺不動産アセットマネジメント/00.提案/提案書.pptx,プロジェクト/株式会社青嶺不動産アセットマネジメント/00.提案/提案書.pptx,提案書.pptx,提案書,.pptx,70765,69.11,4,プロジェクト,株式会社青嶺不動産アセットマネジメント,00.提案,False,data/raw/share/share/共有ドライブ/プロジェクト/株式会社青嶺不動産アセットマネジメント/00.提案/提案書.pptx
プロジェクト/株式会社青嶺不動産アセットマネジメント/01.契約/契約書.docx,プロジェクト/株式会社青嶺不動産アセットマネジメント/01.契約/契約書.docx,契約書.docx,契約書,.docx,18761,18.32,4,プロジェクト,株式会社青嶺不動産アセットマネジメント,01.契約,False,data/raw/share/share/共有ドライブ/プロジェクト/株式会社青嶺不動産アセットマネジメント/01.契約/契約書.docx
プロジェクト/株式会社青嶺不動産アセットマネジメント/02.計画/スケジュール_r1.xlsx,プロジェクト/株式会社青嶺不動産アセットマネジメント/02.計画/スケジュール_r1.xlsx,スケジュール_r1.xlsx,スケジュール_r1,.xlsx,15806,15.44,4,プロジェクト,株式会社青嶺不動産アセットマネジメント,02.計画,False,data/raw/share/share/共有ドライブ/プロジェクト/株式会社青嶺不動産アセットマネジメント/02.計画/スケジュール_r1.xlsx
プロジェクト/株式会社青嶺不動産アセットマネジメント/02.計画/スケジュール_r2.xlsx,プロジェクト/株式会社青嶺不動産アセットマネジメント/02.計画/スケジュール_r2.xlsx,スケジュール_r2.xlsx,スケジュール_r2,.xlsx,16084,15.71,4,プロジェクト,株式会社青嶺不動産アセットマネジメント,02.計画,False,data/raw/share/share/共有ドライブ/プロジェクト/株式会社青嶺不動産アセットマネジメント/02.計画/スケジュール_r2.xlsx
プロジェクト/株式会社青嶺不動産アセットマネジメント/03.データ/train.csv,プロジェクト/株式会社青嶺不動産アセットマネジメント/03.データ/train.csv,train.csv,train,.csv,3970168,3877.12,4,プロジェクト,株式会社青嶺不動産アセットマネジメント,03.データ,False,data/raw/share/share/共有ドライブ/プロジェクト/株式会社青嶺不動産アセットマネジメント/03.データ/train.csv
プロジェクト/株式会社青嶺不動産アセットマネジメント/03.データ/train.xlsx,プロジェクト/株式会社青嶺不動産アセットマネジメント/03.データ/train.xlsx,train.xlsx,train,.xlsx,8632006,8429.69,4,プロジェクト,株式会社青嶺不動産アセットマネジメント,03.データ,False,data/raw/share/share/共有ドライブ/プロジェクト/株式会社青嶺不動産アセットマネジメント/03.データ/train.xlsx
プロジェクト/株式会社青嶺不動産アセットマネジメント/03.データ/カラム説明.md,プロジェクト/株式会社青嶺不動産アセットマネジメント/03.データ/カラム説明.md,カラム説明.md,カラム説明,.md,455,0.44,4,プロジェクト,株式会社青嶺不動産アセットマネジメント,03.データ,False,data/raw/share/share/共有ドライブ/プロジェクト/株式会社青嶺不動産アセットマネジメント/03.データ/カラム説明.md
プロジェクト/株式会社青嶺不動産アセットマネジメント/04.分析/analysis_outputs/experiments/leaderboard.csv,プロジェクト/株式会社青嶺不動産アセットマネジメント/04.分析/analysis_outputs/experiments/leaderboard.csv,leaderboard.csv,leaderboard,.csv,3555,3.47,6,プロジェクト,株式会社青嶺不動産アセットマネジメント,04.分析,False,data/raw/share/share/共有ドライブ/プロジェクト/株式会社青嶺不動産アセットマネジメント/04.分析/analysis_outputs/experiments/leaderboard.csv
プロジェクト/株式会社青嶺不動産アセットマネジメント/04.分析/analysis_outputs/metrics.json,プロジェクト/株式会社青嶺不動産アセットマネジメント/04.分析/analysis_outputs/metrics.json,metrics.json,metrics,.json,3614,3.53,5,プロジェクト,株式会社青嶺不動産アセットマネジメント,04.分析,False,data/raw/share/share/共有ドライブ/プロジェクト/株式会社青嶺不動産アセットマネジメント/04.分析/analysis_outputs/metrics.json
プロジェクト/株式会社青嶺不動産アセットマネジメント/04.分析/analysis_outputs/run_summary.json,プロジェクト/株式会社青嶺不動産アセットマネジメント/04.分析/analysis_outputs/run_summary.json,run_summary.json,run_summary,.json,1827,1.78,5,プロジェクト,株式会社青嶺不動産アセットマネジメント,04.分析,False,data/raw/share/share/共有ドライブ/プロジェクト/株式会社青嶺不動産アセットマネジメント/04.分析/analysis_outputs/run_summary.json
プロジェクト/株式会社青嶺不動産アセットマネジメント/04.分析/analysis_project/README.md,プロジェクト/株式会社青嶺不動産アセットマネジメント/04.分析/analysis_project/README.md,README.md,README,.md,1695,1.66,5,プロジェクト,株式会社青嶺不動産アセットマネジメント,04.分析,False,data/raw/share/share/共有ドライブ/プロジェクト/株式会社青嶺不動産アセットマネジメント/04.分析/analysis_project/README.md
プロジェクト/株式会社青嶺不動産アセットマネジメント/04.分析/analysis_project/configs/project_config.json,プロジェクト/株式会社青嶺不動産アセットマネジメント/04.分析/analysis_project/configs/project_config.json,project_config.json,project_config,.json,2116,2.07,6,プロジェクト,株式会社青嶺不動産アセットマネジメント,04.分析,False,data/raw/share/share/共有ドライブ/プロジェクト/株式会社青嶺不動産アセットマネジメント/04.分析/analysis_project/configs/project_config.json
プロジェクト/株式会社青嶺不動産アセットマネジメント/04.分析/analysis_project/data/train.csv,プロジェクト/株式会社青嶺不動産アセットマネジメント/04.分析/analysis_project/data/train.csv,train.csv,train,.csv,3970168,3877.12,6,プロジェクト,株式会社青嶺不動産アセットマネジメント,04.分析,False,data/raw/share/share/共有ドライブ/プロジェクト/株式会社青嶺不動産アセットマネジメント/04.分析/analysis_project/data/train.csv
プロジェクト/株式会社青嶺不動産アセットマネジメント/04.分析/analysis_project/data/カラム説明.md,プロジェクト/株式会社青嶺不動産アセットマネジメント/04.分析/analysis_project/data/カラム説明.md,カラム説明.md,カラム説明,.md,455,0.44,6,プロジェクト,株式会社青嶺不動産アセットマネジメント,04.分析,False,data/raw/share/share/共有ドライブ/プロジェクト/株式会社青嶺不動産アセットマネジメント/04.分析/analysis_project/data/カラム説明.md
プロジェクト/株式会社青嶺不動産アセットマネジメント/04.分析/analysis_project/notebooks/01_eda.ipynb,プロジェクト/株式会社青嶺不動産アセットマネジメント/04.分析/analysis_project/notebooks/01_eda.ipynb,01_eda.ipynb,01_eda,.ipynb,449328,438.8,6,プロジェクト,株式会社青嶺不動産アセットマネジメント,04.分析,False,data/raw/share/share/共有ドライブ/プロジェクト/株式会社青嶺不動産アセットマネジメント/04.分析/analysis_project/notebooks/01_eda.ipynb
プロジェクト/株式会社青嶺不動産アセットマネジメント/04.分析/analysis_project/pyproject.toml,プロジェクト/株式会社青嶺不動産アセットマネジメント/04.分析/analysis_project/pyproject.toml,pyproject.toml,pyproject,.toml,357,0.35,5,プロジェクト,株式会社青嶺不動産アセットマネジメント,04.分析,False,data/raw/share/share/共有ドライブ/プロジェクト/株式会社青嶺不動産アセットマネジメント/04.分析/analysis_project/pyproject.toml
プロジェクト/株式会社青嶺不動産アセットマネジメント/04.分析/analysis_project/reports/figures/categorical_distribution_top3.png,プロジェクト/株式会社青嶺不動産アセットマネジメント/04.分析/analysis_project/reports/figures/categorical_distribution_top3.png,categorical_distribution_top3.png,categorical_distribution_top3,.png,13087,12.78,7,プロジェクト,株式会社青嶺不動産アセットマネジメント,04.分析,False,data/raw/share/share/共有ドライブ/プロジェクト/株式会社青嶺不動産アセットマネジメント/04.分析/analysis_project/reports/figures/categorical_distribution_top3.png
プロジェクト/株式会社青嶺不動産アセットマネジメント/04.分析/analysis_project/reports/figures/date_feature_trend.png,プロジェクト/株式会社青嶺不動産アセットマネジメント/04.分析/analysis_project/reports/figures/date_feature_trend.png,date_feature_trend.png,date_feature_trend,.png,21018,20.53,7,プロジェクト,株式会社青嶺不動産アセットマネジメント,04.分析,False,data/raw/share/share/共有ドライブ/プロジェクト/株式会社青嶺不動産アセットマネジメント/04.分析/analysis_project/reports/figures/date_feature_trend.png
プロジェクト/株式会社青嶺不動産アセットマネジメント/04.分析/analysis_project/reports/figures/feature_correlation_heatmap.png,プロジェクト/株式会社青嶺不動産アセットマネジメント/04.分析/analysis_project/reports/figures/feature_correlation_heatmap.png,feature_correlation_heatmap.png,feature_correlation_heatmap,.png,86338,84.31,7,プロジェクト,株式会社青嶺不動産アセットマネジメント,04.分析,False,data/raw/share/share/共有ドライブ/プロジェクト/株式会社青嶺不動産アセットマネジメント/04.分析/analysis_project/reports/figures/feature_correlation_heatmap.png
プロジェクト/株式会社青嶺不動産アセットマネジメント/04.分析/analysis_project/reports/figures/missing_rate_top20.png,プロジェクト/株式会社青嶺不動産アセットマネジメント/04.分析/analysis_project/reports/figures/missing_rate_top20.png,missing_rate_top20.png,missing_rate_top20,.png,30270,29.56,7,プロジェクト,株式会社青嶺不動産アセットマネジメント,04.分析,False,data/raw/share/share/共有ドライブ/プロジェクト/株式会社青嶺不動産アセットマネジメント/04.分析/analysis_project/reports/figures/missing_rate_top20.png
プロジェクト/株式会社青嶺不動産アセットマネジメント/04.分析/analysis_project/reports/figures/numeric_distribution_top6.png,プロジェクト/株式会社青嶺不動産アセットマネジメント/04.分析/analysis_project/reports/figures/numeric_distribution_top6.png,numeric_distribution_top6.png,numeric_distribution_top6,.png,259387,253.31,7,プロジェクト,株式会社青嶺不動産アセットマネジメント,04.分析,False,data/raw/share/share/共有ドライブ/プロジェクト/株式会社青嶺不動産アセットマネジメント/04.分析/analysis_project/reports/figures/numeric_distribution_top6.png
プロジェクト/株式会社青嶺不動産アセットマネジメント/04.分析/analysis_project/reports/figures/target_distribution.png,プロジェクト/株式会社青嶺不動産アセットマネジメント/04.分析/analysis_project/reports/figures/target_distribution.png,target_distribution.png,target_distribution,.png,84504,82.52,7,プロジェクト,株式会社青嶺不動産アセットマネジメント,04.分析,False,data/raw/share/share/共有ドライブ/プロジェクト/株式会社青嶺不動産アセットマネジメント/04.分析/analysis_project/reports/figures/target_distribution.png
プロジェクト/株式会社青嶺不動産アセットマネジメント/04.分析/analysis_project/requirements.txt,プロジェクト/株式会社青嶺不動産アセットマネジメント/04.分析/analysis_project/requirements.txt,requirements.txt,requirements,.txt,125,0.12,5,プロジェクト,株式会社青嶺不動産アセットマネジメント,04.分析,False,data/raw/share/share/共有ドライブ/プロジェクト/株式会社青嶺不動産アセットマネジメント/04.分析/analysis_project/requirements.txt
プロジェクト/株式会社青嶺不動産アセットマネジメント/04.分析/analysis_project/scripts/bootstrap_env.py,プロジェクト/株式会社青嶺不動産アセットマネジメント/04.分析/analysis_project/scripts/bootstrap_env.py,bootstrap_env.py,bootstrap_env,.py,2017,1.97,6,プロジェクト,株式会社青嶺不動産アセットマネジメント,04.分析,False,data/raw/share/share/共有ドライブ/プロジェクト/株式会社青嶺不動産アセットマネジメント/04.分析/analysis_project/scripts/bootstrap_env.py
プロジェクト/株式会社青嶺不動産アセットマネジメント/04.分析/analysis_project/scripts/run_train.py,プロジェクト/株式会社青嶺不動産アセットマネジメント/04.分析/analysis_project/scripts/run_train.py,run_train.py,run_train,.py,29966,29.26,6,プロジェクト,株式会社青嶺不動産アセットマネジメント,04.分析,False,data/raw/share/share/共有ドライブ/プロジェクト/株式会社青嶺不動産アセットマネジメント/04.分析/analysis_project/scripts/run_train.py
プロジェクト/株式会社青嶺不動産アセットマネジメント/04.分析/analysis_project/src/__init__.py,プロジェクト/株式会社青嶺不動産アセットマネジメント/04.分析/analysis_project/src/__init__.py,__init__.py,__init__,.py,0,0.0,6,プロジェクト,株式会社青嶺不動産アセットマネジメント,04.分析,False,data/raw/share/share/共有ドライブ/プロジェクト/株式会社青嶺不動産アセットマネジメント/04.分析/analysis_project/src/__init__.py
プロジェクト/株式会社青嶺不動産アセットマネジメント/04.分析/analysis_project/src/common.py,プロジェクト/株式会社青嶺不動産アセットマネジメント/04.分析/analysis_project/src/common.py,common.py,common,.py,3933,3.84,6,プロジェクト,株式会社青嶺不動産アセットマネジメント,04.分析,False,data/raw/share/share/共有ドライブ/プロジェクト/株式会社青嶺不動産アセットマネジメント/04.分析/analysis_project/src/common.py
プロジェクト/株式会社青嶺不動産アセットマネジメント/04.分析/analysis_project/src/eda.py,プロジェクト/株式会社青嶺不動産アセットマネジメント/04.分析/analysis_project/src/eda.py,eda.py,eda,.py,695,0.68,6,プロジェクト,株式会社青嶺不動産アセットマネジメント,04.分析,False,data/raw/share/share/共有ドライブ/プロジェクト/株式会社青嶺不動産アセットマネジメント/04.分析/analysis_project/src/eda.py
プロジェクト/株式会社青嶺不動産アセットマネジメント/04.分析/analysis_project/src/evaluate.py,プロジェクト/株式会社青嶺不動産アセットマネジメント/04.分析/analysis_project/src/evaluate.py,evaluate.py,evaluate,.py,5116,5.0,6,プロジェクト,株式会社青嶺不動産アセットマネジメント,04.分析,False,data/raw/share/share/共有ドライブ/プロジェクト/株式会社青嶺不動産アセットマネジメント/04.分析/analysis_project/src/evaluate.py
プロジェクト/株式会社青嶺不動産アセットマネジメント/04.分析/analysis_project/src/features.py,プロジェクト/株式会社青嶺不動産アセットマネジメント/04.分析/analysis_project/src/features.py,features.py,features,.py,13135,12.83,6,プロジェクト,株式会社青嶺不動産アセットマネジメント,04.分析,False,data/raw/share/share/共有ドライブ/プロジェクト/株式会社青嶺不動産アセットマネジメント/04.分析/analysis_project/src/features.py
プロジェクト/株式会社青嶺不動産アセットマネジメント/04.分析/analysis_project/src/infer.py,プロジェクト/株式会社青嶺不動産アセットマネジメント/04.分析/analysis_project/src/infer.py,infer.py,infer,.py,191,0.19,6,プロジェクト,株式会社青嶺不動産アセットマネジメント,04.分析,False,data/raw/share/share/共有ドライブ/プロジェクト/株式会社青嶺不動産アセットマネジメント/04.分析/analysis_project/src/infer.py
プロジェクト/株式会社青嶺不動産アセットマネジメント/04.分析/analysis_project/src/modeling.py,プロジェクト/株式会社青嶺不動産アセットマネジメント/04.分析/analysis_project/src/modeling.py,modeling.py,modeling,.py,5027,4.91,6,プロジェクト,株式会社青嶺不動産アセットマネジメント,04.分析,False,data/raw/share/share/共有ドライブ/プロジェクト/株式会社青嶺不動産アセットマネジメント/04.分析/analysis_project/src/modeling.py
プロジェクト/株式会社青嶺不動産アセットマネジメント/04.分析/analysis_project/src/preprocess.py,プロジェクト/株式会社青嶺不動産アセットマネジメント/04.分析/analysis_project/src/preprocess.py,preprocess.py,preprocess,.py,4002,3.91,6,プロジェクト,株式会社青嶺不動産アセットマネジメント,04.分析,False,data/raw/share/share/共有ドライブ/プロジェクト/株式会社青嶺不動産アセットマネジメント/04.分析/analysis_project/src/preprocess.py
プロジェクト/株式会社青嶺不動産アセットマネジメント/04.分析/analysis_project/uv.lock,プロジェクト/株式会社青嶺不動産アセットマネジメント/04.分析/analysis_project/uv.lock,uv.lock,uv,.lock,558826,545.73,5,プロジェクト,株式会社青嶺不動産アセットマネジメント,04.分析,False,data/raw/share/share/共有ドライブ/プロジェクト/株式会社青嶺不動産アセットマネジメント/04.分析/analysis_project/uv.lock
プロジェクト/株式会社青嶺不動産アセットマネジメント/05.会議/会議録/会議録_2025-08-06.docx,プロジェクト/株式会社青嶺不動産アセットマネジメント/05.会議/会議録/会議録_2025-08-06.docx,会議録_2025-08-06.docx,会議録_2025-08-06,.docx,21269,20.77,5,プロジェクト,株式会社青嶺不動産アセットマネジメント,05.会議,False,data/raw/share/share/共有ドライブ/プロジェクト/株式会社青嶺不動産アセットマネジメント/05.会議/会議録/会議録_2025-08-06.docx
プロジェクト/株式会社青嶺不動産アセットマネジメント/05.会議/会議録/会議録_2025-08-26.docx,プロジェクト/株式会社青嶺不動産アセットマネジメント/05.会議/会議録/会議録_2025-08-26.docx,会議録_2025-08-26.docx,会議録_2025-08-26,.docx,23613,23.06,5,プロジェクト,株式会社青嶺不動産アセットマネジメント,05.会議,False,data/raw/share/share/共有ドライブ/プロジェクト/株式会社青嶺不動産アセットマネジメント/05.会議/会議録/会議録_2025-08-26.docx
プロジェクト/株式会社青嶺不動産アセットマネジメント/05.会議/会議録/会議録_2025-09-16.docx,プロジェクト/株式会社青嶺不動産アセットマネジメント/05.会議/会議録/会議録_2025-09-16.docx,会議録_2025-09-16.docx,会議録_2025-09-16,.docx,18283,17.85,5,プロジェクト,株式会社青嶺不動産アセットマネジメント,05.会議,False,data/raw/share/share/共有ドライブ/プロジェクト/株式会社青嶺不動産アセットマネジメント/05.会議/会議録/会議録_2025-09-16.docx
プロジェクト/株式会社青嶺不動産アセットマネジメント/05.会議/報告資料/報告資料_2025-08-06.pdf,プロジェクト/株式会社青嶺不動産アセットマネジメント/05.会議/報告資料/報告資料_2025-08-06.pdf,報告資料_2025-08-06.pdf,報告資料_2025-08-06,.pdf,534387,521.86,5,プロジェクト,株式会社青嶺不動産アセットマネジメント,05.会議,False,data/raw/share/share/共有ドライブ/プロジェクト/株式会社青嶺不動産アセットマネジメント/05.会議/報告資料/報告資料_2025-08-06.pdf
プロジェクト/株式会社青嶺不動産アセットマネジメント/05.会議/報告資料/報告資料_2025-08-26.pdf,プロジェクト/株式会社青嶺不動産アセットマネジメント/05.会議/報告資料/報告資料_2025-08-26.pdf,報告資料_2025-08-26.pdf,報告資料_2025-08-26,.pdf,476953,465.77,5,プロジェクト,株式会社青嶺不動産アセットマネジメント,05.会議,False,data/raw/share/share/共有ドライブ/プロジェクト/株式会社青嶺不動産アセットマネジメント/05.会議/報告資料/報告資料_2025-08-26.pdf
プロジェクト/株式会社青嶺不動産アセットマネジメント/06.報告書/株式会社青嶺不動産アセットマネジメント_最終報告.pptx,プロジェクト/株式会社青嶺不動産アセットマネジメント/06.報告書/株式会社青嶺不動産アセットマネジメント_最終報告.pptx,株式会社青嶺不動産アセットマネジメント_最終報告.pptx,株式会社青嶺不動産アセットマネジメント_最終報告,.pptx,75393,73.63,4,プロジェクト,株式会社青嶺不動産アセットマネジメント,06.報告書,False,data/raw/share/share/共有ドライブ/プロジェクト/株式会社青嶺不動産アセットマネジメント/06.報告書/株式会社青嶺不動産アセットマネジメント_最終報告.pptx
プロジェクト/株式会社青潮モビリティサービス/00.提案/提案書.pptx,プロジェクト/株式会社青潮モビリティサービス/00.提案/提案書.pptx,提案書.pptx,提案書,.pptx,77299,75.49,4,プロジェクト,株式会社青潮モビリティサービス,00.提案,False,data/raw/share/share/共有ドライブ/プロジェクト/株式会社青潮モビリティサービス/00.提案/提案書.pptx
プロジェクト/株式会社青潮モビリティサービス/01.契約/契約書.docx,プロジェクト/株式会社青潮モビリティサービス/01.契約/契約書.docx,契約書.docx,契約書,.docx,18678,18.24,4,プロジェクト,株式会社青潮モビリティサービス,01.契約,False,data/raw/share/share/共有ドライブ/プロジェクト/株式会社青潮モビリティサービス/01.契約/契約書.docx
プロジェクト/株式会社青潮モビリティサービス/02.計画/スケジュール.xlsx,プロジェクト/株式会社青潮モビリティサービス/02.計画/スケジュール.xlsx,スケジュール.xlsx,スケジュール,.xlsx,19733,19.27,4,プロジェクト,株式会社青潮モビリティサービス,02.計画,False,data/raw/share/share/共有ドライブ/プロジェクト/株式会社青潮モビリティサービス/02.計画/スケジュール.xlsx
プロジェクト/株式会社青潮モビリティサービス/03.データ/train.tsv,プロジェクト/株式会社青潮モビリティサービス/03.データ/train.tsv,train.tsv,train,.tsv,508204,496.29,4,プロジェクト,株式会社青潮モビリティサービス,03.データ,False,data/raw/share/share/共有ドライブ/プロジェクト/株式会社青潮モビリティサービス/03.データ/train.tsv
プロジェクト/株式会社青潮モビリティサービス/03.データ/train.xlsx,プロジェクト/株式会社青潮モビリティサービス/03.データ/train.xlsx,train.xlsx,train,.xlsx,925766,904.07,4,プロジェクト,株式会社青潮モビリティサービス,03.データ,False,data/raw/share/share/共有ドライブ/プロジェクト/株式会社青潮モビリティサービス/03.データ/train.xlsx
プロジェクト/株式会社青潮モビリティサービス/03.データ/カラム説明.md,プロジェクト/株式会社青潮モビリティサービス/03.データ/カラム説明.md,カラム説明.md,カラム説明,.md,1347,1.32,4,プロジェクト,株式会社青潮モビリティサービス,03.データ,False,data/raw/share/share/共有ドライブ/プロジェクト/株式会社青潮モビリティサービス/03.データ/カラム説明.md
プロジェクト/株式会社青潮モビリティサービス/04.分析/analysis_outputs/experiments/leaderboard.csv,プロジェクト/株式会社青潮モビリティサービス/04.分析/analysis_outputs/experiments/leaderboard.csv,leaderboard.csv,leaderboard,.csv,3474,3.39,6,プロジェクト,株式会社青潮モビリティサービス,04.分析,False,data/raw/share/share/共有ドライブ/プロジェクト/株式会社青潮モビリティサービス/04.分析/analysis_outputs/experiments/leaderboard.csv
プロジェクト/株式会社青潮モビリティサービス/04.分析/analysis_outputs/metrics.json,プロジェクト/株式会社青潮モビリティサービス/04.分析/analysis_outputs/metrics.json,metrics.json,metrics,.json,2886,2.82,5,プロジェクト,株式会社青潮モビリティサービス,04.分析,False,data/raw/share/share/共有ドライブ/プロジェクト/株式会社青潮モビリティサービス/04.分析/analysis_outputs/metrics.json
プロジェクト/株式会社青潮モビリティサービス/04.分析/analysis_outputs/run_summary.json,プロジェクト/株式会社青潮モビリティサービス/04.分析/analysis_outputs/run_summary.json,run_summary.json,run_summary,.json,773,0.75,5,プロジェクト,株式会社青潮モビリティサービス,04.分析,False,data/raw/share/share/共有ドライブ/プロジェクト/株式会社青潮モビリティサービス/04.分析/analysis_outputs/run_summary.json
プロジェクト/株式会社青潮モビリティサービス/04.分析/analysis_project/README.md,プロジェクト/株式会社青潮モビリティサービス/04.分析/analysis_project/README.md,README.md,README,.md,1669,1.63,5,プロジェクト,株式会社青潮モビリティサービス,04.分析,False,data/raw/share/share/共有ドライブ/プロジェクト/株式会社青潮モビリティサービス/04.分析/analysis_project/README.md
プロジェクト/株式会社青潮モビリティサービス/04.分析/analysis_project/configs/project_config.json,プロジェクト/株式会社青潮モビリティサービス/04.分析/analysis_project/configs/project_config.json,project_config.json,project_config,.json,1379,1.35,6,プロジェクト,株式会社青潮モビリティサービス,04.分析,False,data/raw/share/share/共有ドライブ/プロジェクト/株式会社青潮モビリティサービス/04.分析/analysis_project/configs/project_config.json
プロジェクト/株式会社青潮モビリティサービス/04.分析/analysis_project/data/train.tsv,プロジェクト/株式会社青潮モビリティサービス/04.分析/analysis_project/data/train.tsv,train.tsv,train,.tsv,536706,524.13,6,プロジェクト,株式会社青潮モビリティサービス,04.分析,False,data/raw/share/share/共有ドライブ/プロジェクト/株式会社青潮モビリティサービス/04.分析/analysis_project/data/train.tsv
プロジェクト/株式会社青潮モビリティサービス/04.分析/analysis_project/data/カラム説明.md,プロジェクト/株式会社青潮モビリティサービス/04.分析/analysis_project/data/カラム説明.md,カラム説明.md,カラム説明,.md,1347,1.32,6,プロジェクト,株式会社青潮モビリティサービス,04.分析,False,data/raw/share/share/共有ドライブ/プロジェクト/株式会社青潮モビリティサービス/04.分析/analysis_project/data/カラム説明.md
プロジェクト/株式会社青潮モビリティサービス/04.分析/analysis_project/notebooks/01_eda.ipynb,プロジェクト/株式会社青潮モビリティサービス/04.分析/analysis_project/notebooks/01_eda.ipynb,01_eda.ipynb,01_eda,.ipynb,485457,474.08,6,プロジェクト,株式会社青潮モビリティサービス,04.分析,False,data/raw/share/share/共有ドライブ/プロジェクト/株式会社青潮モビリティサービス/04.分析/analysis_project/notebooks/01_eda.ipynb
プロジェクト/株式会社青潮モビリティサービス/04.分析/analysis_project/pyproject.toml,プロジェクト/株式会社青潮モビリティサービス/04.分析/analysis_project/pyproject.toml,pyproject.toml,pyproject,.toml,357,0.35,5,プロジェクト,株式会社青潮モビリティサービス,04.分析,False,data/raw/share/share/共有ドライブ/プロジェクト/株式会社青潮モビリティサービス/04.分析/analysis_project/pyproject.toml
プロジェクト/株式会社青潮モビリティサービス/04.分析/analysis_project/reports/figures/categorical_distribution_top3.png,プロジェクト/株式会社青潮モビリティサービス/04.分析/analysis_project/reports/figures/categorical_distribution_top3.png,categorical_distribution_top3.png,categorical_distribution_top3,.png,80774,78.88,7,プロジェクト,株式会社青潮モビリティサービス,04.分析,False,data/raw/share/share/共有ドライブ/プロジェクト/株式会社青潮モビリティサービス/04.分析/analysis_project/reports/figures/categorical_distribution_top3.png
プロジェクト/株式会社青潮モビリティサービス/04.分析/analysis_project/reports/figures/date_feature_trend.png,プロジェクト/株式会社青潮モビリティサービス/04.分析/analysis_project/reports/figures/date_feature_trend.png,date_feature_trend.png,date_feature_trend,.png,165946,162.06,7,プロジェクト,株式会社青潮モビリティサービス,04.分析,False,data/raw/share/share/共有ドライブ/プロジェクト/株式会社青潮モビリティサービス/04.分析/analysis_project/reports/figures/date_feature_trend.png
プロジェクト/株式会社青潮モビリティサービス/04.分析/analysis_project/reports/figures/feature_correlation_heatmap.png,プロジェクト/株式会社青潮モビリティサービス/04.分析/analysis_project/reports/figures/feature_correlation_heatmap.png,feature_correlation_heatmap.png,feature_correlation_heatmap,.png,65723,64.18,7,プロジェクト,株式会社青潮モビリティサービス,04.分析,False,data/raw/share/share/共有ドライブ/プロジェクト/株式会社青潮モビリティサービス/04.分析/analysis_project/reports/figures/feature_correlation_heatmap.png
プロジェクト/株式会社青潮モビリティサービス/04.分析/analysis_project/reports/figures/missing_rate_top20.png,プロジェクト/株式会社青潮モビリティサービス/04.分析/analysis_project/reports/figures/missing_rate_top20.png,missing_rate_top20.png,missing_rate_top20,.png,38631,37.73,7,プロジェクト,株式会社青潮モビリティサービス,04.分析,False,data/raw/share/share/共有ドライブ/プロジェクト/株式会社青潮モビリティサービス/04.分析/analysis_project/reports/figures/missing_rate_top20.png
プロジェクト/株式会社青潮モビリティサービス/04.分析/analysis_project/reports/figures/numeric_distribution_top6.png,プロジェクト/株式会社青潮モビリティサービス/04.分析/analysis_project/reports/figures/numeric_distribution_top6.png,numeric_distribution_top6.png,numeric_distribution_top6,.png,147806,144.34,7,プロジェクト,株式会社青潮モビリティサービス,04.分析,False,data/raw/share/share/共有ドライブ/プロジェクト/株式会社青潮モビリティサービス/04.分析/analysis_project/reports/figures/numeric_distribution_top6.png
プロジェクト/株式会社青潮モビリティサービス/04.分析/analysis_project/reports/figures/target_distribution.png,プロジェクト/株式会社青潮モビリティサービス/04.分析/analysis_project/reports/figures/target_distribution.png,target_distribution.png,target_distribution,.png,47282,46.17,7,プロジェクト,株式会社青潮モビリティサービス,04.分析,False,data/raw/share/share/共有ドライブ/プロジェクト/株式会社青潮モビリティサービス/04.分析/analysis_project/reports/figures/target_distribution.png
プロジェクト/株式会社青潮モビリティサービス/04.分析/analysis_project/requirements.txt,プロジェクト/株式会社青潮モビリティサービス/04.分析/analysis_project/requirements.txt,requirements.txt,requirements,.txt,125,0.12,5,プロジェクト,株式会社青潮モビリティサービス,04.分析,False,data/raw/share/share/共有ドライブ/プロジェクト/株式会社青潮モビリティサービス/04.分析/analysis_project/requirements.txt
プロジェクト/株式会社青潮モビリティサービス/04.分析/analysis_project/scripts/bootstrap_env.py,プロジェクト/株式会社青潮モビリティサービス/04.分析/analysis_project/scripts/bootstrap_env.py,bootstrap_env.py,bootstrap_env,.py,2017,1.97,6,プロジェクト,株式会社青潮モビリティサービス,04.分析,False,data/raw/share/share/共有ドライブ/プロジェクト/株式会社青潮モビリティサービス/04.分析/analysis_project/scripts/bootstrap_env.py
プロジェクト/株式会社青潮モビリティサービス/04.分析/analysis_project/scripts/run_train.py,プロジェクト/株式会社青潮モビリティサービス/04.分析/analysis_project/scripts/run_train.py,run_train.py,run_train,.py,15534,15.17,6,プロジェクト,株式会社青潮モビリティサービス,04.分析,False,data/raw/share/share/共有ドライブ/プロジェクト/株式会社青潮モビリティサービス/04.分析/analysis_project/scripts/run_train.py
プロジェクト/株式会社青潮モビリティサービス/04.分析/analysis_project/src/__init__.py,プロジェクト/株式会社青潮モビリティサービス/04.分析/analysis_project/src/__init__.py,__init__.py,__init__,.py,0,0.0,6,プロジェクト,株式会社青潮モビリティサービス,04.分析,False,data/raw/share/share/共有ドライブ/プロジェクト/株式会社青潮モビリティサービス/04.分析/analysis_project/src/__init__.py
プロジェクト/株式会社青潮モビリティサービス/04.分析/analysis_project/src/common.py,プロジェクト/株式会社青潮モビリティサービス/04.分析/analysis_project/src/common.py,common.py,common,.py,3933,3.84,6,プロジェクト,株式会社青潮モビリティサービス,04.分析,False,data/raw/share/share/共有ドライブ/プロジェクト/株式会社青潮モビリティサービス/04.分析/analysis_project/src/common.py
プロジェクト/株式会社青潮モビリティサービス/04.分析/analysis_project/src/eda.py,プロジェクト/株式会社青潮モビリティサービス/04.分析/analysis_project/src/eda.py,eda.py,eda,.py,695,0.68,6,プロジェクト,株式会社青潮モビリティサービス,04.分析,False,data/raw/share/share/共有ドライブ/プロジェクト/株式会社青潮モビリティサービス/04.分析/analysis_project/src/eda.py
プロジェクト/株式会社青潮モビリティサービス/04.分析/analysis_project/src/evaluate.py,プロジェクト/株式会社青潮モビリティサービス/04.分析/analysis_project/src/evaluate.py,evaluate.py,evaluate,.py,4006,3.91,6,プロジェクト,株式会社青潮モビリティサービス,04.分析,False,data/raw/share/share/共有ドライブ/プロジェクト/株式会社青潮モビリティサービス/04.分析/analysis_project/src/evaluate.py
プロジェクト/株式会社青潮モビリティサービス/04.分析/analysis_project/src/features.py,プロジェクト/株式会社青潮モビリティサービス/04.分析/analysis_project/src/features.py,features.py,features,.py,6439,6.29,6,プロジェクト,株式会社青潮モビリティサービス,04.分析,False,data/raw/share/share/共有ドライブ/プロジェクト/株式会社青潮モビリティサービス/04.分析/analysis_project/src/features.py
プロジェクト/株式会社青潮モビリティサービス/04.分析/analysis_project/src/infer.py,プロジェクト/株式会社青潮モビリティサービス/04.分析/analysis_project/src/infer.py,infer.py,infer,.py,191,0.19,6,プロジェクト,株式会社青潮モビリティサービス,04.分析,False,data/raw/share/share/共有ドライブ/プロジェクト/株式会社青潮モビリティサービス/04.分析/analysis_project/src/infer.py
プロジェクト/株式会社青潮モビリティサービス/04.分析/analysis_project/src/modeling.py,プロジェクト/株式会社青潮モビリティサービス/04.分析/analysis_project/src/modeling.py,modeling.py,modeling,.py,4673,4.56,6,プロジェクト,株式会社青潮モビリティサービス,04.分析,False,data/raw/share/share/共有ドライブ/プロジェクト/株式会社青潮モビリティサービス/04.分析/analysis_project/src/modeling.py
プロジェクト/株式会社青潮モビリティサービス/04.分析/analysis_project/src/preprocess.py,プロジェクト/株式会社青潮モビリティサービス/04.分析/analysis_project/src/preprocess.py,preprocess.py,preprocess,.py,4002,3.91,6,プロジェクト,株式会社青潮モビリティサービス,04.分析,False,data/raw/share/share/共有ドライブ/プロジェクト/株式会社青潮モビリティサービス/04.分析/analysis_project/src/preprocess.py
プロジェクト/株式会社青潮モビリティサービス/04.分析/analysis_project/uv.lock,プロジェクト/株式会社青潮モビリティサービス/04.分析/analysis_project/uv.lock,uv.lock,uv,.lock,558827,545.73,5,プロジェクト,株式会社青潮モビリティサービス,04.分析,False,data/raw/share/share/共有ドライブ/プロジェクト/株式会社青潮モビリティサービス/04.分析/analysis_project/uv.lock
プロジェクト/株式会社青潮モビリティサービス/05.会議/会議録/会議録_2025-07-23.docx,プロジェクト/株式会社青潮モビリティサービス/05.会議/会議録/会議録_2025-07-23.docx,会議録_2025-07-23.docx,会議録_2025-07-23,.docx,15284,14.93,5,プロジェクト,株式会社青潮モビリティサービス,05.会議,False,data/raw/share/share/共有ドライブ/プロジェクト/株式会社青潮モビリティサービス/05.会議/会議録/会議録_2025-07-23.docx
プロジェクト/株式会社青潮モビリティサービス/05.会議/会議録/会議録_2025-08-06.docx,プロジェクト/株式会社青潮モビリティサービス/05.会議/会議録/会議録_2025-08-06.docx,会議録_2025-08-06.docx,会議録_2025-08-06,.docx,15718,15.35,5,プロジェクト,株式会社青潮モビリティサービス,05.会議,False,data/raw/share/share/共有ドライブ/プロジェクト/株式会社青潮モビリティサービス/05.会議/会議録/会議録_2025-08-06.docx
プロジェクト/株式会社青潮モビリティサービス/05.会議/会議録/会議録_2025-08-26.docx,プロジェクト/株式会社青潮モビリティサービス/05.会議/会議録/会議録_2025-08-26.docx,会議録_2025-08-26.docx,会議録_2025-08-26,.docx,17386,16.98,5,プロジェクト,株式会社青潮モビリティサービス,05.会議,False,data/raw/share/share/共有ドライブ/プロジェクト/株式会社青潮モビリティサービス/05.会議/会議録/会議録_2025-08-26.docx
プロジェクト/株式会社青潮モビリティサービス/05.会議/報告資料/基礎分析.docx,プロジェクト/株式会社青潮モビリティサービス/05.会議/報告資料/基礎分析.docx,基礎分析.docx,基礎分析,.docx,22329,21.81,5,プロジェクト,株式会社青潮モビリティサービス,05.会議,False,data/raw/share/share/共有ドライブ/プロジェクト/株式会社青潮モビリティサービス/05.会議/報告資料/基礎分析.docx
プロジェクト/株式会社青潮モビリティサービス/05.会議/報告資料/基礎分析.pptx,プロジェクト/株式会社青潮モビリティサービス/05.会議/報告資料/基礎分析.pptx,基礎分析.pptx,基礎分析,.pptx,42697,41.7,5,プロジェクト,株式会社青潮モビリティサービス,05.会議,False,data/raw/share/share/共有ドライブ/プロジェクト/株式会社青潮モビリティサービス/05.会議/報告資料/基礎分析.pptx
プロジェクト/株式会社青潮モビリティサービス/05.会議/報告資料/報告資料_2025-07-23.docx,プロジェクト/株式会社青潮モビリティサービス/05.会議/報告資料/報告資料_2025-07-23.docx,報告資料_2025-07-23.docx,報告資料_2025-07-23,.docx,16285,15.9,5,プロジェクト,株式会社青潮モビリティサービス,05.会議,False,data/raw/share/share/共有ドライブ/プロジェクト/株式会社青潮モビリティサービス/05.会議/報告資料/報告資料_2025-07-23.docx
プロジェクト/株式会社青潮モビリティサービス/05.会議/報告資料/報告資料_2025-08-06.docx,プロジェクト/株式会社青潮モビリティサービス/05.会議/報告資料/報告資料_2025-08-06.docx,報告資料_2025-08-06.docx,報告資料_2025-08-06,.docx,23028,22.49,5,プロジェクト,株式会社青潮モビリティサービス,05.会議,False,data/raw/share/share/共有ドライブ/プロジェクト/株式会社青潮モビリティサービス/05.会議/報告資料/報告資料_2025-08-06.docx
プロジェクト/株式会社青潮モビリティサービス/06.報告書/株式会社青潮モビリティサービス_最終報告.pdf,プロジェクト/株式会社青潮モビリティサービス/06.報告書/株式会社青潮モビリティサービス_最終報告.pdf,株式会社青潮モビリティサービス_最終報告.pdf,株式会社青潮モビリティサービス_最終報告,.pdf,1760213,1718.96,4,プロジェクト,株式会社青潮モビリティサービス,06.報告書,False,data/raw/share/share/共有ドライブ/プロジェクト/株式会社青潮モビリティサービス/06.報告書/株式会社青潮モビリティサービス_最終報告.pdf
プロジェクト/株式会社青葉バイオメディカル機器/00.提案/提案書.pdf,プロジェクト/株式会社青葉バイオメディカル機器/00.提案/提案書.pdf,提案書.pdf,提案書,.pdf,2378051,2322.32,4,プロジェクト,株式会社青葉バイオメディカル機器,00.提案,False,data/raw/share/share/共有ドライブ/プロジェクト/株式会社青葉バイオメディカル機器/00.提案/提案書.pdf
プロジェクト/株式会社青葉バイオメディカル機器/01.契約/契約書.docx,プロジェクト/株式会社青葉バイオメディカル機器/01.契約/契約書.docx,契約書.docx,契約書,.docx,18000,17.58,4,プロジェクト,株式会社青葉バイオメディカル機器,01.契約,False,data/raw/share/share/共有ドライブ/プロジェクト/株式会社青葉バイオメディカル機器/01.契約/契約書.docx
プロジェクト/株式会社青葉バイオメディカル機器/01.契約/契約書_draft.docx,プロジェクト/株式会社青葉バイオメディカル機器/01.契約/契約書_draft.docx,契約書_draft.docx,契約書_draft,.docx,18000,17.58,4,プロジェクト,株式会社青葉バイオメディカル機器,01.契約,False,data/raw/share/share/共有ドライブ/プロジェクト/株式会社青葉バイオメディカル機器/01.契約/契約書_draft.docx
プロジェクト/株式会社青葉バイオメディカル機器/02.計画/スケジュール.xlsx,プロジェクト/株式会社青葉バイオメディカル機器/02.計画/スケジュール.xlsx,スケジュール.xlsx,スケジュール,.xlsx,20565,20.08,4,プロジェクト,株式会社青葉バイオメディカル機器,02.計画,False,data/raw/share/share/共有ドライブ/プロジェクト/株式会社青葉バイオメディカル機器/02.計画/スケジュール.xlsx
プロジェクト/株式会社青葉バイオメディカル機器/03.データ/train.csv,プロジェクト/株式会社青葉バイオメディカル機器/03.データ/train.csv,train.csv,train,.csv,113079,110.43,4,プロジェクト,株式会社青葉バイオメディカル機器,03.データ,False,data/raw/share/share/共有ドライブ/プロジェクト/株式会社青葉バイオメディカル機器/03.データ/train.csv
プロジェクト/株式会社青葉バイオメディカル機器/03.データ/train.xlsx,プロジェクト/株式会社青葉バイオメディカル機器/03.データ/train.xlsx,train.xlsx,train,.xlsx,170375,166.38,4,プロジェクト,株式会社青葉バイオメディカル機器,03.データ,False,data/raw/share/share/共有ドライブ/プロジェクト/株式会社青葉バイオメディカル機器/03.データ/train.xlsx
プロジェクト/株式会社青葉バイオメディカル機器/03.データ/カラム説明.md,プロジェクト/株式会社青葉バイオメディカル機器/03.データ/カラム説明.md,カラム説明.md,カラム説明,.md,2436,2.38,4,プロジェクト,株式会社青葉バイオメディカル機器,03.データ,False,data/raw/share/share/共有ドライブ/プロジェクト/株式会社青葉バイオメディカル機器/03.データ/カラム説明.md
プロジェクト/株式会社青葉バイオメディカル機器/04.分析/analysis_outputs/experiments/leaderboard.csv,プロジェクト/株式会社青葉バイオメディカル機器/04.分析/analysis_outputs/experiments/leaderboard.csv,leaderboard.csv,leaderboard,.csv,4500,4.39,6,プロジェクト,株式会社青葉バイオメディカル機器,04.分析,False,data/raw/share/share/共有ドライブ/プロジェクト/株式会社青葉バイオメディカル機器/04.分析/analysis_outputs/experiments/leaderboard.csv
プロジェクト/株式会社青葉バイオメディカル機器/04.分析/analysis_outputs/metrics.json,プロジェクト/株式会社青葉バイオメディカル機器/04.分析/analysis_outputs/metrics.json,metrics.json,metrics,.json,4385,4.28,5,プロジェクト,株式会社青葉バイオメディカル機器,04.分析,False,data/raw/share/share/共有ドライブ/プロジェクト/株式会社青葉バイオメディカル機器/04.分析/analysis_outputs/metrics.json
プロジェクト/株式会社青葉バイオメディカル機器/04.分析/analysis_outputs/run_summary.json,プロジェクト/株式会社青葉バイオメディカル機器/04.分析/analysis_outputs/run_summary.json,run_summary.json,run_summary,.json,1484,1.45,5,プロジェクト,株式会社青葉バイオメディカル機器,04.分析,False,data/raw/share/share/共有ドライブ/プロジェクト/株式会社青葉バイオメディカル機器/04.分析/analysis_outputs/run_summary.json
プロジェクト/株式会社青葉バイオメディカル機器/04.分析/analysis_project/README.md,プロジェクト/株式会社青葉バイオメディカル機器/04.分析/analysis_project/README.md,README.md,README,.md,1673,1.63,5,プロジェクト,株式会社青葉バイオメディカル機器,04.分析,False,data/raw/share/share/共有ドライブ/プロジェクト/株式会社青葉バイオメディカル機器/04.分析/analysis_project/README.md
プロジェクト/株式会社青葉バイオメディカル機器/04.分析/analysis_project/configs/project_config.json,プロジェクト/株式会社青葉バイオメディカル機器/04.分析/analysis_project/configs/project_config.json,project_config.json,project_config,.json,2247,2.19,6,プロジェクト,株式会社青葉バイオメディカル機器,04.分析,False,data/raw/share/share/共有ドライブ/プロジェクト/株式会社青葉バイオメディカル機器/04.分析/analysis_project/configs/project_config.json
プロジェクト/株式会社青葉バイオメディカル機器/04.分析/analysis_project/data/train.csv,プロジェクト/株式会社青葉バイオメディカル機器/04.分析/analysis_project/data/train.csv,train.csv,train,.csv,113079,110.43,6,プロジェクト,株式会社青葉バイオメディカル機器,04.分析,False,data/raw/share/share/共有ドライブ/プロジェクト/株式会社青葉バイオメディカル機器/04.分析/analysis_project/data/train.csv
プロジェクト/株式会社青葉バイオメディカル機器/04.分析/analysis_project/data/カラム説明.md,プロジェクト/株式会社青葉バイオメディカル機器/04.分析/analysis_project/data/カラム説明.md,カラム説明.md,カラム説明,.md,2436,2.38,6,プロジェクト,株式会社青葉バイオメディカル機器,04.分析,False,data/raw/share/share/共有ドライブ/プロジェクト/株式会社青葉バイオメディカル機器/04.分析/analysis_project/data/カラム説明.md
プロジェクト/株式会社青葉バイオメディカル機器/04.分析/analysis_project/notebooks/01_eda.ipynb,プロジェクト/株式会社青葉バイオメディカル機器/04.分析/analysis_project/notebooks/01_eda.ipynb,01_eda.ipynb,01_eda,.ipynb,2742,2.68,6,プロジェクト,株式会社青葉バイオメディカル機器,04.分析,False,data/raw/share/share/共有ドライブ/プロジェクト/株式会社青葉バイオメディカル機器/04.分析/analysis_project/notebooks/01_eda.ipynb
プロジェクト/株式会社青葉バイオメディカル機器/04.分析/analysis_project/pyproject.toml,プロジェクト/株式会社青葉バイオメディカル機器/04.分析/analysis_project/pyproject.toml,pyproject.toml,pyproject,.toml,357,0.35,5,プロジェクト,株式会社青葉バイオメディカル機器,04.分析,False,data/raw/share/share/共有ドライブ/プロジェクト/株式会社青葉バイオメディカル機器/04.分析/analysis_project/pyproject.toml
プロジェクト/株式会社青葉バイオメディカル機器/04.分析/analysis_project/requirements.txt,プロジェクト/株式会社青葉バイオメディカル機器/04.分析/analysis_project/requirements.txt,requirements.txt,requirements,.txt,125,0.12,5,プロジェクト,株式会社青葉バイオメディカル機器,04.分析,False,data/raw/share/share/共有ドライブ/プロジェクト/株式会社青葉バイオメディカル機器/04.分析/analysis_project/requirements.txt
プロジェクト/株式会社青葉バイオメディカル機器/04.分析/analysis_project/scripts/bootstrap_env.py,プロジェクト/株式会社青葉バイオメディカル機器/04.分析/analysis_project/scripts/bootstrap_env.py,bootstrap_env.py,bootstrap_env,.py,2017,1.97,6,プロジェクト,株式会社青葉バイオメディカル機器,04.分析,False,data/raw/share/share/共有ドライブ/プロジェクト/株式会社青葉バイオメディカル機器/04.分析/analysis_project/scripts/bootstrap_env.py
プロジェクト/株式会社青葉バイオメディカル機器/04.分析/analysis_project/scripts/run_train.py,プロジェクト/株式会社青葉バイオメディカル機器/04.分析/analysis_project/scripts/run_train.py,run_train.py,run_train,.py,30448,29.73,6,プロジェクト,株式会社青葉バイオメディカル機器,04.分析,False,data/raw/share/share/共有ドライブ/プロジェクト/株式会社青葉バイオメディカル機器/04.分析/analysis_project/scripts/run_train.py
プロジェクト/株式会社青葉バイオメディカル機器/04.分析/analysis_project/src/__init__.py,プロジェクト/株式会社青葉バイオメディカル機器/04.分析/analysis_project/src/__init__.py,__init__.py,__init__,.py,0,0.0,6,プロジェクト,株式会社青葉バイオメディカル機器,04.分析,False,data/raw/share/share/共有ドライブ/プロジェクト/株式会社青葉バイオメディカル機器/04.分析/analysis_project/src/__init__.py
プロジェクト/株式会社青葉バイオメディカル機器/04.分析/analysis_project/src/common.py,プロジェクト/株式会社青葉バイオメディカル機器/04.分析/analysis_project/src/common.py,common.py,common,.py,5168,5.05,6,プロジェクト,株式会社青葉バイオメディカル機器,04.分析,False,data/raw/share/share/共有ドライブ/プロジェクト/株式会社青葉バイオメディカル機器/04.分析/analysis_project/src/common.py
プロジェクト/株式会社青葉バイオメディカル機器/04.分析/analysis_project/src/eda.py,プロジェクト/株式会社青葉バイオメディカル機器/04.分析/analysis_project/src/eda.py,eda.py,eda,.py,695,0.68,6,プロジェクト,株式会社青葉バイオメディカル機器,04.分析,False,data/raw/share/share/共有ドライブ/プロジェクト/株式会社青葉バイオメディカル機器/04.分析/analysis_project/src/eda.py
プロジェクト/株式会社青葉バイオメディカル機器/04.分析/analysis_project/src/evaluate.py,プロジェクト/株式会社青葉バイオメディカル機器/04.分析/analysis_project/src/evaluate.py,evaluate.py,evaluate,.py,5216,5.09,6,プロジェクト,株式会社青葉バイオメディカル機器,04.分析,False,data/raw/share/share/共有ドライブ/プロジェクト/株式会社青葉バイオメディカル機器/04.分析/analysis_project/src/evaluate.py
プロジェクト/株式会社青葉バイオメディカル機器/04.分析/analysis_project/src/features.py,プロジェクト/株式会社青葉バイオメディカル機器/04.分析/analysis_project/src/features.py,features.py,features,.py,13359,13.05,6,プロジェクト,株式会社青葉バイオメディカル機器,04.分析,False,data/raw/share/share/共有ドライブ/プロジェクト/株式会社青葉バイオメディカル機器/04.分析/analysis_project/src/features.py
プロジェクト/株式会社青葉バイオメディカル機器/04.分析/analysis_project/src/infer.py,プロジェクト/株式会社青葉バイオメディカル機器/04.分析/analysis_project/src/infer.py,infer.py,infer,.py,191,0.19,6,プロジェクト,株式会社青葉バイオメディカル機器,04.分析,False,data/raw/share/share/共有ドライブ/プロジェクト/株式会社青葉バイオメディカル機器/04.分析/analysis_project/src/infer.py
プロジェクト/株式会社青葉バイオメディカル機器/04.分析/analysis_project/src/modeling.py,プロジェクト/株式会社青葉バイオメディカル機器/04.分析/analysis_project/src/modeling.py,modeling.py,modeling,.py,6041,5.9,6,プロジェクト,株式会社青葉バイオメディカル機器,04.分析,False,data/raw/share/share/共有ドライブ/プロジェクト/株式会社青葉バイオメディカル機器/04.分析/analysis_project/src/modeling.py
プロジェクト/株式会社青葉バイオメディカル機器/04.分析/analysis_project/src/preprocess.py,プロジェクト/株式会社青葉バイオメディカル機器/04.分析/analysis_project/src/preprocess.py,preprocess.py,preprocess,.py,4002,3.91,6,プロジェクト,株式会社青葉バイオメディカル機器,04.分析,False,data/raw/share/share/共有ドライブ/プロジェクト/株式会社青葉バイオメディカル機器/04.分析/analysis_project/src/preprocess.py
プロジェクト/株式会社青葉バイオメディカル機器/05.会議/会議録/会議録_2025-06-23.docx,プロジェクト/株式会社青葉バイオメディカル機器/05.会議/会議録/会議録_2025-06-23.docx,会議録_2025-06-23.docx,会議録_2025-06-23,.docx,15826,15.46,5,プロジェクト,株式会社青葉バイオメディカル機器,05.会議,False,data/raw/share/share/共有ドライブ/プロジェクト/株式会社青葉バイオメディカル機器/05.会議/会議録/会議録_2025-06-23.docx
プロジェクト/株式会社青葉バイオメディカル機器/05.会議/会議録/会議録_2025-07-11.docx,プロジェクト/株式会社青葉バイオメディカル機器/05.会議/会議録/会議録_2025-07-11.docx,会議録_2025-07-11.docx,会議録_2025-07-11,.docx,16331,15.95,5,プロジェクト,株式会社青葉バイオメディカル機器,05.会議,False,data/raw/share/share/共有ドライブ/プロジェクト/株式会社青葉バイオメディカル機器/05.会議/会議録/会議録_2025-07-11.docx
プロジェクト/株式会社青葉バイオメディカル機器/05.会議/会議録/会議録_2025-07-25.docx,プロジェクト/株式会社青葉バイオメディカル機器/05.会議/会議録/会議録_2025-07-25.docx,会議録_2025-07-25.docx,会議録_2025-07-25,.docx,17876,17.46,5,プロジェクト,株式会社青葉バイオメディカル機器,05.会議,False,data/raw/share/share/共有ドライブ/プロジェクト/株式会社青葉バイオメディカル機器/05.会議/会議録/会議録_2025-07-25.docx
プロジェクト/株式会社青葉バイオメディカル機器/05.会議/報告資料/報告資料_2025-06-23.docx,プロジェクト/株式会社青葉バイオメディカル機器/05.会議/報告資料/報告資料_2025-06-23.docx,報告資料_2025-06-23.docx,報告資料_2025-06-23,.docx,17764,17.35,5,プロジェクト,株式会社青葉バイオメディカル機器,05.会議,False,data/raw/share/share/共有ドライブ/プロジェクト/株式会社青葉バイオメディカル機器/05.会議/報告資料/報告資料_2025-06-23.docx
プロジェクト/株式会社青葉バイオメディカル機器/05.会議/報告資料/報告資料_2025-07-11.docx,プロジェクト/株式会社青葉バイオメディカル機器/05.会議/報告資料/報告資料_2025-07-11.docx,報告資料_2025-07-11.docx,報告資料_2025-07-11,.docx,19898,19.43,5,プロジェクト,株式会社青葉バイオメディカル機器,05.会議,False,data/raw/share/share/共有ドライブ/プロジェクト/株式会社青葉バイオメディカル機器/05.会議/報告資料/報告資料_2025-07-11.docx
プロジェクト/株式会社青葉バイオメディカル機器/06.報告書/株式会社青葉バイオメディカル機器_最終報告.pptx,プロジェクト/株式会社青葉バイオメディカル機器/06.報告書/株式会社青葉バイオメディカル機器_最終報告.pptx,株式会社青葉バイオメディカル機器_最終報告.pptx,株式会社青葉バイオメディカル機器_最終報告,.pptx,114667,111.98,4,プロジェクト,株式会社青葉バイオメディカル機器,06.報告書,False,data/raw/share/share/共有ドライブ/プロジェクト/株式会社青葉バイオメディカル機器/06.報告書/株式会社青葉バイオメディカル機器_最終報告.pptx
プロジェクト/白峰信用リスク評価株式会社/00.提案/提案書.pptx,プロジェクト/白峰信用リスク評価株式会社/00.提案/提案書.pptx,提案書.pptx,提案書,.pptx,83836,81.87,4,プロジェクト,白峰信用リスク評価株式会社,00.提案,False,data/raw/share/share/共有ドライブ/プロジェクト/白峰信用リスク評価株式会社/00.提案/提案書.pptx
プロジェクト/白峰信用リスク評価株式会社/00.提案/提案書old.pptx,プロジェクト/白峰信用リスク評価株式会社/00.提案/提案書old.pptx,提案書old.pptx,提案書old,.pptx,149008,145.52,4,プロジェクト,白峰信用リスク評価株式会社,00.提案,False,data/raw/share/share/共有ドライブ/プロジェクト/白峰信用リスク評価株式会社/00.提案/提案書old.pptx
プロジェクト/白峰信用リスク評価株式会社/01.契約/契約書.docx,プロジェクト/白峰信用リスク評価株式会社/01.契約/契約書.docx,契約書.docx,契約書,.docx,18690,18.25,4,プロジェクト,白峰信用リスク評価株式会社,01.契約,False,data/raw/share/share/共有ドライブ/プロジェクト/白峰信用リスク評価株式会社/01.契約/契約書.docx
プロジェクト/白峰信用リスク評価株式会社/02.計画/スケジュール.xlsx,プロジェクト/白峰信用リスク評価株式会社/02.計画/スケジュール.xlsx,スケジュール.xlsx,スケジュール,.xlsx,22651,22.12,4,プロジェクト,白峰信用リスク評価株式会社,02.計画,False,data/raw/share/share/共有ドライブ/プロジェクト/白峰信用リスク評価株式会社/02.計画/スケジュール.xlsx
プロジェクト/白峰信用リスク評価株式会社/03.データ/train.csv,プロジェクト/白峰信用リスク評価株式会社/03.データ/train.csv,train.csv,train,.csv,3718995,3631.83,4,プロジェクト,白峰信用リスク評価株式会社,03.データ,False,data/raw/share/share/共有ドライブ/プロジェクト/白峰信用リスク評価株式会社/03.データ/train.csv
プロジェクト/白峰信用リスク評価株式会社/03.データ/train.xlsx,プロジェクト/白峰信用リスク評価株式会社/03.データ/train.xlsx,train.xlsx,train,.xlsx,6895012,6733.41,4,プロジェクト,白峰信用リスク評価株式会社,03.データ,False,data/raw/share/share/共有ドライブ/プロジェクト/白峰信用リスク評価株式会社/03.データ/train.xlsx
プロジェクト/白峰信用リスク評価株式会社/03.データ/カラム説明.md,プロジェクト/白峰信用リスク評価株式会社/03.データ/カラム説明.md,カラム説明.md,カラム説明,.md,3733,3.65,4,プロジェクト,白峰信用リスク評価株式会社,03.データ,False,data/raw/share/share/共有ドライブ/プロジェクト/白峰信用リスク評価株式会社/03.データ/カラム説明.md
プロジェクト/白峰信用リスク評価株式会社/04.分析/analysis_outputs/experiments/leaderboard.csv,プロジェクト/白峰信用リスク評価株式会社/04.分析/analysis_outputs/experiments/leaderboard.csv,leaderboard.csv,leaderboard,.csv,1020,1.0,6,プロジェクト,白峰信用リスク評価株式会社,04.分析,False,data/raw/share/share/共有ドライブ/プロジェクト/白峰信用リスク評価株式会社/04.分析/analysis_outputs/experiments/leaderboard.csv
プロジェクト/白峰信用リスク評価株式会社/04.分析/analysis_outputs/metrics.json,プロジェクト/白峰信用リスク評価株式会社/04.分析/analysis_outputs/metrics.json,metrics.json,metrics,.json,1071,1.05,5,プロジェクト,白峰信用リスク評価株式会社,04.分析,False,data/raw/share/share/共有ドライブ/プロジェクト/白峰信用リスク評価株式会社/04.分析/analysis_outputs/metrics.json
プロジェクト/白峰信用リスク評価株式会社/04.分析/analysis_project/README.md,プロジェクト/白峰信用リスク評価株式会社/04.分析/analysis_project/README.md,README.md,README,.md,1463,1.43,5,プロジェクト,白峰信用リスク評価株式会社,04.分析,False,data/raw/share/share/共有ドライブ/プロジェクト/白峰信用リスク評価株式会社/04.分析/analysis_project/README.md
プロジェクト/白峰信用リスク評価株式会社/04.分析/analysis_project/configs/project_config.json,プロジェクト/白峰信用リスク評価株式会社/04.分析/analysis_project/configs/project_config.json,project_config.json,project_config,.json,378,0.37,6,プロジェクト,白峰信用リスク評価株式会社,04.分析,False,data/raw/share/share/共有ドライブ/プロジェクト/白峰信用リスク評価株式会社/04.分析/analysis_project/configs/project_config.json
プロジェクト/白峰信用リスク評価株式会社/04.分析/analysis_project/data/train.csv,プロジェクト/白峰信用リスク評価株式会社/04.分析/analysis_project/data/train.csv,train.csv,train,.csv,3718995,3631.83,6,プロジェクト,白峰信用リスク評価株式会社,04.分析,False,data/raw/share/share/共有ドライブ/プロジェクト/白峰信用リスク評価株式会社/04.分析/analysis_project/data/train.csv
プロジェクト/白峰信用リスク評価株式会社/04.分析/analysis_project/data/カラム説明.md,プロジェクト/白峰信用リスク評価株式会社/04.分析/analysis_project/data/カラム説明.md,カラム説明.md,カラム説明,.md,3733,3.65,6,プロジェクト,白峰信用リスク評価株式会社,04.分析,False,data/raw/share/share/共有ドライブ/プロジェクト/白峰信用リスク評価株式会社/04.分析/analysis_project/data/カラム説明.md
プロジェクト/白峰信用リスク評価株式会社/04.分析/analysis_project/notebooks/01_eda.ipynb,プロジェクト/白峰信用リスク評価株式会社/04.分析/analysis_project/notebooks/01_eda.ipynb,01_eda.ipynb,01_eda,.ipynb,5543913,5413.98,6,プロジェクト,白峰信用リスク評価株式会社,04.分析,False,data/raw/share/share/共有ドライブ/プロジェクト/白峰信用リスク評価株式会社/04.分析/analysis_project/notebooks/01_eda.ipynb
プロジェクト/白峰信用リスク評価株式会社/04.分析/analysis_project/notebooks/01_eda_old.ipynb,プロジェクト/白峰信用リスク評価株式会社/04.分析/analysis_project/notebooks/01_eda_old.ipynb,01_eda_old.ipynb,01_eda_old,.ipynb,6134637,5990.86,6,プロジェクト,白峰信用リスク評価株式会社,04.分析,False,data/raw/share/share/共有ドライブ/プロジェクト/白峰信用リスク評価株式会社/04.分析/analysis_project/notebooks/01_eda_old.ipynb
プロジェクト/白峰信用リスク評価株式会社/04.分析/analysis_project/pyproject.toml,プロジェクト/白峰信用リスク評価株式会社/04.分析/analysis_project/pyproject.toml,pyproject.toml,pyproject,.toml,357,0.35,5,プロジェクト,白峰信用リスク評価株式会社,04.分析,False,data/raw/share/share/共有ドライブ/プロジェクト/白峰信用リスク評価株式会社/04.分析/analysis_project/pyproject.toml
プロジェクト/白峰信用リスク評価株式会社/04.分析/analysis_project/reports/figures/categorical_distribution_top3.png,プロジェクト/白峰信用リスク評価株式会社/04.分析/analysis_project/reports/figures/categorical_distribution_top3.png,categorical_distribution_top3.png,categorical_distribution_top3,.png,54058,52.79,7,プロジェクト,白峰信用リスク評価株式会社,04.分析,False,data/raw/share/share/共有ドライブ/プロジェクト/白峰信用リスク評価株式会社/04.分析/analysis_project/reports/figures/categorical_distribution_top3.png
プロジェクト/白峰信用リスク評価株式会社/04.分析/analysis_project/reports/figures/date_feature_trend.png,プロジェクト/白峰信用リスク評価株式会社/04.分析/analysis_project/reports/figures/date_feature_trend.png,date_feature_trend.png,date_feature_trend,.png,29475,28.78,7,プロジェクト,白峰信用リスク評価株式会社,04.分析,False,data/raw/share/share/共有ドライブ/プロジェクト/白峰信用リスク評価株式会社/04.分析/analysis_project/reports/figures/date_feature_trend.png
プロジェクト/白峰信用リスク評価株式会社/04.分析/analysis_project/reports/figures/feature_correlation_heatmap.png,プロジェクト/白峰信用リスク評価株式会社/04.分析/analysis_project/reports/figures/feature_correlation_heatmap.png,feature_correlation_heatmap.png,feature_correlation_heatmap,.png,61620,60.18,7,プロジェクト,白峰信用リスク評価株式会社,04.分析,False,data/raw/share/share/共有ドライブ/プロジェクト/白峰信用リスク評価株式会社/04.分析/analysis_project/reports/figures/feature_correlation_heatmap.png
プロジェクト/白峰信用リスク評価株式会社/04.分析/analysis_project/reports/figures/missing_rate_top20.png,プロジェクト/白峰信用リスク評価株式会社/04.分析/analysis_project/reports/figures/missing_rate_top20.png,missing_rate_top20.png,missing_rate_top20,.png,69793,68.16,7,プロジェクト,白峰信用リスク評価株式会社,04.分析,False,data/raw/share/share/共有ドライブ/プロジェクト/白峰信用リスク評価株式会社/04.分析/analysis_project/reports/figures/missing_rate_top20.png
プロジェクト/白峰信用リスク評価株式会社/04.分析/analysis_project/reports/figures/numeric_distribution_top6.png,プロジェクト/白峰信用リスク評価株式会社/04.分析/analysis_project/reports/figures/numeric_distribution_top6.png,numeric_distribution_top6.png,numeric_distribution_top6,.png,206658,201.81,7,プロジェクト,白峰信用リスク評価株式会社,04.分析,False,data/raw/share/share/共有ドライブ/プロジェクト/白峰信用リスク評価株式会社/04.分析/analysis_project/reports/figures/numeric_distribution_top6.png
プロジェクト/白峰信用リスク評価株式会社/04.分析/analysis_project/reports/figures/target_distribution.png,プロジェクト/白峰信用リスク評価株式会社/04.分析/analysis_project/reports/figures/target_distribution.png,target_distribution.png,target_distribution,.png,27328,26.69,7,プロジェクト,白峰信用リスク評価株式会社,04.分析,False,data/raw/share/share/共有ドライブ/プロジェクト/白峰信用リスク評価株式会社/04.分析/analysis_project/reports/figures/target_distribution.png
プロジェクト/白峰信用リスク評価株式会社/04.分析/analysis_project/requirements.txt,プロジェクト/白峰信用リスク評価株式会社/04.分析/analysis_project/requirements.txt,requirements.txt,requirements,.txt,125,0.12,5,プロジェクト,白峰信用リスク評価株式会社,04.分析,False,data/raw/share/share/共有ドライブ/プロジェクト/白峰信用リスク評価株式会社/04.分析/analysis_project/requirements.txt
プロジェクト/白峰信用リスク評価株式会社/04.分析/analysis_project/scripts/bootstrap_env.py,プロジェクト/白峰信用リスク評価株式会社/04.分析/analysis_project/scripts/bootstrap_env.py,bootstrap_env.py,bootstrap_env,.py,2017,1.97,6,プロジェクト,白峰信用リスク評価株式会社,04.分析,False,data/raw/share/share/共有ドライブ/プロジェクト/白峰信用リスク評価株式会社/04.分析/analysis_project/scripts/bootstrap_env.py
プロジェクト/白峰信用リスク評価株式会社/04.分析/analysis_project/scripts/run_train.py,プロジェクト/白峰信用リスク評価株式会社/04.分析/analysis_project/scripts/run_train.py,run_train.py,run_train,.py,5180,5.06,6,プロジェクト,白峰信用リスク評価株式会社,04.分析,False,data/raw/share/share/共有ドライブ/プロジェクト/白峰信用リスク評価株式会社/04.分析/analysis_project/scripts/run_train.py
プロジェクト/白峰信用リスク評価株式会社/04.分析/analysis_project/src/__init__.py,プロジェクト/白峰信用リスク評価株式会社/04.分析/analysis_project/src/__init__.py,__init__.py,__init__,.py,0,0.0,6,プロジェクト,白峰信用リスク評価株式会社,04.分析,False,data/raw/share/share/共有ドライブ/プロジェクト/白峰信用リスク評価株式会社/04.分析/analysis_project/src/__init__.py
プロジェクト/白峰信用リスク評価株式会社/04.分析/analysis_project/src/common.py,プロジェクト/白峰信用リスク評価株式会社/04.分析/analysis_project/src/common.py,common.py,common,.py,3867,3.78,6,プロジェクト,白峰信用リスク評価株式会社,04.分析,False,data/raw/share/share/共有ドライブ/プロジェクト/白峰信用リスク評価株式会社/04.分析/analysis_project/src/common.py
プロジェクト/白峰信用リスク評価株式会社/04.分析/analysis_project/src/eda.py,プロジェクト/白峰信用リスク評価株式会社/04.分析/analysis_project/src/eda.py,eda.py,eda,.py,695,0.68,6,プロジェクト,白峰信用リスク評価株式会社,04.分析,False,data/raw/share/share/共有ドライブ/プロジェクト/白峰信用リスク評価株式会社/04.分析/analysis_project/src/eda.py
プロジェクト/白峰信用リスク評価株式会社/04.分析/analysis_project/src/evaluate.py,プロジェクト/白峰信用リスク評価株式会社/04.分析/analysis_project/src/evaluate.py,evaluate.py,evaluate,.py,3252,3.18,6,プロジェクト,白峰信用リスク評価株式会社,04.分析,False,data/raw/share/share/共有ドライブ/プロジェクト/白峰信用リスク評価株式会社/04.分析/analysis_project/src/evaluate.py
プロジェクト/白峰信用リスク評価株式会社/04.分析/analysis_project/src/features.py,プロジェクト/白峰信用リスク評価株式会社/04.分析/analysis_project/src/features.py,features.py,features,.py,2405,2.35,6,プロジェクト,白峰信用リスク評価株式会社,04.分析,False,data/raw/share/share/共有ドライブ/プロジェクト/白峰信用リスク評価株式会社/04.分析/analysis_project/src/features.py
プロジェクト/白峰信用リスク評価株式会社/04.分析/analysis_project/src/infer.py,プロジェクト/白峰信用リスク評価株式会社/04.分析/analysis_project/src/infer.py,infer.py,infer,.py,191,0.19,6,プロジェクト,白峰信用リスク評価株式会社,04.分析,False,data/raw/share/share/共有ドライブ/プロジェクト/白峰信用リスク評価株式会社/04.分析/analysis_project/src/infer.py
プロジェクト/白峰信用リスク評価株式会社/04.分析/analysis_project/src/modeling.py,プロジェクト/白峰信用リスク評価株式会社/04.分析/analysis_project/src/modeling.py,modeling.py,modeling,.py,3311,3.23,6,プロジェクト,白峰信用リスク評価株式会社,04.分析,False,data/raw/share/share/共有ドライブ/プロジェクト/白峰信用リスク評価株式会社/04.分析/analysis_project/src/modeling.py
プロジェクト/白峰信用リスク評価株式会社/04.分析/analysis_project/src/preprocess.py,プロジェクト/白峰信用リスク評価株式会社/04.分析/analysis_project/src/preprocess.py,preprocess.py,preprocess,.py,1060,1.04,6,プロジェクト,白峰信用リスク評価株式会社,04.分析,False,data/raw/share/share/共有ドライブ/プロジェクト/白峰信用リスク評価株式会社/04.分析/analysis_project/src/preprocess.py
プロジェクト/白峰信用リスク評価株式会社/04.分析/analysis_project/uv.lock,プロジェクト/白峰信用リスク評価株式会社/04.分析/analysis_project/uv.lock,uv.lock,uv,.lock,558828,545.73,5,プロジェクト,白峰信用リスク評価株式会社,04.分析,False,data/raw/share/share/共有ドライブ/プロジェクト/白峰信用リスク評価株式会社/04.分析/analysis_project/uv.lock
プロジェクト/白峰信用リスク評価株式会社/05.会議/会議録/会議録_2025-05-13.pdf,プロジェクト/白峰信用リスク評価株式会社/05.会議/会議録/会議録_2025-05-13.pdf,会議録_2025-05-13.pdf,会議録_2025-05-13,.pdf,901325,880.2,5,プロジェクト,白峰信用リスク評価株式会社,05.会議,False,data/raw/share/share/共有ドライブ/プロジェクト/白峰信用リスク評価株式会社/05.会議/会議録/会議録_2025-05-13.pdf
プロジェクト/白峰信用リスク評価株式会社/05.会議/会議録/会議録_2025-05-27.pdf,プロジェクト/白峰信用リスク評価株式会社/05.会議/会議録/会議録_2025-05-27.pdf,会議録_2025-05-27.pdf,会議録_2025-05-27,.pdf,1388469,1355.93,5,プロジェクト,白峰信用リスク評価株式会社,05.会議,False,data/raw/share/share/共有ドライブ/プロジェクト/白峰信用リスク評価株式会社/05.会議/会議録/会議録_2025-05-27.pdf
プロジェクト/白峰信用リスク評価株式会社/05.会議/会議録/会議録_2025-06-17.pdf,プロジェクト/白峰信用リスク評価株式会社/05.会議/会議録/会議録_2025-06-17.pdf,会議録_2025-06-17.pdf,会議録_2025-06-17,.pdf,1079999,1054.69,5,プロジェクト,白峰信用リスク評価株式会社,05.会議,False,data/raw/share/share/共有ドライブ/プロジェクト/白峰信用リスク評価株式会社/05.会議/会議録/会議録_2025-06-17.pdf
プロジェクト/白峰信用リスク評価株式会社/05.会議/会議録/会議録_2025-07-15.pdf,プロジェクト/白峰信用リスク評価株式会社/05.会議/会議録/会議録_2025-07-15.pdf,会議録_2025-07-15.pdf,会議録_2025-07-15,.pdf,1230131,1201.3,5,プロジェクト,白峰信用リスク評価株式会社,05.会議,False,data/raw/share/share/共有ドライブ/プロジェクト/白峰信用リスク評価株式会社/05.会議/会議録/会議録_2025-07-15.pdf
プロジェクト/白峰信用リスク評価株式会社/05.会議/報告資料/報告資料_2025-05-13.pdf,プロジェクト/白峰信用リスク評価株式会社/05.会議/報告資料/報告資料_2025-05-13.pdf,報告資料_2025-05-13.pdf,報告資料_2025-05-13,.pdf,1023153,999.17,5,プロジェクト,白峰信用リスク評価株式会社,05.会議,False,data/raw/share/share/共有ドライブ/プロジェクト/白峰信用リスク評価株式会社/05.会議/報告資料/報告資料_2025-05-13.pdf
プロジェクト/白峰信用リスク評価株式会社/05.会議/報告資料/報告資料_2025-05-27.pdf,プロジェクト/白峰信用リスク評価株式会社/05.会議/報告資料/報告資料_2025-05-27.pdf,報告資料_2025-05-27.pdf,報告資料_2025-05-27,.pdf,1078960,1053.67,5,プロジェクト,白峰信用リスク評価株式会社,05.会議,False,data/raw/share/share/共有ドライブ/プロジェクト/白峰信用リスク評価株式会社/05.会議/報告資料/報告資料_2025-05-27.pdf
プロジェクト/白峰信用リスク評価株式会社/05.会議/報告資料/報告資料_2025-06-17.pdf,プロジェクト/白峰信用リスク評価株式会社/05.会議/報告資料/報告資料_2025-06-17.pdf,報告資料_2025-06-17.pdf,報告資料_2025-06-17,.pdf,1181282,1153.6,5,プロジェクト,白峰信用リスク評価株式会社,05.会議,False,data/raw/share/share/共有ドライブ/プロジェクト/白峰信用リスク評価株式会社/05.会議/報告資料/報告資料_2025-06-17.pdf
プロジェクト/白峰信用リスク評価株式会社/06.報告書/白峰信用リスク評価株式会社_最終報告.pptx,プロジェクト/白峰信用リスク評価株式会社/06.報告書/白峰信用リスク評価株式会社_最終報告.pptx,白峰信用リスク評価株式会社_最終報告.pptx,白峰信用リスク評価株式会社_最終報告,.pptx,78629,76.79,4,プロジェクト,白峰信用リスク評価株式会社,06.報告書,False,data/raw/share/share/共有ドライブ/プロジェクト/白峰信用リスク評価株式会社/06.報告書/白峰信用リスク評価株式会社_最終報告.pptx
プロジェクト/青葉与信マネジメント株式会社/00.提案/提案書_v1.pptx,プロジェクト/青葉与信マネジメント株式会社/00.提案/提案書_v1.pptx,提案書_v1.pptx,提案書_v1,.pptx,88970,86.88,4,プロジェクト,青葉与信マネジメント株式会社,00.提案,False,data/raw/share/share/共有ドライブ/プロジェクト/青葉与信マネジメント株式会社/00.提案/提案書_v1.pptx
プロジェクト/青葉与信マネジメント株式会社/00.提案/提案書_v2.pptx,プロジェクト/青葉与信マネジメント株式会社/00.提案/提案書_v2.pptx,提案書_v2.pptx,提案書_v2,.pptx,83485,81.53,4,プロジェクト,青葉与信マネジメント株式会社,00.提案,False,data/raw/share/share/共有ドライブ/プロジェクト/青葉与信マネジメント株式会社/00.提案/提案書_v2.pptx
プロジェクト/青葉与信マネジメント株式会社/00.提案/提案書_v3.pptx,プロジェクト/青葉与信マネジメント株式会社/00.提案/提案書_v3.pptx,提案書_v3.pptx,提案書_v3,.pptx,82765,80.83,4,プロジェクト,青葉与信マネジメント株式会社,00.提案,False,data/raw/share/share/共有ドライブ/プロジェクト/青葉与信マネジメント株式会社/00.提案/提案書_v3.pptx
プロジェクト/青葉与信マネジメント株式会社/01.契約/契約書.docx,プロジェクト/青葉与信マネジメント株式会社/01.契約/契約書.docx,契約書.docx,契約書,.docx,22060,21.54,4,プロジェクト,青葉与信マネジメント株式会社,01.契約,False,data/raw/share/share/共有ドライブ/プロジェクト/青葉与信マネジメント株式会社/01.契約/契約書.docx
プロジェクト/青葉与信マネジメント株式会社/02.計画/スケジュール.xlsx,プロジェクト/青葉与信マネジメント株式会社/02.計画/スケジュール.xlsx,スケジュール.xlsx,スケジュール,.xlsx,21093,20.6,4,プロジェクト,青葉与信マネジメント株式会社,02.計画,False,data/raw/share/share/共有ドライブ/プロジェクト/青葉与信マネジメント株式会社/02.計画/スケジュール.xlsx
プロジェクト/青葉与信マネジメント株式会社/03.データ/train.csv,プロジェクト/青葉与信マネジメント株式会社/03.データ/train.csv,train.csv,train,.csv,1574827,1537.92,4,プロジェクト,青葉与信マネジメント株式会社,03.データ,False,data/raw/share/share/共有ドライブ/プロジェクト/青葉与信マネジメント株式会社/03.データ/train.csv
プロジェクト/青葉与信マネジメント株式会社/03.データ/train.xlsx,プロジェクト/青葉与信マネジメント株式会社/03.データ/train.xlsx,train.xlsx,train,.xlsx,3384776,3305.45,4,プロジェクト,青葉与信マネジメント株式会社,03.データ,False,data/raw/share/share/共有ドライブ/プロジェクト/青葉与信マネジメント株式会社/03.データ/train.xlsx
プロジェクト/青葉与信マネジメント株式会社/03.データ/カラム説明.md,プロジェクト/青葉与信マネジメント株式会社/03.データ/カラム説明.md,カラム説明.md,カラム説明,.md,2207,2.16,4,プロジェクト,青葉与信マネジメント株式会社,03.データ,False,data/raw/share/share/共有ドライブ/プロジェクト/青葉与信マネジメント株式会社/03.データ/カラム説明.md
プロジェクト/青葉与信マネジメント株式会社/04.分析/analysis_outputs/experiments/leaderboard.csv,プロジェクト/青葉与信マネジメント株式会社/04.分析/analysis_outputs/experiments/leaderboard.csv,leaderboard.csv,leaderboard,.csv,1062,1.04,6,プロジェクト,青葉与信マネジメント株式会社,04.分析,False,data/raw/share/share/共有ドライブ/プロジェクト/青葉与信マネジメント株式会社/04.分析/analysis_outputs/experiments/leaderboard.csv
プロジェクト/青葉与信マネジメント株式会社/04.分析/analysis_outputs/metrics.json,プロジェクト/青葉与信マネジメント株式会社/04.分析/analysis_outputs/metrics.json,metrics.json,metrics,.json,1021,1.0,5,プロジェクト,青葉与信マネジメント株式会社,04.分析,False,data/raw/share/share/共有ドライブ/プロジェクト/青葉与信マネジメント株式会社/04.分析/analysis_outputs/metrics.json
プロジェクト/青葉与信マネジメント株式会社/04.分析/analysis_project/README.md,プロジェクト/青葉与信マネジメント株式会社/04.分析/analysis_project/README.md,README.md,README,.md,1469,1.43,5,プロジェクト,青葉与信マネジメント株式会社,04.分析,False,data/raw/share/share/共有ドライブ/プロジェクト/青葉与信マネジメント株式会社/04.分析/analysis_project/README.md
プロジェクト/青葉与信マネジメント株式会社/04.分析/analysis_project/artifacts/analysis_outputs/metrics.json,プロジェクト/青葉与信マネジメント株式会社/04.分析/analysis_project/artifacts/analysis_outputs/metrics.json,metrics.json,metrics,.json,1031,1.01,7,プロジェクト,青葉与信マネジメント株式会社,04.分析,False,data/raw/share/share/共有ドライブ/プロジェクト/青葉与信マネジメント株式会社/04.分析/analysis_project/artifacts/analysis_outputs/metrics.json
プロジェクト/青葉与信マネジメント株式会社/04.分析/analysis_project/artifacts/analysis_outputs/run_summary.json,プロジェクト/青葉与信マネジメント株式会社/04.分析/analysis_project/artifacts/analysis_outputs/run_summary.json,run_summary.json,run_summary,.json,311,0.3,7,プロジェクト,青葉与信マネジメント株式会社,04.分析,False,data/raw/share/share/共有ドライブ/プロジェクト/青葉与信マネジメント株式会社/04.分析/analysis_project/artifacts/analysis_outputs/run_summary.json
プロジェクト/青葉与信マネジメント株式会社/04.分析/analysis_project/artifacts/analysis_outputs/train_preview.csv,プロジェクト/青葉与信マネジメント株式会社/04.分析/analysis_project/artifacts/analysis_outputs/train_preview.csv,train_preview.csv,train_preview,.csv,17660,17.25,7,プロジェクト,青葉与信マネジメント株式会社,04.分析,False,data/raw/share/share/共有ドライブ/プロジェクト/青葉与信マネジメント株式会社/04.分析/analysis_project/artifacts/analysis_outputs/train_preview.csv
プロジェクト/青葉与信マネジメント株式会社/04.分析/analysis_project/configs/project_config.json,プロジェクト/青葉与信マネジメント株式会社/04.分析/analysis_project/configs/project_config.json,project_config.json,project_config,.json,458,0.45,6,プロジェクト,青葉与信マネジメント株式会社,04.分析,False,data/raw/share/share/共有ドライブ/プロジェクト/青葉与信マネジメント株式会社/04.分析/analysis_project/configs/project_config.json
プロジェクト/青葉与信マネジメント株式会社/04.分析/analysis_project/data/train.csv,プロジェクト/青葉与信マネジメント株式会社/04.分析/analysis_project/data/train.csv,train.csv,train,.csv,1574827,1537.92,6,プロジェクト,青葉与信マネジメント株式会社,04.分析,False,data/raw/share/share/共有ドライブ/プロジェクト/青葉与信マネジメント株式会社/04.分析/analysis_project/data/train.csv
プロジェクト/青葉与信マネジメント株式会社/04.分析/analysis_project/data/カラム説明.md,プロジェクト/青葉与信マネジメント株式会社/04.分析/analysis_project/data/カラム説明.md,カラム説明.md,カラム説明,.md,2207,2.16,6,プロジェクト,青葉与信マネジメント株式会社,04.分析,False,data/raw/share/share/共有ドライブ/プロジェクト/青葉与信マネジメント株式会社/04.分析/analysis_project/data/カラム説明.md
プロジェクト/青葉与信マネジメント株式会社/04.分析/analysis_project/notebooks/01_eda.ipynb,プロジェクト/青葉与信マネジメント株式会社/04.分析/analysis_project/notebooks/01_eda.ipynb,01_eda.ipynb,01_eda,.ipynb,339513,331.56,6,プロジェクト,青葉与信マネジメント株式会社,04.分析,False,data/raw/share/share/共有ドライブ/プロジェクト/青葉与信マネジメント株式会社/04.分析/analysis_project/notebooks/01_eda.ipynb
プロジェクト/青葉与信マネジメント株式会社/04.分析/analysis_project/pyproject.toml,プロジェクト/青葉与信マネジメント株式会社/04.分析/analysis_project/pyproject.toml,pyproject.toml,pyproject,.toml,357,0.35,5,プロジェクト,青葉与信マネジメント株式会社,04.分析,False,data/raw/share/share/共有ドライブ/プロジェクト/青葉与信マネジメント株式会社/04.分析/analysis_project/pyproject.toml
プロジェクト/青葉与信マネジメント株式会社/04.分析/analysis_project/reports/figures/categorical_distribution_top3.png,プロジェクト/青葉与信マネジメント株式会社/04.分析/analysis_project/reports/figures/categorical_distribution_top3.png,categorical_distribution_top3.png,categorical_distribution_top3,.png,66425,64.87,7,プロジェクト,青葉与信マネジメント株式会社,04.分析,False,data/raw/share/share/共有ドライブ/プロジェクト/青葉与信マネジメント株式会社/04.分析/analysis_project/reports/figures/categorical_distribution_top3.png
プロジェクト/青葉与信マネジメント株式会社/04.分析/analysis_project/reports/figures/date_feature_trend.png,プロジェクト/青葉与信マネジメント株式会社/04.分析/analysis_project/reports/figures/date_feature_trend.png,date_feature_trend.png,date_feature_trend,.png,17706,17.29,7,プロジェクト,青葉与信マネジメント株式会社,04.分析,False,data/raw/share/share/共有ドライブ/プロジェクト/青葉与信マネジメント株式会社/04.分析/analysis_project/reports/figures/date_feature_trend.png
プロジェクト/青葉与信マネジメント株式会社/04.分析/analysis_project/reports/figures/feature_correlation_heatmap.png,プロジェクト/青葉与信マネジメント株式会社/04.分析/analysis_project/reports/figures/feature_correlation_heatmap.png,feature_correlation_heatmap.png,feature_correlation_heatmap,.png,55037,53.75,7,プロジェクト,青葉与信マネジメント株式会社,04.分析,False,data/raw/share/share/共有ドライブ/プロジェクト/青葉与信マネジメント株式会社/04.分析/analysis_project/reports/figures/feature_correlation_heatmap.png
プロジェクト/青葉与信マネジメント株式会社/04.分析/analysis_project/reports/figures/missing_rate_top20.png,プロジェクト/青葉与信マネジメント株式会社/04.分析/analysis_project/reports/figures/missing_rate_top20.png,missing_rate_top20.png,missing_rate_top20,.png,37864,36.98,7,プロジェクト,青葉与信マネジメント株式会社,04.分析,False,data/raw/share/share/共有ドライブ/プロジェクト/青葉与信マネジメント株式会社/04.分析/analysis_project/reports/figures/missing_rate_top20.png
プロジェクト/青葉与信マネジメント株式会社/04.分析/analysis_project/reports/figures/numeric_distribution_top6.png,プロジェクト/青葉与信マネジメント株式会社/04.分析/analysis_project/reports/figures/numeric_distribution_top6.png,numeric_distribution_top6.png,numeric_distribution_top6,.png,155173,151.54,7,プロジェクト,青葉与信マネジメント株式会社,04.分析,False,data/raw/share/share/共有ドライブ/プロジェクト/青葉与信マネジメント株式会社/04.分析/analysis_project/reports/figures/numeric_distribution_top6.png
プロジェクト/青葉与信マネジメント株式会社/04.分析/analysis_project/reports/figures/target_distribution.png,プロジェクト/青葉与信マネジメント株式会社/04.分析/analysis_project/reports/figures/target_distribution.png,target_distribution.png,target_distribution,.png,28220,27.56,7,プロジェクト,青葉与信マネジメント株式会社,04.分析,False,data/raw/share/share/共有ドライブ/プロジェクト/青葉与信マネジメント株式会社/04.分析/analysis_project/reports/figures/target_distribution.png
プロジェクト/青葉与信マネジメント株式会社/04.分析/analysis_project/requirements.txt,プロジェクト/青葉与信マネジメント株式会社/04.分析/analysis_project/requirements.txt,requirements.txt,requirements,.txt,125,0.12,5,プロジェクト,青葉与信マネジメント株式会社,04.分析,False,data/raw/share/share/共有ドライブ/プロジェクト/青葉与信マネジメント株式会社/04.分析/analysis_project/requirements.txt
プロジェクト/青葉与信マネジメント株式会社/04.分析/analysis_project/scripts/bootstrap_env.py,プロジェクト/青葉与信マネジメント株式会社/04.分析/analysis_project/scripts/bootstrap_env.py,bootstrap_env.py,bootstrap_env,.py,2017,1.97,6,プロジェクト,青葉与信マネジメント株式会社,04.分析,False,data/raw/share/share/共有ドライブ/プロジェクト/青葉与信マネジメント株式会社/04.分析/analysis_project/scripts/bootstrap_env.py
プロジェクト/青葉与信マネジメント株式会社/04.分析/analysis_project/scripts/run_train.py,プロジェクト/青葉与信マネジメント株式会社/04.分析/analysis_project/scripts/run_train.py,run_train.py,run_train,.py,5180,5.06,6,プロジェクト,青葉与信マネジメント株式会社,04.分析,False,data/raw/share/share/共有ドライブ/プロジェクト/青葉与信マネジメント株式会社/04.分析/analysis_project/scripts/run_train.py
プロジェクト/青葉与信マネジメント株式会社/04.分析/analysis_project/src/__init__.py,プロジェクト/青葉与信マネジメント株式会社/04.分析/analysis_project/src/__init__.py,__init__.py,__init__,.py,0,0.0,6,プロジェクト,青葉与信マネジメント株式会社,04.分析,False,data/raw/share/share/共有ドライブ/プロジェクト/青葉与信マネジメント株式会社/04.分析/analysis_project/src/__init__.py
プロジェクト/青葉与信マネジメント株式会社/04.分析/analysis_project/src/common.py,プロジェクト/青葉与信マネジメント株式会社/04.分析/analysis_project/src/common.py,common.py,common,.py,3867,3.78,6,プロジェクト,青葉与信マネジメント株式会社,04.分析,False,data/raw/share/share/共有ドライブ/プロジェクト/青葉与信マネジメント株式会社/04.分析/analysis_project/src/common.py
プロジェクト/青葉与信マネジメント株式会社/04.分析/analysis_project/src/eda.py,プロジェクト/青葉与信マネジメント株式会社/04.分析/analysis_project/src/eda.py,eda.py,eda,.py,695,0.68,6,プロジェクト,青葉与信マネジメント株式会社,04.分析,False,data/raw/share/share/共有ドライブ/プロジェクト/青葉与信マネジメント株式会社/04.分析/analysis_project/src/eda.py
プロジェクト/青葉与信マネジメント株式会社/04.分析/analysis_project/src/evaluate.py,プロジェクト/青葉与信マネジメント株式会社/04.分析/analysis_project/src/evaluate.py,evaluate.py,evaluate,.py,3252,3.18,6,プロジェクト,青葉与信マネジメント株式会社,04.分析,False,data/raw/share/share/共有ドライブ/プロジェクト/青葉与信マネジメント株式会社/04.分析/analysis_project/src/evaluate.py
プロジェクト/青葉与信マネジメント株式会社/04.分析/analysis_project/src/features.py,プロジェクト/青葉与信マネジメント株式会社/04.分析/analysis_project/src/features.py,features.py,features,.py,2405,2.35,6,プロジェクト,青葉与信マネジメント株式会社,04.分析,False,data/raw/share/share/共有ドライブ/プロジェクト/青葉与信マネジメント株式会社/04.分析/analysis_project/src/features.py
プロジェクト/青葉与信マネジメント株式会社/04.分析/analysis_project/src/infer.py,プロジェクト/青葉与信マネジメント株式会社/04.分析/analysis_project/src/infer.py,infer.py,infer,.py,191,0.19,6,プロジェクト,青葉与信マネジメント株式会社,04.分析,False,data/raw/share/share/共有ドライブ/プロジェクト/青葉与信マネジメント株式会社/04.分析/analysis_project/src/infer.py
プロジェクト/青葉与信マネジメント株式会社/04.分析/analysis_project/src/modeling.py,プロジェクト/青葉与信マネジメント株式会社/04.分析/analysis_project/src/modeling.py,modeling.py,modeling,.py,3311,3.23,6,プロジェクト,青葉与信マネジメント株式会社,04.分析,False,data/raw/share/share/共有ドライブ/プロジェクト/青葉与信マネジメント株式会社/04.分析/analysis_project/src/modeling.py
プロジェクト/青葉与信マネジメント株式会社/04.分析/analysis_project/src/preprocess.py,プロジェクト/青葉与信マネジメント株式会社/04.分析/analysis_project/src/preprocess.py,preprocess.py,preprocess,.py,1060,1.04,6,プロジェクト,青葉与信マネジメント株式会社,04.分析,False,data/raw/share/share/共有ドライブ/プロジェクト/青葉与信マネジメント株式会社/04.分析/analysis_project/src/preprocess.py
プロジェクト/青葉与信マネジメント株式会社/04.分析/analysis_project/uv.lock,プロジェクト/青葉与信マネジメント株式会社/04.分析/analysis_project/uv.lock,uv.lock,uv,.lock,558828,545.73,5,プロジェクト,青葉与信マネジメント株式会社,04.分析,False,data/raw/share/share/共有ドライブ/プロジェクト/青葉与信マネジメント株式会社/04.分析/analysis_project/uv.lock
プロジェクト/青葉与信マネジメント株式会社/05.会議/会議録/会議録_2025-04-09.pdf,プロジェクト/青葉与信マネジメント株式会社/05.会議/会議録/会議録_2025-04-09.pdf,会議録_2025-04-09.pdf,会議録_2025-04-09,.pdf,702197,685.74,5,プロジェクト,青葉与信マネジメント株式会社,05.会議,False,data/raw/share/share/共有ドライブ/プロジェクト/青葉与信マネジメント株式会社/05.会議/会議録/会議録_2025-04-09.pdf
プロジェクト/青葉与信マネジメント株式会社/05.会議/会議録/会議録_2025-04-29.pdf,プロジェクト/青葉与信マネジメント株式会社/05.会議/会議録/会議録_2025-04-29.pdf,会議録_2025-04-29.pdf,会議録_2025-04-29,.pdf,774708,756.55,5,プロジェクト,青葉与信マネジメント株式会社,05.会議,False,data/raw/share/share/共有ドライブ/プロジェクト/青葉与信マネジメント株式会社/05.会議/会議録/会議録_2025-04-29.pdf
プロジェクト/青葉与信マネジメント株式会社/05.会議/会議録/会議録_2025-05-27.pdf,プロジェクト/青葉与信マネジメント株式会社/05.会議/会議録/会議録_2025-05-27.pdf,会議録_2025-05-27.pdf,会議録_2025-05-27,.pdf,750025,732.45,5,プロジェクト,青葉与信マネジメント株式会社,05.会議,False,data/raw/share/share/共有ドライブ/プロジェクト/青葉与信マネジメント株式会社/05.会議/会議録/会議録_2025-05-27.pdf
プロジェクト/青葉与信マネジメント株式会社/05.会議/報告資料/報告資料_2025-04-09.docx,プロジェクト/青葉与信マネジメント株式会社/05.会議/報告資料/報告資料_2025-04-09.docx,報告資料_2025-04-09.docx,報告資料_2025-04-09,.docx,20766,20.28,5,プロジェクト,青葉与信マネジメント株式会社,05.会議,False,data/raw/share/share/共有ドライブ/プロジェクト/青葉与信マネジメント株式会社/05.会議/報告資料/報告資料_2025-04-09.docx
プロジェクト/青葉与信マネジメント株式会社/05.会議/報告資料/報告資料_2025-04-29.docx,プロジェクト/青葉与信マネジメント株式会社/05.会議/報告資料/報告資料_2025-04-29.docx,報告資料_2025-04-29.docx,報告資料_2025-04-29,.docx,24597,24.02,5,プロジェクト,青葉与信マネジメント株式会社,05.会議,False,data/raw/share/share/共有ドライブ/プロジェクト/青葉与信マネジメント株式会社/05.会議/報告資料/報告資料_2025-04-29.docx
プロジェクト/青葉与信マネジメント株式会社/06.報告書/old/青葉与信マネジメント株式会社_最終報告.pptx,プロジェクト/青葉与信マネジメント株式会社/06.報告書/old/青葉与信マネジメント株式会社_最終報告.pptx,青葉与信マネジメント株式会社_最終報告.pptx,青葉与信マネジメント株式会社_最終報告,.pptx,85269,83.27,5,プロジェクト,青葉与信マネジメント株式会社,06.報告書,False,data/raw/share/share/共有ドライブ/プロジェクト/青葉与信マネジメント株式会社/06.報告書/old/青葉与信マネジメント株式会社_最終報告.pptx
プロジェクト/青葉与信マネジメント株式会社/06.報告書/青葉与信マネジメント株式会社_最終報告.pptx,プロジェクト/青葉与信マネジメント株式会社/06.報告書/青葉与信マネジメント株式会社_最終報告.pptx,青葉与信マネジメント株式会社_最終報告.pptx,青葉与信マネジメント株式会社_最終報告,.pptx,84474,82.49,4,プロジェクト,青葉与信マネジメント株式会社,06.報告書,False,data/raw/share/share/共有ドライブ/プロジェクト/青葉与信マネジメント株式会社/06.報告書/青葉与信マネジメント株式会社_最終報告.pptx
社内管理/データアステル社内管理_決裁基準.md,社内管理/データアステル社内管理_決裁基準.md,データアステル社内管理_決裁基準.md,データアステル社内管理_決裁基準,.md,2090,2.04,2,社内管理,,データアステル社内管理_決裁基準.md,False,data/raw/share/share/共有ドライブ/社内管理/データアステル社内管理_決裁基準.md
社内管理/データアステル社内規定_パスワード導出規則.docx,社内管理/データアステル社内規定_パスワード導出規則.docx,データアステル社内規定_パスワード導出規則.docx,データアステル社内規定_パスワード導出規則,.docx,15492,15.13,2,社内管理,,データアステル社内規定_パスワード導出規則.docx,False,data/raw/share/share/共有ドライブ/社内管理/データアステル社内規定_パスワード導出規則.docx
社内管理/座席表.pptx,社内管理/座席表.pptx,座席表.pptx,座席表,.pptx,1729216,1688.69,2,社内管理,,座席表.pptx,False,data/raw/share/share/共有ドライブ/社内管理/座席表.pptx
社内管理/社内用語集.docx,社内管理/社内用語集.docx,社内用語集.docx,社内用語集,.docx,36649,35.79,2,社内管理,,社内用語集.docx,False,data/raw/share/share/共有ドライブ/社内管理/社内用語集.docx
