2026-07-03 15:56:57,251 [INFO] Start EDA001
2026-07-03 15:56:59,049 [INFO] Extracted /mnt/data/SIGNATE_Agentic_RAG/data/raw/share.zip -> /mnt/data/SIGNATE_Agentic_RAG/data/interim/share
2026-07-03 15:56:59,050 [INFO] Extracted /mnt/data/SIGNATE_Agentic_RAG/data/raw/sample_submit.zip -> /mnt/data/SIGNATE_Agentic_RAG/data/interim/sample_submit
2026-07-03 15:56:59,052 [INFO] Extracted /mnt/data/SIGNATE_Agentic_RAG/data/raw/evaluation.zip -> /mnt/data/SIGNATE_Agentic_RAG/data/interim/evaluation
2026-07-03 15:56:59,296 [WARNING] /mnt/data/SIGNATE_Agentic_RAG/EDA/EDA001/eda001.py:294: UserWarning: Glyph 25313 (\N{CJK UNIFIED IDEOGRAPH-62E1}) missing from font(s) DejaVu Sans.
  plt.tight_layout()

2026-07-03 15:56:59,296 [WARNING] /mnt/data/SIGNATE_Agentic_RAG/EDA/EDA001/eda001.py:294: UserWarning: Glyph 24373 (\N{CJK UNIFIED IDEOGRAPH-5F35}) missing from font(s) DejaVu Sans.
  plt.tight_layout()

2026-07-03 15:56:59,297 [WARNING] /mnt/data/SIGNATE_Agentic_RAG/EDA/EDA001/eda001.py:294: UserWarning: Glyph 23376 (\N{CJK UNIFIED IDEOGRAPH-5B50}) missing from font(s) DejaVu Sans.
  plt.tight_layout()

2026-07-03 15:56:59,297 [WARNING] /mnt/data/SIGNATE_Agentic_RAG/EDA/EDA001/eda001.py:294: UserWarning: Glyph 21029 (\N{CJK UNIFIED IDEOGRAPH-5225}) missing from font(s) DejaVu Sans.
  plt.tight_layout()

2026-07-03 15:56:59,297 [WARNING] /mnt/data/SIGNATE_Agentic_RAG/EDA/EDA001/eda001.py:294: UserWarning: Glyph 12501 (\N{KATAKANA LETTER HU}) missing from font(s) DejaVu Sans.
  plt.tight_layout()

2026-07-03 15:56:59,297 [WARNING] /mnt/data/SIGNATE_Agentic_RAG/EDA/EDA001/eda001.py:294: UserWarning: Glyph 12449 (\N{KATAKANA LETTER SMALL A}) missing from font(s) DejaVu Sans.
  plt.tight_layout()

2026-07-03 15:56:59,297 [WARNING] /mnt/data/SIGNATE_Agentic_RAG/EDA/EDA001/eda001.py:294: UserWarning: Glyph 12452 (\N{KATAKANA LETTER I}) missing from font(s) DejaVu Sans.
  plt.tight_layout()

2026-07-03 15:56:59,298 [WARNING] /mnt/data/SIGNATE_Agentic_RAG/EDA/EDA001/eda001.py:294: UserWarning: Glyph 12523 (\N{KATAKANA LETTER RU}) missing from font(s) DejaVu Sans.
  plt.tight_layout()

2026-07-03 15:56:59,298 [WARNING] /mnt/data/SIGNATE_Agentic_RAG/EDA/EDA001/eda001.py:294: UserWarning: Glyph 25968 (\N{CJK UNIFIED IDEOGRAPH-6570}) missing from font(s) DejaVu Sans.
  plt.tight_layout()

2026-07-03 15:56:59,312 [WARNING] /mnt/data/SIGNATE_Agentic_RAG/EDA/EDA001/eda001.py:295: UserWarning: Glyph 25313 (\N{CJK UNIFIED IDEOGRAPH-62E1}) missing from font(s) DejaVu Sans.
  plt.savefig(out_path, dpi=150)

2026-07-03 15:56:59,312 [WARNING] /mnt/data/SIGNATE_Agentic_RAG/EDA/EDA001/eda001.py:295: UserWarning: Glyph 24373 (\N{CJK UNIFIED IDEOGRAPH-5F35}) missing from font(s) DejaVu Sans.
  plt.savefig(out_path, dpi=150)

2026-07-03 15:56:59,313 [WARNING] /mnt/data/SIGNATE_Agentic_RAG/EDA/EDA001/eda001.py:295: UserWarning: Glyph 23376 (\N{CJK UNIFIED IDEOGRAPH-5B50}) missing from font(s) DejaVu Sans.
  plt.savefig(out_path, dpi=150)

2026-07-03 15:56:59,313 [WARNING] /mnt/data/SIGNATE_Agentic_RAG/EDA/EDA001/eda001.py:295: UserWarning: Glyph 21029 (\N{CJK UNIFIED IDEOGRAPH-5225}) missing from font(s) DejaVu Sans.
  plt.savefig(out_path, dpi=150)

2026-07-03 15:56:59,313 [WARNING] /mnt/data/SIGNATE_Agentic_RAG/EDA/EDA001/eda001.py:295: UserWarning: Glyph 12501 (\N{KATAKANA LETTER HU}) missing from font(s) DejaVu Sans.
  plt.savefig(out_path, dpi=150)

2026-07-03 15:56:59,313 [WARNING] /mnt/data/SIGNATE_Agentic_RAG/EDA/EDA001/eda001.py:295: UserWarning: Glyph 12449 (\N{KATAKANA LETTER SMALL A}) missing from font(s) DejaVu Sans.
  plt.savefig(out_path, dpi=150)

2026-07-03 15:56:59,313 [WARNING] /mnt/data/SIGNATE_Agentic_RAG/EDA/EDA001/eda001.py:295: UserWarning: Glyph 12452 (\N{KATAKANA LETTER I}) missing from font(s) DejaVu Sans.
  plt.savefig(out_path, dpi=150)

2026-07-03 15:56:59,313 [WARNING] /mnt/data/SIGNATE_Agentic_RAG/EDA/EDA001/eda001.py:295: UserWarning: Glyph 12523 (\N{KATAKANA LETTER RU}) missing from font(s) DejaVu Sans.
  plt.savefig(out_path, dpi=150)

2026-07-03 15:56:59,313 [WARNING] /mnt/data/SIGNATE_Agentic_RAG/EDA/EDA001/eda001.py:295: UserWarning: Glyph 25968 (\N{CJK UNIFIED IDEOGRAPH-6570}) missing from font(s) DejaVu Sans.
  plt.savefig(out_path, dpi=150)

2026-07-03 15:56:59,350 [WARNING] /mnt/data/SIGNATE_Agentic_RAG/EDA/EDA001/eda001.py:295: UserWarning: Glyph 25313 (\N{CJK UNIFIED IDEOGRAPH-62E1}) missing from font(s) DejaVu Sans.
  plt.savefig(out_path, dpi=150)

2026-07-03 15:56:59,351 [WARNING] /mnt/data/SIGNATE_Agentic_RAG/EDA/EDA001/eda001.py:295: UserWarning: Glyph 24373 (\N{CJK UNIFIED IDEOGRAPH-5F35}) missing from font(s) DejaVu Sans.
  plt.savefig(out_path, dpi=150)

2026-07-03 15:56:59,351 [WARNING] /mnt/data/SIGNATE_Agentic_RAG/EDA/EDA001/eda001.py:295: UserWarning: Glyph 23376 (\N{CJK UNIFIED IDEOGRAPH-5B50}) missing from font(s) DejaVu Sans.
  plt.savefig(out_path, dpi=150)

2026-07-03 15:56:59,351 [WARNING] /mnt/data/SIGNATE_Agentic_RAG/EDA/EDA001/eda001.py:295: UserWarning: Glyph 21029 (\N{CJK UNIFIED IDEOGRAPH-5225}) missing from font(s) DejaVu Sans.
  plt.savefig(out_path, dpi=150)

2026-07-03 15:56:59,351 [WARNING] /mnt/data/SIGNATE_Agentic_RAG/EDA/EDA001/eda001.py:295: UserWarning: Glyph 12501 (\N{KATAKANA LETTER HU}) missing from font(s) DejaVu Sans.
  plt.savefig(out_path, dpi=150)

2026-07-03 15:56:59,351 [WARNING] /mnt/data/SIGNATE_Agentic_RAG/EDA/EDA001/eda001.py:295: UserWarning: Glyph 12449 (\N{KATAKANA LETTER SMALL A}) missing from font(s) DejaVu Sans.
  plt.savefig(out_path, dpi=150)

2026-07-03 15:56:59,351 [WARNING] /mnt/data/SIGNATE_Agentic_RAG/EDA/EDA001/eda001.py:295: UserWarning: Glyph 12452 (\N{KATAKANA LETTER I}) missing from font(s) DejaVu Sans.
  plt.savefig(out_path, dpi=150)

2026-07-03 15:56:59,351 [WARNING] /mnt/data/SIGNATE_Agentic_RAG/EDA/EDA001/eda001.py:295: UserWarning: Glyph 12523 (\N{KATAKANA LETTER RU}) missing from font(s) DejaVu Sans.
  plt.savefig(out_path, dpi=150)

2026-07-03 15:56:59,352 [WARNING] /mnt/data/SIGNATE_Agentic_RAG/EDA/EDA001/eda001.py:295: UserWarning: Glyph 25968 (\N{CJK UNIFIED IDEOGRAPH-6570}) missing from font(s) DejaVu Sans.
  plt.savefig(out_path, dpi=150)

2026-07-03 15:56:59,403 [WARNING] /mnt/data/SIGNATE_Agentic_RAG/EDA/EDA001/eda001.py:295: UserWarning: Glyph 25313 (\N{CJK UNIFIED IDEOGRAPH-62E1}) missing from font(s) DejaVu Sans.
  plt.savefig(out_path, dpi=150)

2026-07-03 15:56:59,404 [WARNING] /mnt/data/SIGNATE_Agentic_RAG/EDA/EDA001/eda001.py:295: UserWarning: Glyph 24373 (\N{CJK UNIFIED IDEOGRAPH-5F35}) missing from font(s) DejaVu Sans.
  plt.savefig(out_path, dpi=150)

2026-07-03 15:56:59,404 [WARNING] /mnt/data/SIGNATE_Agentic_RAG/EDA/EDA001/eda001.py:295: UserWarning: Glyph 23376 (\N{CJK UNIFIED IDEOGRAPH-5B50}) missing from font(s) DejaVu Sans.
  plt.savefig(out_path, dpi=150)

2026-07-03 15:56:59,404 [WARNING] /mnt/data/SIGNATE_Agentic_RAG/EDA/EDA001/eda001.py:295: UserWarning: Glyph 21029 (\N{CJK UNIFIED IDEOGRAPH-5225}) missing from font(s) DejaVu Sans.
  plt.savefig(out_path, dpi=150)

2026-07-03 15:56:59,404 [WARNING] /mnt/data/SIGNATE_Agentic_RAG/EDA/EDA001/eda001.py:295: UserWarning: Glyph 12501 (\N{KATAKANA LETTER HU}) missing from font(s) DejaVu Sans.
  plt.savefig(out_path, dpi=150)

2026-07-03 15:56:59,404 [WARNING] /mnt/data/SIGNATE_Agentic_RAG/EDA/EDA001/eda001.py:295: UserWarning: Glyph 12449 (\N{KATAKANA LETTER SMALL A}) missing from font(s) DejaVu Sans.
  plt.savefig(out_path, dpi=150)

2026-07-03 15:56:59,404 [WARNING] /mnt/data/SIGNATE_Agentic_RAG/EDA/EDA001/eda001.py:295: UserWarning: Glyph 12452 (\N{KATAKANA LETTER I}) missing from font(s) DejaVu Sans.
  plt.savefig(out_path, dpi=150)

2026-07-03 15:56:59,404 [WARNING] /mnt/data/SIGNATE_Agentic_RAG/EDA/EDA001/eda001.py:295: UserWarning: Glyph 12523 (\N{KATAKANA LETTER RU}) missing from font(s) DejaVu Sans.
  plt.savefig(out_path, dpi=150)

2026-07-03 15:56:59,405 [WARNING] /mnt/data/SIGNATE_Agentic_RAG/EDA/EDA001/eda001.py:295: UserWarning: Glyph 25968 (\N{CJK UNIFIED IDEOGRAPH-6570}) missing from font(s) DejaVu Sans.
  plt.savefig(out_path, dpi=150)

2026-07-03 15:56:59,424 [WARNING] /mnt/data/SIGNATE_Agentic_RAG/EDA/EDA001/eda001.py:295: UserWarning: Glyph 25313 (\N{CJK UNIFIED IDEOGRAPH-62E1}) missing from font(s) DejaVu Sans.
  plt.savefig(out_path, dpi=150)

2026-07-03 15:56:59,425 [WARNING] /mnt/data/SIGNATE_Agentic_RAG/EDA/EDA001/eda001.py:295: UserWarning: Glyph 24373 (\N{CJK UNIFIED IDEOGRAPH-5F35}) missing from font(s) DejaVu Sans.
  plt.savefig(out_path, dpi=150)

2026-07-03 15:56:59,425 [WARNING] /mnt/data/SIGNATE_Agentic_RAG/EDA/EDA001/eda001.py:295: UserWarning: Glyph 23376 (\N{CJK UNIFIED IDEOGRAPH-5B50}) missing from font(s) DejaVu Sans.
  plt.savefig(out_path, dpi=150)

2026-07-03 15:56:59,425 [WARNING] /mnt/data/SIGNATE_Agentic_RAG/EDA/EDA001/eda001.py:295: UserWarning: Glyph 21029 (\N{CJK UNIFIED IDEOGRAPH-5225}) missing from font(s) DejaVu Sans.
  plt.savefig(out_path, dpi=150)

2026-07-03 15:56:59,425 [WARNING] /mnt/data/SIGNATE_Agentic_RAG/EDA/EDA001/eda001.py:295: UserWarning: Glyph 12501 (\N{KATAKANA LETTER HU}) missing from font(s) DejaVu Sans.
  plt.savefig(out_path, dpi=150)

2026-07-03 15:56:59,425 [WARNING] /mnt/data/SIGNATE_Agentic_RAG/EDA/EDA001/eda001.py:295: UserWarning: Glyph 12449 (\N{KATAKANA LETTER SMALL A}) missing from font(s) DejaVu Sans.
  plt.savefig(out_path, dpi=150)

2026-07-03 15:56:59,426 [WARNING] /mnt/data/SIGNATE_Agentic_RAG/EDA/EDA001/eda001.py:295: UserWarning: Glyph 12452 (\N{KATAKANA LETTER I}) missing from font(s) DejaVu Sans.
  plt.savefig(out_path, dpi=150)

2026-07-03 15:56:59,426 [WARNING] /mnt/data/SIGNATE_Agentic_RAG/EDA/EDA001/eda001.py:295: UserWarning: Glyph 12523 (\N{KATAKANA LETTER RU}) missing from font(s) DejaVu Sans.
  plt.savefig(out_path, dpi=150)

2026-07-03 15:56:59,426 [WARNING] /mnt/data/SIGNATE_Agentic_RAG/EDA/EDA001/eda001.py:295: UserWarning: Glyph 25968 (\N{CJK UNIFIED IDEOGRAPH-6570}) missing from font(s) DejaVu Sans.
  plt.savefig(out_path, dpi=150)

2026-07-03 15:56:59,456 [WARNING] /mnt/data/SIGNATE_Agentic_RAG/EDA/EDA001/eda001.py:294: UserWarning: Glyph 26666 (\N{CJK UNIFIED IDEOGRAPH-682A}) missing from font(s) DejaVu Sans.
  plt.tight_layout()

2026-07-03 15:56:59,456 [WARNING] /mnt/data/SIGNATE_Agentic_RAG/EDA/EDA001/eda001.py:294: UserWarning: Glyph 24335 (\N{CJK UNIFIED IDEOGRAPH-5F0F}) missing from font(s) DejaVu Sans.
  plt.tight_layout()

2026-07-03 15:56:59,457 [WARNING] /mnt/data/SIGNATE_Agentic_RAG/EDA/EDA001/eda001.py:294: UserWarning: Glyph 20250 (\N{CJK UNIFIED IDEOGRAPH-4F1A}) missing from font(s) DejaVu Sans.
  plt.tight_layout()

2026-07-03 15:56:59,457 [WARNING] /mnt/data/SIGNATE_Agentic_RAG/EDA/EDA001/eda001.py:294: UserWarning: Glyph 31038 (\N{CJK UNIFIED IDEOGRAPH-793E}) missing from font(s) DejaVu Sans.
  plt.tight_layout()

2026-07-03 15:56:59,457 [WARNING] /mnt/data/SIGNATE_Agentic_RAG/EDA/EDA001/eda001.py:294: UserWarning: Glyph 38738 (\N{CJK UNIFIED IDEOGRAPH-9752}) missing from font(s) DejaVu Sans.
  plt.tight_layout()

2026-07-03 15:56:59,457 [WARNING] /mnt/data/SIGNATE_Agentic_RAG/EDA/EDA001/eda001.py:294: UserWarning: Glyph 33865 (\N{CJK UNIFIED IDEOGRAPH-8449}) missing from font(s) DejaVu Sans.
  plt.tight_layout()

2026-07-03 15:56:59,457 [WARNING] /mnt/data/SIGNATE_Agentic_RAG/EDA/EDA001/eda001.py:294: UserWarning: Glyph 12496 (\N{KATAKANA LETTER BA}) missing from font(s) DejaVu Sans.
  plt.tight_layout()

2026-07-03 15:56:59,458 [WARNING] /mnt/data/SIGNATE_Agentic_RAG/EDA/EDA001/eda001.py:294: UserWarning: Glyph 12452 (\N{KATAKANA LETTER I}) missing from font(s) DejaVu Sans.
  plt.tight_layout()

2026-07-03 15:56:59,458 [WARNING] /mnt/data/SIGNATE_Agentic_RAG/EDA/EDA001/eda001.py:294: UserWarning: Glyph 12458 (\N{KATAKANA LETTER O}) missing from font(s) DejaVu Sans.
  plt.tight_layout()

2026-07-03 15:56:59,458 [WARNING] /mnt/data/SIGNATE_Agentic_RAG/EDA/EDA001/eda001.py:294: UserWarning: Glyph 12513 (\N{KATAKANA LETTER ME}) missing from font(s) DejaVu Sans.
  plt.tight_layout()

2026-07-03 15:56:59,458 [WARNING] /mnt/data/SIGNATE_Agentic_RAG/EDA/EDA001/eda001.py:294: UserWarning: Glyph 12487 (\N{KATAKANA LETTER DE}) missing from font(s) DejaVu Sans.
  plt.tight_layout()

2026-07-03 15:56:59,458 [WARNING] /mnt/data/SIGNATE_Agentic_RAG/EDA/EDA001/eda001.py:294: UserWarning: Glyph 12451 (\N{KATAKANA LETTER SMALL I}) missing from font(s) DejaVu Sans.
  plt.tight_layout()

2026-07-03 15:56:59,458 [WARNING] /mnt/data/SIGNATE_Agentic_RAG/EDA/EDA001/eda001.py:294: UserWarning: Glyph 12459 (\N{KATAKANA LETTER KA}) missing from font(s) DejaVu Sans.
  plt.tight_layout()

2026-07-03 15:56:59,458 [WARNING] /mnt/data/SIGNATE_Agentic_RAG/EDA/EDA001/eda001.py:294: UserWarning: Glyph 12523 (\N{KATAKANA LETTER RU}) missing from font(s) DejaVu Sans.
  plt.tight_layout()

2026-07-03 15:56:59,459 [WARNING] /mnt/data/SIGNATE_Agentic_RAG/EDA/EDA001/eda001.py:294: UserWarning: Glyph 27231 (\N{CJK UNIFIED IDEOGRAPH-6A5F}) missing from font(s) DejaVu Sans.
  plt.tight_layout()

2026-07-03 15:56:59,459 [WARNING] /mnt/data/SIGNATE_Agentic_RAG/EDA/EDA001/eda001.py:294: UserWarning: Glyph 22120 (\N{CJK UNIFIED IDEOGRAPH-5668}) missing from font(s) DejaVu Sans.
  plt.tight_layout()

2026-07-03 15:56:59,459 [WARNING] /mnt/data/SIGNATE_Agentic_RAG/EDA/EDA001/eda001.py:294: UserWarning: Glyph 21307 (\N{CJK UNIFIED IDEOGRAPH-533B}) missing from font(s) DejaVu Sans.
  plt.tight_layout()

2026-07-03 15:56:59,459 [WARNING] /mnt/data/SIGNATE_Agentic_RAG/EDA/EDA001/eda001.py:294: UserWarning: Glyph 30274 (\N{CJK UNIFIED IDEOGRAPH-7642}) missing from font(s) DejaVu Sans.
  plt.tight_layout()

2026-07-03 15:56:59,460 [WARNING] /mnt/data/SIGNATE_Agentic_RAG/EDA/EDA001/eda001.py:294: UserWarning: Glyph 27861 (\N{CJK UNIFIED IDEOGRAPH-6CD5}) missing from font(s) DejaVu Sans.
  plt.tight_layout()

2026-07-03 15:56:59,460 [WARNING] /mnt/data/SIGNATE_Agentic_RAG/EDA/EDA001/eda001.py:294: UserWarning: Glyph 20154 (\N{CJK UNIFIED IDEOGRAPH-4EBA}) missing from font(s) DejaVu Sans.
  plt.tight_layout()

2026-07-03 15:56:59,460 [WARNING] /mnt/data/SIGNATE_Agentic_RAG/EDA/EDA001/eda001.py:294: UserWarning: Glyph 31038 (\N{CJK UNIFIED IDEOGRAPH-793E}) missing from font(s) DejaVu Sans.
  plt.tight_layout()

2026-07-03 15:56:59,460 [WARNING] /mnt/data/SIGNATE_Agentic_RAG/EDA/EDA001/eda001.py:294: UserWarning: Glyph 22243 (\N{CJK UNIFIED IDEOGRAPH-56E3}) missing from font(s) DejaVu Sans.
  plt.tight_layout()

2026-07-03 15:56:59,460 [WARNING] /mnt/data/SIGNATE_Agentic_RAG/EDA/EDA001/eda001.py:294: UserWarning: Glyph 33980 (\N{CJK UNIFIED IDEOGRAPH-84BC}) missing from font(s) DejaVu Sans.
  plt.tight_layout()

2026-07-03 15:56:59,460 [WARNING] /mnt/data/SIGNATE_Agentic_RAG/EDA/EDA001/eda001.py:294: UserWarning: Glyph 27849 (\N{CJK UNIFIED IDEOGRAPH-6CC9}) missing from font(s) DejaVu Sans.
  plt.tight_layout()

2026-07-03 15:56:59,460 [WARNING] /mnt/data/SIGNATE_Agentic_RAG/EDA/EDA001/eda001.py:294: UserWarning: Glyph 20250 (\N{CJK UNIFIED IDEOGRAPH-4F1A}) missing from font(s) DejaVu Sans.
  plt.tight_layout()

2026-07-03 15:56:59,460 [WARNING] /mnt/data/SIGNATE_Agentic_RAG/EDA/EDA001/eda001.py:294: UserWarning: Glyph 12402 (\N{HIRAGANA LETTER HI}) missing from font(s) DejaVu Sans.
  plt.tight_layout()

2026-07-03 15:56:59,460 [WARNING] /mnt/data/SIGNATE_Agentic_RAG/EDA/EDA001/eda001.py:294: UserWarning: Glyph 12364 (\N{HIRAGANA LETTER GA}) missing from font(s) DejaVu Sans.
  plt.tight_layout()

2026-07-03 15:56:59,460 [WARNING] /mnt/data/SIGNATE_Agentic_RAG/EDA/EDA001/eda001.py:294: UserWarning: Glyph 12375 (\N{HIRAGANA LETTER SI}) missing from font(s) DejaVu Sans.
  plt.tight_layout()

2026-07-03 15:56:59,461 [WARNING] /mnt/data/SIGNATE_Agentic_RAG/EDA/EDA001/eda001.py:294: UserWarning: Glyph 19992 (\N{CJK UNIFIED IDEOGRAPH-4E18}) missing from font(s) DejaVu Sans.
  plt.tight_layout()

2026-07-03 15:56:59,461 [WARNING] /mnt/data/SIGNATE_Agentic_RAG/EDA/EDA001/eda001.py:294: UserWarning: Glyph 32207 (\N{CJK UNIFIED IDEOGRAPH-7DCF}) missing from font(s) DejaVu Sans.
  plt.tight_layout()

2026-07-03 15:56:59,461 [WARNING] /mnt/data/SIGNATE_Agentic_RAG/EDA/EDA001/eda001.py:294: UserWarning: Glyph 21512 (\N{CJK UNIFIED IDEOGRAPH-5408}) missing from font(s) DejaVu Sans.
  plt.tight_layout()

2026-07-03 15:56:59,461 [WARNING] /mnt/data/SIGNATE_Agentic_RAG/EDA/EDA001/eda001.py:294: UserWarning: Glyph 30149 (\N{CJK UNIFIED IDEOGRAPH-75C5}) missing from font(s) DejaVu Sans.
  plt.tight_layout()

2026-07-03 15:56:59,461 [WARNING] /mnt/data/SIGNATE_Agentic_RAG/EDA/EDA001/eda001.py:294: UserWarning: Glyph 38498 (\N{CJK UNIFIED IDEOGRAPH-9662}) missing from font(s) DejaVu Sans.
  plt.tight_layout()

2026-07-03 15:56:59,461 [WARNING] /mnt/data/SIGNATE_Agentic_RAG/EDA/EDA001/eda001.py:294: UserWarning: Glyph 20140 (\N{CJK UNIFIED IDEOGRAPH-4EAC}) missing from font(s) DejaVu Sans.
  plt.tight_layout()

2026-07-03 15:56:59,461 [WARNING] /mnt/data/SIGNATE_Agentic_RAG/EDA/EDA001/eda001.py:294: UserWarning: Glyph 27211 (\N{CJK UNIFIED IDEOGRAPH-6A4B}) missing from font(s) DejaVu Sans.
  plt.tight_layout()

2026-07-03 15:56:59,462 [WARNING] /mnt/data/SIGNATE_Agentic_RAG/EDA/EDA001/eda001.py:294: UserWarning: Glyph 20449 (\N{CJK UNIFIED IDEOGRAPH-4FE1}) missing from font(s) DejaVu Sans.
  plt.tight_layout()

2026-07-03 15:56:59,462 [WARNING] /mnt/data/SIGNATE_Agentic_RAG/EDA/EDA001/eda001.py:294: UserWarning: Glyph 29992 (\N{CJK UNIFIED IDEOGRAPH-7528}) missing from font(s) DejaVu Sans.
  plt.tight_layout()

2026-07-03 15:56:59,462 [WARNING] /mnt/data/SIGNATE_Agentic_RAG/EDA/EDA001/eda001.py:294: UserWarning: Glyph 12477 (\N{KATAKANA LETTER SO}) missing from font(s) DejaVu Sans.
  plt.tight_layout()

2026-07-03 15:56:59,462 [WARNING] /mnt/data/SIGNATE_Agentic_RAG/EDA/EDA001/eda001.py:294: UserWarning: Glyph 12522 (\N{KATAKANA LETTER RI}) missing from font(s) DejaVu Sans.
  plt.tight_layout()

2026-07-03 15:56:59,462 [WARNING] /mnt/data/SIGNATE_Agentic_RAG/EDA/EDA001/eda001.py:294: UserWarning: Glyph 12517 (\N{KATAKANA LETTER SMALL YU}) missing from font(s) DejaVu Sans.
  plt.tight_layout()

2026-07-03 15:56:59,462 [WARNING] /mnt/data/SIGNATE_Agentic_RAG/EDA/EDA001/eda001.py:294: UserWarning: Glyph 12540 (\N{KATAKANA-HIRAGANA PROLONGED SOUND MARK}) missing from font(s) DejaVu Sans.
  plt.tight_layout()

2026-07-03 15:56:59,462 [WARNING] /mnt/data/SIGNATE_Agentic_RAG/EDA/EDA001/eda001.py:294: UserWarning: Glyph 12471 (\N{KATAKANA LETTER SI}) missing from font(s) DejaVu Sans.
  plt.tight_layout()

2026-07-03 15:56:59,462 [WARNING] /mnt/data/SIGNATE_Agentic_RAG/EDA/EDA001/eda001.py:294: UserWarning: Glyph 12519 (\N{KATAKANA LETTER SMALL YO}) missing from font(s) DejaVu Sans.
  plt.tight_layout()

2026-07-03 15:56:59,462 [WARNING] /mnt/data/SIGNATE_Agentic_RAG/EDA/EDA001/eda001.py:294: UserWarning: Glyph 12531 (\N{KATAKANA LETTER N}) missing from font(s) DejaVu Sans.
  plt.tight_layout()

2026-07-03 15:56:59,462 [WARNING] /mnt/data/SIGNATE_Agentic_RAG/EDA/EDA001/eda001.py:294: UserWarning: Glyph 12474 (\N{KATAKANA LETTER ZU}) missing from font(s) DejaVu Sans.
  plt.tight_layout()

2026-07-03 15:56:59,462 [WARNING] /mnt/data/SIGNATE_Agentic_RAG/EDA/EDA001/eda001.py:294: UserWarning: Glyph 26666 (\N{CJK UNIFIED IDEOGRAPH-682A}) missing from font(s) DejaVu Sans.
  plt.tight_layout()

2026-07-03 15:56:59,463 [WARNING] /mnt/data/SIGNATE_Agentic_RAG/EDA/EDA001/eda001.py:294: UserWarning: Glyph 24335 (\N{CJK UNIFIED IDEOGRAPH-5F0F}) missing from font(s) DejaVu Sans.
  plt.tight_layout()

2026-07-03 15:56:59,463 [WARNING] /mnt/data/SIGNATE_Agentic_RAG/EDA/EDA001/eda001.py:294: UserWarning: Glyph 20250 (\N{CJK UNIFIED IDEOGRAPH-4F1A}) missing from font(s) DejaVu Sans.
  plt.tight_layout()

2026-07-03 15:56:59,463 [WARNING] /mnt/data/SIGNATE_Agentic_RAG/EDA/EDA001/eda001.py:294: UserWarning: Glyph 31038 (\N{CJK UNIFIED IDEOGRAPH-793E}) missing from font(s) DejaVu Sans.
  plt.tight_layout()

2026-07-03 15:56:59,463 [WARNING] /mnt/data/SIGNATE_Agentic_RAG/EDA/EDA001/eda001.py:294: UserWarning: Glyph 26666 (\N{CJK UNIFIED IDEOGRAPH-682A}) missing from font(s) DejaVu Sans.
  plt.tight_layout()

2026-07-03 15:56:59,463 [WARNING] /mnt/data/SIGNATE_Agentic_RAG/EDA/EDA001/eda001.py:294: UserWarning: Glyph 24335 (\N{CJK UNIFIED IDEOGRAPH-5F0F}) missing from font(s) DejaVu Sans.
  plt.tight_layout()

2026-07-03 15:56:59,463 [WARNING] /mnt/data/SIGNATE_Agentic_RAG/EDA/EDA001/eda001.py:294: UserWarning: Glyph 20250 (\N{CJK UNIFIED IDEOGRAPH-4F1A}) missing from font(s) DejaVu Sans.
  plt.tight_layout()

2026-07-03 15:56:59,464 [WARNING] /mnt/data/SIGNATE_Agentic_RAG/EDA/EDA001/eda001.py:294: UserWarning: Glyph 31038 (\N{CJK UNIFIED IDEOGRAPH-793E}) missing from font(s) DejaVu Sans.
  plt.tight_layout()

2026-07-03 15:56:59,464 [WARNING] /mnt/data/SIGNATE_Agentic_RAG/EDA/EDA001/eda001.py:294: UserWarning: Glyph 26481 (\N{CJK UNIFIED IDEOGRAPH-6771}) missing from font(s) DejaVu Sans.
  plt.tight_layout()

2026-07-03 15:56:59,464 [WARNING] /mnt/data/SIGNATE_Agentic_RAG/EDA/EDA001/eda001.py:294: UserWarning: Glyph 37117 (\N{CJK UNIFIED IDEOGRAPH-90FD}) missing from font(s) DejaVu Sans.
  plt.tight_layout()

2026-07-03 15:56:59,464 [WARNING] /mnt/data/SIGNATE_Agentic_RAG/EDA/EDA001/eda001.py:294: UserWarning: Glyph 20154 (\N{CJK UNIFIED IDEOGRAPH-4EBA}) missing from font(s) DejaVu Sans.
  plt.tight_layout()

2026-07-03 15:56:59,464 [WARNING] /mnt/data/SIGNATE_Agentic_RAG/EDA/EDA001/eda001.py:294: UserWarning: Glyph 26448 (\N{CJK UNIFIED IDEOGRAPH-6750}) missing from font(s) DejaVu Sans.
  plt.tight_layout()

2026-07-03 15:56:59,464 [WARNING] /mnt/data/SIGNATE_Agentic_RAG/EDA/EDA001/eda001.py:294: UserWarning: Glyph 12503 (\N{KATAKANA LETTER PU}) missing from font(s) DejaVu Sans.
  plt.tight_layout()

2026-07-03 15:56:59,465 [WARNING] /mnt/data/SIGNATE_Agentic_RAG/EDA/EDA001/eda001.py:294: UserWarning: Glyph 12521 (\N{KATAKANA LETTER RA}) missing from font(s) DejaVu Sans.
  plt.tight_layout()

2026-07-03 15:56:59,465 [WARNING] /mnt/data/SIGNATE_Agentic_RAG/EDA/EDA001/eda001.py:294: UserWarning: Glyph 12483 (\N{KATAKANA LETTER SMALL TU}) missing from font(s) DejaVu Sans.
  plt.tight_layout()

2026-07-03 15:56:59,465 [WARNING] /mnt/data/SIGNATE_Agentic_RAG/EDA/EDA001/eda001.py:294: UserWarning: Glyph 12488 (\N{KATAKANA LETTER TO}) missing from font(s) DejaVu Sans.
  plt.tight_layout()

2026-07-03 15:56:59,465 [WARNING] /mnt/data/SIGNATE_Agentic_RAG/EDA/EDA001/eda001.py:294: UserWarning: Glyph 12501 (\N{KATAKANA LETTER HU}) missing from font(s) DejaVu Sans.
  plt.tight_layout()

2026-07-03 15:56:59,465 [WARNING] /mnt/data/SIGNATE_Agentic_RAG/EDA/EDA001/eda001.py:294: UserWarning: Glyph 12457 (\N{KATAKANA LETTER SMALL O}) missing from font(s) DejaVu Sans.
  plt.tight_layout()

2026-07-03 15:56:59,465 [WARNING] /mnt/data/SIGNATE_Agentic_RAG/EDA/EDA001/eda001.py:294: UserWarning: Glyph 12540 (\N{KATAKANA-HIRAGANA PROLONGED SOUND MARK}) missing from font(s) DejaVu Sans.
  plt.tight_layout()

2026-07-03 15:56:59,465 [WARNING] /mnt/data/SIGNATE_Agentic_RAG/EDA/EDA001/eda001.py:294: UserWarning: Glyph 12512 (\N{KATAKANA LETTER MU}) missing from font(s) DejaVu Sans.
  plt.tight_layout()

2026-07-03 15:56:59,466 [WARNING] /mnt/data/SIGNATE_Agentic_RAG/EDA/EDA001/eda001.py:294: UserWarning: Glyph 26666 (\N{CJK UNIFIED IDEOGRAPH-682A}) missing from font(s) DejaVu Sans.
  plt.tight_layout()

2026-07-03 15:56:59,466 [WARNING] /mnt/data/SIGNATE_Agentic_RAG/EDA/EDA001/eda001.py:294: UserWarning: Glyph 24335 (\N{CJK UNIFIED IDEOGRAPH-5F0F}) missing from font(s) DejaVu Sans.
  plt.tight_layout()

2026-07-03 15:56:59,466 [WARNING] /mnt/data/SIGNATE_Agentic_RAG/EDA/EDA001/eda001.py:294: UserWarning: Glyph 20250 (\N{CJK UNIFIED IDEOGRAPH-4F1A}) missing from font(s) DejaVu Sans.
  plt.tight_layout()

2026-07-03 15:56:59,467 [WARNING] /mnt/data/SIGNATE_Agentic_RAG/EDA/EDA001/eda001.py:294: UserWarning: Glyph 31038 (\N{CJK UNIFIED IDEOGRAPH-793E}) missing from font(s) DejaVu Sans.
  plt.tight_layout()

2026-07-03 15:56:59,467 [WARNING] /mnt/data/SIGNATE_Agentic_RAG/EDA/EDA001/eda001.py:294: UserWarning: Glyph 38738 (\N{CJK UNIFIED IDEOGRAPH-9752}) missing from font(s) DejaVu Sans.
  plt.tight_layout()

2026-07-03 15:56:59,467 [WARNING] /mnt/data/SIGNATE_Agentic_RAG/EDA/EDA001/eda001.py:294: UserWarning: Glyph 28526 (\N{CJK UNIFIED IDEOGRAPH-6F6E}) missing from font(s) DejaVu Sans.
  plt.tight_layout()

2026-07-03 15:56:59,467 [WARNING] /mnt/data/SIGNATE_Agentic_RAG/EDA/EDA001/eda001.py:294: UserWarning: Glyph 12514 (\N{KATAKANA LETTER MO}) missing from font(s) DejaVu Sans.
  plt.tight_layout()

2026-07-03 15:56:59,467 [WARNING] /mnt/data/SIGNATE_Agentic_RAG/EDA/EDA001/eda001.py:294: UserWarning: Glyph 12499 (\N{KATAKANA LETTER BI}) missing from font(s) DejaVu Sans.
  plt.tight_layout()

2026-07-03 15:56:59,467 [WARNING] /mnt/data/SIGNATE_Agentic_RAG/EDA/EDA001/eda001.py:294: UserWarning: Glyph 12522 (\N{KATAKANA LETTER RI}) missing from font(s) DejaVu Sans.
  plt.tight_layout()

2026-07-03 15:56:59,467 [WARNING] /mnt/data/SIGNATE_Agentic_RAG/EDA/EDA001/eda001.py:294: UserWarning: Glyph 12486 (\N{KATAKANA LETTER TE}) missing from font(s) DejaVu Sans.
  plt.tight_layout()

2026-07-03 15:56:59,468 [WARNING] /mnt/data/SIGNATE_Agentic_RAG/EDA/EDA001/eda001.py:294: UserWarning: Glyph 12451 (\N{KATAKANA LETTER SMALL I}) missing from font(s) DejaVu Sans.
  plt.tight_layout()

2026-07-03 15:56:59,468 [WARNING] /mnt/data/SIGNATE_Agentic_RAG/EDA/EDA001/eda001.py:294: UserWarning: Glyph 12469 (\N{KATAKANA LETTER SA}) missing from font(s) DejaVu Sans.
  plt.tight_layout()

2026-07-03 15:56:59,468 [WARNING] /mnt/data/SIGNATE_Agentic_RAG/EDA/EDA001/eda001.py:294: UserWarning: Glyph 12540 (\N{KATAKANA-HIRAGANA PROLONGED SOUND MARK}) missing from font(s) DejaVu Sans.
  plt.tight_layout()

2026-07-03 15:56:59,468 [WARNING] /mnt/data/SIGNATE_Agentic_RAG/EDA/EDA001/eda001.py:294: UserWarning: Glyph 12499 (\N{KATAKANA LETTER BI}) missing from font(s) DejaVu Sans.
  plt.tight_layout()

2026-07-03 15:56:59,468 [WARNING] /mnt/data/SIGNATE_Agentic_RAG/EDA/EDA001/eda001.py:294: UserWarning: Glyph 12473 (\N{KATAKANA LETTER SU}) missing from font(s) DejaVu Sans.
  plt.tight_layout()

2026-07-03 15:56:59,468 [WARNING] /mnt/data/SIGNATE_Agentic_RAG/EDA/EDA001/eda001.py:294: UserWarning: Glyph 26666 (\N{CJK UNIFIED IDEOGRAPH-682A}) missing from font(s) DejaVu Sans.
  plt.tight_layout()

2026-07-03 15:56:59,469 [WARNING] /mnt/data/SIGNATE_Agentic_RAG/EDA/EDA001/eda001.py:294: UserWarning: Glyph 24335 (\N{CJK UNIFIED IDEOGRAPH-5F0F}) missing from font(s) DejaVu Sans.
  plt.tight_layout()

2026-07-03 15:56:59,469 [WARNING] /mnt/data/SIGNATE_Agentic_RAG/EDA/EDA001/eda001.py:294: UserWarning: Glyph 20250 (\N{CJK UNIFIED IDEOGRAPH-4F1A}) missing from font(s) DejaVu Sans.
  plt.tight_layout()

2026-07-03 15:56:59,469 [WARNING] /mnt/data/SIGNATE_Agentic_RAG/EDA/EDA001/eda001.py:294: UserWarning: Glyph 31038 (\N{CJK UNIFIED IDEOGRAPH-793E}) missing from font(s) DejaVu Sans.
  plt.tight_layout()

2026-07-03 15:56:59,469 [WARNING] /mnt/data/SIGNATE_Agentic_RAG/EDA/EDA001/eda001.py:294: UserWarning: Glyph 38738 (\N{CJK UNIFIED IDEOGRAPH-9752}) missing from font(s) DejaVu Sans.
  plt.tight_layout()

2026-07-03 15:56:59,469 [WARNING] /mnt/data/SIGNATE_Agentic_RAG/EDA/EDA001/eda001.py:294: UserWarning: Glyph 23994 (\N{CJK UNIFIED IDEOGRAPH-5DBA}) missing from font(s) DejaVu Sans.
  plt.tight_layout()

2026-07-03 15:56:59,469 [WARNING] /mnt/data/SIGNATE_Agentic_RAG/EDA/EDA001/eda001.py:294: UserWarning: Glyph 19981 (\N{CJK UNIFIED IDEOGRAPH-4E0D}) missing from font(s) DejaVu Sans.
  plt.tight_layout()

2026-07-03 15:56:59,469 [WARNING] /mnt/data/SIGNATE_Agentic_RAG/EDA/EDA001/eda001.py:294: UserWarning: Glyph 21205 (\N{CJK UNIFIED IDEOGRAPH-52D5}) missing from font(s) DejaVu Sans.
  plt.tight_layout()

2026-07-03 15:56:59,469 [WARNING] /mnt/data/SIGNATE_Agentic_RAG/EDA/EDA001/eda001.py:294: UserWarning: Glyph 29987 (\N{CJK UNIFIED IDEOGRAPH-7523}) missing from font(s) DejaVu Sans.
  plt.tight_layout()

2026-07-03 15:56:59,470 [WARNING] /mnt/data/SIGNATE_Agentic_RAG/EDA/EDA001/eda001.py:294: UserWarning: Glyph 12450 (\N{KATAKANA LETTER A}) missing from font(s) DejaVu Sans.
  plt.tight_layout()

2026-07-03 15:56:59,470 [WARNING] /mnt/data/SIGNATE_Agentic_RAG/EDA/EDA001/eda001.py:294: UserWarning: Glyph 12475 (\N{KATAKANA LETTER SE}) missing from font(s) DejaVu Sans.
  plt.tight_layout()

2026-07-03 15:56:59,470 [WARNING] /mnt/data/SIGNATE_Agentic_RAG/EDA/EDA001/eda001.py:294: UserWarning: Glyph 12483 (\N{KATAKANA LETTER SMALL TU}) missing from font(s) DejaVu Sans.
  plt.tight_layout()

2026-07-03 15:56:59,470 [WARNING] /mnt/data/SIGNATE_Agentic_RAG/EDA/EDA001/eda001.py:294: UserWarning: Glyph 12488 (\N{KATAKANA LETTER TO}) missing from font(s) DejaVu Sans.
  plt.tight_layout()

2026-07-03 15:56:59,470 [WARNING] /mnt/data/SIGNATE_Agentic_RAG/EDA/EDA001/eda001.py:294: UserWarning: Glyph 12510 (\N{KATAKANA LETTER MA}) missing from font(s) DejaVu Sans.
  plt.tight_layout()

2026-07-03 15:56:59,470 [WARNING] /mnt/data/SIGNATE_Agentic_RAG/EDA/EDA001/eda001.py:294: UserWarning: Glyph 12493 (\N{KATAKANA LETTER NE}) missing from font(s) DejaVu Sans.
  plt.tight_layout()

2026-07-03 15:56:59,470 [WARNING] /mnt/data/SIGNATE_Agentic_RAG/EDA/EDA001/eda001.py:294: UserWarning: Glyph 12472 (\N{KATAKANA LETTER ZI}) missing from font(s) DejaVu Sans.
  plt.tight_layout()

2026-07-03 15:56:59,470 [WARNING] /mnt/data/SIGNATE_Agentic_RAG/EDA/EDA001/eda001.py:294: UserWarning: Glyph 12513 (\N{KATAKANA LETTER ME}) missing from font(s) DejaVu Sans.
  plt.tight_layout()

2026-07-03 15:56:59,471 [WARNING] /mnt/data/SIGNATE_Agentic_RAG/EDA/EDA001/eda001.py:294: UserWarning: Glyph 12531 (\N{KATAKANA LETTER N}) missing from font(s) DejaVu Sans.
  plt.tight_layout()

2026-07-03 15:56:59,471 [WARNING] /mnt/data/SIGNATE_Agentic_RAG/EDA/EDA001/eda001.py:294: UserWarning: Glyph 12488 (\N{KATAKANA LETTER TO}) missing from font(s) DejaVu Sans.
  plt.tight_layout()

2026-07-03 15:56:59,471 [WARNING] /mnt/data/SIGNATE_Agentic_RAG/EDA/EDA001/eda001.py:294: UserWarning: Glyph 21307 (\N{CJK UNIFIED IDEOGRAPH-533B}) missing from font(s) DejaVu Sans.
  plt.tight_layout()

2026-07-03 15:56:59,471 [WARNING] /mnt/data/SIGNATE_Agentic_RAG/EDA/EDA001/eda001.py:294: UserWarning: Glyph 30274 (\N{CJK UNIFIED IDEOGRAPH-7642}) missing from font(s) DejaVu Sans.
  plt.tight_layout()

2026-07-03 15:56:59,471 [WARNING] /mnt/data/SIGNATE_Agentic_RAG/EDA/EDA001/eda001.py:294: UserWarning: Glyph 27861 (\N{CJK UNIFIED IDEOGRAPH-6CD5}) missing from font(s) DejaVu Sans.
  plt.tight_layout()

2026-07-03 15:56:59,471 [WARNING] /mnt/data/SIGNATE_Agentic_RAG/EDA/EDA001/eda001.py:294: UserWarning: Glyph 20154 (\N{CJK UNIFIED IDEOGRAPH-4EBA}) missing from font(s) DejaVu Sans.
  plt.tight_layout()

2026-07-03 15:56:59,472 [WARNING] /mnt/data/SIGNATE_Agentic_RAG/EDA/EDA001/eda001.py:294: UserWarning: Glyph 31038 (\N{CJK UNIFIED IDEOGRAPH-793E}) missing from font(s) DejaVu Sans.
  plt.tight_layout()

2026-07-03 15:56:59,472 [WARNING] /mnt/data/SIGNATE_Agentic_RAG/EDA/EDA001/eda001.py:294: UserWarning: Glyph 22243 (\N{CJK UNIFIED IDEOGRAPH-56E3}) missing from font(s) DejaVu Sans.
  plt.tight_layout()

2026-07-03 15:56:59,472 [WARNING] /mnt/data/SIGNATE_Agentic_RAG/EDA/EDA001/eda001.py:294: UserWarning: Glyph 33980 (\N{CJK UNIFIED IDEOGRAPH-84BC}) missing from font(s) DejaVu Sans.
  plt.tight_layout()

2026-07-03 15:56:59,472 [WARNING] /mnt/data/SIGNATE_Agentic_RAG/EDA/EDA001/eda001.py:294: UserWarning: Glyph 27193 (\N{CJK UNIFIED IDEOGRAPH-6A39}) missing from font(s) DejaVu Sans.
  plt.tight_layout()

2026-07-03 15:56:59,472 [WARNING] /mnt/data/SIGNATE_Agentic_RAG/EDA/EDA001/eda001.py:294: UserWarning: Glyph 20250 (\N{CJK UNIFIED IDEOGRAPH-4F1A}) missing from font(s) DejaVu Sans.
  plt.tight_layout()

2026-07-03 15:56:59,472 [WARNING] /mnt/data/SIGNATE_Agentic_RAG/EDA/EDA001/eda001.py:294: UserWarning: Glyph 12415 (\N{HIRAGANA LETTER MI}) missing from font(s) DejaVu Sans.
  plt.tight_layout()

2026-07-03 15:56:59,472 [WARNING] /mnt/data/SIGNATE_Agentic_RAG/EDA/EDA001/eda001.py:294: UserWarning: Glyph 12394 (\N{HIRAGANA LETTER NA}) missing from font(s) DejaVu Sans.
  plt.tight_layout()

2026-07-03 15:56:59,472 [WARNING] /mnt/data/SIGNATE_Agentic_RAG/EDA/EDA001/eda001.py:294: UserWarning: Glyph 12415 (\N{HIRAGANA LETTER MI}) missing from font(s) DejaVu Sans.
  plt.tight_layout()

2026-07-03 15:56:59,472 [WARNING] /mnt/data/SIGNATE_Agentic_RAG/EDA/EDA001/eda001.py:294: UserWarning: Glyph 37326 (\N{CJK UNIFIED IDEOGRAPH-91CE}) missing from font(s) DejaVu Sans.
  plt.tight_layout()

2026-07-03 15:56:59,473 [WARNING] /mnt/data/SIGNATE_Agentic_RAG/EDA/EDA001/eda001.py:294: UserWarning: Glyph 22899 (\N{CJK UNIFIED IDEOGRAPH-5973}) missing from font(s) DejaVu Sans.
  plt.tight_layout()

2026-07-03 15:56:59,473 [WARNING] /mnt/data/SIGNATE_Agentic_RAG/EDA/EDA001/eda001.py:294: UserWarning: Glyph 24615 (\N{CJK UNIFIED IDEOGRAPH-6027}) missing from font(s) DejaVu Sans.
  plt.tight_layout()

2026-07-03 15:56:59,473 [WARNING] /mnt/data/SIGNATE_Agentic_RAG/EDA/EDA001/eda001.py:294: UserWarning: Glyph 21307 (\N{CJK UNIFIED IDEOGRAPH-533B}) missing from font(s) DejaVu Sans.
  plt.tight_layout()

2026-07-03 15:56:59,474 [WARNING] /mnt/data/SIGNATE_Agentic_RAG/EDA/EDA001/eda001.py:294: UserWarning: Glyph 30274 (\N{CJK UNIFIED IDEOGRAPH-7642}) missing from font(s) DejaVu Sans.
  plt.tight_layout()

2026-07-03 15:56:59,474 [WARNING] /mnt/data/SIGNATE_Agentic_RAG/EDA/EDA001/eda001.py:294: UserWarning: Glyph 12475 (\N{KATAKANA LETTER SE}) missing from font(s) DejaVu Sans.
  plt.tight_layout()

2026-07-03 15:56:59,474 [WARNING] /mnt/data/SIGNATE_Agentic_RAG/EDA/EDA001/eda001.py:294: UserWarning: Glyph 12531 (\N{KATAKANA LETTER N}) missing from font(s) DejaVu Sans.
  plt.tight_layout()

2026-07-03 15:56:59,474 [WARNING] /mnt/data/SIGNATE_Agentic_RAG/EDA/EDA001/eda001.py:294: UserWarning: Glyph 12479 (\N{KATAKANA LETTER TA}) missing from font(s) DejaVu Sans.
  plt.tight_layout()

2026-07-03 15:56:59,474 [WARNING] /mnt/data/SIGNATE_Agentic_RAG/EDA/EDA001/eda001.py:294: UserWarning: Glyph 12540 (\N{KATAKANA-HIRAGANA PROLONGED SOUND MARK}) missing from font(s) DejaVu Sans.
  plt.tight_layout()

2026-07-03 15:56:59,474 [WARNING] /mnt/data/SIGNATE_Agentic_RAG/EDA/EDA001/eda001.py:294: UserWarning: Glyph 30333 (\N{CJK UNIFIED IDEOGRAPH-767D}) missing from font(s) DejaVu Sans.
  plt.tight_layout()

2026-07-03 15:56:59,475 [WARNING] /mnt/data/SIGNATE_Agentic_RAG/EDA/EDA001/eda001.py:294: UserWarning: Glyph 23792 (\N{CJK UNIFIED IDEOGRAPH-5CF0}) missing from font(s) DejaVu Sans.
  plt.tight_layout()

2026-07-03 15:56:59,475 [WARNING] /mnt/data/SIGNATE_Agentic_RAG/EDA/EDA001/eda001.py:294: UserWarning: Glyph 20449 (\N{CJK UNIFIED IDEOGRAPH-4FE1}) missing from font(s) DejaVu Sans.
  plt.tight_layout()

2026-07-03 15:56:59,475 [WARNING] /mnt/data/SIGNATE_Agentic_RAG/EDA/EDA001/eda001.py:294: UserWarning: Glyph 29992 (\N{CJK UNIFIED IDEOGRAPH-7528}) missing from font(s) DejaVu Sans.
  plt.tight_layout()

2026-07-03 15:56:59,475 [WARNING] /mnt/data/SIGNATE_Agentic_RAG/EDA/EDA001/eda001.py:294: UserWarning: Glyph 12522 (\N{KATAKANA LETTER RI}) missing from font(s) DejaVu Sans.
  plt.tight_layout()

2026-07-03 15:56:59,475 [WARNING] /mnt/data/SIGNATE_Agentic_RAG/EDA/EDA001/eda001.py:294: UserWarning: Glyph 12473 (\N{KATAKANA LETTER SU}) missing from font(s) DejaVu Sans.
  plt.tight_layout()

2026-07-03 15:56:59,475 [WARNING] /mnt/data/SIGNATE_Agentic_RAG/EDA/EDA001/eda001.py:294: UserWarning: Glyph 12463 (\N{KATAKANA LETTER KU}) missing from font(s) DejaVu Sans.
  plt.tight_layout()

2026-07-03 15:56:59,475 [WARNING] /mnt/data/SIGNATE_Agentic_RAG/EDA/EDA001/eda001.py:294: UserWarning: Glyph 35413 (\N{CJK UNIFIED IDEOGRAPH-8A55}) missing from font(s) DejaVu Sans.
  plt.tight_layout()

2026-07-03 15:56:59,475 [WARNING] /mnt/data/SIGNATE_Agentic_RAG/EDA/EDA001/eda001.py:294: UserWarning: Glyph 20385 (\N{CJK UNIFIED IDEOGRAPH-4FA1}) missing from font(s) DejaVu Sans.
  plt.tight_layout()

2026-07-03 15:56:59,476 [WARNING] /mnt/data/SIGNATE_Agentic_RAG/EDA/EDA001/eda001.py:294: UserWarning: Glyph 26666 (\N{CJK UNIFIED IDEOGRAPH-682A}) missing from font(s) DejaVu Sans.
  plt.tight_layout()

2026-07-03 15:56:59,476 [WARNING] /mnt/data/SIGNATE_Agentic_RAG/EDA/EDA001/eda001.py:294: UserWarning: Glyph 24335 (\N{CJK UNIFIED IDEOGRAPH-5F0F}) missing from font(s) DejaVu Sans.
  plt.tight_layout()

2026-07-03 15:56:59,476 [WARNING] /mnt/data/SIGNATE_Agentic_RAG/EDA/EDA001/eda001.py:294: UserWarning: Glyph 20250 (\N{CJK UNIFIED IDEOGRAPH-4F1A}) missing from font(s) DejaVu Sans.
  plt.tight_layout()

2026-07-03 15:56:59,476 [WARNING] /mnt/data/SIGNATE_Agentic_RAG/EDA/EDA001/eda001.py:294: UserWarning: Glyph 31038 (\N{CJK UNIFIED IDEOGRAPH-793E}) missing from font(s) DejaVu Sans.
  plt.tight_layout()

2026-07-03 15:56:59,476 [WARNING] /mnt/data/SIGNATE_Agentic_RAG/EDA/EDA001/eda001.py:294: UserWarning: Glyph 21307 (\N{CJK UNIFIED IDEOGRAPH-533B}) missing from font(s) DejaVu Sans.
  plt.tight_layout()

2026-07-03 15:56:59,477 [WARNING] /mnt/data/SIGNATE_Agentic_RAG/EDA/EDA001/eda001.py:294: UserWarning: Glyph 30274 (\N{CJK UNIFIED IDEOGRAPH-7642}) missing from font(s) DejaVu Sans.
  plt.tight_layout()

2026-07-03 15:56:59,477 [WARNING] /mnt/data/SIGNATE_Agentic_RAG/EDA/EDA001/eda001.py:294: UserWarning: Glyph 27861 (\N{CJK UNIFIED IDEOGRAPH-6CD5}) missing from font(s) DejaVu Sans.
  plt.tight_layout()

2026-07-03 15:56:59,477 [WARNING] /mnt/data/SIGNATE_Agentic_RAG/EDA/EDA001/eda001.py:294: UserWarning: Glyph 20154 (\N{CJK UNIFIED IDEOGRAPH-4EBA}) missing from font(s) DejaVu Sans.
  plt.tight_layout()

2026-07-03 15:56:59,477 [WARNING] /mnt/data/SIGNATE_Agentic_RAG/EDA/EDA001/eda001.py:294: UserWarning: Glyph 31038 (\N{CJK UNIFIED IDEOGRAPH-793E}) missing from font(s) DejaVu Sans.
  plt.tight_layout()

2026-07-03 15:56:59,477 [WARNING] /mnt/data/SIGNATE_Agentic_RAG/EDA/EDA001/eda001.py:294: UserWarning: Glyph 22243 (\N{CJK UNIFIED IDEOGRAPH-56E3}) missing from font(s) DejaVu Sans.
  plt.tight_layout()

2026-07-03 15:56:59,477 [WARNING] /mnt/data/SIGNATE_Agentic_RAG/EDA/EDA001/eda001.py:294: UserWarning: Glyph 24658 (\N{CJK UNIFIED IDEOGRAPH-6052}) missing from font(s) DejaVu Sans.
  plt.tight_layout()

2026-07-03 15:56:59,478 [WARNING] /mnt/data/SIGNATE_Agentic_RAG/EDA/EDA001/eda001.py:294: UserWarning: Glyph 19968 (\N{CJK UNIFIED IDEOGRAPH-4E00}) missing from font(s) DejaVu Sans.
  plt.tight_layout()

2026-07-03 15:56:59,478 [WARNING] /mnt/data/SIGNATE_Agentic_RAG/EDA/EDA001/eda001.py:294: UserWarning: Glyph 20250 (\N{CJK UNIFIED IDEOGRAPH-4F1A}) missing from font(s) DejaVu Sans.
  plt.tight_layout()

2026-07-03 15:56:59,478 [WARNING] /mnt/data/SIGNATE_Agentic_RAG/EDA/EDA001/eda001.py:294: UserWarning: Glyph 12363 (\N{HIRAGANA LETTER KA}) missing from font(s) DejaVu Sans.
  plt.tight_layout()

2026-07-03 15:56:59,478 [WARNING] /mnt/data/SIGNATE_Agentic_RAG/EDA/EDA001/eda001.py:294: UserWarning: Glyph 12360 (\N{HIRAGANA LETTER E}) missing from font(s) DejaVu Sans.
  plt.tight_layout()

2026-07-03 15:56:59,478 [WARNING] /mnt/data/SIGNATE_Agentic_RAG/EDA/EDA001/eda001.py:294: UserWarning: Glyph 12391 (\N{HIRAGANA LETTER DE}) missing from font(s) DejaVu Sans.
  plt.tight_layout()

2026-07-03 15:56:59,478 [WARNING] /mnt/data/SIGNATE_Agentic_RAG/EDA/EDA001/eda001.py:294: UserWarning: Glyph 32207 (\N{CJK UNIFIED IDEOGRAPH-7DCF}) missing from font(s) DejaVu Sans.
  plt.tight_layout()

2026-07-03 15:56:59,478 [WARNING] /mnt/data/SIGNATE_Agentic_RAG/EDA/EDA001/eda001.py:294: UserWarning: Glyph 21512 (\N{CJK UNIFIED IDEOGRAPH-5408}) missing from font(s) DejaVu Sans.
  plt.tight_layout()

2026-07-03 15:56:59,478 [WARNING] /mnt/data/SIGNATE_Agentic_RAG/EDA/EDA001/eda001.py:294: UserWarning: Glyph 30149 (\N{CJK UNIFIED IDEOGRAPH-75C5}) missing from font(s) DejaVu Sans.
  plt.tight_layout()

2026-07-03 15:56:59,478 [WARNING] /mnt/data/SIGNATE_Agentic_RAG/EDA/EDA001/eda001.py:294: UserWarning: Glyph 38498 (\N{CJK UNIFIED IDEOGRAPH-9662}) missing from font(s) DejaVu Sans.
  plt.tight_layout()

2026-07-03 15:56:59,479 [WARNING] /mnt/data/SIGNATE_Agentic_RAG/EDA/EDA001/eda001.py:294: UserWarning: Glyph 38738 (\N{CJK UNIFIED IDEOGRAPH-9752}) missing from font(s) DejaVu Sans.
  plt.tight_layout()

2026-07-03 15:56:59,479 [WARNING] /mnt/data/SIGNATE_Agentic_RAG/EDA/EDA001/eda001.py:294: UserWarning: Glyph 33865 (\N{CJK UNIFIED IDEOGRAPH-8449}) missing from font(s) DejaVu Sans.
  plt.tight_layout()

2026-07-03 15:56:59,479 [WARNING] /mnt/data/SIGNATE_Agentic_RAG/EDA/EDA001/eda001.py:294: UserWarning: Glyph 19982 (\N{CJK UNIFIED IDEOGRAPH-4E0E}) missing from font(s) DejaVu Sans.
  plt.tight_layout()

2026-07-03 15:56:59,479 [WARNING] /mnt/data/SIGNATE_Agentic_RAG/EDA/EDA001/eda001.py:294: UserWarning: Glyph 20449 (\N{CJK UNIFIED IDEOGRAPH-4FE1}) missing from font(s) DejaVu Sans.
  plt.tight_layout()

2026-07-03 15:56:59,479 [WARNING] /mnt/data/SIGNATE_Agentic_RAG/EDA/EDA001/eda001.py:294: UserWarning: Glyph 12510 (\N{KATAKANA LETTER MA}) missing from font(s) DejaVu Sans.
  plt.tight_layout()

2026-07-03 15:56:59,479 [WARNING] /mnt/data/SIGNATE_Agentic_RAG/EDA/EDA001/eda001.py:294: UserWarning: Glyph 12493 (\N{KATAKANA LETTER NE}) missing from font(s) DejaVu Sans.
  plt.tight_layout()

2026-07-03 15:56:59,479 [WARNING] /mnt/data/SIGNATE_Agentic_RAG/EDA/EDA001/eda001.py:294: UserWarning: Glyph 12472 (\N{KATAKANA LETTER ZI}) missing from font(s) DejaVu Sans.
  plt.tight_layout()

2026-07-03 15:56:59,479 [WARNING] /mnt/data/SIGNATE_Agentic_RAG/EDA/EDA001/eda001.py:294: UserWarning: Glyph 12513 (\N{KATAKANA LETTER ME}) missing from font(s) DejaVu Sans.
  plt.tight_layout()

2026-07-03 15:56:59,479 [WARNING] /mnt/data/SIGNATE_Agentic_RAG/EDA/EDA001/eda001.py:294: UserWarning: Glyph 12531 (\N{KATAKANA LETTER N}) missing from font(s) DejaVu Sans.
  plt.tight_layout()

2026-07-03 15:56:59,479 [WARNING] /mnt/data/SIGNATE_Agentic_RAG/EDA/EDA001/eda001.py:294: UserWarning: Glyph 12488 (\N{KATAKANA LETTER TO}) missing from font(s) DejaVu Sans.
  plt.tight_layout()

2026-07-03 15:56:59,479 [WARNING] /mnt/data/SIGNATE_Agentic_RAG/EDA/EDA001/eda001.py:294: UserWarning: Glyph 26666 (\N{CJK UNIFIED IDEOGRAPH-682A}) missing from font(s) DejaVu Sans.
  plt.tight_layout()

2026-07-03 15:56:59,479 [WARNING] /mnt/data/SIGNATE_Agentic_RAG/EDA/EDA001/eda001.py:294: UserWarning: Glyph 24335 (\N{CJK UNIFIED IDEOGRAPH-5F0F}) missing from font(s) DejaVu Sans.
  plt.tight_layout()

2026-07-03 15:56:59,480 [WARNING] /mnt/data/SIGNATE_Agentic_RAG/EDA/EDA001/eda001.py:294: UserWarning: Glyph 20250 (\N{CJK UNIFIED IDEOGRAPH-4F1A}) missing from font(s) DejaVu Sans.
  plt.tight_layout()

2026-07-03 15:56:59,480 [WARNING] /mnt/data/SIGNATE_Agentic_RAG/EDA/EDA001/eda001.py:294: UserWarning: Glyph 31038 (\N{CJK UNIFIED IDEOGRAPH-793E}) missing from font(s) DejaVu Sans.
  plt.tight_layout()

2026-07-03 15:56:59,483 [WARNING] /mnt/data/SIGNATE_Agentic_RAG/EDA/EDA001/eda001.py:294: UserWarning: Glyph 26696 (\N{CJK UNIFIED IDEOGRAPH-6848}) missing from font(s) DejaVu Sans.
  plt.tight_layout()

2026-07-03 15:56:59,483 [WARNING] /mnt/data/SIGNATE_Agentic_RAG/EDA/EDA001/eda001.py:294: UserWarning: Glyph 20214 (\N{CJK UNIFIED IDEOGRAPH-4EF6}) missing from font(s) DejaVu Sans.
  plt.tight_layout()

2026-07-03 15:56:59,483 [WARNING] /mnt/data/SIGNATE_Agentic_RAG/EDA/EDA001/eda001.py:294: UserWarning: Glyph 21029 (\N{CJK UNIFIED IDEOGRAPH-5225}) missing from font(s) DejaVu Sans.
  plt.tight_layout()

2026-07-03 15:56:59,483 [WARNING] /mnt/data/SIGNATE_Agentic_RAG/EDA/EDA001/eda001.py:294: UserWarning: Glyph 12501 (\N{KATAKANA LETTER HU}) missing from font(s) DejaVu Sans.
  plt.tight_layout()

2026-07-03 15:56:59,483 [WARNING] /mnt/data/SIGNATE_Agentic_RAG/EDA/EDA001/eda001.py:294: UserWarning: Glyph 12449 (\N{KATAKANA LETTER SMALL A}) missing from font(s) DejaVu Sans.
  plt.tight_layout()

2026-07-03 15:56:59,483 [WARNING] /mnt/data/SIGNATE_Agentic_RAG/EDA/EDA001/eda001.py:294: UserWarning: Glyph 12452 (\N{KATAKANA LETTER I}) missing from font(s) DejaVu Sans.
  plt.tight_layout()

2026-07-03 15:56:59,484 [WARNING] /mnt/data/SIGNATE_Agentic_RAG/EDA/EDA001/eda001.py:294: UserWarning: Glyph 12523 (\N{KATAKANA LETTER RU}) missing from font(s) DejaVu Sans.
  plt.tight_layout()

2026-07-03 15:56:59,484 [WARNING] /mnt/data/SIGNATE_Agentic_RAG/EDA/EDA001/eda001.py:294: UserWarning: Glyph 25968 (\N{CJK UNIFIED IDEOGRAPH-6570}) missing from font(s) DejaVu Sans.
  plt.tight_layout()

2026-07-03 15:56:59,491 [WARNING] /mnt/data/SIGNATE_Agentic_RAG/EDA/EDA001/eda001.py:295: UserWarning: Glyph 26666 (\N{CJK UNIFIED IDEOGRAPH-682A}) missing from font(s) DejaVu Sans.
  plt.savefig(out_path, dpi=150)

2026-07-03 15:56:59,491 [WARNING] /mnt/data/SIGNATE_Agentic_RAG/EDA/EDA001/eda001.py:295: UserWarning: Glyph 24335 (\N{CJK UNIFIED IDEOGRAPH-5F0F}) missing from font(s) DejaVu Sans.
  plt.savefig(out_path, dpi=150)

2026-07-03 15:56:59,491 [WARNING] /mnt/data/SIGNATE_Agentic_RAG/EDA/EDA001/eda001.py:295: UserWarning: Glyph 20250 (\N{CJK UNIFIED IDEOGRAPH-4F1A}) missing from font(s) DejaVu Sans.
  plt.savefig(out_path, dpi=150)

2026-07-03 15:56:59,491 [WARNING] /mnt/data/SIGNATE_Agentic_RAG/EDA/EDA001/eda001.py:295: UserWarning: Glyph 31038 (\N{CJK UNIFIED IDEOGRAPH-793E}) missing from font(s) DejaVu Sans.
  plt.savefig(out_path, dpi=150)

2026-07-03 15:56:59,491 [WARNING] /mnt/data/SIGNATE_Agentic_RAG/EDA/EDA001/eda001.py:295: UserWarning: Glyph 38738 (\N{CJK UNIFIED IDEOGRAPH-9752}) missing from font(s) DejaVu Sans.
  plt.savefig(out_path, dpi=150)

2026-07-03 15:56:59,491 [WARNING] /mnt/data/SIGNATE_Agentic_RAG/EDA/EDA001/eda001.py:295: UserWarning: Glyph 33865 (\N{CJK UNIFIED IDEOGRAPH-8449}) missing from font(s) DejaVu Sans.
  plt.savefig(out_path, dpi=150)

2026-07-03 15:56:59,491 [WARNING] /mnt/data/SIGNATE_Agentic_RAG/EDA/EDA001/eda001.py:295: UserWarning: Glyph 12496 (\N{KATAKANA LETTER BA}) missing from font(s) DejaVu Sans.
  plt.savefig(out_path, dpi=150)

2026-07-03 15:56:59,491 [WARNING] /mnt/data/SIGNATE_Agentic_RAG/EDA/EDA001/eda001.py:295: UserWarning: Glyph 12452 (\N{KATAKANA LETTER I}) missing from font(s) DejaVu Sans.
  plt.savefig(out_path, dpi=150)

2026-07-03 15:56:59,492 [WARNING] /mnt/data/SIGNATE_Agentic_RAG/EDA/EDA001/eda001.py:295: UserWarning: Glyph 12458 (\N{KATAKANA LETTER O}) missing from font(s) DejaVu Sans.
  plt.savefig(out_path, dpi=150)

2026-07-03 15:56:59,492 [WARNING] /mnt/data/SIGNATE_Agentic_RAG/EDA/EDA001/eda001.py:295: UserWarning: Glyph 12513 (\N{KATAKANA LETTER ME}) missing from font(s) DejaVu Sans.
  plt.savefig(out_path, dpi=150)

2026-07-03 15:56:59,492 [WARNING] /mnt/data/SIGNATE_Agentic_RAG/EDA/EDA001/eda001.py:295: UserWarning: Glyph 12487 (\N{KATAKANA LETTER DE}) missing from font(s) DejaVu Sans.
  plt.savefig(out_path, dpi=150)

2026-07-03 15:56:59,492 [WARNING] /mnt/data/SIGNATE_Agentic_RAG/EDA/EDA001/eda001.py:295: UserWarning: Glyph 12451 (\N{KATAKANA LETTER SMALL I}) missing from font(s) DejaVu Sans.
  plt.savefig(out_path, dpi=150)

2026-07-03 15:56:59,492 [WARNING] /mnt/data/SIGNATE_Agentic_RAG/EDA/EDA001/eda001.py:295: UserWarning: Glyph 12459 (\N{KATAKANA LETTER KA}) missing from font(s) DejaVu Sans.
  plt.savefig(out_path, dpi=150)

2026-07-03 15:56:59,492 [WARNING] /mnt/data/SIGNATE_Agentic_RAG/EDA/EDA001/eda001.py:295: UserWarning: Glyph 12523 (\N{KATAKANA LETTER RU}) missing from font(s) DejaVu Sans.
  plt.savefig(out_path, dpi=150)

2026-07-03 15:56:59,492 [WARNING] /mnt/data/SIGNATE_Agentic_RAG/EDA/EDA001/eda001.py:295: UserWarning: Glyph 27231 (\N{CJK UNIFIED IDEOGRAPH-6A5F}) missing from font(s) DejaVu Sans.
  plt.savefig(out_path, dpi=150)

2026-07-03 15:56:59,492 [WARNING] /mnt/data/SIGNATE_Agentic_RAG/EDA/EDA001/eda001.py:295: UserWarning: Glyph 22120 (\N{CJK UNIFIED IDEOGRAPH-5668}) missing from font(s) DejaVu Sans.
  plt.savefig(out_path, dpi=150)

2026-07-03 15:56:59,493 [WARNING] /mnt/data/SIGNATE_Agentic_RAG/EDA/EDA001/eda001.py:295: UserWarning: Glyph 21307 (\N{CJK UNIFIED IDEOGRAPH-533B}) missing from font(s) DejaVu Sans.
  plt.savefig(out_path, dpi=150)

2026-07-03 15:56:59,493 [WARNING] /mnt/data/SIGNATE_Agentic_RAG/EDA/EDA001/eda001.py:295: UserWarning: Glyph 30274 (\N{CJK UNIFIED IDEOGRAPH-7642}) missing from font(s) DejaVu Sans.
  plt.savefig(out_path, dpi=150)

2026-07-03 15:56:59,493 [WARNING] /mnt/data/SIGNATE_Agentic_RAG/EDA/EDA001/eda001.py:295: UserWarning: Glyph 27861 (\N{CJK UNIFIED IDEOGRAPH-6CD5}) missing from font(s) DejaVu Sans.
  plt.savefig(out_path, dpi=150)

2026-07-03 15:56:59,493 [WARNING] /mnt/data/SIGNATE_Agentic_RAG/EDA/EDA001/eda001.py:295: UserWarning: Glyph 20154 (\N{CJK UNIFIED IDEOGRAPH-4EBA}) missing from font(s) DejaVu Sans.
  plt.savefig(out_path, dpi=150)

2026-07-03 15:56:59,493 [WARNING] /mnt/data/SIGNATE_Agentic_RAG/EDA/EDA001/eda001.py:295: UserWarning: Glyph 31038 (\N{CJK UNIFIED IDEOGRAPH-793E}) missing from font(s) DejaVu Sans.
  plt.savefig(out_path, dpi=150)

2026-07-03 15:56:59,494 [WARNING] /mnt/data/SIGNATE_Agentic_RAG/EDA/EDA001/eda001.py:295: UserWarning: Glyph 22243 (\N{CJK UNIFIED IDEOGRAPH-56E3}) missing from font(s) DejaVu Sans.
  plt.savefig(out_path, dpi=150)

2026-07-03 15:56:59,494 [WARNING] /mnt/data/SIGNATE_Agentic_RAG/EDA/EDA001/eda001.py:295: UserWarning: Glyph 33980 (\N{CJK UNIFIED IDEOGRAPH-84BC}) missing from font(s) DejaVu Sans.
  plt.savefig(out_path, dpi=150)

2026-07-03 15:56:59,494 [WARNING] /mnt/data/SIGNATE_Agentic_RAG/EDA/EDA001/eda001.py:295: UserWarning: Glyph 27849 (\N{CJK UNIFIED IDEOGRAPH-6CC9}) missing from font(s) DejaVu Sans.
  plt.savefig(out_path, dpi=150)

2026-07-03 15:56:59,494 [WARNING] /mnt/data/SIGNATE_Agentic_RAG/EDA/EDA001/eda001.py:295: UserWarning: Glyph 20250 (\N{CJK UNIFIED IDEOGRAPH-4F1A}) missing from font(s) DejaVu Sans.
  plt.savefig(out_path, dpi=150)

2026-07-03 15:56:59,494 [WARNING] /mnt/data/SIGNATE_Agentic_RAG/EDA/EDA001/eda001.py:295: UserWarning: Glyph 12402 (\N{HIRAGANA LETTER HI}) missing from font(s) DejaVu Sans.
  plt.savefig(out_path, dpi=150)

2026-07-03 15:56:59,494 [WARNING] /mnt/data/SIGNATE_Agentic_RAG/EDA/EDA001/eda001.py:295: UserWarning: Glyph 12364 (\N{HIRAGANA LETTER GA}) missing from font(s) DejaVu Sans.
  plt.savefig(out_path, dpi=150)

2026-07-03 15:56:59,494 [WARNING] /mnt/data/SIGNATE_Agentic_RAG/EDA/EDA001/eda001.py:295: UserWarning: Glyph 12375 (\N{HIRAGANA LETTER SI}) missing from font(s) DejaVu Sans.
  plt.savefig(out_path, dpi=150)

2026-07-03 15:56:59,494 [WARNING] /mnt/data/SIGNATE_Agentic_RAG/EDA/EDA001/eda001.py:295: UserWarning: Glyph 19992 (\N{CJK UNIFIED IDEOGRAPH-4E18}) missing from font(s) DejaVu Sans.
  plt.savefig(out_path, dpi=150)

2026-07-03 15:56:59,495 [WARNING] /mnt/data/SIGNATE_Agentic_RAG/EDA/EDA001/eda001.py:295: UserWarning: Glyph 32207 (\N{CJK UNIFIED IDEOGRAPH-7DCF}) missing from font(s) DejaVu Sans.
  plt.savefig(out_path, dpi=150)

2026-07-03 15:56:59,495 [WARNING] /mnt/data/SIGNATE_Agentic_RAG/EDA/EDA001/eda001.py:295: UserWarning: Glyph 21512 (\N{CJK UNIFIED IDEOGRAPH-5408}) missing from font(s) DejaVu Sans.
  plt.savefig(out_path, dpi=150)

2026-07-03 15:56:59,495 [WARNING] /mnt/data/SIGNATE_Agentic_RAG/EDA/EDA001/eda001.py:295: UserWarning: Glyph 30149 (\N{CJK UNIFIED IDEOGRAPH-75C5}) missing from font(s) DejaVu Sans.
  plt.savefig(out_path, dpi=150)

2026-07-03 15:56:59,495 [WARNING] /mnt/data/SIGNATE_Agentic_RAG/EDA/EDA001/eda001.py:295: UserWarning: Glyph 38498 (\N{CJK UNIFIED IDEOGRAPH-9662}) missing from font(s) DejaVu Sans.
  plt.savefig(out_path, dpi=150)

2026-07-03 15:56:59,495 [WARNING] /mnt/data/SIGNATE_Agentic_RAG/EDA/EDA001/eda001.py:295: UserWarning: Glyph 20140 (\N{CJK UNIFIED IDEOGRAPH-4EAC}) missing from font(s) DejaVu Sans.
  plt.savefig(out_path, dpi=150)

2026-07-03 15:56:59,496 [WARNING] /mnt/data/SIGNATE_Agentic_RAG/EDA/EDA001/eda001.py:295: UserWarning: Glyph 27211 (\N{CJK UNIFIED IDEOGRAPH-6A4B}) missing from font(s) DejaVu Sans.
  plt.savefig(out_path, dpi=150)

2026-07-03 15:56:59,496 [WARNING] /mnt/data/SIGNATE_Agentic_RAG/EDA/EDA001/eda001.py:295: UserWarning: Glyph 20449 (\N{CJK UNIFIED IDEOGRAPH-4FE1}) missing from font(s) DejaVu Sans.
  plt.savefig(out_path, dpi=150)

2026-07-03 15:56:59,496 [WARNING] /mnt/data/SIGNATE_Agentic_RAG/EDA/EDA001/eda001.py:295: UserWarning: Glyph 29992 (\N{CJK UNIFIED IDEOGRAPH-7528}) missing from font(s) DejaVu Sans.
  plt.savefig(out_path, dpi=150)

2026-07-03 15:56:59,496 [WARNING] /mnt/data/SIGNATE_Agentic_RAG/EDA/EDA001/eda001.py:295: UserWarning: Glyph 12477 (\N{KATAKANA LETTER SO}) missing from font(s) DejaVu Sans.
  plt.savefig(out_path, dpi=150)

2026-07-03 15:56:59,496 [WARNING] /mnt/data/SIGNATE_Agentic_RAG/EDA/EDA001/eda001.py:295: UserWarning: Glyph 12522 (\N{KATAKANA LETTER RI}) missing from font(s) DejaVu Sans.
  plt.savefig(out_path, dpi=150)

2026-07-03 15:56:59,496 [WARNING] /mnt/data/SIGNATE_Agentic_RAG/EDA/EDA001/eda001.py:295: UserWarning: Glyph 12517 (\N{KATAKANA LETTER SMALL YU}) missing from font(s) DejaVu Sans.
  plt.savefig(out_path, dpi=150)

2026-07-03 15:56:59,496 [WARNING] /mnt/data/SIGNATE_Agentic_RAG/EDA/EDA001/eda001.py:295: UserWarning: Glyph 12540 (\N{KATAKANA-HIRAGANA PROLONGED SOUND MARK}) missing from font(s) DejaVu Sans.
  plt.savefig(out_path, dpi=150)

2026-07-03 15:56:59,496 [WARNING] /mnt/data/SIGNATE_Agentic_RAG/EDA/EDA001/eda001.py:295: UserWarning: Glyph 12471 (\N{KATAKANA LETTER SI}) missing from font(s) DejaVu Sans.
  plt.savefig(out_path, dpi=150)

2026-07-03 15:56:59,496 [WARNING] /mnt/data/SIGNATE_Agentic_RAG/EDA/EDA001/eda001.py:295: UserWarning: Glyph 12519 (\N{KATAKANA LETTER SMALL YO}) missing from font(s) DejaVu Sans.
  plt.savefig(out_path, dpi=150)

2026-07-03 15:56:59,497 [WARNING] /mnt/data/SIGNATE_Agentic_RAG/EDA/EDA001/eda001.py:295: UserWarning: Glyph 12531 (\N{KATAKANA LETTER N}) missing from font(s) DejaVu Sans.
  plt.savefig(out_path, dpi=150)

2026-07-03 15:56:59,497 [WARNING] /mnt/data/SIGNATE_Agentic_RAG/EDA/EDA001/eda001.py:295: UserWarning: Glyph 12474 (\N{KATAKANA LETTER ZU}) missing from font(s) DejaVu Sans.
  plt.savefig(out_path, dpi=150)

2026-07-03 15:56:59,497 [WARNING] /mnt/data/SIGNATE_Agentic_RAG/EDA/EDA001/eda001.py:295: UserWarning: Glyph 26666 (\N{CJK UNIFIED IDEOGRAPH-682A}) missing from font(s) DejaVu Sans.
  plt.savefig(out_path, dpi=150)

2026-07-03 15:56:59,497 [WARNING] /mnt/data/SIGNATE_Agentic_RAG/EDA/EDA001/eda001.py:295: UserWarning: Glyph 24335 (\N{CJK UNIFIED IDEOGRAPH-5F0F}) missing from font(s) DejaVu Sans.
  plt.savefig(out_path, dpi=150)

2026-07-03 15:56:59,497 [WARNING] /mnt/data/SIGNATE_Agentic_RAG/EDA/EDA001/eda001.py:295: UserWarning: Glyph 20250 (\N{CJK UNIFIED IDEOGRAPH-4F1A}) missing from font(s) DejaVu Sans.
  plt.savefig(out_path, dpi=150)

2026-07-03 15:56:59,497 [WARNING] /mnt/data/SIGNATE_Agentic_RAG/EDA/EDA001/eda001.py:295: UserWarning: Glyph 31038 (\N{CJK UNIFIED IDEOGRAPH-793E}) missing from font(s) DejaVu Sans.
  plt.savefig(out_path, dpi=150)

2026-07-03 15:56:59,498 [WARNING] /mnt/data/SIGNATE_Agentic_RAG/EDA/EDA001/eda001.py:295: UserWarning: Glyph 26666 (\N{CJK UNIFIED IDEOGRAPH-682A}) missing from font(s) DejaVu Sans.
  plt.savefig(out_path, dpi=150)

2026-07-03 15:56:59,498 [WARNING] /mnt/data/SIGNATE_Agentic_RAG/EDA/EDA001/eda001.py:295: UserWarning: Glyph 24335 (\N{CJK UNIFIED IDEOGRAPH-5F0F}) missing from font(s) DejaVu Sans.
  plt.savefig(out_path, dpi=150)

2026-07-03 15:56:59,498 [WARNING] /mnt/data/SIGNATE_Agentic_RAG/EDA/EDA001/eda001.py:295: UserWarning: Glyph 20250 (\N{CJK UNIFIED IDEOGRAPH-4F1A}) missing from font(s) DejaVu Sans.
  plt.savefig(out_path, dpi=150)

2026-07-03 15:56:59,498 [WARNING] /mnt/data/SIGNATE_Agentic_RAG/EDA/EDA001/eda001.py:295: UserWarning: Glyph 31038 (\N{CJK UNIFIED IDEOGRAPH-793E}) missing from font(s) DejaVu Sans.
  plt.savefig(out_path, dpi=150)

2026-07-03 15:56:59,498 [WARNING] /mnt/data/SIGNATE_Agentic_RAG/EDA/EDA001/eda001.py:295: UserWarning: Glyph 26481 (\N{CJK UNIFIED IDEOGRAPH-6771}) missing from font(s) DejaVu Sans.
  plt.savefig(out_path, dpi=150)

2026-07-03 15:56:59,498 [WARNING] /mnt/data/SIGNATE_Agentic_RAG/EDA/EDA001/eda001.py:295: UserWarning: Glyph 37117 (\N{CJK UNIFIED IDEOGRAPH-90FD}) missing from font(s) DejaVu Sans.
  plt.savefig(out_path, dpi=150)

2026-07-03 15:56:59,498 [WARNING] /mnt/data/SIGNATE_Agentic_RAG/EDA/EDA001/eda001.py:295: UserWarning: Glyph 20154 (\N{CJK UNIFIED IDEOGRAPH-4EBA}) missing from font(s) DejaVu Sans.
  plt.savefig(out_path, dpi=150)

2026-07-03 15:56:59,498 [WARNING] /mnt/data/SIGNATE_Agentic_RAG/EDA/EDA001/eda001.py:295: UserWarning: Glyph 26448 (\N{CJK UNIFIED IDEOGRAPH-6750}) missing from font(s) DejaVu Sans.
  plt.savefig(out_path, dpi=150)

2026-07-03 15:56:59,498 [WARNING] /mnt/data/SIGNATE_Agentic_RAG/EDA/EDA001/eda001.py:295: UserWarning: Glyph 12503 (\N{KATAKANA LETTER PU}) missing from font(s) DejaVu Sans.
  plt.savefig(out_path, dpi=150)

2026-07-03 15:56:59,499 [WARNING] /mnt/data/SIGNATE_Agentic_RAG/EDA/EDA001/eda001.py:295: UserWarning: Glyph 12521 (\N{KATAKANA LETTER RA}) missing from font(s) DejaVu Sans.
  plt.savefig(out_path, dpi=150)

2026-07-03 15:56:59,499 [WARNING] /mnt/data/SIGNATE_Agentic_RAG/EDA/EDA001/eda001.py:295: UserWarning: Glyph 12483 (\N{KATAKANA LETTER SMALL TU}) missing from font(s) DejaVu Sans.
  plt.savefig(out_path, dpi=150)

2026-07-03 15:56:59,499 [WARNING] /mnt/data/SIGNATE_Agentic_RAG/EDA/EDA001/eda001.py:295: UserWarning: Glyph 12488 (\N{KATAKANA LETTER TO}) missing from font(s) DejaVu Sans.
  plt.savefig(out_path, dpi=150)

2026-07-03 15:56:59,499 [WARNING] /mnt/data/SIGNATE_Agentic_RAG/EDA/EDA001/eda001.py:295: UserWarning: Glyph 12501 (\N{KATAKANA LETTER HU}) missing from font(s) DejaVu Sans.
  plt.savefig(out_path, dpi=150)

2026-07-03 15:56:59,499 [WARNING] /mnt/data/SIGNATE_Agentic_RAG/EDA/EDA001/eda001.py:295: UserWarning: Glyph 12457 (\N{KATAKANA LETTER SMALL O}) missing from font(s) DejaVu Sans.
  plt.savefig(out_path, dpi=150)

2026-07-03 15:56:59,499 [WARNING] /mnt/data/SIGNATE_Agentic_RAG/EDA/EDA001/eda001.py:295: UserWarning: Glyph 12540 (\N{KATAKANA-HIRAGANA PROLONGED SOUND MARK}) missing from font(s) DejaVu Sans.
  plt.savefig(out_path, dpi=150)

2026-07-03 15:56:59,499 [WARNING] /mnt/data/SIGNATE_Agentic_RAG/EDA/EDA001/eda001.py:295: UserWarning: Glyph 12512 (\N{KATAKANA LETTER MU}) missing from font(s) DejaVu Sans.
  plt.savefig(out_path, dpi=150)

2026-07-03 15:56:59,499 [WARNING] /mnt/data/SIGNATE_Agentic_RAG/EDA/EDA001/eda001.py:295: UserWarning: Glyph 26666 (\N{CJK UNIFIED IDEOGRAPH-682A}) missing from font(s) DejaVu Sans.
  plt.savefig(out_path, dpi=150)

2026-07-03 15:56:59,500 [WARNING] /mnt/data/SIGNATE_Agentic_RAG/EDA/EDA001/eda001.py:295: UserWarning: Glyph 24335 (\N{CJK UNIFIED IDEOGRAPH-5F0F}) missing from font(s) DejaVu Sans.
  plt.savefig(out_path, dpi=150)

2026-07-03 15:56:59,500 [WARNING] /mnt/data/SIGNATE_Agentic_RAG/EDA/EDA001/eda001.py:295: UserWarning: Glyph 20250 (\N{CJK UNIFIED IDEOGRAPH-4F1A}) missing from font(s) DejaVu Sans.
  plt.savefig(out_path, dpi=150)

2026-07-03 15:56:59,500 [WARNING] /mnt/data/SIGNATE_Agentic_RAG/EDA/EDA001/eda001.py:295: UserWarning: Glyph 31038 (\N{CJK UNIFIED IDEOGRAPH-793E}) missing from font(s) DejaVu Sans.
  plt.savefig(out_path, dpi=150)

2026-07-03 15:56:59,500 [WARNING] /mnt/data/SIGNATE_Agentic_RAG/EDA/EDA001/eda001.py:295: UserWarning: Glyph 38738 (\N{CJK UNIFIED IDEOGRAPH-9752}) missing from font(s) DejaVu Sans.
  plt.savefig(out_path, dpi=150)

2026-07-03 15:56:59,500 [WARNING] /mnt/data/SIGNATE_Agentic_RAG/EDA/EDA001/eda001.py:295: UserWarning: Glyph 28526 (\N{CJK UNIFIED IDEOGRAPH-6F6E}) missing from font(s) DejaVu Sans.
  plt.savefig(out_path, dpi=150)

2026-07-03 15:56:59,500 [WARNING] /mnt/data/SIGNATE_Agentic_RAG/EDA/EDA001/eda001.py:295: UserWarning: Glyph 12514 (\N{KATAKANA LETTER MO}) missing from font(s) DejaVu Sans.
  plt.savefig(out_path, dpi=150)

2026-07-03 15:56:59,500 [WARNING] /mnt/data/SIGNATE_Agentic_RAG/EDA/EDA001/eda001.py:295: UserWarning: Glyph 12499 (\N{KATAKANA LETTER BI}) missing from font(s) DejaVu Sans.
  plt.savefig(out_path, dpi=150)

2026-07-03 15:56:59,500 [WARNING] /mnt/data/SIGNATE_Agentic_RAG/EDA/EDA001/eda001.py:295: UserWarning: Glyph 12522 (\N{KATAKANA LETTER RI}) missing from font(s) DejaVu Sans.
  plt.savefig(out_path, dpi=150)

2026-07-03 15:56:59,500 [WARNING] /mnt/data/SIGNATE_Agentic_RAG/EDA/EDA001/eda001.py:295: UserWarning: Glyph 12486 (\N{KATAKANA LETTER TE}) missing from font(s) DejaVu Sans.
  plt.savefig(out_path, dpi=150)

2026-07-03 15:56:59,501 [WARNING] /mnt/data/SIGNATE_Agentic_RAG/EDA/EDA001/eda001.py:295: UserWarning: Glyph 12451 (\N{KATAKANA LETTER SMALL I}) missing from font(s) DejaVu Sans.
  plt.savefig(out_path, dpi=150)

2026-07-03 15:56:59,501 [WARNING] /mnt/data/SIGNATE_Agentic_RAG/EDA/EDA001/eda001.py:295: UserWarning: Glyph 12469 (\N{KATAKANA LETTER SA}) missing from font(s) DejaVu Sans.
  plt.savefig(out_path, dpi=150)

2026-07-03 15:56:59,501 [WARNING] /mnt/data/SIGNATE_Agentic_RAG/EDA/EDA001/eda001.py:295: UserWarning: Glyph 12540 (\N{KATAKANA-HIRAGANA PROLONGED SOUND MARK}) missing from font(s) DejaVu Sans.
  plt.savefig(out_path, dpi=150)

2026-07-03 15:56:59,501 [WARNING] /mnt/data/SIGNATE_Agentic_RAG/EDA/EDA001/eda001.py:295: UserWarning: Glyph 12499 (\N{KATAKANA LETTER BI}) missing from font(s) DejaVu Sans.
  plt.savefig(out_path, dpi=150)

2026-07-03 15:56:59,501 [WARNING] /mnt/data/SIGNATE_Agentic_RAG/EDA/EDA001/eda001.py:295: UserWarning: Glyph 12473 (\N{KATAKANA LETTER SU}) missing from font(s) DejaVu Sans.
  plt.savefig(out_path, dpi=150)

2026-07-03 15:56:59,501 [WARNING] /mnt/data/SIGNATE_Agentic_RAG/EDA/EDA001/eda001.py:295: UserWarning: Glyph 26666 (\N{CJK UNIFIED IDEOGRAPH-682A}) missing from font(s) DejaVu Sans.
  plt.savefig(out_path, dpi=150)

2026-07-03 15:56:59,501 [WARNING] /mnt/data/SIGNATE_Agentic_RAG/EDA/EDA001/eda001.py:295: UserWarning: Glyph 24335 (\N{CJK UNIFIED IDEOGRAPH-5F0F}) missing from font(s) DejaVu Sans.
  plt.savefig(out_path, dpi=150)

2026-07-03 15:56:59,502 [WARNING] /mnt/data/SIGNATE_Agentic_RAG/EDA/EDA001/eda001.py:295: UserWarning: Glyph 20250 (\N{CJK UNIFIED IDEOGRAPH-4F1A}) missing from font(s) DejaVu Sans.
  plt.savefig(out_path, dpi=150)

2026-07-03 15:56:59,502 [WARNING] /mnt/data/SIGNATE_Agentic_RAG/EDA/EDA001/eda001.py:295: UserWarning: Glyph 31038 (\N{CJK UNIFIED IDEOGRAPH-793E}) missing from font(s) DejaVu Sans.
  plt.savefig(out_path, dpi=150)

2026-07-03 15:56:59,502 [WARNING] /mnt/data/SIGNATE_Agentic_RAG/EDA/EDA001/eda001.py:295: UserWarning: Glyph 38738 (\N{CJK UNIFIED IDEOGRAPH-9752}) missing from font(s) DejaVu Sans.
  plt.savefig(out_path, dpi=150)

2026-07-03 15:56:59,502 [WARNING] /mnt/data/SIGNATE_Agentic_RAG/EDA/EDA001/eda001.py:295: UserWarning: Glyph 23994 (\N{CJK UNIFIED IDEOGRAPH-5DBA}) missing from font(s) DejaVu Sans.
  plt.savefig(out_path, dpi=150)

2026-07-03 15:56:59,502 [WARNING] /mnt/data/SIGNATE_Agentic_RAG/EDA/EDA001/eda001.py:295: UserWarning: Glyph 19981 (\N{CJK UNIFIED IDEOGRAPH-4E0D}) missing from font(s) DejaVu Sans.
  plt.savefig(out_path, dpi=150)

2026-07-03 15:56:59,502 [WARNING] /mnt/data/SIGNATE_Agentic_RAG/EDA/EDA001/eda001.py:295: UserWarning: Glyph 21205 (\N{CJK UNIFIED IDEOGRAPH-52D5}) missing from font(s) DejaVu Sans.
  plt.savefig(out_path, dpi=150)

2026-07-03 15:56:59,502 [WARNING] /mnt/data/SIGNATE_Agentic_RAG/EDA/EDA001/eda001.py:295: UserWarning: Glyph 29987 (\N{CJK UNIFIED IDEOGRAPH-7523}) missing from font(s) DejaVu Sans.
  plt.savefig(out_path, dpi=150)

2026-07-03 15:56:59,502 [WARNING] /mnt/data/SIGNATE_Agentic_RAG/EDA/EDA001/eda001.py:295: UserWarning: Glyph 12450 (\N{KATAKANA LETTER A}) missing from font(s) DejaVu Sans.
  plt.savefig(out_path, dpi=150)

2026-07-03 15:56:59,503 [WARNING] /mnt/data/SIGNATE_Agentic_RAG/EDA/EDA001/eda001.py:295: UserWarning: Glyph 12475 (\N{KATAKANA LETTER SE}) missing from font(s) DejaVu Sans.
  plt.savefig(out_path, dpi=150)

2026-07-03 15:56:59,503 [WARNING] /mnt/data/SIGNATE_Agentic_RAG/EDA/EDA001/eda001.py:295: UserWarning: Glyph 12483 (\N{KATAKANA LETTER SMALL TU}) missing from font(s) DejaVu Sans.
  plt.savefig(out_path, dpi=150)

2026-07-03 15:56:59,503 [WARNING] /mnt/data/SIGNATE_Agentic_RAG/EDA/EDA001/eda001.py:295: UserWarning: Glyph 12488 (\N{KATAKANA LETTER TO}) missing from font(s) DejaVu Sans.
  plt.savefig(out_path, dpi=150)

2026-07-03 15:56:59,503 [WARNING] /mnt/data/SIGNATE_Agentic_RAG/EDA/EDA001/eda001.py:295: UserWarning: Glyph 12510 (\N{KATAKANA LETTER MA}) missing from font(s) DejaVu Sans.
  plt.savefig(out_path, dpi=150)

2026-07-03 15:56:59,503 [WARNING] /mnt/data/SIGNATE_Agentic_RAG/EDA/EDA001/eda001.py:295: UserWarning: Glyph 12493 (\N{KATAKANA LETTER NE}) missing from font(s) DejaVu Sans.
  plt.savefig(out_path, dpi=150)

2026-07-03 15:56:59,503 [WARNING] /mnt/data/SIGNATE_Agentic_RAG/EDA/EDA001/eda001.py:295: UserWarning: Glyph 12472 (\N{KATAKANA LETTER ZI}) missing from font(s) DejaVu Sans.
  plt.savefig(out_path, dpi=150)

2026-07-03 15:56:59,503 [WARNING] /mnt/data/SIGNATE_Agentic_RAG/EDA/EDA001/eda001.py:295: UserWarning: Glyph 12513 (\N{KATAKANA LETTER ME}) missing from font(s) DejaVu Sans.
  plt.savefig(out_path, dpi=150)

2026-07-03 15:56:59,503 [WARNING] /mnt/data/SIGNATE_Agentic_RAG/EDA/EDA001/eda001.py:295: UserWarning: Glyph 12531 (\N{KATAKANA LETTER N}) missing from font(s) DejaVu Sans.
  plt.savefig(out_path, dpi=150)

2026-07-03 15:56:59,503 [WARNING] /mnt/data/SIGNATE_Agentic_RAG/EDA/EDA001/eda001.py:295: UserWarning: Glyph 12488 (\N{KATAKANA LETTER TO}) missing from font(s) DejaVu Sans.
  plt.savefig(out_path, dpi=150)

2026-07-03 15:56:59,503 [WARNING] /mnt/data/SIGNATE_Agentic_RAG/EDA/EDA001/eda001.py:295: UserWarning: Glyph 21307 (\N{CJK UNIFIED IDEOGRAPH-533B}) missing from font(s) DejaVu Sans.
  plt.savefig(out_path, dpi=150)

2026-07-03 15:56:59,504 [WARNING] /mnt/data/SIGNATE_Agentic_RAG/EDA/EDA001/eda001.py:295: UserWarning: Glyph 30274 (\N{CJK UNIFIED IDEOGRAPH-7642}) missing from font(s) DejaVu Sans.
  plt.savefig(out_path, dpi=150)

2026-07-03 15:56:59,504 [WARNING] /mnt/data/SIGNATE_Agentic_RAG/EDA/EDA001/eda001.py:295: UserWarning: Glyph 27861 (\N{CJK UNIFIED IDEOGRAPH-6CD5}) missing from font(s) DejaVu Sans.
  plt.savefig(out_path, dpi=150)

2026-07-03 15:56:59,504 [WARNING] /mnt/data/SIGNATE_Agentic_RAG/EDA/EDA001/eda001.py:295: UserWarning: Glyph 20154 (\N{CJK UNIFIED IDEOGRAPH-4EBA}) missing from font(s) DejaVu Sans.
  plt.savefig(out_path, dpi=150)

2026-07-03 15:56:59,504 [WARNING] /mnt/data/SIGNATE_Agentic_RAG/EDA/EDA001/eda001.py:295: UserWarning: Glyph 31038 (\N{CJK UNIFIED IDEOGRAPH-793E}) missing from font(s) DejaVu Sans.
  plt.savefig(out_path, dpi=150)

2026-07-03 15:56:59,504 [WARNING] /mnt/data/SIGNATE_Agentic_RAG/EDA/EDA001/eda001.py:295: UserWarning: Glyph 22243 (\N{CJK UNIFIED IDEOGRAPH-56E3}) missing from font(s) DejaVu Sans.
  plt.savefig(out_path, dpi=150)

2026-07-03 15:56:59,505 [WARNING] /mnt/data/SIGNATE_Agentic_RAG/EDA/EDA001/eda001.py:295: UserWarning: Glyph 33980 (\N{CJK UNIFIED IDEOGRAPH-84BC}) missing from font(s) DejaVu Sans.
  plt.savefig(out_path, dpi=150)

2026-07-03 15:56:59,505 [WARNING] /mnt/data/SIGNATE_Agentic_RAG/EDA/EDA001/eda001.py:295: UserWarning: Glyph 27193 (\N{CJK UNIFIED IDEOGRAPH-6A39}) missing from font(s) DejaVu Sans.
  plt.savefig(out_path, dpi=150)

2026-07-03 15:56:59,505 [WARNING] /mnt/data/SIGNATE_Agentic_RAG/EDA/EDA001/eda001.py:295: UserWarning: Glyph 20250 (\N{CJK UNIFIED IDEOGRAPH-4F1A}) missing from font(s) DejaVu Sans.
  plt.savefig(out_path, dpi=150)

2026-07-03 15:56:59,505 [WARNING] /mnt/data/SIGNATE_Agentic_RAG/EDA/EDA001/eda001.py:295: UserWarning: Glyph 12415 (\N{HIRAGANA LETTER MI}) missing from font(s) DejaVu Sans.
  plt.savefig(out_path, dpi=150)

2026-07-03 15:56:59,505 [WARNING] /mnt/data/SIGNATE_Agentic_RAG/EDA/EDA001/eda001.py:295: UserWarning: Glyph 12394 (\N{HIRAGANA LETTER NA}) missing from font(s) DejaVu Sans.
  plt.savefig(out_path, dpi=150)

2026-07-03 15:56:59,505 [WARNING] /mnt/data/SIGNATE_Agentic_RAG/EDA/EDA001/eda001.py:295: UserWarning: Glyph 12415 (\N{HIRAGANA LETTER MI}) missing from font(s) DejaVu Sans.
  plt.savefig(out_path, dpi=150)

2026-07-03 15:56:59,505 [WARNING] /mnt/data/SIGNATE_Agentic_RAG/EDA/EDA001/eda001.py:295: UserWarning: Glyph 37326 (\N{CJK UNIFIED IDEOGRAPH-91CE}) missing from font(s) DejaVu Sans.
  plt.savefig(out_path, dpi=150)

2026-07-03 15:56:59,506 [WARNING] /mnt/data/SIGNATE_Agentic_RAG/EDA/EDA001/eda001.py:295: UserWarning: Glyph 22899 (\N{CJK UNIFIED IDEOGRAPH-5973}) missing from font(s) DejaVu Sans.
  plt.savefig(out_path, dpi=150)

2026-07-03 15:56:59,506 [WARNING] /mnt/data/SIGNATE_Agentic_RAG/EDA/EDA001/eda001.py:295: UserWarning: Glyph 24615 (\N{CJK UNIFIED IDEOGRAPH-6027}) missing from font(s) DejaVu Sans.
  plt.savefig(out_path, dpi=150)

2026-07-03 15:56:59,506 [WARNING] /mnt/data/SIGNATE_Agentic_RAG/EDA/EDA001/eda001.py:295: UserWarning: Glyph 21307 (\N{CJK UNIFIED IDEOGRAPH-533B}) missing from font(s) DejaVu Sans.
  plt.savefig(out_path, dpi=150)

2026-07-03 15:56:59,506 [WARNING] /mnt/data/SIGNATE_Agentic_RAG/EDA/EDA001/eda001.py:295: UserWarning: Glyph 30274 (\N{CJK UNIFIED IDEOGRAPH-7642}) missing from font(s) DejaVu Sans.
  plt.savefig(out_path, dpi=150)

2026-07-03 15:56:59,506 [WARNING] /mnt/data/SIGNATE_Agentic_RAG/EDA/EDA001/eda001.py:295: UserWarning: Glyph 12475 (\N{KATAKANA LETTER SE}) missing from font(s) DejaVu Sans.
  plt.savefig(out_path, dpi=150)

2026-07-03 15:56:59,506 [WARNING] /mnt/data/SIGNATE_Agentic_RAG/EDA/EDA001/eda001.py:295: UserWarning: Glyph 12531 (\N{KATAKANA LETTER N}) missing from font(s) DejaVu Sans.
  plt.savefig(out_path, dpi=150)

2026-07-03 15:56:59,506 [WARNING] /mnt/data/SIGNATE_Agentic_RAG/EDA/EDA001/eda001.py:295: UserWarning: Glyph 12479 (\N{KATAKANA LETTER TA}) missing from font(s) DejaVu Sans.
  plt.savefig(out_path, dpi=150)

2026-07-03 15:56:59,506 [WARNING] /mnt/data/SIGNATE_Agentic_RAG/EDA/EDA001/eda001.py:295: UserWarning: Glyph 12540 (\N{KATAKANA-HIRAGANA PROLONGED SOUND MARK}) missing from font(s) DejaVu Sans.
  plt.savefig(out_path, dpi=150)

2026-07-03 15:56:59,507 [WARNING] /mnt/data/SIGNATE_Agentic_RAG/EDA/EDA001/eda001.py:295: UserWarning: Glyph 30333 (\N{CJK UNIFIED IDEOGRAPH-767D}) missing from font(s) DejaVu Sans.
  plt.savefig(out_path, dpi=150)

2026-07-03 15:56:59,507 [WARNING] /mnt/data/SIGNATE_Agentic_RAG/EDA/EDA001/eda001.py:295: UserWarning: Glyph 23792 (\N{CJK UNIFIED IDEOGRAPH-5CF0}) missing from font(s) DejaVu Sans.
  plt.savefig(out_path, dpi=150)

2026-07-03 15:56:59,507 [WARNING] /mnt/data/SIGNATE_Agentic_RAG/EDA/EDA001/eda001.py:295: UserWarning: Glyph 20449 (\N{CJK UNIFIED IDEOGRAPH-4FE1}) missing from font(s) DejaVu Sans.
  plt.savefig(out_path, dpi=150)

2026-07-03 15:56:59,507 [WARNING] /mnt/data/SIGNATE_Agentic_RAG/EDA/EDA001/eda001.py:295: UserWarning: Glyph 29992 (\N{CJK UNIFIED IDEOGRAPH-7528}) missing from font(s) DejaVu Sans.
  plt.savefig(out_path, dpi=150)

2026-07-03 15:56:59,507 [WARNING] /mnt/data/SIGNATE_Agentic_RAG/EDA/EDA001/eda001.py:295: UserWarning: Glyph 12522 (\N{KATAKANA LETTER RI}) missing from font(s) DejaVu Sans.
  plt.savefig(out_path, dpi=150)

2026-07-03 15:56:59,507 [WARNING] /mnt/data/SIGNATE_Agentic_RAG/EDA/EDA001/eda001.py:295: UserWarning: Glyph 12473 (\N{KATAKANA LETTER SU}) missing from font(s) DejaVu Sans.
  plt.savefig(out_path, dpi=150)

2026-07-03 15:56:59,507 [WARNING] /mnt/data/SIGNATE_Agentic_RAG/EDA/EDA001/eda001.py:295: UserWarning: Glyph 12463 (\N{KATAKANA LETTER KU}) missing from font(s) DejaVu Sans.
  plt.savefig(out_path, dpi=150)

2026-07-03 15:56:59,507 [WARNING] /mnt/data/SIGNATE_Agentic_RAG/EDA/EDA001/eda001.py:295: UserWarning: Glyph 35413 (\N{CJK UNIFIED IDEOGRAPH-8A55}) missing from font(s) DejaVu Sans.
  plt.savefig(out_path, dpi=150)

2026-07-03 15:56:59,507 [WARNING] /mnt/data/SIGNATE_Agentic_RAG/EDA/EDA001/eda001.py:295: UserWarning: Glyph 20385 (\N{CJK UNIFIED IDEOGRAPH-4FA1}) missing from font(s) DejaVu Sans.
  plt.savefig(out_path, dpi=150)

2026-07-03 15:56:59,508 [WARNING] /mnt/data/SIGNATE_Agentic_RAG/EDA/EDA001/eda001.py:295: UserWarning: Glyph 26666 (\N{CJK UNIFIED IDEOGRAPH-682A}) missing from font(s) DejaVu Sans.
  plt.savefig(out_path, dpi=150)

2026-07-03 15:56:59,508 [WARNING] /mnt/data/SIGNATE_Agentic_RAG/EDA/EDA001/eda001.py:295: UserWarning: Glyph 24335 (\N{CJK UNIFIED IDEOGRAPH-5F0F}) missing from font(s) DejaVu Sans.
  plt.savefig(out_path, dpi=150)

2026-07-03 15:56:59,508 [WARNING] /mnt/data/SIGNATE_Agentic_RAG/EDA/EDA001/eda001.py:295: UserWarning: Glyph 20250 (\N{CJK UNIFIED IDEOGRAPH-4F1A}) missing from font(s) DejaVu Sans.
  plt.savefig(out_path, dpi=150)

2026-07-03 15:56:59,508 [WARNING] /mnt/data/SIGNATE_Agentic_RAG/EDA/EDA001/eda001.py:295: UserWarning: Glyph 31038 (\N{CJK UNIFIED IDEOGRAPH-793E}) missing from font(s) DejaVu Sans.
  plt.savefig(out_path, dpi=150)

2026-07-03 15:56:59,508 [WARNING] /mnt/data/SIGNATE_Agentic_RAG/EDA/EDA001/eda001.py:295: UserWarning: Glyph 21307 (\N{CJK UNIFIED IDEOGRAPH-533B}) missing from font(s) DejaVu Sans.
  plt.savefig(out_path, dpi=150)

2026-07-03 15:56:59,509 [WARNING] /mnt/data/SIGNATE_Agentic_RAG/EDA/EDA001/eda001.py:295: UserWarning: Glyph 30274 (\N{CJK UNIFIED IDEOGRAPH-7642}) missing from font(s) DejaVu Sans.
  plt.savefig(out_path, dpi=150)

2026-07-03 15:56:59,509 [WARNING] /mnt/data/SIGNATE_Agentic_RAG/EDA/EDA001/eda001.py:295: UserWarning: Glyph 27861 (\N{CJK UNIFIED IDEOGRAPH-6CD5}) missing from font(s) DejaVu Sans.
  plt.savefig(out_path, dpi=150)

2026-07-03 15:56:59,509 [WARNING] /mnt/data/SIGNATE_Agentic_RAG/EDA/EDA001/eda001.py:295: UserWarning: Glyph 20154 (\N{CJK UNIFIED IDEOGRAPH-4EBA}) missing from font(s) DejaVu Sans.
  plt.savefig(out_path, dpi=150)

2026-07-03 15:56:59,509 [WARNING] /mnt/data/SIGNATE_Agentic_RAG/EDA/EDA001/eda001.py:295: UserWarning: Glyph 31038 (\N{CJK UNIFIED IDEOGRAPH-793E}) missing from font(s) DejaVu Sans.
  plt.savefig(out_path, dpi=150)

2026-07-03 15:56:59,509 [WARNING] /mnt/data/SIGNATE_Agentic_RAG/EDA/EDA001/eda001.py:295: UserWarning: Glyph 22243 (\N{CJK UNIFIED IDEOGRAPH-56E3}) missing from font(s) DejaVu Sans.
  plt.savefig(out_path, dpi=150)

2026-07-03 15:56:59,509 [WARNING] /mnt/data/SIGNATE_Agentic_RAG/EDA/EDA001/eda001.py:295: UserWarning: Glyph 24658 (\N{CJK UNIFIED IDEOGRAPH-6052}) missing from font(s) DejaVu Sans.
  plt.savefig(out_path, dpi=150)

2026-07-03 15:56:59,509 [WARNING] /mnt/data/SIGNATE_Agentic_RAG/EDA/EDA001/eda001.py:295: UserWarning: Glyph 19968 (\N{CJK UNIFIED IDEOGRAPH-4E00}) missing from font(s) DejaVu Sans.
  plt.savefig(out_path, dpi=150)

2026-07-03 15:56:59,509 [WARNING] /mnt/data/SIGNATE_Agentic_RAG/EDA/EDA001/eda001.py:295: UserWarning: Glyph 20250 (\N{CJK UNIFIED IDEOGRAPH-4F1A}) missing from font(s) DejaVu Sans.
  plt.savefig(out_path, dpi=150)

2026-07-03 15:56:59,509 [WARNING] /mnt/data/SIGNATE_Agentic_RAG/EDA/EDA001/eda001.py:295: UserWarning: Glyph 12363 (\N{HIRAGANA LETTER KA}) missing from font(s) DejaVu Sans.
  plt.savefig(out_path, dpi=150)

2026-07-03 15:56:59,510 [WARNING] /mnt/data/SIGNATE_Agentic_RAG/EDA/EDA001/eda001.py:295: UserWarning: Glyph 12360 (\N{HIRAGANA LETTER E}) missing from font(s) DejaVu Sans.
  plt.savefig(out_path, dpi=150)

2026-07-03 15:56:59,510 [WARNING] /mnt/data/SIGNATE_Agentic_RAG/EDA/EDA001/eda001.py:295: UserWarning: Glyph 12391 (\N{HIRAGANA LETTER DE}) missing from font(s) DejaVu Sans.
  plt.savefig(out_path, dpi=150)

2026-07-03 15:56:59,510 [WARNING] /mnt/data/SIGNATE_Agentic_RAG/EDA/EDA001/eda001.py:295: UserWarning: Glyph 32207 (\N{CJK UNIFIED IDEOGRAPH-7DCF}) missing from font(s) DejaVu Sans.
  plt.savefig(out_path, dpi=150)

2026-07-03 15:56:59,510 [WARNING] /mnt/data/SIGNATE_Agentic_RAG/EDA/EDA001/eda001.py:295: UserWarning: Glyph 21512 (\N{CJK UNIFIED IDEOGRAPH-5408}) missing from font(s) DejaVu Sans.
  plt.savefig(out_path, dpi=150)

2026-07-03 15:56:59,510 [WARNING] /mnt/data/SIGNATE_Agentic_RAG/EDA/EDA001/eda001.py:295: UserWarning: Glyph 30149 (\N{CJK UNIFIED IDEOGRAPH-75C5}) missing from font(s) DejaVu Sans.
  plt.savefig(out_path, dpi=150)

2026-07-03 15:56:59,510 [WARNING] /mnt/data/SIGNATE_Agentic_RAG/EDA/EDA001/eda001.py:295: UserWarning: Glyph 38498 (\N{CJK UNIFIED IDEOGRAPH-9662}) missing from font(s) DejaVu Sans.
  plt.savefig(out_path, dpi=150)

2026-07-03 15:56:59,510 [WARNING] /mnt/data/SIGNATE_Agentic_RAG/EDA/EDA001/eda001.py:295: UserWarning: Glyph 38738 (\N{CJK UNIFIED IDEOGRAPH-9752}) missing from font(s) DejaVu Sans.
  plt.savefig(out_path, dpi=150)

2026-07-03 15:56:59,511 [WARNING] /mnt/data/SIGNATE_Agentic_RAG/EDA/EDA001/eda001.py:295: UserWarning: Glyph 33865 (\N{CJK UNIFIED IDEOGRAPH-8449}) missing from font(s) DejaVu Sans.
  plt.savefig(out_path, dpi=150)

2026-07-03 15:56:59,511 [WARNING] /mnt/data/SIGNATE_Agentic_RAG/EDA/EDA001/eda001.py:295: UserWarning: Glyph 19982 (\N{CJK UNIFIED IDEOGRAPH-4E0E}) missing from font(s) DejaVu Sans.
  plt.savefig(out_path, dpi=150)

2026-07-03 15:56:59,511 [WARNING] /mnt/data/SIGNATE_Agentic_RAG/EDA/EDA001/eda001.py:295: UserWarning: Glyph 20449 (\N{CJK UNIFIED IDEOGRAPH-4FE1}) missing from font(s) DejaVu Sans.
  plt.savefig(out_path, dpi=150)

2026-07-03 15:56:59,511 [WARNING] /mnt/data/SIGNATE_Agentic_RAG/EDA/EDA001/eda001.py:295: UserWarning: Glyph 12510 (\N{KATAKANA LETTER MA}) missing from font(s) DejaVu Sans.
  plt.savefig(out_path, dpi=150)

2026-07-03 15:56:59,512 [WARNING] /mnt/data/SIGNATE_Agentic_RAG/EDA/EDA001/eda001.py:295: UserWarning: Glyph 12493 (\N{KATAKANA LETTER NE}) missing from font(s) DejaVu Sans.
  plt.savefig(out_path, dpi=150)

2026-07-03 15:56:59,512 [WARNING] /mnt/data/SIGNATE_Agentic_RAG/EDA/EDA001/eda001.py:295: UserWarning: Glyph 12472 (\N{KATAKANA LETTER ZI}) missing from font(s) DejaVu Sans.
  plt.savefig(out_path, dpi=150)

2026-07-03 15:56:59,512 [WARNING] /mnt/data/SIGNATE_Agentic_RAG/EDA/EDA001/eda001.py:295: UserWarning: Glyph 12513 (\N{KATAKANA LETTER ME}) missing from font(s) DejaVu Sans.
  plt.savefig(out_path, dpi=150)

2026-07-03 15:56:59,512 [WARNING] /mnt/data/SIGNATE_Agentic_RAG/EDA/EDA001/eda001.py:295: UserWarning: Glyph 12531 (\N{KATAKANA LETTER N}) missing from font(s) DejaVu Sans.
  plt.savefig(out_path, dpi=150)

2026-07-03 15:56:59,512 [WARNING] /mnt/data/SIGNATE_Agentic_RAG/EDA/EDA001/eda001.py:295: UserWarning: Glyph 12488 (\N{KATAKANA LETTER TO}) missing from font(s) DejaVu Sans.
  plt.savefig(out_path, dpi=150)

2026-07-03 15:56:59,512 [WARNING] /mnt/data/SIGNATE_Agentic_RAG/EDA/EDA001/eda001.py:295: UserWarning: Glyph 26666 (\N{CJK UNIFIED IDEOGRAPH-682A}) missing from font(s) DejaVu Sans.
  plt.savefig(out_path, dpi=150)

2026-07-03 15:56:59,512 [WARNING] /mnt/data/SIGNATE_Agentic_RAG/EDA/EDA001/eda001.py:295: UserWarning: Glyph 24335 (\N{CJK UNIFIED IDEOGRAPH-5F0F}) missing from font(s) DejaVu Sans.
  plt.savefig(out_path, dpi=150)

2026-07-03 15:56:59,512 [WARNING] /mnt/data/SIGNATE_Agentic_RAG/EDA/EDA001/eda001.py:295: UserWarning: Glyph 20250 (\N{CJK UNIFIED IDEOGRAPH-4F1A}) missing from font(s) DejaVu Sans.
  plt.savefig(out_path, dpi=150)

2026-07-03 15:56:59,513 [WARNING] /mnt/data/SIGNATE_Agentic_RAG/EDA/EDA001/eda001.py:295: UserWarning: Glyph 31038 (\N{CJK UNIFIED IDEOGRAPH-793E}) missing from font(s) DejaVu Sans.
  plt.savefig(out_path, dpi=150)

2026-07-03 15:56:59,515 [WARNING] /mnt/data/SIGNATE_Agentic_RAG/EDA/EDA001/eda001.py:295: UserWarning: Glyph 26696 (\N{CJK UNIFIED IDEOGRAPH-6848}) missing from font(s) DejaVu Sans.
  plt.savefig(out_path, dpi=150)

2026-07-03 15:56:59,515 [WARNING] /mnt/data/SIGNATE_Agentic_RAG/EDA/EDA001/eda001.py:295: UserWarning: Glyph 20214 (\N{CJK UNIFIED IDEOGRAPH-4EF6}) missing from font(s) DejaVu Sans.
  plt.savefig(out_path, dpi=150)

2026-07-03 15:56:59,515 [WARNING] /mnt/data/SIGNATE_Agentic_RAG/EDA/EDA001/eda001.py:295: UserWarning: Glyph 21029 (\N{CJK UNIFIED IDEOGRAPH-5225}) missing from font(s) DejaVu Sans.
  plt.savefig(out_path, dpi=150)

2026-07-03 15:56:59,516 [WARNING] /mnt/data/SIGNATE_Agentic_RAG/EDA/EDA001/eda001.py:295: UserWarning: Glyph 12501 (\N{KATAKANA LETTER HU}) missing from font(s) DejaVu Sans.
  plt.savefig(out_path, dpi=150)

2026-07-03 15:56:59,516 [WARNING] /mnt/data/SIGNATE_Agentic_RAG/EDA/EDA001/eda001.py:295: UserWarning: Glyph 12449 (\N{KATAKANA LETTER SMALL A}) missing from font(s) DejaVu Sans.
  plt.savefig(out_path, dpi=150)

2026-07-03 15:56:59,516 [WARNING] /mnt/data/SIGNATE_Agentic_RAG/EDA/EDA001/eda001.py:295: UserWarning: Glyph 12452 (\N{KATAKANA LETTER I}) missing from font(s) DejaVu Sans.
  plt.savefig(out_path, dpi=150)

2026-07-03 15:56:59,516 [WARNING] /mnt/data/SIGNATE_Agentic_RAG/EDA/EDA001/eda001.py:295: UserWarning: Glyph 12523 (\N{KATAKANA LETTER RU}) missing from font(s) DejaVu Sans.
  plt.savefig(out_path, dpi=150)

2026-07-03 15:56:59,516 [WARNING] /mnt/data/SIGNATE_Agentic_RAG/EDA/EDA001/eda001.py:295: UserWarning: Glyph 25968 (\N{CJK UNIFIED IDEOGRAPH-6570}) missing from font(s) DejaVu Sans.
  plt.savefig(out_path, dpi=150)

2026-07-03 15:56:59,539 [WARNING] /mnt/data/SIGNATE_Agentic_RAG/EDA/EDA001/eda001.py:295: UserWarning: Glyph 26666 (\N{CJK UNIFIED IDEOGRAPH-682A}) missing from font(s) DejaVu Sans.
  plt.savefig(out_path, dpi=150)

2026-07-03 15:56:59,540 [WARNING] /mnt/data/SIGNATE_Agentic_RAG/EDA/EDA001/eda001.py:295: UserWarning: Glyph 24335 (\N{CJK UNIFIED IDEOGRAPH-5F0F}) missing from font(s) DejaVu Sans.
  plt.savefig(out_path, dpi=150)

2026-07-03 15:56:59,540 [WARNING] /mnt/data/SIGNATE_Agentic_RAG/EDA/EDA001/eda001.py:295: UserWarning: Glyph 20250 (\N{CJK UNIFIED IDEOGRAPH-4F1A}) missing from font(s) DejaVu Sans.
  plt.savefig(out_path, dpi=150)

2026-07-03 15:56:59,540 [WARNING] /mnt/data/SIGNATE_Agentic_RAG/EDA/EDA001/eda001.py:295: UserWarning: Glyph 31038 (\N{CJK UNIFIED IDEOGRAPH-793E}) missing from font(s) DejaVu Sans.
  plt.savefig(out_path, dpi=150)

2026-07-03 15:56:59,540 [WARNING] /mnt/data/SIGNATE_Agentic_RAG/EDA/EDA001/eda001.py:295: UserWarning: Glyph 38738 (\N{CJK UNIFIED IDEOGRAPH-9752}) missing from font(s) DejaVu Sans.
  plt.savefig(out_path, dpi=150)

2026-07-03 15:56:59,540 [WARNING] /mnt/data/SIGNATE_Agentic_RAG/EDA/EDA001/eda001.py:295: UserWarning: Glyph 33865 (\N{CJK UNIFIED IDEOGRAPH-8449}) missing from font(s) DejaVu Sans.
  plt.savefig(out_path, dpi=150)

2026-07-03 15:56:59,540 [WARNING] /mnt/data/SIGNATE_Agentic_RAG/EDA/EDA001/eda001.py:295: UserWarning: Glyph 12496 (\N{KATAKANA LETTER BA}) missing from font(s) DejaVu Sans.
  plt.savefig(out_path, dpi=150)

2026-07-03 15:56:59,540 [WARNING] /mnt/data/SIGNATE_Agentic_RAG/EDA/EDA001/eda001.py:295: UserWarning: Glyph 12452 (\N{KATAKANA LETTER I}) missing from font(s) DejaVu Sans.
  plt.savefig(out_path, dpi=150)

2026-07-03 15:56:59,541 [WARNING] /mnt/data/SIGNATE_Agentic_RAG/EDA/EDA001/eda001.py:295: UserWarning: Glyph 12458 (\N{KATAKANA LETTER O}) missing from font(s) DejaVu Sans.
  plt.savefig(out_path, dpi=150)

2026-07-03 15:56:59,541 [WARNING] /mnt/data/SIGNATE_Agentic_RAG/EDA/EDA001/eda001.py:295: UserWarning: Glyph 12513 (\N{KATAKANA LETTER ME}) missing from font(s) DejaVu Sans.
  plt.savefig(out_path, dpi=150)

2026-07-03 15:56:59,541 [WARNING] /mnt/data/SIGNATE_Agentic_RAG/EDA/EDA001/eda001.py:295: UserWarning: Glyph 12487 (\N{KATAKANA LETTER DE}) missing from font(s) DejaVu Sans.
  plt.savefig(out_path, dpi=150)

2026-07-03 15:56:59,541 [WARNING] /mnt/data/SIGNATE_Agentic_RAG/EDA/EDA001/eda001.py:295: UserWarning: Glyph 12451 (\N{KATAKANA LETTER SMALL I}) missing from font(s) DejaVu Sans.
  plt.savefig(out_path, dpi=150)

2026-07-03 15:56:59,541 [WARNING] /mnt/data/SIGNATE_Agentic_RAG/EDA/EDA001/eda001.py:295: UserWarning: Glyph 12459 (\N{KATAKANA LETTER KA}) missing from font(s) DejaVu Sans.
  plt.savefig(out_path, dpi=150)

2026-07-03 15:56:59,541 [WARNING] /mnt/data/SIGNATE_Agentic_RAG/EDA/EDA001/eda001.py:295: UserWarning: Glyph 12523 (\N{KATAKANA LETTER RU}) missing from font(s) DejaVu Sans.
  plt.savefig(out_path, dpi=150)

2026-07-03 15:56:59,541 [WARNING] /mnt/data/SIGNATE_Agentic_RAG/EDA/EDA001/eda001.py:295: UserWarning: Glyph 27231 (\N{CJK UNIFIED IDEOGRAPH-6A5F}) missing from font(s) DejaVu Sans.
  plt.savefig(out_path, dpi=150)

2026-07-03 15:56:59,541 [WARNING] /mnt/data/SIGNATE_Agentic_RAG/EDA/EDA001/eda001.py:295: UserWarning: Glyph 22120 (\N{CJK UNIFIED IDEOGRAPH-5668}) missing from font(s) DejaVu Sans.
  plt.savefig(out_path, dpi=150)

2026-07-03 15:56:59,542 [WARNING] /mnt/data/SIGNATE_Agentic_RAG/EDA/EDA001/eda001.py:295: UserWarning: Glyph 21307 (\N{CJK UNIFIED IDEOGRAPH-533B}) missing from font(s) DejaVu Sans.
  plt.savefig(out_path, dpi=150)

2026-07-03 15:56:59,542 [WARNING] /mnt/data/SIGNATE_Agentic_RAG/EDA/EDA001/eda001.py:295: UserWarning: Glyph 30274 (\N{CJK UNIFIED IDEOGRAPH-7642}) missing from font(s) DejaVu Sans.
  plt.savefig(out_path, dpi=150)

2026-07-03 15:56:59,542 [WARNING] /mnt/data/SIGNATE_Agentic_RAG/EDA/EDA001/eda001.py:295: UserWarning: Glyph 27861 (\N{CJK UNIFIED IDEOGRAPH-6CD5}) missing from font(s) DejaVu Sans.
  plt.savefig(out_path, dpi=150)

2026-07-03 15:56:59,542 [WARNING] /mnt/data/SIGNATE_Agentic_RAG/EDA/EDA001/eda001.py:295: UserWarning: Glyph 20154 (\N{CJK UNIFIED IDEOGRAPH-4EBA}) missing from font(s) DejaVu Sans.
  plt.savefig(out_path, dpi=150)

2026-07-03 15:56:59,543 [WARNING] /mnt/data/SIGNATE_Agentic_RAG/EDA/EDA001/eda001.py:295: UserWarning: Glyph 31038 (\N{CJK UNIFIED IDEOGRAPH-793E}) missing from font(s) DejaVu Sans.
  plt.savefig(out_path, dpi=150)

2026-07-03 15:56:59,543 [WARNING] /mnt/data/SIGNATE_Agentic_RAG/EDA/EDA001/eda001.py:295: UserWarning: Glyph 22243 (\N{CJK UNIFIED IDEOGRAPH-56E3}) missing from font(s) DejaVu Sans.
  plt.savefig(out_path, dpi=150)

2026-07-03 15:56:59,543 [WARNING] /mnt/data/SIGNATE_Agentic_RAG/EDA/EDA001/eda001.py:295: UserWarning: Glyph 33980 (\N{CJK UNIFIED IDEOGRAPH-84BC}) missing from font(s) DejaVu Sans.
  plt.savefig(out_path, dpi=150)

2026-07-03 15:56:59,543 [WARNING] /mnt/data/SIGNATE_Agentic_RAG/EDA/EDA001/eda001.py:295: UserWarning: Glyph 27849 (\N{CJK UNIFIED IDEOGRAPH-6CC9}) missing from font(s) DejaVu Sans.
  plt.savefig(out_path, dpi=150)

2026-07-03 15:56:59,544 [WARNING] /mnt/data/SIGNATE_Agentic_RAG/EDA/EDA001/eda001.py:295: UserWarning: Glyph 20250 (\N{CJK UNIFIED IDEOGRAPH-4F1A}) missing from font(s) DejaVu Sans.
  plt.savefig(out_path, dpi=150)

2026-07-03 15:56:59,544 [WARNING] /mnt/data/SIGNATE_Agentic_RAG/EDA/EDA001/eda001.py:295: UserWarning: Glyph 12402 (\N{HIRAGANA LETTER HI}) missing from font(s) DejaVu Sans.
  plt.savefig(out_path, dpi=150)

2026-07-03 15:56:59,544 [WARNING] /mnt/data/SIGNATE_Agentic_RAG/EDA/EDA001/eda001.py:295: UserWarning: Glyph 12364 (\N{HIRAGANA LETTER GA}) missing from font(s) DejaVu Sans.
  plt.savefig(out_path, dpi=150)

2026-07-03 15:56:59,544 [WARNING] /mnt/data/SIGNATE_Agentic_RAG/EDA/EDA001/eda001.py:295: UserWarning: Glyph 12375 (\N{HIRAGANA LETTER SI}) missing from font(s) DejaVu Sans.
  plt.savefig(out_path, dpi=150)

2026-07-03 15:56:59,545 [WARNING] /mnt/data/SIGNATE_Agentic_RAG/EDA/EDA001/eda001.py:295: UserWarning: Glyph 19992 (\N{CJK UNIFIED IDEOGRAPH-4E18}) missing from font(s) DejaVu Sans.
  plt.savefig(out_path, dpi=150)

2026-07-03 15:56:59,545 [WARNING] /mnt/data/SIGNATE_Agentic_RAG/EDA/EDA001/eda001.py:295: UserWarning: Glyph 32207 (\N{CJK UNIFIED IDEOGRAPH-7DCF}) missing from font(s) DejaVu Sans.
  plt.savefig(out_path, dpi=150)

2026-07-03 15:56:59,545 [WARNING] /mnt/data/SIGNATE_Agentic_RAG/EDA/EDA001/eda001.py:295: UserWarning: Glyph 21512 (\N{CJK UNIFIED IDEOGRAPH-5408}) missing from font(s) DejaVu Sans.
  plt.savefig(out_path, dpi=150)

2026-07-03 15:56:59,545 [WARNING] /mnt/data/SIGNATE_Agentic_RAG/EDA/EDA001/eda001.py:295: UserWarning: Glyph 30149 (\N{CJK UNIFIED IDEOGRAPH-75C5}) missing from font(s) DejaVu Sans.
  plt.savefig(out_path, dpi=150)

2026-07-03 15:56:59,545 [WARNING] /mnt/data/SIGNATE_Agentic_RAG/EDA/EDA001/eda001.py:295: UserWarning: Glyph 38498 (\N{CJK UNIFIED IDEOGRAPH-9662}) missing from font(s) DejaVu Sans.
  plt.savefig(out_path, dpi=150)

2026-07-03 15:56:59,546 [WARNING] /mnt/data/SIGNATE_Agentic_RAG/EDA/EDA001/eda001.py:295: UserWarning: Glyph 20140 (\N{CJK UNIFIED IDEOGRAPH-4EAC}) missing from font(s) DejaVu Sans.
  plt.savefig(out_path, dpi=150)

2026-07-03 15:56:59,547 [WARNING] /mnt/data/SIGNATE_Agentic_RAG/EDA/EDA001/eda001.py:295: UserWarning: Glyph 27211 (\N{CJK UNIFIED IDEOGRAPH-6A4B}) missing from font(s) DejaVu Sans.
  plt.savefig(out_path, dpi=150)

2026-07-03 15:56:59,547 [WARNING] /mnt/data/SIGNATE_Agentic_RAG/EDA/EDA001/eda001.py:295: UserWarning: Glyph 20449 (\N{CJK UNIFIED IDEOGRAPH-4FE1}) missing from font(s) DejaVu Sans.
  plt.savefig(out_path, dpi=150)

2026-07-03 15:56:59,547 [WARNING] /mnt/data/SIGNATE_Agentic_RAG/EDA/EDA001/eda001.py:295: UserWarning: Glyph 29992 (\N{CJK UNIFIED IDEOGRAPH-7528}) missing from font(s) DejaVu Sans.
  plt.savefig(out_path, dpi=150)

2026-07-03 15:56:59,547 [WARNING] /mnt/data/SIGNATE_Agentic_RAG/EDA/EDA001/eda001.py:295: UserWarning: Glyph 12477 (\N{KATAKANA LETTER SO}) missing from font(s) DejaVu Sans.
  plt.savefig(out_path, dpi=150)

2026-07-03 15:56:59,547 [WARNING] /mnt/data/SIGNATE_Agentic_RAG/EDA/EDA001/eda001.py:295: UserWarning: Glyph 12522 (\N{KATAKANA LETTER RI}) missing from font(s) DejaVu Sans.
  plt.savefig(out_path, dpi=150)

2026-07-03 15:56:59,547 [WARNING] /mnt/data/SIGNATE_Agentic_RAG/EDA/EDA001/eda001.py:295: UserWarning: Glyph 12517 (\N{KATAKANA LETTER SMALL YU}) missing from font(s) DejaVu Sans.
  plt.savefig(out_path, dpi=150)

2026-07-03 15:56:59,548 [WARNING] /mnt/data/SIGNATE_Agentic_RAG/EDA/EDA001/eda001.py:295: UserWarning: Glyph 12540 (\N{KATAKANA-HIRAGANA PROLONGED SOUND MARK}) missing from font(s) DejaVu Sans.
  plt.savefig(out_path, dpi=150)

2026-07-03 15:56:59,548 [WARNING] /mnt/data/SIGNATE_Agentic_RAG/EDA/EDA001/eda001.py:295: UserWarning: Glyph 12471 (\N{KATAKANA LETTER SI}) missing from font(s) DejaVu Sans.
  plt.savefig(out_path, dpi=150)

2026-07-03 15:56:59,548 [WARNING] /mnt/data/SIGNATE_Agentic_RAG/EDA/EDA001/eda001.py:295: UserWarning: Glyph 12519 (\N{KATAKANA LETTER SMALL YO}) missing from font(s) DejaVu Sans.
  plt.savefig(out_path, dpi=150)

2026-07-03 15:56:59,548 [WARNING] /mnt/data/SIGNATE_Agentic_RAG/EDA/EDA001/eda001.py:295: UserWarning: Glyph 12531 (\N{KATAKANA LETTER N}) missing from font(s) DejaVu Sans.
  plt.savefig(out_path, dpi=150)

2026-07-03 15:56:59,548 [WARNING] /mnt/data/SIGNATE_Agentic_RAG/EDA/EDA001/eda001.py:295: UserWarning: Glyph 12474 (\N{KATAKANA LETTER ZU}) missing from font(s) DejaVu Sans.
  plt.savefig(out_path, dpi=150)

2026-07-03 15:56:59,548 [WARNING] /mnt/data/SIGNATE_Agentic_RAG/EDA/EDA001/eda001.py:295: UserWarning: Glyph 26666 (\N{CJK UNIFIED IDEOGRAPH-682A}) missing from font(s) DejaVu Sans.
  plt.savefig(out_path, dpi=150)

2026-07-03 15:56:59,549 [WARNING] /mnt/data/SIGNATE_Agentic_RAG/EDA/EDA001/eda001.py:295: UserWarning: Glyph 24335 (\N{CJK UNIFIED IDEOGRAPH-5F0F}) missing from font(s) DejaVu Sans.
  plt.savefig(out_path, dpi=150)

2026-07-03 15:56:59,549 [WARNING] /mnt/data/SIGNATE_Agentic_RAG/EDA/EDA001/eda001.py:295: UserWarning: Glyph 20250 (\N{CJK UNIFIED IDEOGRAPH-4F1A}) missing from font(s) DejaVu Sans.
  plt.savefig(out_path, dpi=150)

2026-07-03 15:56:59,549 [WARNING] /mnt/data/SIGNATE_Agentic_RAG/EDA/EDA001/eda001.py:295: UserWarning: Glyph 31038 (\N{CJK UNIFIED IDEOGRAPH-793E}) missing from font(s) DejaVu Sans.
  plt.savefig(out_path, dpi=150)

2026-07-03 15:56:59,550 [WARNING] /mnt/data/SIGNATE_Agentic_RAG/EDA/EDA001/eda001.py:295: UserWarning: Glyph 26666 (\N{CJK UNIFIED IDEOGRAPH-682A}) missing from font(s) DejaVu Sans.
  plt.savefig(out_path, dpi=150)

2026-07-03 15:56:59,550 [WARNING] /mnt/data/SIGNATE_Agentic_RAG/EDA/EDA001/eda001.py:295: UserWarning: Glyph 24335 (\N{CJK UNIFIED IDEOGRAPH-5F0F}) missing from font(s) DejaVu Sans.
  plt.savefig(out_path, dpi=150)

2026-07-03 15:56:59,550 [WARNING] /mnt/data/SIGNATE_Agentic_RAG/EDA/EDA001/eda001.py:295: UserWarning: Glyph 20250 (\N{CJK UNIFIED IDEOGRAPH-4F1A}) missing from font(s) DejaVu Sans.
  plt.savefig(out_path, dpi=150)

2026-07-03 15:56:59,550 [WARNING] /mnt/data/SIGNATE_Agentic_RAG/EDA/EDA001/eda001.py:295: UserWarning: Glyph 31038 (\N{CJK UNIFIED IDEOGRAPH-793E}) missing from font(s) DejaVu Sans.
  plt.savefig(out_path, dpi=150)

2026-07-03 15:56:59,550 [WARNING] /mnt/data/SIGNATE_Agentic_RAG/EDA/EDA001/eda001.py:295: UserWarning: Glyph 26481 (\N{CJK UNIFIED IDEOGRAPH-6771}) missing from font(s) DejaVu Sans.
  plt.savefig(out_path, dpi=150)

2026-07-03 15:56:59,550 [WARNING] /mnt/data/SIGNATE_Agentic_RAG/EDA/EDA001/eda001.py:295: UserWarning: Glyph 37117 (\N{CJK UNIFIED IDEOGRAPH-90FD}) missing from font(s) DejaVu Sans.
  plt.savefig(out_path, dpi=150)

2026-07-03 15:56:59,550 [WARNING] /mnt/data/SIGNATE_Agentic_RAG/EDA/EDA001/eda001.py:295: UserWarning: Glyph 20154 (\N{CJK UNIFIED IDEOGRAPH-4EBA}) missing from font(s) DejaVu Sans.
  plt.savefig(out_path, dpi=150)

2026-07-03 15:56:59,550 [WARNING] /mnt/data/SIGNATE_Agentic_RAG/EDA/EDA001/eda001.py:295: UserWarning: Glyph 26448 (\N{CJK UNIFIED IDEOGRAPH-6750}) missing from font(s) DejaVu Sans.
  plt.savefig(out_path, dpi=150)

2026-07-03 15:56:59,550 [WARNING] /mnt/data/SIGNATE_Agentic_RAG/EDA/EDA001/eda001.py:295: UserWarning: Glyph 12503 (\N{KATAKANA LETTER PU}) missing from font(s) DejaVu Sans.
  plt.savefig(out_path, dpi=150)

2026-07-03 15:56:59,551 [WARNING] /mnt/data/SIGNATE_Agentic_RAG/EDA/EDA001/eda001.py:295: UserWarning: Glyph 12521 (\N{KATAKANA LETTER RA}) missing from font(s) DejaVu Sans.
  plt.savefig(out_path, dpi=150)

2026-07-03 15:56:59,551 [WARNING] /mnt/data/SIGNATE_Agentic_RAG/EDA/EDA001/eda001.py:295: UserWarning: Glyph 12483 (\N{KATAKANA LETTER SMALL TU}) missing from font(s) DejaVu Sans.
  plt.savefig(out_path, dpi=150)

2026-07-03 15:56:59,551 [WARNING] /mnt/data/SIGNATE_Agentic_RAG/EDA/EDA001/eda001.py:295: UserWarning: Glyph 12488 (\N{KATAKANA LETTER TO}) missing from font(s) DejaVu Sans.
  plt.savefig(out_path, dpi=150)

2026-07-03 15:56:59,551 [WARNING] /mnt/data/SIGNATE_Agentic_RAG/EDA/EDA001/eda001.py:295: UserWarning: Glyph 12501 (\N{KATAKANA LETTER HU}) missing from font(s) DejaVu Sans.
  plt.savefig(out_path, dpi=150)

2026-07-03 15:56:59,551 [WARNING] /mnt/data/SIGNATE_Agentic_RAG/EDA/EDA001/eda001.py:295: UserWarning: Glyph 12457 (\N{KATAKANA LETTER SMALL O}) missing from font(s) DejaVu Sans.
  plt.savefig(out_path, dpi=150)

2026-07-03 15:56:59,551 [WARNING] /mnt/data/SIGNATE_Agentic_RAG/EDA/EDA001/eda001.py:295: UserWarning: Glyph 12540 (\N{KATAKANA-HIRAGANA PROLONGED SOUND MARK}) missing from font(s) DejaVu Sans.
  plt.savefig(out_path, dpi=150)

2026-07-03 15:56:59,551 [WARNING] /mnt/data/SIGNATE_Agentic_RAG/EDA/EDA001/eda001.py:295: UserWarning: Glyph 12512 (\N{KATAKANA LETTER MU}) missing from font(s) DejaVu Sans.
  plt.savefig(out_path, dpi=150)

2026-07-03 15:56:59,552 [WARNING] /mnt/data/SIGNATE_Agentic_RAG/EDA/EDA001/eda001.py:295: UserWarning: Glyph 26666 (\N{CJK UNIFIED IDEOGRAPH-682A}) missing from font(s) DejaVu Sans.
  plt.savefig(out_path, dpi=150)

2026-07-03 15:56:59,552 [WARNING] /mnt/data/SIGNATE_Agentic_RAG/EDA/EDA001/eda001.py:295: UserWarning: Glyph 24335 (\N{CJK UNIFIED IDEOGRAPH-5F0F}) missing from font(s) DejaVu Sans.
  plt.savefig(out_path, dpi=150)

2026-07-03 15:56:59,552 [WARNING] /mnt/data/SIGNATE_Agentic_RAG/EDA/EDA001/eda001.py:295: UserWarning: Glyph 20250 (\N{CJK UNIFIED IDEOGRAPH-4F1A}) missing from font(s) DejaVu Sans.
  plt.savefig(out_path, dpi=150)

2026-07-03 15:56:59,552 [WARNING] /mnt/data/SIGNATE_Agentic_RAG/EDA/EDA001/eda001.py:295: UserWarning: Glyph 31038 (\N{CJK UNIFIED IDEOGRAPH-793E}) missing from font(s) DejaVu Sans.
  plt.savefig(out_path, dpi=150)

2026-07-03 15:56:59,552 [WARNING] /mnt/data/SIGNATE_Agentic_RAG/EDA/EDA001/eda001.py:295: UserWarning: Glyph 38738 (\N{CJK UNIFIED IDEOGRAPH-9752}) missing from font(s) DejaVu Sans.
  plt.savefig(out_path, dpi=150)

2026-07-03 15:56:59,552 [WARNING] /mnt/data/SIGNATE_Agentic_RAG/EDA/EDA001/eda001.py:295: UserWarning: Glyph 28526 (\N{CJK UNIFIED IDEOGRAPH-6F6E}) missing from font(s) DejaVu Sans.
  plt.savefig(out_path, dpi=150)

2026-07-03 15:56:59,552 [WARNING] /mnt/data/SIGNATE_Agentic_RAG/EDA/EDA001/eda001.py:295: UserWarning: Glyph 12514 (\N{KATAKANA LETTER MO}) missing from font(s) DejaVu Sans.
  plt.savefig(out_path, dpi=150)

2026-07-03 15:56:59,553 [WARNING] /mnt/data/SIGNATE_Agentic_RAG/EDA/EDA001/eda001.py:295: UserWarning: Glyph 12499 (\N{KATAKANA LETTER BI}) missing from font(s) DejaVu Sans.
  plt.savefig(out_path, dpi=150)

2026-07-03 15:56:59,553 [WARNING] /mnt/data/SIGNATE_Agentic_RAG/EDA/EDA001/eda001.py:295: UserWarning: Glyph 12522 (\N{KATAKANA LETTER RI}) missing from font(s) DejaVu Sans.
  plt.savefig(out_path, dpi=150)

2026-07-03 15:56:59,553 [WARNING] /mnt/data/SIGNATE_Agentic_RAG/EDA/EDA001/eda001.py:295: UserWarning: Glyph 12486 (\N{KATAKANA LETTER TE}) missing from font(s) DejaVu Sans.
  plt.savefig(out_path, dpi=150)

2026-07-03 15:56:59,553 [WARNING] /mnt/data/SIGNATE_Agentic_RAG/EDA/EDA001/eda001.py:295: UserWarning: Glyph 12451 (\N{KATAKANA LETTER SMALL I}) missing from font(s) DejaVu Sans.
  plt.savefig(out_path, dpi=150)

2026-07-03 15:56:59,553 [WARNING] /mnt/data/SIGNATE_Agentic_RAG/EDA/EDA001/eda001.py:295: UserWarning: Glyph 12469 (\N{KATAKANA LETTER SA}) missing from font(s) DejaVu Sans.
  plt.savefig(out_path, dpi=150)

2026-07-03 15:56:59,553 [WARNING] /mnt/data/SIGNATE_Agentic_RAG/EDA/EDA001/eda001.py:295: UserWarning: Glyph 12540 (\N{KATAKANA-HIRAGANA PROLONGED SOUND MARK}) missing from font(s) DejaVu Sans.
  plt.savefig(out_path, dpi=150)

2026-07-03 15:56:59,553 [WARNING] /mnt/data/SIGNATE_Agentic_RAG/EDA/EDA001/eda001.py:295: UserWarning: Glyph 12499 (\N{KATAKANA LETTER BI}) missing from font(s) DejaVu Sans.
  plt.savefig(out_path, dpi=150)

2026-07-03 15:56:59,553 [WARNING] /mnt/data/SIGNATE_Agentic_RAG/EDA/EDA001/eda001.py:295: UserWarning: Glyph 12473 (\N{KATAKANA LETTER SU}) missing from font(s) DejaVu Sans.
  plt.savefig(out_path, dpi=150)

2026-07-03 15:56:59,554 [WARNING] /mnt/data/SIGNATE_Agentic_RAG/EDA/EDA001/eda001.py:295: UserWarning: Glyph 26666 (\N{CJK UNIFIED IDEOGRAPH-682A}) missing from font(s) DejaVu Sans.
  plt.savefig(out_path, dpi=150)

2026-07-03 15:56:59,554 [WARNING] /mnt/data/SIGNATE_Agentic_RAG/EDA/EDA001/eda001.py:295: UserWarning: Glyph 24335 (\N{CJK UNIFIED IDEOGRAPH-5F0F}) missing from font(s) DejaVu Sans.
  plt.savefig(out_path, dpi=150)

2026-07-03 15:56:59,554 [WARNING] /mnt/data/SIGNATE_Agentic_RAG/EDA/EDA001/eda001.py:295: UserWarning: Glyph 20250 (\N{CJK UNIFIED IDEOGRAPH-4F1A}) missing from font(s) DejaVu Sans.
  plt.savefig(out_path, dpi=150)

2026-07-03 15:56:59,554 [WARNING] /mnt/data/SIGNATE_Agentic_RAG/EDA/EDA001/eda001.py:295: UserWarning: Glyph 31038 (\N{CJK UNIFIED IDEOGRAPH-793E}) missing from font(s) DejaVu Sans.
  plt.savefig(out_path, dpi=150)

2026-07-03 15:56:59,554 [WARNING] /mnt/data/SIGNATE_Agentic_RAG/EDA/EDA001/eda001.py:295: UserWarning: Glyph 38738 (\N{CJK UNIFIED IDEOGRAPH-9752}) missing from font(s) DejaVu Sans.
  plt.savefig(out_path, dpi=150)

2026-07-03 15:56:59,554 [WARNING] /mnt/data/SIGNATE_Agentic_RAG/EDA/EDA001/eda001.py:295: UserWarning: Glyph 23994 (\N{CJK UNIFIED IDEOGRAPH-5DBA}) missing from font(s) DejaVu Sans.
  plt.savefig(out_path, dpi=150)

2026-07-03 15:56:59,555 [WARNING] /mnt/data/SIGNATE_Agentic_RAG/EDA/EDA001/eda001.py:295: UserWarning: Glyph 19981 (\N{CJK UNIFIED IDEOGRAPH-4E0D}) missing from font(s) DejaVu Sans.
  plt.savefig(out_path, dpi=150)

2026-07-03 15:56:59,555 [WARNING] /mnt/data/SIGNATE_Agentic_RAG/EDA/EDA001/eda001.py:295: UserWarning: Glyph 21205 (\N{CJK UNIFIED IDEOGRAPH-52D5}) missing from font(s) DejaVu Sans.
  plt.savefig(out_path, dpi=150)

2026-07-03 15:56:59,555 [WARNING] /mnt/data/SIGNATE_Agentic_RAG/EDA/EDA001/eda001.py:295: UserWarning: Glyph 29987 (\N{CJK UNIFIED IDEOGRAPH-7523}) missing from font(s) DejaVu Sans.
  plt.savefig(out_path, dpi=150)

2026-07-03 15:56:59,555 [WARNING] /mnt/data/SIGNATE_Agentic_RAG/EDA/EDA001/eda001.py:295: UserWarning: Glyph 12450 (\N{KATAKANA LETTER A}) missing from font(s) DejaVu Sans.
  plt.savefig(out_path, dpi=150)

2026-07-03 15:56:59,555 [WARNING] /mnt/data/SIGNATE_Agentic_RAG/EDA/EDA001/eda001.py:295: UserWarning: Glyph 12475 (\N{KATAKANA LETTER SE}) missing from font(s) DejaVu Sans.
  plt.savefig(out_path, dpi=150)

2026-07-03 15:56:59,555 [WARNING] /mnt/data/SIGNATE_Agentic_RAG/EDA/EDA001/eda001.py:295: UserWarning: Glyph 12483 (\N{KATAKANA LETTER SMALL TU}) missing from font(s) DejaVu Sans.
  plt.savefig(out_path, dpi=150)

2026-07-03 15:56:59,555 [WARNING] /mnt/data/SIGNATE_Agentic_RAG/EDA/EDA001/eda001.py:295: UserWarning: Glyph 12488 (\N{KATAKANA LETTER TO}) missing from font(s) DejaVu Sans.
  plt.savefig(out_path, dpi=150)

2026-07-03 15:56:59,555 [WARNING] /mnt/data/SIGNATE_Agentic_RAG/EDA/EDA001/eda001.py:295: UserWarning: Glyph 12510 (\N{KATAKANA LETTER MA}) missing from font(s) DejaVu Sans.
  plt.savefig(out_path, dpi=150)

2026-07-03 15:56:59,555 [WARNING] /mnt/data/SIGNATE_Agentic_RAG/EDA/EDA001/eda001.py:295: UserWarning: Glyph 12493 (\N{KATAKANA LETTER NE}) missing from font(s) DejaVu Sans.
  plt.savefig(out_path, dpi=150)

2026-07-03 15:56:59,556 [WARNING] /mnt/data/SIGNATE_Agentic_RAG/EDA/EDA001/eda001.py:295: UserWarning: Glyph 12472 (\N{KATAKANA LETTER ZI}) missing from font(s) DejaVu Sans.
  plt.savefig(out_path, dpi=150)

2026-07-03 15:56:59,556 [WARNING] /mnt/data/SIGNATE_Agentic_RAG/EDA/EDA001/eda001.py:295: UserWarning: Glyph 12513 (\N{KATAKANA LETTER ME}) missing from font(s) DejaVu Sans.
  plt.savefig(out_path, dpi=150)

2026-07-03 15:56:59,556 [WARNING] /mnt/data/SIGNATE_Agentic_RAG/EDA/EDA001/eda001.py:295: UserWarning: Glyph 12531 (\N{KATAKANA LETTER N}) missing from font(s) DejaVu Sans.
  plt.savefig(out_path, dpi=150)

2026-07-03 15:56:59,556 [WARNING] /mnt/data/SIGNATE_Agentic_RAG/EDA/EDA001/eda001.py:295: UserWarning: Glyph 12488 (\N{KATAKANA LETTER TO}) missing from font(s) DejaVu Sans.
  plt.savefig(out_path, dpi=150)

2026-07-03 15:56:59,556 [WARNING] /mnt/data/SIGNATE_Agentic_RAG/EDA/EDA001/eda001.py:295: UserWarning: Glyph 21307 (\N{CJK UNIFIED IDEOGRAPH-533B}) missing from font(s) DejaVu Sans.
  plt.savefig(out_path, dpi=150)

2026-07-03 15:56:59,556 [WARNING] /mnt/data/SIGNATE_Agentic_RAG/EDA/EDA001/eda001.py:295: UserWarning: Glyph 30274 (\N{CJK UNIFIED IDEOGRAPH-7642}) missing from font(s) DejaVu Sans.
  plt.savefig(out_path, dpi=150)

2026-07-03 15:56:59,557 [WARNING] /mnt/data/SIGNATE_Agentic_RAG/EDA/EDA001/eda001.py:295: UserWarning: Glyph 27861 (\N{CJK UNIFIED IDEOGRAPH-6CD5}) missing from font(s) DejaVu Sans.
  plt.savefig(out_path, dpi=150)

2026-07-03 15:56:59,557 [WARNING] /mnt/data/SIGNATE_Agentic_RAG/EDA/EDA001/eda001.py:295: UserWarning: Glyph 20154 (\N{CJK UNIFIED IDEOGRAPH-4EBA}) missing from font(s) DejaVu Sans.
  plt.savefig(out_path, dpi=150)

2026-07-03 15:56:59,557 [WARNING] /mnt/data/SIGNATE_Agentic_RAG/EDA/EDA001/eda001.py:295: UserWarning: Glyph 31038 (\N{CJK UNIFIED IDEOGRAPH-793E}) missing from font(s) DejaVu Sans.
  plt.savefig(out_path, dpi=150)

2026-07-03 15:56:59,557 [WARNING] /mnt/data/SIGNATE_Agentic_RAG/EDA/EDA001/eda001.py:295: UserWarning: Glyph 22243 (\N{CJK UNIFIED IDEOGRAPH-56E3}) missing from font(s) DejaVu Sans.
  plt.savefig(out_path, dpi=150)

2026-07-03 15:56:59,557 [WARNING] /mnt/data/SIGNATE_Agentic_RAG/EDA/EDA001/eda001.py:295: UserWarning: Glyph 33980 (\N{CJK UNIFIED IDEOGRAPH-84BC}) missing from font(s) DejaVu Sans.
  plt.savefig(out_path, dpi=150)

2026-07-03 15:56:59,557 [WARNING] /mnt/data/SIGNATE_Agentic_RAG/EDA/EDA001/eda001.py:295: UserWarning: Glyph 27193 (\N{CJK UNIFIED IDEOGRAPH-6A39}) missing from font(s) DejaVu Sans.
  plt.savefig(out_path, dpi=150)

2026-07-03 15:56:59,557 [WARNING] /mnt/data/SIGNATE_Agentic_RAG/EDA/EDA001/eda001.py:295: UserWarning: Glyph 20250 (\N{CJK UNIFIED IDEOGRAPH-4F1A}) missing from font(s) DejaVu Sans.
  plt.savefig(out_path, dpi=150)

2026-07-03 15:56:59,557 [WARNING] /mnt/data/SIGNATE_Agentic_RAG/EDA/EDA001/eda001.py:295: UserWarning: Glyph 12415 (\N{HIRAGANA LETTER MI}) missing from font(s) DejaVu Sans.
  plt.savefig(out_path, dpi=150)

2026-07-03 15:56:59,558 [WARNING] /mnt/data/SIGNATE_Agentic_RAG/EDA/EDA001/eda001.py:295: UserWarning: Glyph 12394 (\N{HIRAGANA LETTER NA}) missing from font(s) DejaVu Sans.
  plt.savefig(out_path, dpi=150)

2026-07-03 15:56:59,558 [WARNING] /mnt/data/SIGNATE_Agentic_RAG/EDA/EDA001/eda001.py:295: UserWarning: Glyph 12415 (\N{HIRAGANA LETTER MI}) missing from font(s) DejaVu Sans.
  plt.savefig(out_path, dpi=150)

2026-07-03 15:56:59,558 [WARNING] /mnt/data/SIGNATE_Agentic_RAG/EDA/EDA001/eda001.py:295: UserWarning: Glyph 37326 (\N{CJK UNIFIED IDEOGRAPH-91CE}) missing from font(s) DejaVu Sans.
  plt.savefig(out_path, dpi=150)

2026-07-03 15:56:59,558 [WARNING] /mnt/data/SIGNATE_Agentic_RAG/EDA/EDA001/eda001.py:295: UserWarning: Glyph 22899 (\N{CJK UNIFIED IDEOGRAPH-5973}) missing from font(s) DejaVu Sans.
  plt.savefig(out_path, dpi=150)

2026-07-03 15:56:59,558 [WARNING] /mnt/data/SIGNATE_Agentic_RAG/EDA/EDA001/eda001.py:295: UserWarning: Glyph 24615 (\N{CJK UNIFIED IDEOGRAPH-6027}) missing from font(s) DejaVu Sans.
  plt.savefig(out_path, dpi=150)

2026-07-03 15:56:59,558 [WARNING] /mnt/data/SIGNATE_Agentic_RAG/EDA/EDA001/eda001.py:295: UserWarning: Glyph 21307 (\N{CJK UNIFIED IDEOGRAPH-533B}) missing from font(s) DejaVu Sans.
  plt.savefig(out_path, dpi=150)

2026-07-03 15:56:59,558 [WARNING] /mnt/data/SIGNATE_Agentic_RAG/EDA/EDA001/eda001.py:295: UserWarning: Glyph 30274 (\N{CJK UNIFIED IDEOGRAPH-7642}) missing from font(s) DejaVu Sans.
  plt.savefig(out_path, dpi=150)

2026-07-03 15:56:59,558 [WARNING] /mnt/data/SIGNATE_Agentic_RAG/EDA/EDA001/eda001.py:295: UserWarning: Glyph 12475 (\N{KATAKANA LETTER SE}) missing from font(s) DejaVu Sans.
  plt.savefig(out_path, dpi=150)

2026-07-03 15:56:59,559 [WARNING] /mnt/data/SIGNATE_Agentic_RAG/EDA/EDA001/eda001.py:295: UserWarning: Glyph 12531 (\N{KATAKANA LETTER N}) missing from font(s) DejaVu Sans.
  plt.savefig(out_path, dpi=150)

2026-07-03 15:56:59,559 [WARNING] /mnt/data/SIGNATE_Agentic_RAG/EDA/EDA001/eda001.py:295: UserWarning: Glyph 12479 (\N{KATAKANA LETTER TA}) missing from font(s) DejaVu Sans.
  plt.savefig(out_path, dpi=150)

2026-07-03 15:56:59,559 [WARNING] /mnt/data/SIGNATE_Agentic_RAG/EDA/EDA001/eda001.py:295: UserWarning: Glyph 12540 (\N{KATAKANA-HIRAGANA PROLONGED SOUND MARK}) missing from font(s) DejaVu Sans.
  plt.savefig(out_path, dpi=150)

2026-07-03 15:56:59,559 [WARNING] /mnt/data/SIGNATE_Agentic_RAG/EDA/EDA001/eda001.py:295: UserWarning: Glyph 30333 (\N{CJK UNIFIED IDEOGRAPH-767D}) missing from font(s) DejaVu Sans.
  plt.savefig(out_path, dpi=150)

2026-07-03 15:56:59,559 [WARNING] /mnt/data/SIGNATE_Agentic_RAG/EDA/EDA001/eda001.py:295: UserWarning: Glyph 23792 (\N{CJK UNIFIED IDEOGRAPH-5CF0}) missing from font(s) DejaVu Sans.
  plt.savefig(out_path, dpi=150)

2026-07-03 15:56:59,560 [WARNING] /mnt/data/SIGNATE_Agentic_RAG/EDA/EDA001/eda001.py:295: UserWarning: Glyph 20449 (\N{CJK UNIFIED IDEOGRAPH-4FE1}) missing from font(s) DejaVu Sans.
  plt.savefig(out_path, dpi=150)

2026-07-03 15:56:59,560 [WARNING] /mnt/data/SIGNATE_Agentic_RAG/EDA/EDA001/eda001.py:295: UserWarning: Glyph 29992 (\N{CJK UNIFIED IDEOGRAPH-7528}) missing from font(s) DejaVu Sans.
  plt.savefig(out_path, dpi=150)

2026-07-03 15:56:59,560 [WARNING] /mnt/data/SIGNATE_Agentic_RAG/EDA/EDA001/eda001.py:295: UserWarning: Glyph 12522 (\N{KATAKANA LETTER RI}) missing from font(s) DejaVu Sans.
  plt.savefig(out_path, dpi=150)

2026-07-03 15:56:59,560 [WARNING] /mnt/data/SIGNATE_Agentic_RAG/EDA/EDA001/eda001.py:295: UserWarning: Glyph 12473 (\N{KATAKANA LETTER SU}) missing from font(s) DejaVu Sans.
  plt.savefig(out_path, dpi=150)

2026-07-03 15:56:59,560 [WARNING] /mnt/data/SIGNATE_Agentic_RAG/EDA/EDA001/eda001.py:295: UserWarning: Glyph 12463 (\N{KATAKANA LETTER KU}) missing from font(s) DejaVu Sans.
  plt.savefig(out_path, dpi=150)

2026-07-03 15:56:59,560 [WARNING] /mnt/data/SIGNATE_Agentic_RAG/EDA/EDA001/eda001.py:295: UserWarning: Glyph 35413 (\N{CJK UNIFIED IDEOGRAPH-8A55}) missing from font(s) DejaVu Sans.
  plt.savefig(out_path, dpi=150)

2026-07-03 15:56:59,560 [WARNING] /mnt/data/SIGNATE_Agentic_RAG/EDA/EDA001/eda001.py:295: UserWarning: Glyph 20385 (\N{CJK UNIFIED IDEOGRAPH-4FA1}) missing from font(s) DejaVu Sans.
  plt.savefig(out_path, dpi=150)

2026-07-03 15:56:59,561 [WARNING] /mnt/data/SIGNATE_Agentic_RAG/EDA/EDA001/eda001.py:295: UserWarning: Glyph 26666 (\N{CJK UNIFIED IDEOGRAPH-682A}) missing from font(s) DejaVu Sans.
  plt.savefig(out_path, dpi=150)

2026-07-03 15:56:59,561 [WARNING] /mnt/data/SIGNATE_Agentic_RAG/EDA/EDA001/eda001.py:295: UserWarning: Glyph 24335 (\N{CJK UNIFIED IDEOGRAPH-5F0F}) missing from font(s) DejaVu Sans.
  plt.savefig(out_path, dpi=150)

2026-07-03 15:56:59,561 [WARNING] /mnt/data/SIGNATE_Agentic_RAG/EDA/EDA001/eda001.py:295: UserWarning: Glyph 20250 (\N{CJK UNIFIED IDEOGRAPH-4F1A}) missing from font(s) DejaVu Sans.
  plt.savefig(out_path, dpi=150)

2026-07-03 15:56:59,561 [WARNING] /mnt/data/SIGNATE_Agentic_RAG/EDA/EDA001/eda001.py:295: UserWarning: Glyph 31038 (\N{CJK UNIFIED IDEOGRAPH-793E}) missing from font(s) DejaVu Sans.
  plt.savefig(out_path, dpi=150)

2026-07-03 15:56:59,562 [WARNING] /mnt/data/SIGNATE_Agentic_RAG/EDA/EDA001/eda001.py:295: UserWarning: Glyph 21307 (\N{CJK UNIFIED IDEOGRAPH-533B}) missing from font(s) DejaVu Sans.
  plt.savefig(out_path, dpi=150)

2026-07-03 15:56:59,562 [WARNING] /mnt/data/SIGNATE_Agentic_RAG/EDA/EDA001/eda001.py:295: UserWarning: Glyph 30274 (\N{CJK UNIFIED IDEOGRAPH-7642}) missing from font(s) DejaVu Sans.
  plt.savefig(out_path, dpi=150)

2026-07-03 15:56:59,562 [WARNING] /mnt/data/SIGNATE_Agentic_RAG/EDA/EDA001/eda001.py:295: UserWarning: Glyph 27861 (\N{CJK UNIFIED IDEOGRAPH-6CD5}) missing from font(s) DejaVu Sans.
  plt.savefig(out_path, dpi=150)

2026-07-03 15:56:59,562 [WARNING] /mnt/data/SIGNATE_Agentic_RAG/EDA/EDA001/eda001.py:295: UserWarning: Glyph 20154 (\N{CJK UNIFIED IDEOGRAPH-4EBA}) missing from font(s) DejaVu Sans.
  plt.savefig(out_path, dpi=150)

2026-07-03 15:56:59,562 [WARNING] /mnt/data/SIGNATE_Agentic_RAG/EDA/EDA001/eda001.py:295: UserWarning: Glyph 31038 (\N{CJK UNIFIED IDEOGRAPH-793E}) missing from font(s) DejaVu Sans.
  plt.savefig(out_path, dpi=150)

2026-07-03 15:56:59,562 [WARNING] /mnt/data/SIGNATE_Agentic_RAG/EDA/EDA001/eda001.py:295: UserWarning: Glyph 22243 (\N{CJK UNIFIED IDEOGRAPH-56E3}) missing from font(s) DejaVu Sans.
  plt.savefig(out_path, dpi=150)

2026-07-03 15:56:59,562 [WARNING] /mnt/data/SIGNATE_Agentic_RAG/EDA/EDA001/eda001.py:295: UserWarning: Glyph 24658 (\N{CJK UNIFIED IDEOGRAPH-6052}) missing from font(s) DejaVu Sans.
  plt.savefig(out_path, dpi=150)

2026-07-03 15:56:59,562 [WARNING] /mnt/data/SIGNATE_Agentic_RAG/EDA/EDA001/eda001.py:295: UserWarning: Glyph 19968 (\N{CJK UNIFIED IDEOGRAPH-4E00}) missing from font(s) DejaVu Sans.
  plt.savefig(out_path, dpi=150)

2026-07-03 15:56:59,563 [WARNING] /mnt/data/SIGNATE_Agentic_RAG/EDA/EDA001/eda001.py:295: UserWarning: Glyph 20250 (\N{CJK UNIFIED IDEOGRAPH-4F1A}) missing from font(s) DejaVu Sans.
  plt.savefig(out_path, dpi=150)

2026-07-03 15:56:59,563 [WARNING] /mnt/data/SIGNATE_Agentic_RAG/EDA/EDA001/eda001.py:295: UserWarning: Glyph 12363 (\N{HIRAGANA LETTER KA}) missing from font(s) DejaVu Sans.
  plt.savefig(out_path, dpi=150)

2026-07-03 15:56:59,563 [WARNING] /mnt/data/SIGNATE_Agentic_RAG/EDA/EDA001/eda001.py:295: UserWarning: Glyph 12360 (\N{HIRAGANA LETTER E}) missing from font(s) DejaVu Sans.
  plt.savefig(out_path, dpi=150)

2026-07-03 15:56:59,563 [WARNING] /mnt/data/SIGNATE_Agentic_RAG/EDA/EDA001/eda001.py:295: UserWarning: Glyph 12391 (\N{HIRAGANA LETTER DE}) missing from font(s) DejaVu Sans.
  plt.savefig(out_path, dpi=150)

2026-07-03 15:56:59,563 [WARNING] /mnt/data/SIGNATE_Agentic_RAG/EDA/EDA001/eda001.py:295: UserWarning: Glyph 32207 (\N{CJK UNIFIED IDEOGRAPH-7DCF}) missing from font(s) DejaVu Sans.
  plt.savefig(out_path, dpi=150)

2026-07-03 15:56:59,563 [WARNING] /mnt/data/SIGNATE_Agentic_RAG/EDA/EDA001/eda001.py:295: UserWarning: Glyph 21512 (\N{CJK UNIFIED IDEOGRAPH-5408}) missing from font(s) DejaVu Sans.
  plt.savefig(out_path, dpi=150)

2026-07-03 15:56:59,563 [WARNING] /mnt/data/SIGNATE_Agentic_RAG/EDA/EDA001/eda001.py:295: UserWarning: Glyph 30149 (\N{CJK UNIFIED IDEOGRAPH-75C5}) missing from font(s) DejaVu Sans.
  plt.savefig(out_path, dpi=150)

2026-07-03 15:56:59,563 [WARNING] /mnt/data/SIGNATE_Agentic_RAG/EDA/EDA001/eda001.py:295: UserWarning: Glyph 38498 (\N{CJK UNIFIED IDEOGRAPH-9662}) missing from font(s) DejaVu Sans.
  plt.savefig(out_path, dpi=150)

2026-07-03 15:56:59,564 [WARNING] /mnt/data/SIGNATE_Agentic_RAG/EDA/EDA001/eda001.py:295: UserWarning: Glyph 38738 (\N{CJK UNIFIED IDEOGRAPH-9752}) missing from font(s) DejaVu Sans.
  plt.savefig(out_path, dpi=150)

2026-07-03 15:56:59,564 [WARNING] /mnt/data/SIGNATE_Agentic_RAG/EDA/EDA001/eda001.py:295: UserWarning: Glyph 33865 (\N{CJK UNIFIED IDEOGRAPH-8449}) missing from font(s) DejaVu Sans.
  plt.savefig(out_path, dpi=150)

2026-07-03 15:56:59,564 [WARNING] /mnt/data/SIGNATE_Agentic_RAG/EDA/EDA001/eda001.py:295: UserWarning: Glyph 19982 (\N{CJK UNIFIED IDEOGRAPH-4E0E}) missing from font(s) DejaVu Sans.
  plt.savefig(out_path, dpi=150)

2026-07-03 15:56:59,565 [WARNING] /mnt/data/SIGNATE_Agentic_RAG/EDA/EDA001/eda001.py:295: UserWarning: Glyph 20449 (\N{CJK UNIFIED IDEOGRAPH-4FE1}) missing from font(s) DejaVu Sans.
  plt.savefig(out_path, dpi=150)

2026-07-03 15:56:59,565 [WARNING] /mnt/data/SIGNATE_Agentic_RAG/EDA/EDA001/eda001.py:295: UserWarning: Glyph 12510 (\N{KATAKANA LETTER MA}) missing from font(s) DejaVu Sans.
  plt.savefig(out_path, dpi=150)

2026-07-03 15:56:59,565 [WARNING] /mnt/data/SIGNATE_Agentic_RAG/EDA/EDA001/eda001.py:295: UserWarning: Glyph 12493 (\N{KATAKANA LETTER NE}) missing from font(s) DejaVu Sans.
  plt.savefig(out_path, dpi=150)

2026-07-03 15:56:59,565 [WARNING] /mnt/data/SIGNATE_Agentic_RAG/EDA/EDA001/eda001.py:295: UserWarning: Glyph 12472 (\N{KATAKANA LETTER ZI}) missing from font(s) DejaVu Sans.
  plt.savefig(out_path, dpi=150)

2026-07-03 15:56:59,565 [WARNING] /mnt/data/SIGNATE_Agentic_RAG/EDA/EDA001/eda001.py:295: UserWarning: Glyph 12513 (\N{KATAKANA LETTER ME}) missing from font(s) DejaVu Sans.
  plt.savefig(out_path, dpi=150)

2026-07-03 15:56:59,565 [WARNING] /mnt/data/SIGNATE_Agentic_RAG/EDA/EDA001/eda001.py:295: UserWarning: Glyph 12531 (\N{KATAKANA LETTER N}) missing from font(s) DejaVu Sans.
  plt.savefig(out_path, dpi=150)

2026-07-03 15:56:59,565 [WARNING] /mnt/data/SIGNATE_Agentic_RAG/EDA/EDA001/eda001.py:295: UserWarning: Glyph 12488 (\N{KATAKANA LETTER TO}) missing from font(s) DejaVu Sans.
  plt.savefig(out_path, dpi=150)

2026-07-03 15:56:59,565 [WARNING] /mnt/data/SIGNATE_Agentic_RAG/EDA/EDA001/eda001.py:295: UserWarning: Glyph 26666 (\N{CJK UNIFIED IDEOGRAPH-682A}) missing from font(s) DejaVu Sans.
  plt.savefig(out_path, dpi=150)

2026-07-03 15:56:59,566 [WARNING] /mnt/data/SIGNATE_Agentic_RAG/EDA/EDA001/eda001.py:295: UserWarning: Glyph 24335 (\N{CJK UNIFIED IDEOGRAPH-5F0F}) missing from font(s) DejaVu Sans.
  plt.savefig(out_path, dpi=150)

2026-07-03 15:56:59,566 [WARNING] /mnt/data/SIGNATE_Agentic_RAG/EDA/EDA001/eda001.py:295: UserWarning: Glyph 20250 (\N{CJK UNIFIED IDEOGRAPH-4F1A}) missing from font(s) DejaVu Sans.
  plt.savefig(out_path, dpi=150)

2026-07-03 15:56:59,566 [WARNING] /mnt/data/SIGNATE_Agentic_RAG/EDA/EDA001/eda001.py:295: UserWarning: Glyph 31038 (\N{CJK UNIFIED IDEOGRAPH-793E}) missing from font(s) DejaVu Sans.
  plt.savefig(out_path, dpi=150)

2026-07-03 15:56:59,568 [WARNING] /mnt/data/SIGNATE_Agentic_RAG/EDA/EDA001/eda001.py:295: UserWarning: Glyph 26696 (\N{CJK UNIFIED IDEOGRAPH-6848}) missing from font(s) DejaVu Sans.
  plt.savefig(out_path, dpi=150)

2026-07-03 15:56:59,568 [WARNING] /mnt/data/SIGNATE_Agentic_RAG/EDA/EDA001/eda001.py:295: UserWarning: Glyph 20214 (\N{CJK UNIFIED IDEOGRAPH-4EF6}) missing from font(s) DejaVu Sans.
  plt.savefig(out_path, dpi=150)

2026-07-03 15:56:59,568 [WARNING] /mnt/data/SIGNATE_Agentic_RAG/EDA/EDA001/eda001.py:295: UserWarning: Glyph 21029 (\N{CJK UNIFIED IDEOGRAPH-5225}) missing from font(s) DejaVu Sans.
  plt.savefig(out_path, dpi=150)

2026-07-03 15:56:59,568 [WARNING] /mnt/data/SIGNATE_Agentic_RAG/EDA/EDA001/eda001.py:295: UserWarning: Glyph 12501 (\N{KATAKANA LETTER HU}) missing from font(s) DejaVu Sans.
  plt.savefig(out_path, dpi=150)

2026-07-03 15:56:59,568 [WARNING] /mnt/data/SIGNATE_Agentic_RAG/EDA/EDA001/eda001.py:295: UserWarning: Glyph 12449 (\N{KATAKANA LETTER SMALL A}) missing from font(s) DejaVu Sans.
  plt.savefig(out_path, dpi=150)

2026-07-03 15:56:59,569 [WARNING] /mnt/data/SIGNATE_Agentic_RAG/EDA/EDA001/eda001.py:295: UserWarning: Glyph 12452 (\N{KATAKANA LETTER I}) missing from font(s) DejaVu Sans.
  plt.savefig(out_path, dpi=150)

2026-07-03 15:56:59,569 [WARNING] /mnt/data/SIGNATE_Agentic_RAG/EDA/EDA001/eda001.py:295: UserWarning: Glyph 12523 (\N{KATAKANA LETTER RU}) missing from font(s) DejaVu Sans.
  plt.savefig(out_path, dpi=150)

2026-07-03 15:56:59,569 [WARNING] /mnt/data/SIGNATE_Agentic_RAG/EDA/EDA001/eda001.py:295: UserWarning: Glyph 25968 (\N{CJK UNIFIED IDEOGRAPH-6570}) missing from font(s) DejaVu Sans.
  plt.savefig(out_path, dpi=150)

2026-07-03 15:56:59,596 [WARNING] /mnt/data/SIGNATE_Agentic_RAG/EDA/EDA001/eda001.py:295: UserWarning: Glyph 26666 (\N{CJK UNIFIED IDEOGRAPH-682A}) missing from font(s) DejaVu Sans.
  plt.savefig(out_path, dpi=150)

2026-07-03 15:56:59,597 [WARNING] /mnt/data/SIGNATE_Agentic_RAG/EDA/EDA001/eda001.py:295: UserWarning: Glyph 24335 (\N{CJK UNIFIED IDEOGRAPH-5F0F}) missing from font(s) DejaVu Sans.
  plt.savefig(out_path, dpi=150)

2026-07-03 15:56:59,597 [WARNING] /mnt/data/SIGNATE_Agentic_RAG/EDA/EDA001/eda001.py:295: UserWarning: Glyph 20250 (\N{CJK UNIFIED IDEOGRAPH-4F1A}) missing from font(s) DejaVu Sans.
  plt.savefig(out_path, dpi=150)

2026-07-03 15:56:59,597 [WARNING] /mnt/data/SIGNATE_Agentic_RAG/EDA/EDA001/eda001.py:295: UserWarning: Glyph 31038 (\N{CJK UNIFIED IDEOGRAPH-793E}) missing from font(s) DejaVu Sans.
  plt.savefig(out_path, dpi=150)

2026-07-03 15:56:59,597 [WARNING] /mnt/data/SIGNATE_Agentic_RAG/EDA/EDA001/eda001.py:295: UserWarning: Glyph 38738 (\N{CJK UNIFIED IDEOGRAPH-9752}) missing from font(s) DejaVu Sans.
  plt.savefig(out_path, dpi=150)

2026-07-03 15:56:59,597 [WARNING] /mnt/data/SIGNATE_Agentic_RAG/EDA/EDA001/eda001.py:295: UserWarning: Glyph 33865 (\N{CJK UNIFIED IDEOGRAPH-8449}) missing from font(s) DejaVu Sans.
  plt.savefig(out_path, dpi=150)

2026-07-03 15:56:59,597 [WARNING] /mnt/data/SIGNATE_Agentic_RAG/EDA/EDA001/eda001.py:295: UserWarning: Glyph 12496 (\N{KATAKANA LETTER BA}) missing from font(s) DejaVu Sans.
  plt.savefig(out_path, dpi=150)

2026-07-03 15:56:59,597 [WARNING] /mnt/data/SIGNATE_Agentic_RAG/EDA/EDA001/eda001.py:295: UserWarning: Glyph 12452 (\N{KATAKANA LETTER I}) missing from font(s) DejaVu Sans.
  plt.savefig(out_path, dpi=150)

2026-07-03 15:56:59,598 [WARNING] /mnt/data/SIGNATE_Agentic_RAG/EDA/EDA001/eda001.py:295: UserWarning: Glyph 12458 (\N{KATAKANA LETTER O}) missing from font(s) DejaVu Sans.
  plt.savefig(out_path, dpi=150)

2026-07-03 15:56:59,598 [WARNING] /mnt/data/SIGNATE_Agentic_RAG/EDA/EDA001/eda001.py:295: UserWarning: Glyph 12513 (\N{KATAKANA LETTER ME}) missing from font(s) DejaVu Sans.
  plt.savefig(out_path, dpi=150)

2026-07-03 15:56:59,598 [WARNING] /mnt/data/SIGNATE_Agentic_RAG/EDA/EDA001/eda001.py:295: UserWarning: Glyph 12487 (\N{KATAKANA LETTER DE}) missing from font(s) DejaVu Sans.
  plt.savefig(out_path, dpi=150)

2026-07-03 15:56:59,598 [WARNING] /mnt/data/SIGNATE_Agentic_RAG/EDA/EDA001/eda001.py:295: UserWarning: Glyph 12451 (\N{KATAKANA LETTER SMALL I}) missing from font(s) DejaVu Sans.
  plt.savefig(out_path, dpi=150)

2026-07-03 15:56:59,598 [WARNING] /mnt/data/SIGNATE_Agentic_RAG/EDA/EDA001/eda001.py:295: UserWarning: Glyph 12459 (\N{KATAKANA LETTER KA}) missing from font(s) DejaVu Sans.
  plt.savefig(out_path, dpi=150)

2026-07-03 15:56:59,598 [WARNING] /mnt/data/SIGNATE_Agentic_RAG/EDA/EDA001/eda001.py:295: UserWarning: Glyph 12523 (\N{KATAKANA LETTER RU}) missing from font(s) DejaVu Sans.
  plt.savefig(out_path, dpi=150)

2026-07-03 15:56:59,599 [WARNING] /mnt/data/SIGNATE_Agentic_RAG/EDA/EDA001/eda001.py:295: UserWarning: Glyph 27231 (\N{CJK UNIFIED IDEOGRAPH-6A5F}) missing from font(s) DejaVu Sans.
  plt.savefig(out_path, dpi=150)

2026-07-03 15:56:59,599 [WARNING] /mnt/data/SIGNATE_Agentic_RAG/EDA/EDA001/eda001.py:295: UserWarning: Glyph 22120 (\N{CJK UNIFIED IDEOGRAPH-5668}) missing from font(s) DejaVu Sans.
  plt.savefig(out_path, dpi=150)

2026-07-03 15:56:59,599 [WARNING] /mnt/data/SIGNATE_Agentic_RAG/EDA/EDA001/eda001.py:295: UserWarning: Glyph 21307 (\N{CJK UNIFIED IDEOGRAPH-533B}) missing from font(s) DejaVu Sans.
  plt.savefig(out_path, dpi=150)

2026-07-03 15:56:59,599 [WARNING] /mnt/data/SIGNATE_Agentic_RAG/EDA/EDA001/eda001.py:295: UserWarning: Glyph 30274 (\N{CJK UNIFIED IDEOGRAPH-7642}) missing from font(s) DejaVu Sans.
  plt.savefig(out_path, dpi=150)

2026-07-03 15:56:59,600 [WARNING] /mnt/data/SIGNATE_Agentic_RAG/EDA/EDA001/eda001.py:295: UserWarning: Glyph 27861 (\N{CJK UNIFIED IDEOGRAPH-6CD5}) missing from font(s) DejaVu Sans.
  plt.savefig(out_path, dpi=150)

2026-07-03 15:56:59,600 [WARNING] /mnt/data/SIGNATE_Agentic_RAG/EDA/EDA001/eda001.py:295: UserWarning: Glyph 20154 (\N{CJK UNIFIED IDEOGRAPH-4EBA}) missing from font(s) DejaVu Sans.
  plt.savefig(out_path, dpi=150)

2026-07-03 15:56:59,600 [WARNING] /mnt/data/SIGNATE_Agentic_RAG/EDA/EDA001/eda001.py:295: UserWarning: Glyph 31038 (\N{CJK UNIFIED IDEOGRAPH-793E}) missing from font(s) DejaVu Sans.
  plt.savefig(out_path, dpi=150)

2026-07-03 15:56:59,600 [WARNING] /mnt/data/SIGNATE_Agentic_RAG/EDA/EDA001/eda001.py:295: UserWarning: Glyph 22243 (\N{CJK UNIFIED IDEOGRAPH-56E3}) missing from font(s) DejaVu Sans.
  plt.savefig(out_path, dpi=150)

2026-07-03 15:56:59,600 [WARNING] /mnt/data/SIGNATE_Agentic_RAG/EDA/EDA001/eda001.py:295: UserWarning: Glyph 33980 (\N{CJK UNIFIED IDEOGRAPH-84BC}) missing from font(s) DejaVu Sans.
  plt.savefig(out_path, dpi=150)

2026-07-03 15:56:59,600 [WARNING] /mnt/data/SIGNATE_Agentic_RAG/EDA/EDA001/eda001.py:295: UserWarning: Glyph 27849 (\N{CJK UNIFIED IDEOGRAPH-6CC9}) missing from font(s) DejaVu Sans.
  plt.savefig(out_path, dpi=150)

2026-07-03 15:56:59,600 [WARNING] /mnt/data/SIGNATE_Agentic_RAG/EDA/EDA001/eda001.py:295: UserWarning: Glyph 20250 (\N{CJK UNIFIED IDEOGRAPH-4F1A}) missing from font(s) DejaVu Sans.
  plt.savefig(out_path, dpi=150)

2026-07-03 15:56:59,600 [WARNING] /mnt/data/SIGNATE_Agentic_RAG/EDA/EDA001/eda001.py:295: UserWarning: Glyph 12402 (\N{HIRAGANA LETTER HI}) missing from font(s) DejaVu Sans.
  plt.savefig(out_path, dpi=150)

2026-07-03 15:56:59,601 [WARNING] /mnt/data/SIGNATE_Agentic_RAG/EDA/EDA001/eda001.py:295: UserWarning: Glyph 12364 (\N{HIRAGANA LETTER GA}) missing from font(s) DejaVu Sans.
  plt.savefig(out_path, dpi=150)

2026-07-03 15:56:59,601 [WARNING] /mnt/data/SIGNATE_Agentic_RAG/EDA/EDA001/eda001.py:295: UserWarning: Glyph 12375 (\N{HIRAGANA LETTER SI}) missing from font(s) DejaVu Sans.
  plt.savefig(out_path, dpi=150)

2026-07-03 15:56:59,601 [WARNING] /mnt/data/SIGNATE_Agentic_RAG/EDA/EDA001/eda001.py:295: UserWarning: Glyph 19992 (\N{CJK UNIFIED IDEOGRAPH-4E18}) missing from font(s) DejaVu Sans.
  plt.savefig(out_path, dpi=150)

2026-07-03 15:56:59,602 [WARNING] /mnt/data/SIGNATE_Agentic_RAG/EDA/EDA001/eda001.py:295: UserWarning: Glyph 32207 (\N{CJK UNIFIED IDEOGRAPH-7DCF}) missing from font(s) DejaVu Sans.
  plt.savefig(out_path, dpi=150)

2026-07-03 15:56:59,602 [WARNING] /mnt/data/SIGNATE_Agentic_RAG/EDA/EDA001/eda001.py:295: UserWarning: Glyph 21512 (\N{CJK UNIFIED IDEOGRAPH-5408}) missing from font(s) DejaVu Sans.
  plt.savefig(out_path, dpi=150)

2026-07-03 15:56:59,602 [WARNING] /mnt/data/SIGNATE_Agentic_RAG/EDA/EDA001/eda001.py:295: UserWarning: Glyph 30149 (\N{CJK UNIFIED IDEOGRAPH-75C5}) missing from font(s) DejaVu Sans.
  plt.savefig(out_path, dpi=150)

2026-07-03 15:56:59,602 [WARNING] /mnt/data/SIGNATE_Agentic_RAG/EDA/EDA001/eda001.py:295: UserWarning: Glyph 38498 (\N{CJK UNIFIED IDEOGRAPH-9662}) missing from font(s) DejaVu Sans.
  plt.savefig(out_path, dpi=150)

2026-07-03 15:56:59,603 [WARNING] /mnt/data/SIGNATE_Agentic_RAG/EDA/EDA001/eda001.py:295: UserWarning: Glyph 20140 (\N{CJK UNIFIED IDEOGRAPH-4EAC}) missing from font(s) DejaVu Sans.
  plt.savefig(out_path, dpi=150)

2026-07-03 15:56:59,603 [WARNING] /mnt/data/SIGNATE_Agentic_RAG/EDA/EDA001/eda001.py:295: UserWarning: Glyph 27211 (\N{CJK UNIFIED IDEOGRAPH-6A4B}) missing from font(s) DejaVu Sans.
  plt.savefig(out_path, dpi=150)

2026-07-03 15:56:59,603 [WARNING] /mnt/data/SIGNATE_Agentic_RAG/EDA/EDA001/eda001.py:295: UserWarning: Glyph 20449 (\N{CJK UNIFIED IDEOGRAPH-4FE1}) missing from font(s) DejaVu Sans.
  plt.savefig(out_path, dpi=150)

2026-07-03 15:56:59,603 [WARNING] /mnt/data/SIGNATE_Agentic_RAG/EDA/EDA001/eda001.py:295: UserWarning: Glyph 29992 (\N{CJK UNIFIED IDEOGRAPH-7528}) missing from font(s) DejaVu Sans.
  plt.savefig(out_path, dpi=150)

2026-07-03 15:56:59,603 [WARNING] /mnt/data/SIGNATE_Agentic_RAG/EDA/EDA001/eda001.py:295: UserWarning: Glyph 12477 (\N{KATAKANA LETTER SO}) missing from font(s) DejaVu Sans.
  plt.savefig(out_path, dpi=150)

2026-07-03 15:56:59,603 [WARNING] /mnt/data/SIGNATE_Agentic_RAG/EDA/EDA001/eda001.py:295: UserWarning: Glyph 12522 (\N{KATAKANA LETTER RI}) missing from font(s) DejaVu Sans.
  plt.savefig(out_path, dpi=150)

2026-07-03 15:56:59,604 [WARNING] /mnt/data/SIGNATE_Agentic_RAG/EDA/EDA001/eda001.py:295: UserWarning: Glyph 12517 (\N{KATAKANA LETTER SMALL YU}) missing from font(s) DejaVu Sans.
  plt.savefig(out_path, dpi=150)

2026-07-03 15:56:59,604 [WARNING] /mnt/data/SIGNATE_Agentic_RAG/EDA/EDA001/eda001.py:295: UserWarning: Glyph 12540 (\N{KATAKANA-HIRAGANA PROLONGED SOUND MARK}) missing from font(s) DejaVu Sans.
  plt.savefig(out_path, dpi=150)

2026-07-03 15:56:59,604 [WARNING] /mnt/data/SIGNATE_Agentic_RAG/EDA/EDA001/eda001.py:295: UserWarning: Glyph 12471 (\N{KATAKANA LETTER SI}) missing from font(s) DejaVu Sans.
  plt.savefig(out_path, dpi=150)

2026-07-03 15:56:59,604 [WARNING] /mnt/data/SIGNATE_Agentic_RAG/EDA/EDA001/eda001.py:295: UserWarning: Glyph 12519 (\N{KATAKANA LETTER SMALL YO}) missing from font(s) DejaVu Sans.
  plt.savefig(out_path, dpi=150)

2026-07-03 15:56:59,604 [WARNING] /mnt/data/SIGNATE_Agentic_RAG/EDA/EDA001/eda001.py:295: UserWarning: Glyph 12531 (\N{KATAKANA LETTER N}) missing from font(s) DejaVu Sans.
  plt.savefig(out_path, dpi=150)

2026-07-03 15:56:59,604 [WARNING] /mnt/data/SIGNATE_Agentic_RAG/EDA/EDA001/eda001.py:295: UserWarning: Glyph 12474 (\N{KATAKANA LETTER ZU}) missing from font(s) DejaVu Sans.
  plt.savefig(out_path, dpi=150)

2026-07-03 15:56:59,604 [WARNING] /mnt/data/SIGNATE_Agentic_RAG/EDA/EDA001/eda001.py:295: UserWarning: Glyph 26666 (\N{CJK UNIFIED IDEOGRAPH-682A}) missing from font(s) DejaVu Sans.
  plt.savefig(out_path, dpi=150)

2026-07-03 15:56:59,604 [WARNING] /mnt/data/SIGNATE_Agentic_RAG/EDA/EDA001/eda001.py:295: UserWarning: Glyph 24335 (\N{CJK UNIFIED IDEOGRAPH-5F0F}) missing from font(s) DejaVu Sans.
  plt.savefig(out_path, dpi=150)

2026-07-03 15:56:59,605 [WARNING] /mnt/data/SIGNATE_Agentic_RAG/EDA/EDA001/eda001.py:295: UserWarning: Glyph 20250 (\N{CJK UNIFIED IDEOGRAPH-4F1A}) missing from font(s) DejaVu Sans.
  plt.savefig(out_path, dpi=150)

2026-07-03 15:56:59,605 [WARNING] /mnt/data/SIGNATE_Agentic_RAG/EDA/EDA001/eda001.py:295: UserWarning: Glyph 31038 (\N{CJK UNIFIED IDEOGRAPH-793E}) missing from font(s) DejaVu Sans.
  plt.savefig(out_path, dpi=150)

2026-07-03 15:56:59,605 [WARNING] /mnt/data/SIGNATE_Agentic_RAG/EDA/EDA001/eda001.py:295: UserWarning: Glyph 26666 (\N{CJK UNIFIED IDEOGRAPH-682A}) missing from font(s) DejaVu Sans.
  plt.savefig(out_path, dpi=150)

2026-07-03 15:56:59,605 [WARNING] /mnt/data/SIGNATE_Agentic_RAG/EDA/EDA001/eda001.py:295: UserWarning: Glyph 24335 (\N{CJK UNIFIED IDEOGRAPH-5F0F}) missing from font(s) DejaVu Sans.
  plt.savefig(out_path, dpi=150)

2026-07-03 15:56:59,605 [WARNING] /mnt/data/SIGNATE_Agentic_RAG/EDA/EDA001/eda001.py:295: UserWarning: Glyph 20250 (\N{CJK UNIFIED IDEOGRAPH-4F1A}) missing from font(s) DejaVu Sans.
  plt.savefig(out_path, dpi=150)

2026-07-03 15:56:59,605 [WARNING] /mnt/data/SIGNATE_Agentic_RAG/EDA/EDA001/eda001.py:295: UserWarning: Glyph 31038 (\N{CJK UNIFIED IDEOGRAPH-793E}) missing from font(s) DejaVu Sans.
  plt.savefig(out_path, dpi=150)

2026-07-03 15:56:59,606 [WARNING] /mnt/data/SIGNATE_Agentic_RAG/EDA/EDA001/eda001.py:295: UserWarning: Glyph 26481 (\N{CJK UNIFIED IDEOGRAPH-6771}) missing from font(s) DejaVu Sans.
  plt.savefig(out_path, dpi=150)

2026-07-03 15:56:59,606 [WARNING] /mnt/data/SIGNATE_Agentic_RAG/EDA/EDA001/eda001.py:295: UserWarning: Glyph 37117 (\N{CJK UNIFIED IDEOGRAPH-90FD}) missing from font(s) DejaVu Sans.
  plt.savefig(out_path, dpi=150)

2026-07-03 15:56:59,606 [WARNING] /mnt/data/SIGNATE_Agentic_RAG/EDA/EDA001/eda001.py:295: UserWarning: Glyph 20154 (\N{CJK UNIFIED IDEOGRAPH-4EBA}) missing from font(s) DejaVu Sans.
  plt.savefig(out_path, dpi=150)

2026-07-03 15:56:59,606 [WARNING] /mnt/data/SIGNATE_Agentic_RAG/EDA/EDA001/eda001.py:295: UserWarning: Glyph 26448 (\N{CJK UNIFIED IDEOGRAPH-6750}) missing from font(s) DejaVu Sans.
  plt.savefig(out_path, dpi=150)

2026-07-03 15:56:59,606 [WARNING] /mnt/data/SIGNATE_Agentic_RAG/EDA/EDA001/eda001.py:295: UserWarning: Glyph 12503 (\N{KATAKANA LETTER PU}) missing from font(s) DejaVu Sans.
  plt.savefig(out_path, dpi=150)

2026-07-03 15:56:59,606 [WARNING] /mnt/data/SIGNATE_Agentic_RAG/EDA/EDA001/eda001.py:295: UserWarning: Glyph 12521 (\N{KATAKANA LETTER RA}) missing from font(s) DejaVu Sans.
  plt.savefig(out_path, dpi=150)

2026-07-03 15:56:59,606 [WARNING] /mnt/data/SIGNATE_Agentic_RAG/EDA/EDA001/eda001.py:295: UserWarning: Glyph 12483 (\N{KATAKANA LETTER SMALL TU}) missing from font(s) DejaVu Sans.
  plt.savefig(out_path, dpi=150)

2026-07-03 15:56:59,606 [WARNING] /mnt/data/SIGNATE_Agentic_RAG/EDA/EDA001/eda001.py:295: UserWarning: Glyph 12488 (\N{KATAKANA LETTER TO}) missing from font(s) DejaVu Sans.
  plt.savefig(out_path, dpi=150)

2026-07-03 15:56:59,606 [WARNING] /mnt/data/SIGNATE_Agentic_RAG/EDA/EDA001/eda001.py:295: UserWarning: Glyph 12501 (\N{KATAKANA LETTER HU}) missing from font(s) DejaVu Sans.
  plt.savefig(out_path, dpi=150)

2026-07-03 15:56:59,606 [WARNING] /mnt/data/SIGNATE_Agentic_RAG/EDA/EDA001/eda001.py:295: UserWarning: Glyph 12457 (\N{KATAKANA LETTER SMALL O}) missing from font(s) DejaVu Sans.
  plt.savefig(out_path, dpi=150)

2026-07-03 15:56:59,606 [WARNING] /mnt/data/SIGNATE_Agentic_RAG/EDA/EDA001/eda001.py:295: UserWarning: Glyph 12540 (\N{KATAKANA-HIRAGANA PROLONGED SOUND MARK}) missing from font(s) DejaVu Sans.
  plt.savefig(out_path, dpi=150)

2026-07-03 15:56:59,607 [WARNING] /mnt/data/SIGNATE_Agentic_RAG/EDA/EDA001/eda001.py:295: UserWarning: Glyph 12512 (\N{KATAKANA LETTER MU}) missing from font(s) DejaVu Sans.
  plt.savefig(out_path, dpi=150)

2026-07-03 15:56:59,607 [WARNING] /mnt/data/SIGNATE_Agentic_RAG/EDA/EDA001/eda001.py:295: UserWarning: Glyph 26666 (\N{CJK UNIFIED IDEOGRAPH-682A}) missing from font(s) DejaVu Sans.
  plt.savefig(out_path, dpi=150)

2026-07-03 15:56:59,607 [WARNING] /mnt/data/SIGNATE_Agentic_RAG/EDA/EDA001/eda001.py:295: UserWarning: Glyph 24335 (\N{CJK UNIFIED IDEOGRAPH-5F0F}) missing from font(s) DejaVu Sans.
  plt.savefig(out_path, dpi=150)

2026-07-03 15:56:59,607 [WARNING] /mnt/data/SIGNATE_Agentic_RAG/EDA/EDA001/eda001.py:295: UserWarning: Glyph 20250 (\N{CJK UNIFIED IDEOGRAPH-4F1A}) missing from font(s) DejaVu Sans.
  plt.savefig(out_path, dpi=150)

2026-07-03 15:56:59,607 [WARNING] /mnt/data/SIGNATE_Agentic_RAG/EDA/EDA001/eda001.py:295: UserWarning: Glyph 31038 (\N{CJK UNIFIED IDEOGRAPH-793E}) missing from font(s) DejaVu Sans.
  plt.savefig(out_path, dpi=150)

2026-07-03 15:56:59,607 [WARNING] /mnt/data/SIGNATE_Agentic_RAG/EDA/EDA001/eda001.py:295: UserWarning: Glyph 38738 (\N{CJK UNIFIED IDEOGRAPH-9752}) missing from font(s) DejaVu Sans.
  plt.savefig(out_path, dpi=150)

2026-07-03 15:56:59,607 [WARNING] /mnt/data/SIGNATE_Agentic_RAG/EDA/EDA001/eda001.py:295: UserWarning: Glyph 28526 (\N{CJK UNIFIED IDEOGRAPH-6F6E}) missing from font(s) DejaVu Sans.
  plt.savefig(out_path, dpi=150)

2026-07-03 15:56:59,608 [WARNING] /mnt/data/SIGNATE_Agentic_RAG/EDA/EDA001/eda001.py:295: UserWarning: Glyph 12514 (\N{KATAKANA LETTER MO}) missing from font(s) DejaVu Sans.
  plt.savefig(out_path, dpi=150)

2026-07-03 15:56:59,608 [WARNING] /mnt/data/SIGNATE_Agentic_RAG/EDA/EDA001/eda001.py:295: UserWarning: Glyph 12499 (\N{KATAKANA LETTER BI}) missing from font(s) DejaVu Sans.
  plt.savefig(out_path, dpi=150)

2026-07-03 15:56:59,608 [WARNING] /mnt/data/SIGNATE_Agentic_RAG/EDA/EDA001/eda001.py:295: UserWarning: Glyph 12522 (\N{KATAKANA LETTER RI}) missing from font(s) DejaVu Sans.
  plt.savefig(out_path, dpi=150)

2026-07-03 15:56:59,608 [WARNING] /mnt/data/SIGNATE_Agentic_RAG/EDA/EDA001/eda001.py:295: UserWarning: Glyph 12486 (\N{KATAKANA LETTER TE}) missing from font(s) DejaVu Sans.
  plt.savefig(out_path, dpi=150)

2026-07-03 15:56:59,608 [WARNING] /mnt/data/SIGNATE_Agentic_RAG/EDA/EDA001/eda001.py:295: UserWarning: Glyph 12451 (\N{KATAKANA LETTER SMALL I}) missing from font(s) DejaVu Sans.
  plt.savefig(out_path, dpi=150)

2026-07-03 15:56:59,608 [WARNING] /mnt/data/SIGNATE_Agentic_RAG/EDA/EDA001/eda001.py:295: UserWarning: Glyph 12469 (\N{KATAKANA LETTER SA}) missing from font(s) DejaVu Sans.
  plt.savefig(out_path, dpi=150)

2026-07-03 15:56:59,609 [WARNING] /mnt/data/SIGNATE_Agentic_RAG/EDA/EDA001/eda001.py:295: UserWarning: Glyph 12540 (\N{KATAKANA-HIRAGANA PROLONGED SOUND MARK}) missing from font(s) DejaVu Sans.
  plt.savefig(out_path, dpi=150)

2026-07-03 15:56:59,609 [WARNING] /mnt/data/SIGNATE_Agentic_RAG/EDA/EDA001/eda001.py:295: UserWarning: Glyph 12499 (\N{KATAKANA LETTER BI}) missing from font(s) DejaVu Sans.
  plt.savefig(out_path, dpi=150)

2026-07-03 15:56:59,609 [WARNING] /mnt/data/SIGNATE_Agentic_RAG/EDA/EDA001/eda001.py:295: UserWarning: Glyph 12473 (\N{KATAKANA LETTER SU}) missing from font(s) DejaVu Sans.
  plt.savefig(out_path, dpi=150)

2026-07-03 15:56:59,609 [WARNING] /mnt/data/SIGNATE_Agentic_RAG/EDA/EDA001/eda001.py:295: UserWarning: Glyph 26666 (\N{CJK UNIFIED IDEOGRAPH-682A}) missing from font(s) DejaVu Sans.
  plt.savefig(out_path, dpi=150)

2026-07-03 15:56:59,609 [WARNING] /mnt/data/SIGNATE_Agentic_RAG/EDA/EDA001/eda001.py:295: UserWarning: Glyph 24335 (\N{CJK UNIFIED IDEOGRAPH-5F0F}) missing from font(s) DejaVu Sans.
  plt.savefig(out_path, dpi=150)

2026-07-03 15:56:59,609 [WARNING] /mnt/data/SIGNATE_Agentic_RAG/EDA/EDA001/eda001.py:295: UserWarning: Glyph 20250 (\N{CJK UNIFIED IDEOGRAPH-4F1A}) missing from font(s) DejaVu Sans.
  plt.savefig(out_path, dpi=150)

2026-07-03 15:56:59,610 [WARNING] /mnt/data/SIGNATE_Agentic_RAG/EDA/EDA001/eda001.py:295: UserWarning: Glyph 31038 (\N{CJK UNIFIED IDEOGRAPH-793E}) missing from font(s) DejaVu Sans.
  plt.savefig(out_path, dpi=150)

2026-07-03 15:56:59,610 [WARNING] /mnt/data/SIGNATE_Agentic_RAG/EDA/EDA001/eda001.py:295: UserWarning: Glyph 38738 (\N{CJK UNIFIED IDEOGRAPH-9752}) missing from font(s) DejaVu Sans.
  plt.savefig(out_path, dpi=150)

2026-07-03 15:56:59,610 [WARNING] /mnt/data/SIGNATE_Agentic_RAG/EDA/EDA001/eda001.py:295: UserWarning: Glyph 23994 (\N{CJK UNIFIED IDEOGRAPH-5DBA}) missing from font(s) DejaVu Sans.
  plt.savefig(out_path, dpi=150)

2026-07-03 15:56:59,610 [WARNING] /mnt/data/SIGNATE_Agentic_RAG/EDA/EDA001/eda001.py:295: UserWarning: Glyph 19981 (\N{CJK UNIFIED IDEOGRAPH-4E0D}) missing from font(s) DejaVu Sans.
  plt.savefig(out_path, dpi=150)

2026-07-03 15:56:59,610 [WARNING] /mnt/data/SIGNATE_Agentic_RAG/EDA/EDA001/eda001.py:295: UserWarning: Glyph 21205 (\N{CJK UNIFIED IDEOGRAPH-52D5}) missing from font(s) DejaVu Sans.
  plt.savefig(out_path, dpi=150)

2026-07-03 15:56:59,610 [WARNING] /mnt/data/SIGNATE_Agentic_RAG/EDA/EDA001/eda001.py:295: UserWarning: Glyph 29987 (\N{CJK UNIFIED IDEOGRAPH-7523}) missing from font(s) DejaVu Sans.
  plt.savefig(out_path, dpi=150)

2026-07-03 15:56:59,610 [WARNING] /mnt/data/SIGNATE_Agentic_RAG/EDA/EDA001/eda001.py:295: UserWarning: Glyph 12450 (\N{KATAKANA LETTER A}) missing from font(s) DejaVu Sans.
  plt.savefig(out_path, dpi=150)

2026-07-03 15:56:59,610 [WARNING] /mnt/data/SIGNATE_Agentic_RAG/EDA/EDA001/eda001.py:295: UserWarning: Glyph 12475 (\N{KATAKANA LETTER SE}) missing from font(s) DejaVu Sans.
  plt.savefig(out_path, dpi=150)

2026-07-03 15:56:59,610 [WARNING] /mnt/data/SIGNATE_Agentic_RAG/EDA/EDA001/eda001.py:295: UserWarning: Glyph 12483 (\N{KATAKANA LETTER SMALL TU}) missing from font(s) DejaVu Sans.
  plt.savefig(out_path, dpi=150)

2026-07-03 15:56:59,610 [WARNING] /mnt/data/SIGNATE_Agentic_RAG/EDA/EDA001/eda001.py:295: UserWarning: Glyph 12488 (\N{KATAKANA LETTER TO}) missing from font(s) DejaVu Sans.
  plt.savefig(out_path, dpi=150)

2026-07-03 15:56:59,611 [WARNING] /mnt/data/SIGNATE_Agentic_RAG/EDA/EDA001/eda001.py:295: UserWarning: Glyph 12510 (\N{KATAKANA LETTER MA}) missing from font(s) DejaVu Sans.
  plt.savefig(out_path, dpi=150)

2026-07-03 15:56:59,611 [WARNING] /mnt/data/SIGNATE_Agentic_RAG/EDA/EDA001/eda001.py:295: UserWarning: Glyph 12493 (\N{KATAKANA LETTER NE}) missing from font(s) DejaVu Sans.
  plt.savefig(out_path, dpi=150)

2026-07-03 15:56:59,611 [WARNING] /mnt/data/SIGNATE_Agentic_RAG/EDA/EDA001/eda001.py:295: UserWarning: Glyph 12472 (\N{KATAKANA LETTER ZI}) missing from font(s) DejaVu Sans.
  plt.savefig(out_path, dpi=150)

2026-07-03 15:56:59,611 [WARNING] /mnt/data/SIGNATE_Agentic_RAG/EDA/EDA001/eda001.py:295: UserWarning: Glyph 12513 (\N{KATAKANA LETTER ME}) missing from font(s) DejaVu Sans.
  plt.savefig(out_path, dpi=150)

2026-07-03 15:56:59,611 [WARNING] /mnt/data/SIGNATE_Agentic_RAG/EDA/EDA001/eda001.py:295: UserWarning: Glyph 12531 (\N{KATAKANA LETTER N}) missing from font(s) DejaVu Sans.
  plt.savefig(out_path, dpi=150)

2026-07-03 15:56:59,611 [WARNING] /mnt/data/SIGNATE_Agentic_RAG/EDA/EDA001/eda001.py:295: UserWarning: Glyph 12488 (\N{KATAKANA LETTER TO}) missing from font(s) DejaVu Sans.
  plt.savefig(out_path, dpi=150)

2026-07-03 15:56:59,611 [WARNING] /mnt/data/SIGNATE_Agentic_RAG/EDA/EDA001/eda001.py:295: UserWarning: Glyph 21307 (\N{CJK UNIFIED IDEOGRAPH-533B}) missing from font(s) DejaVu Sans.
  plt.savefig(out_path, dpi=150)

2026-07-03 15:56:59,612 [WARNING] /mnt/data/SIGNATE_Agentic_RAG/EDA/EDA001/eda001.py:295: UserWarning: Glyph 30274 (\N{CJK UNIFIED IDEOGRAPH-7642}) missing from font(s) DejaVu Sans.
  plt.savefig(out_path, dpi=150)

2026-07-03 15:56:59,612 [WARNING] /mnt/data/SIGNATE_Agentic_RAG/EDA/EDA001/eda001.py:295: UserWarning: Glyph 27861 (\N{CJK UNIFIED IDEOGRAPH-6CD5}) missing from font(s) DejaVu Sans.
  plt.savefig(out_path, dpi=150)

2026-07-03 15:56:59,612 [WARNING] /mnt/data/SIGNATE_Agentic_RAG/EDA/EDA001/eda001.py:295: UserWarning: Glyph 20154 (\N{CJK UNIFIED IDEOGRAPH-4EBA}) missing from font(s) DejaVu Sans.
  plt.savefig(out_path, dpi=150)

2026-07-03 15:56:59,612 [WARNING] /mnt/data/SIGNATE_Agentic_RAG/EDA/EDA001/eda001.py:295: UserWarning: Glyph 31038 (\N{CJK UNIFIED IDEOGRAPH-793E}) missing from font(s) DejaVu Sans.
  plt.savefig(out_path, dpi=150)

2026-07-03 15:56:59,612 [WARNING] /mnt/data/SIGNATE_Agentic_RAG/EDA/EDA001/eda001.py:295: UserWarning: Glyph 22243 (\N{CJK UNIFIED IDEOGRAPH-56E3}) missing from font(s) DejaVu Sans.
  plt.savefig(out_path, dpi=150)

2026-07-03 15:56:59,612 [WARNING] /mnt/data/SIGNATE_Agentic_RAG/EDA/EDA001/eda001.py:295: UserWarning: Glyph 33980 (\N{CJK UNIFIED IDEOGRAPH-84BC}) missing from font(s) DejaVu Sans.
  plt.savefig(out_path, dpi=150)

2026-07-03 15:56:59,612 [WARNING] /mnt/data/SIGNATE_Agentic_RAG/EDA/EDA001/eda001.py:295: UserWarning: Glyph 27193 (\N{CJK UNIFIED IDEOGRAPH-6A39}) missing from font(s) DejaVu Sans.
  plt.savefig(out_path, dpi=150)

2026-07-03 15:56:59,612 [WARNING] /mnt/data/SIGNATE_Agentic_RAG/EDA/EDA001/eda001.py:295: UserWarning: Glyph 20250 (\N{CJK UNIFIED IDEOGRAPH-4F1A}) missing from font(s) DejaVu Sans.
  plt.savefig(out_path, dpi=150)

2026-07-03 15:56:59,613 [WARNING] /mnt/data/SIGNATE_Agentic_RAG/EDA/EDA001/eda001.py:295: UserWarning: Glyph 12415 (\N{HIRAGANA LETTER MI}) missing from font(s) DejaVu Sans.
  plt.savefig(out_path, dpi=150)

2026-07-03 15:56:59,613 [WARNING] /mnt/data/SIGNATE_Agentic_RAG/EDA/EDA001/eda001.py:295: UserWarning: Glyph 12394 (\N{HIRAGANA LETTER NA}) missing from font(s) DejaVu Sans.
  plt.savefig(out_path, dpi=150)

2026-07-03 15:56:59,613 [WARNING] /mnt/data/SIGNATE_Agentic_RAG/EDA/EDA001/eda001.py:295: UserWarning: Glyph 12415 (\N{HIRAGANA LETTER MI}) missing from font(s) DejaVu Sans.
  plt.savefig(out_path, dpi=150)

2026-07-03 15:56:59,613 [WARNING] /mnt/data/SIGNATE_Agentic_RAG/EDA/EDA001/eda001.py:295: UserWarning: Glyph 37326 (\N{CJK UNIFIED IDEOGRAPH-91CE}) missing from font(s) DejaVu Sans.
  plt.savefig(out_path, dpi=150)

2026-07-03 15:56:59,613 [WARNING] /mnt/data/SIGNATE_Agentic_RAG/EDA/EDA001/eda001.py:295: UserWarning: Glyph 22899 (\N{CJK UNIFIED IDEOGRAPH-5973}) missing from font(s) DejaVu Sans.
  plt.savefig(out_path, dpi=150)

2026-07-03 15:56:59,613 [WARNING] /mnt/data/SIGNATE_Agentic_RAG/EDA/EDA001/eda001.py:295: UserWarning: Glyph 24615 (\N{CJK UNIFIED IDEOGRAPH-6027}) missing from font(s) DejaVu Sans.
  plt.savefig(out_path, dpi=150)

2026-07-03 15:56:59,613 [WARNING] /mnt/data/SIGNATE_Agentic_RAG/EDA/EDA001/eda001.py:295: UserWarning: Glyph 21307 (\N{CJK UNIFIED IDEOGRAPH-533B}) missing from font(s) DejaVu Sans.
  plt.savefig(out_path, dpi=150)

2026-07-03 15:56:59,613 [WARNING] /mnt/data/SIGNATE_Agentic_RAG/EDA/EDA001/eda001.py:295: UserWarning: Glyph 30274 (\N{CJK UNIFIED IDEOGRAPH-7642}) missing from font(s) DejaVu Sans.
  plt.savefig(out_path, dpi=150)

2026-07-03 15:56:59,613 [WARNING] /mnt/data/SIGNATE_Agentic_RAG/EDA/EDA001/eda001.py:295: UserWarning: Glyph 12475 (\N{KATAKANA LETTER SE}) missing from font(s) DejaVu Sans.
  plt.savefig(out_path, dpi=150)

2026-07-03 15:56:59,613 [WARNING] /mnt/data/SIGNATE_Agentic_RAG/EDA/EDA001/eda001.py:295: UserWarning: Glyph 12531 (\N{KATAKANA LETTER N}) missing from font(s) DejaVu Sans.
  plt.savefig(out_path, dpi=150)

2026-07-03 15:56:59,614 [WARNING] /mnt/data/SIGNATE_Agentic_RAG/EDA/EDA001/eda001.py:295: UserWarning: Glyph 12479 (\N{KATAKANA LETTER TA}) missing from font(s) DejaVu Sans.
  plt.savefig(out_path, dpi=150)

2026-07-03 15:56:59,614 [WARNING] /mnt/data/SIGNATE_Agentic_RAG/EDA/EDA001/eda001.py:295: UserWarning: Glyph 12540 (\N{KATAKANA-HIRAGANA PROLONGED SOUND MARK}) missing from font(s) DejaVu Sans.
  plt.savefig(out_path, dpi=150)

2026-07-03 15:56:59,614 [WARNING] /mnt/data/SIGNATE_Agentic_RAG/EDA/EDA001/eda001.py:295: UserWarning: Glyph 30333 (\N{CJK UNIFIED IDEOGRAPH-767D}) missing from font(s) DejaVu Sans.
  plt.savefig(out_path, dpi=150)

2026-07-03 15:56:59,614 [WARNING] /mnt/data/SIGNATE_Agentic_RAG/EDA/EDA001/eda001.py:295: UserWarning: Glyph 23792 (\N{CJK UNIFIED IDEOGRAPH-5CF0}) missing from font(s) DejaVu Sans.
  plt.savefig(out_path, dpi=150)

2026-07-03 15:56:59,614 [WARNING] /mnt/data/SIGNATE_Agentic_RAG/EDA/EDA001/eda001.py:295: UserWarning: Glyph 20449 (\N{CJK UNIFIED IDEOGRAPH-4FE1}) missing from font(s) DejaVu Sans.
  plt.savefig(out_path, dpi=150)

2026-07-03 15:56:59,614 [WARNING] /mnt/data/SIGNATE_Agentic_RAG/EDA/EDA001/eda001.py:295: UserWarning: Glyph 29992 (\N{CJK UNIFIED IDEOGRAPH-7528}) missing from font(s) DejaVu Sans.
  plt.savefig(out_path, dpi=150)

2026-07-03 15:56:59,614 [WARNING] /mnt/data/SIGNATE_Agentic_RAG/EDA/EDA001/eda001.py:295: UserWarning: Glyph 12522 (\N{KATAKANA LETTER RI}) missing from font(s) DejaVu Sans.
  plt.savefig(out_path, dpi=150)

2026-07-03 15:56:59,614 [WARNING] /mnt/data/SIGNATE_Agentic_RAG/EDA/EDA001/eda001.py:295: UserWarning: Glyph 12473 (\N{KATAKANA LETTER SU}) missing from font(s) DejaVu Sans.
  plt.savefig(out_path, dpi=150)

2026-07-03 15:56:59,614 [WARNING] /mnt/data/SIGNATE_Agentic_RAG/EDA/EDA001/eda001.py:295: UserWarning: Glyph 12463 (\N{KATAKANA LETTER KU}) missing from font(s) DejaVu Sans.
  plt.savefig(out_path, dpi=150)

2026-07-03 15:56:59,615 [WARNING] /mnt/data/SIGNATE_Agentic_RAG/EDA/EDA001/eda001.py:295: UserWarning: Glyph 35413 (\N{CJK UNIFIED IDEOGRAPH-8A55}) missing from font(s) DejaVu Sans.
  plt.savefig(out_path, dpi=150)

2026-07-03 15:56:59,615 [WARNING] /mnt/data/SIGNATE_Agentic_RAG/EDA/EDA001/eda001.py:295: UserWarning: Glyph 20385 (\N{CJK UNIFIED IDEOGRAPH-4FA1}) missing from font(s) DejaVu Sans.
  plt.savefig(out_path, dpi=150)

2026-07-03 15:56:59,615 [WARNING] /mnt/data/SIGNATE_Agentic_RAG/EDA/EDA001/eda001.py:295: UserWarning: Glyph 26666 (\N{CJK UNIFIED IDEOGRAPH-682A}) missing from font(s) DejaVu Sans.
  plt.savefig(out_path, dpi=150)

2026-07-03 15:56:59,615 [WARNING] /mnt/data/SIGNATE_Agentic_RAG/EDA/EDA001/eda001.py:295: UserWarning: Glyph 24335 (\N{CJK UNIFIED IDEOGRAPH-5F0F}) missing from font(s) DejaVu Sans.
  plt.savefig(out_path, dpi=150)

2026-07-03 15:56:59,615 [WARNING] /mnt/data/SIGNATE_Agentic_RAG/EDA/EDA001/eda001.py:295: UserWarning: Glyph 20250 (\N{CJK UNIFIED IDEOGRAPH-4F1A}) missing from font(s) DejaVu Sans.
  plt.savefig(out_path, dpi=150)

2026-07-03 15:56:59,615 [WARNING] /mnt/data/SIGNATE_Agentic_RAG/EDA/EDA001/eda001.py:295: UserWarning: Glyph 31038 (\N{CJK UNIFIED IDEOGRAPH-793E}) missing from font(s) DejaVu Sans.
  plt.savefig(out_path, dpi=150)

2026-07-03 15:56:59,616 [WARNING] /mnt/data/SIGNATE_Agentic_RAG/EDA/EDA001/eda001.py:295: UserWarning: Glyph 21307 (\N{CJK UNIFIED IDEOGRAPH-533B}) missing from font(s) DejaVu Sans.
  plt.savefig(out_path, dpi=150)

2026-07-03 15:56:59,616 [WARNING] /mnt/data/SIGNATE_Agentic_RAG/EDA/EDA001/eda001.py:295: UserWarning: Glyph 30274 (\N{CJK UNIFIED IDEOGRAPH-7642}) missing from font(s) DejaVu Sans.
  plt.savefig(out_path, dpi=150)

2026-07-03 15:56:59,616 [WARNING] /mnt/data/SIGNATE_Agentic_RAG/EDA/EDA001/eda001.py:295: UserWarning: Glyph 27861 (\N{CJK UNIFIED IDEOGRAPH-6CD5}) missing from font(s) DejaVu Sans.
  plt.savefig(out_path, dpi=150)

2026-07-03 15:56:59,616 [WARNING] /mnt/data/SIGNATE_Agentic_RAG/EDA/EDA001/eda001.py:295: UserWarning: Glyph 20154 (\N{CJK UNIFIED IDEOGRAPH-4EBA}) missing from font(s) DejaVu Sans.
  plt.savefig(out_path, dpi=150)

2026-07-03 15:56:59,616 [WARNING] /mnt/data/SIGNATE_Agentic_RAG/EDA/EDA001/eda001.py:295: UserWarning: Glyph 31038 (\N{CJK UNIFIED IDEOGRAPH-793E}) missing from font(s) DejaVu Sans.
  plt.savefig(out_path, dpi=150)

2026-07-03 15:56:59,616 [WARNING] /mnt/data/SIGNATE_Agentic_RAG/EDA/EDA001/eda001.py:295: UserWarning: Glyph 22243 (\N{CJK UNIFIED IDEOGRAPH-56E3}) missing from font(s) DejaVu Sans.
  plt.savefig(out_path, dpi=150)

2026-07-03 15:56:59,617 [WARNING] /mnt/data/SIGNATE_Agentic_RAG/EDA/EDA001/eda001.py:295: UserWarning: Glyph 24658 (\N{CJK UNIFIED IDEOGRAPH-6052}) missing from font(s) DejaVu Sans.
  plt.savefig(out_path, dpi=150)

2026-07-03 15:56:59,617 [WARNING] /mnt/data/SIGNATE_Agentic_RAG/EDA/EDA001/eda001.py:295: UserWarning: Glyph 19968 (\N{CJK UNIFIED IDEOGRAPH-4E00}) missing from font(s) DejaVu Sans.
  plt.savefig(out_path, dpi=150)

2026-07-03 15:56:59,617 [WARNING] /mnt/data/SIGNATE_Agentic_RAG/EDA/EDA001/eda001.py:295: UserWarning: Glyph 20250 (\N{CJK UNIFIED IDEOGRAPH-4F1A}) missing from font(s) DejaVu Sans.
  plt.savefig(out_path, dpi=150)

2026-07-03 15:56:59,617 [WARNING] /mnt/data/SIGNATE_Agentic_RAG/EDA/EDA001/eda001.py:295: UserWarning: Glyph 12363 (\N{HIRAGANA LETTER KA}) missing from font(s) DejaVu Sans.
  plt.savefig(out_path, dpi=150)

2026-07-03 15:56:59,617 [WARNING] /mnt/data/SIGNATE_Agentic_RAG/EDA/EDA001/eda001.py:295: UserWarning: Glyph 12360 (\N{HIRAGANA LETTER E}) missing from font(s) DejaVu Sans.
  plt.savefig(out_path, dpi=150)

2026-07-03 15:56:59,617 [WARNING] /mnt/data/SIGNATE_Agentic_RAG/EDA/EDA001/eda001.py:295: UserWarning: Glyph 12391 (\N{HIRAGANA LETTER DE}) missing from font(s) DejaVu Sans.
  plt.savefig(out_path, dpi=150)

2026-07-03 15:56:59,617 [WARNING] /mnt/data/SIGNATE_Agentic_RAG/EDA/EDA001/eda001.py:295: UserWarning: Glyph 32207 (\N{CJK UNIFIED IDEOGRAPH-7DCF}) missing from font(s) DejaVu Sans.
  plt.savefig(out_path, dpi=150)

2026-07-03 15:56:59,617 [WARNING] /mnt/data/SIGNATE_Agentic_RAG/EDA/EDA001/eda001.py:295: UserWarning: Glyph 21512 (\N{CJK UNIFIED IDEOGRAPH-5408}) missing from font(s) DejaVu Sans.
  plt.savefig(out_path, dpi=150)

2026-07-03 15:56:59,618 [WARNING] /mnt/data/SIGNATE_Agentic_RAG/EDA/EDA001/eda001.py:295: UserWarning: Glyph 30149 (\N{CJK UNIFIED IDEOGRAPH-75C5}) missing from font(s) DejaVu Sans.
  plt.savefig(out_path, dpi=150)

2026-07-03 15:56:59,618 [WARNING] /mnt/data/SIGNATE_Agentic_RAG/EDA/EDA001/eda001.py:295: UserWarning: Glyph 38498 (\N{CJK UNIFIED IDEOGRAPH-9662}) missing from font(s) DejaVu Sans.
  plt.savefig(out_path, dpi=150)

2026-07-03 15:56:59,618 [WARNING] /mnt/data/SIGNATE_Agentic_RAG/EDA/EDA001/eda001.py:295: UserWarning: Glyph 38738 (\N{CJK UNIFIED IDEOGRAPH-9752}) missing from font(s) DejaVu Sans.
  plt.savefig(out_path, dpi=150)

2026-07-03 15:56:59,618 [WARNING] /mnt/data/SIGNATE_Agentic_RAG/EDA/EDA001/eda001.py:295: UserWarning: Glyph 33865 (\N{CJK UNIFIED IDEOGRAPH-8449}) missing from font(s) DejaVu Sans.
  plt.savefig(out_path, dpi=150)

2026-07-03 15:56:59,619 [WARNING] /mnt/data/SIGNATE_Agentic_RAG/EDA/EDA001/eda001.py:295: UserWarning: Glyph 19982 (\N{CJK UNIFIED IDEOGRAPH-4E0E}) missing from font(s) DejaVu Sans.
  plt.savefig(out_path, dpi=150)

2026-07-03 15:56:59,619 [WARNING] /mnt/data/SIGNATE_Agentic_RAG/EDA/EDA001/eda001.py:295: UserWarning: Glyph 20449 (\N{CJK UNIFIED IDEOGRAPH-4FE1}) missing from font(s) DejaVu Sans.
  plt.savefig(out_path, dpi=150)

2026-07-03 15:56:59,619 [WARNING] /mnt/data/SIGNATE_Agentic_RAG/EDA/EDA001/eda001.py:295: UserWarning: Glyph 12510 (\N{KATAKANA LETTER MA}) missing from font(s) DejaVu Sans.
  plt.savefig(out_path, dpi=150)

2026-07-03 15:56:59,619 [WARNING] /mnt/data/SIGNATE_Agentic_RAG/EDA/EDA001/eda001.py:295: UserWarning: Glyph 12493 (\N{KATAKANA LETTER NE}) missing from font(s) DejaVu Sans.
  plt.savefig(out_path, dpi=150)

2026-07-03 15:56:59,619 [WARNING] /mnt/data/SIGNATE_Agentic_RAG/EDA/EDA001/eda001.py:295: UserWarning: Glyph 12472 (\N{KATAKANA LETTER ZI}) missing from font(s) DejaVu Sans.
  plt.savefig(out_path, dpi=150)

2026-07-03 15:56:59,619 [WARNING] /mnt/data/SIGNATE_Agentic_RAG/EDA/EDA001/eda001.py:295: UserWarning: Glyph 12513 (\N{KATAKANA LETTER ME}) missing from font(s) DejaVu Sans.
  plt.savefig(out_path, dpi=150)

2026-07-03 15:56:59,619 [WARNING] /mnt/data/SIGNATE_Agentic_RAG/EDA/EDA001/eda001.py:295: UserWarning: Glyph 12531 (\N{KATAKANA LETTER N}) missing from font(s) DejaVu Sans.
  plt.savefig(out_path, dpi=150)

2026-07-03 15:56:59,619 [WARNING] /mnt/data/SIGNATE_Agentic_RAG/EDA/EDA001/eda001.py:295: UserWarning: Glyph 12488 (\N{KATAKANA LETTER TO}) missing from font(s) DejaVu Sans.
  plt.savefig(out_path, dpi=150)

2026-07-03 15:56:59,619 [WARNING] /mnt/data/SIGNATE_Agentic_RAG/EDA/EDA001/eda001.py:295: UserWarning: Glyph 26666 (\N{CJK UNIFIED IDEOGRAPH-682A}) missing from font(s) DejaVu Sans.
  plt.savefig(out_path, dpi=150)

2026-07-03 15:56:59,619 [WARNING] /mnt/data/SIGNATE_Agentic_RAG/EDA/EDA001/eda001.py:295: UserWarning: Glyph 24335 (\N{CJK UNIFIED IDEOGRAPH-5F0F}) missing from font(s) DejaVu Sans.
  plt.savefig(out_path, dpi=150)

2026-07-03 15:56:59,619 [WARNING] /mnt/data/SIGNATE_Agentic_RAG/EDA/EDA001/eda001.py:295: UserWarning: Glyph 20250 (\N{CJK UNIFIED IDEOGRAPH-4F1A}) missing from font(s) DejaVu Sans.
  plt.savefig(out_path, dpi=150)

2026-07-03 15:56:59,620 [WARNING] /mnt/data/SIGNATE_Agentic_RAG/EDA/EDA001/eda001.py:295: UserWarning: Glyph 31038 (\N{CJK UNIFIED IDEOGRAPH-793E}) missing from font(s) DejaVu Sans.
  plt.savefig(out_path, dpi=150)

2026-07-03 15:56:59,622 [WARNING] /mnt/data/SIGNATE_Agentic_RAG/EDA/EDA001/eda001.py:295: UserWarning: Glyph 26696 (\N{CJK UNIFIED IDEOGRAPH-6848}) missing from font(s) DejaVu Sans.
  plt.savefig(out_path, dpi=150)

2026-07-03 15:56:59,622 [WARNING] /mnt/data/SIGNATE_Agentic_RAG/EDA/EDA001/eda001.py:295: UserWarning: Glyph 20214 (\N{CJK UNIFIED IDEOGRAPH-4EF6}) missing from font(s) DejaVu Sans.
  plt.savefig(out_path, dpi=150)

2026-07-03 15:56:59,622 [WARNING] /mnt/data/SIGNATE_Agentic_RAG/EDA/EDA001/eda001.py:295: UserWarning: Glyph 21029 (\N{CJK UNIFIED IDEOGRAPH-5225}) missing from font(s) DejaVu Sans.
  plt.savefig(out_path, dpi=150)

2026-07-03 15:56:59,623 [WARNING] /mnt/data/SIGNATE_Agentic_RAG/EDA/EDA001/eda001.py:295: UserWarning: Glyph 12501 (\N{KATAKANA LETTER HU}) missing from font(s) DejaVu Sans.
  plt.savefig(out_path, dpi=150)

2026-07-03 15:56:59,623 [WARNING] /mnt/data/SIGNATE_Agentic_RAG/EDA/EDA001/eda001.py:295: UserWarning: Glyph 12449 (\N{KATAKANA LETTER SMALL A}) missing from font(s) DejaVu Sans.
  plt.savefig(out_path, dpi=150)

2026-07-03 15:56:59,623 [WARNING] /mnt/data/SIGNATE_Agentic_RAG/EDA/EDA001/eda001.py:295: UserWarning: Glyph 12452 (\N{KATAKANA LETTER I}) missing from font(s) DejaVu Sans.
  plt.savefig(out_path, dpi=150)

2026-07-03 15:56:59,623 [WARNING] /mnt/data/SIGNATE_Agentic_RAG/EDA/EDA001/eda001.py:295: UserWarning: Glyph 12523 (\N{KATAKANA LETTER RU}) missing from font(s) DejaVu Sans.
  plt.savefig(out_path, dpi=150)

2026-07-03 15:56:59,624 [WARNING] /mnt/data/SIGNATE_Agentic_RAG/EDA/EDA001/eda001.py:295: UserWarning: Glyph 25968 (\N{CJK UNIFIED IDEOGRAPH-6570}) missing from font(s) DejaVu Sans.
  plt.savefig(out_path, dpi=150)

2026-07-03 15:56:59,634 [WARNING] /mnt/data/SIGNATE_Agentic_RAG/EDA/EDA001/eda001.py:295: UserWarning: Glyph 26666 (\N{CJK UNIFIED IDEOGRAPH-682A}) missing from font(s) DejaVu Sans.
  plt.savefig(out_path, dpi=150)

2026-07-03 15:56:59,634 [WARNING] /mnt/data/SIGNATE_Agentic_RAG/EDA/EDA001/eda001.py:295: UserWarning: Glyph 24335 (\N{CJK UNIFIED IDEOGRAPH-5F0F}) missing from font(s) DejaVu Sans.
  plt.savefig(out_path, dpi=150)

2026-07-03 15:56:59,635 [WARNING] /mnt/data/SIGNATE_Agentic_RAG/EDA/EDA001/eda001.py:295: UserWarning: Glyph 20250 (\N{CJK UNIFIED IDEOGRAPH-4F1A}) missing from font(s) DejaVu Sans.
  plt.savefig(out_path, dpi=150)

2026-07-03 15:56:59,635 [WARNING] /mnt/data/SIGNATE_Agentic_RAG/EDA/EDA001/eda001.py:295: UserWarning: Glyph 31038 (\N{CJK UNIFIED IDEOGRAPH-793E}) missing from font(s) DejaVu Sans.
  plt.savefig(out_path, dpi=150)

2026-07-03 15:56:59,635 [WARNING] /mnt/data/SIGNATE_Agentic_RAG/EDA/EDA001/eda001.py:295: UserWarning: Glyph 38738 (\N{CJK UNIFIED IDEOGRAPH-9752}) missing from font(s) DejaVu Sans.
  plt.savefig(out_path, dpi=150)

2026-07-03 15:56:59,635 [WARNING] /mnt/data/SIGNATE_Agentic_RAG/EDA/EDA001/eda001.py:295: UserWarning: Glyph 33865 (\N{CJK UNIFIED IDEOGRAPH-8449}) missing from font(s) DejaVu Sans.
  plt.savefig(out_path, dpi=150)

2026-07-03 15:56:59,635 [WARNING] /mnt/data/SIGNATE_Agentic_RAG/EDA/EDA001/eda001.py:295: UserWarning: Glyph 12496 (\N{KATAKANA LETTER BA}) missing from font(s) DejaVu Sans.
  plt.savefig(out_path, dpi=150)

2026-07-03 15:56:59,635 [WARNING] /mnt/data/SIGNATE_Agentic_RAG/EDA/EDA001/eda001.py:295: UserWarning: Glyph 12452 (\N{KATAKANA LETTER I}) missing from font(s) DejaVu Sans.
  plt.savefig(out_path, dpi=150)

2026-07-03 15:56:59,635 [WARNING] /mnt/data/SIGNATE_Agentic_RAG/EDA/EDA001/eda001.py:295: UserWarning: Glyph 12458 (\N{KATAKANA LETTER O}) missing from font(s) DejaVu Sans.
  plt.savefig(out_path, dpi=150)

2026-07-03 15:56:59,636 [WARNING] /mnt/data/SIGNATE_Agentic_RAG/EDA/EDA001/eda001.py:295: UserWarning: Glyph 12513 (\N{KATAKANA LETTER ME}) missing from font(s) DejaVu Sans.
  plt.savefig(out_path, dpi=150)

2026-07-03 15:56:59,636 [WARNING] /mnt/data/SIGNATE_Agentic_RAG/EDA/EDA001/eda001.py:295: UserWarning: Glyph 12487 (\N{KATAKANA LETTER DE}) missing from font(s) DejaVu Sans.
  plt.savefig(out_path, dpi=150)

2026-07-03 15:56:59,636 [WARNING] /mnt/data/SIGNATE_Agentic_RAG/EDA/EDA001/eda001.py:295: UserWarning: Glyph 12451 (\N{KATAKANA LETTER SMALL I}) missing from font(s) DejaVu Sans.
  plt.savefig(out_path, dpi=150)

2026-07-03 15:56:59,636 [WARNING] /mnt/data/SIGNATE_Agentic_RAG/EDA/EDA001/eda001.py:295: UserWarning: Glyph 12459 (\N{KATAKANA LETTER KA}) missing from font(s) DejaVu Sans.
  plt.savefig(out_path, dpi=150)

2026-07-03 15:56:59,636 [WARNING] /mnt/data/SIGNATE_Agentic_RAG/EDA/EDA001/eda001.py:295: UserWarning: Glyph 12523 (\N{KATAKANA LETTER RU}) missing from font(s) DejaVu Sans.
  plt.savefig(out_path, dpi=150)

2026-07-03 15:56:59,636 [WARNING] /mnt/data/SIGNATE_Agentic_RAG/EDA/EDA001/eda001.py:295: UserWarning: Glyph 27231 (\N{CJK UNIFIED IDEOGRAPH-6A5F}) missing from font(s) DejaVu Sans.
  plt.savefig(out_path, dpi=150)

2026-07-03 15:56:59,636 [WARNING] /mnt/data/SIGNATE_Agentic_RAG/EDA/EDA001/eda001.py:295: UserWarning: Glyph 22120 (\N{CJK UNIFIED IDEOGRAPH-5668}) missing from font(s) DejaVu Sans.
  plt.savefig(out_path, dpi=150)

2026-07-03 15:56:59,637 [WARNING] /mnt/data/SIGNATE_Agentic_RAG/EDA/EDA001/eda001.py:295: UserWarning: Glyph 21307 (\N{CJK UNIFIED IDEOGRAPH-533B}) missing from font(s) DejaVu Sans.
  plt.savefig(out_path, dpi=150)

2026-07-03 15:56:59,637 [WARNING] /mnt/data/SIGNATE_Agentic_RAG/EDA/EDA001/eda001.py:295: UserWarning: Glyph 30274 (\N{CJK UNIFIED IDEOGRAPH-7642}) missing from font(s) DejaVu Sans.
  plt.savefig(out_path, dpi=150)

2026-07-03 15:56:59,637 [WARNING] /mnt/data/SIGNATE_Agentic_RAG/EDA/EDA001/eda001.py:295: UserWarning: Glyph 27861 (\N{CJK UNIFIED IDEOGRAPH-6CD5}) missing from font(s) DejaVu Sans.
  plt.savefig(out_path, dpi=150)

2026-07-03 15:56:59,638 [WARNING] /mnt/data/SIGNATE_Agentic_RAG/EDA/EDA001/eda001.py:295: UserWarning: Glyph 20154 (\N{CJK UNIFIED IDEOGRAPH-4EBA}) missing from font(s) DejaVu Sans.
  plt.savefig(out_path, dpi=150)

2026-07-03 15:56:59,638 [WARNING] /mnt/data/SIGNATE_Agentic_RAG/EDA/EDA001/eda001.py:295: UserWarning: Glyph 31038 (\N{CJK UNIFIED IDEOGRAPH-793E}) missing from font(s) DejaVu Sans.
  plt.savefig(out_path, dpi=150)

2026-07-03 15:56:59,638 [WARNING] /mnt/data/SIGNATE_Agentic_RAG/EDA/EDA001/eda001.py:295: UserWarning: Glyph 22243 (\N{CJK UNIFIED IDEOGRAPH-56E3}) missing from font(s) DejaVu Sans.
  plt.savefig(out_path, dpi=150)

2026-07-03 15:56:59,638 [WARNING] /mnt/data/SIGNATE_Agentic_RAG/EDA/EDA001/eda001.py:295: UserWarning: Glyph 33980 (\N{CJK UNIFIED IDEOGRAPH-84BC}) missing from font(s) DejaVu Sans.
  plt.savefig(out_path, dpi=150)

2026-07-03 15:56:59,638 [WARNING] /mnt/data/SIGNATE_Agentic_RAG/EDA/EDA001/eda001.py:295: UserWarning: Glyph 27849 (\N{CJK UNIFIED IDEOGRAPH-6CC9}) missing from font(s) DejaVu Sans.
  plt.savefig(out_path, dpi=150)

2026-07-03 15:56:59,638 [WARNING] /mnt/data/SIGNATE_Agentic_RAG/EDA/EDA001/eda001.py:295: UserWarning: Glyph 20250 (\N{CJK UNIFIED IDEOGRAPH-4F1A}) missing from font(s) DejaVu Sans.
  plt.savefig(out_path, dpi=150)

2026-07-03 15:56:59,638 [WARNING] /mnt/data/SIGNATE_Agentic_RAG/EDA/EDA001/eda001.py:295: UserWarning: Glyph 12402 (\N{HIRAGANA LETTER HI}) missing from font(s) DejaVu Sans.
  plt.savefig(out_path, dpi=150)

2026-07-03 15:56:59,638 [WARNING] /mnt/data/SIGNATE_Agentic_RAG/EDA/EDA001/eda001.py:295: UserWarning: Glyph 12364 (\N{HIRAGANA LETTER GA}) missing from font(s) DejaVu Sans.
  plt.savefig(out_path, dpi=150)

2026-07-03 15:56:59,638 [WARNING] /mnt/data/SIGNATE_Agentic_RAG/EDA/EDA001/eda001.py:295: UserWarning: Glyph 12375 (\N{HIRAGANA LETTER SI}) missing from font(s) DejaVu Sans.
  plt.savefig(out_path, dpi=150)

2026-07-03 15:56:59,639 [WARNING] /mnt/data/SIGNATE_Agentic_RAG/EDA/EDA001/eda001.py:295: UserWarning: Glyph 19992 (\N{CJK UNIFIED IDEOGRAPH-4E18}) missing from font(s) DejaVu Sans.
  plt.savefig(out_path, dpi=150)

2026-07-03 15:56:59,639 [WARNING] /mnt/data/SIGNATE_Agentic_RAG/EDA/EDA001/eda001.py:295: UserWarning: Glyph 32207 (\N{CJK UNIFIED IDEOGRAPH-7DCF}) missing from font(s) DejaVu Sans.
  plt.savefig(out_path, dpi=150)

2026-07-03 15:56:59,639 [WARNING] /mnt/data/SIGNATE_Agentic_RAG/EDA/EDA001/eda001.py:295: UserWarning: Glyph 21512 (\N{CJK UNIFIED IDEOGRAPH-5408}) missing from font(s) DejaVu Sans.
  plt.savefig(out_path, dpi=150)

2026-07-03 15:56:59,639 [WARNING] /mnt/data/SIGNATE_Agentic_RAG/EDA/EDA001/eda001.py:295: UserWarning: Glyph 30149 (\N{CJK UNIFIED IDEOGRAPH-75C5}) missing from font(s) DejaVu Sans.
  plt.savefig(out_path, dpi=150)

2026-07-03 15:56:59,639 [WARNING] /mnt/data/SIGNATE_Agentic_RAG/EDA/EDA001/eda001.py:295: UserWarning: Glyph 38498 (\N{CJK UNIFIED IDEOGRAPH-9662}) missing from font(s) DejaVu Sans.
  plt.savefig(out_path, dpi=150)

2026-07-03 15:56:59,640 [WARNING] /mnt/data/SIGNATE_Agentic_RAG/EDA/EDA001/eda001.py:295: UserWarning: Glyph 20140 (\N{CJK UNIFIED IDEOGRAPH-4EAC}) missing from font(s) DejaVu Sans.
  plt.savefig(out_path, dpi=150)

2026-07-03 15:56:59,640 [WARNING] /mnt/data/SIGNATE_Agentic_RAG/EDA/EDA001/eda001.py:295: UserWarning: Glyph 27211 (\N{CJK UNIFIED IDEOGRAPH-6A4B}) missing from font(s) DejaVu Sans.
  plt.savefig(out_path, dpi=150)

2026-07-03 15:56:59,640 [WARNING] /mnt/data/SIGNATE_Agentic_RAG/EDA/EDA001/eda001.py:295: UserWarning: Glyph 20449 (\N{CJK UNIFIED IDEOGRAPH-4FE1}) missing from font(s) DejaVu Sans.
  plt.savefig(out_path, dpi=150)

2026-07-03 15:56:59,640 [WARNING] /mnt/data/SIGNATE_Agentic_RAG/EDA/EDA001/eda001.py:295: UserWarning: Glyph 29992 (\N{CJK UNIFIED IDEOGRAPH-7528}) missing from font(s) DejaVu Sans.
  plt.savefig(out_path, dpi=150)

2026-07-03 15:56:59,640 [WARNING] /mnt/data/SIGNATE_Agentic_RAG/EDA/EDA001/eda001.py:295: UserWarning: Glyph 12477 (\N{KATAKANA LETTER SO}) missing from font(s) DejaVu Sans.
  plt.savefig(out_path, dpi=150)

2026-07-03 15:56:59,640 [WARNING] /mnt/data/SIGNATE_Agentic_RAG/EDA/EDA001/eda001.py:295: UserWarning: Glyph 12522 (\N{KATAKANA LETTER RI}) missing from font(s) DejaVu Sans.
  plt.savefig(out_path, dpi=150)

2026-07-03 15:56:59,640 [WARNING] /mnt/data/SIGNATE_Agentic_RAG/EDA/EDA001/eda001.py:295: UserWarning: Glyph 12517 (\N{KATAKANA LETTER SMALL YU}) missing from font(s) DejaVu Sans.
  plt.savefig(out_path, dpi=150)

2026-07-03 15:56:59,640 [WARNING] /mnt/data/SIGNATE_Agentic_RAG/EDA/EDA001/eda001.py:295: UserWarning: Glyph 12540 (\N{KATAKANA-HIRAGANA PROLONGED SOUND MARK}) missing from font(s) DejaVu Sans.
  plt.savefig(out_path, dpi=150)

2026-07-03 15:56:59,641 [WARNING] /mnt/data/SIGNATE_Agentic_RAG/EDA/EDA001/eda001.py:295: UserWarning: Glyph 12471 (\N{KATAKANA LETTER SI}) missing from font(s) DejaVu Sans.
  plt.savefig(out_path, dpi=150)

2026-07-03 15:56:59,641 [WARNING] /mnt/data/SIGNATE_Agentic_RAG/EDA/EDA001/eda001.py:295: UserWarning: Glyph 12519 (\N{KATAKANA LETTER SMALL YO}) missing from font(s) DejaVu Sans.
  plt.savefig(out_path, dpi=150)

2026-07-03 15:56:59,641 [WARNING] /mnt/data/SIGNATE_Agentic_RAG/EDA/EDA001/eda001.py:295: UserWarning: Glyph 12531 (\N{KATAKANA LETTER N}) missing from font(s) DejaVu Sans.
  plt.savefig(out_path, dpi=150)

2026-07-03 15:56:59,641 [WARNING] /mnt/data/SIGNATE_Agentic_RAG/EDA/EDA001/eda001.py:295: UserWarning: Glyph 12474 (\N{KATAKANA LETTER ZU}) missing from font(s) DejaVu Sans.
  plt.savefig(out_path, dpi=150)

2026-07-03 15:56:59,641 [WARNING] /mnt/data/SIGNATE_Agentic_RAG/EDA/EDA001/eda001.py:295: UserWarning: Glyph 26666 (\N{CJK UNIFIED IDEOGRAPH-682A}) missing from font(s) DejaVu Sans.
  plt.savefig(out_path, dpi=150)

2026-07-03 15:56:59,641 [WARNING] /mnt/data/SIGNATE_Agentic_RAG/EDA/EDA001/eda001.py:295: UserWarning: Glyph 24335 (\N{CJK UNIFIED IDEOGRAPH-5F0F}) missing from font(s) DejaVu Sans.
  plt.savefig(out_path, dpi=150)

2026-07-03 15:56:59,641 [WARNING] /mnt/data/SIGNATE_Agentic_RAG/EDA/EDA001/eda001.py:295: UserWarning: Glyph 20250 (\N{CJK UNIFIED IDEOGRAPH-4F1A}) missing from font(s) DejaVu Sans.
  plt.savefig(out_path, dpi=150)

2026-07-03 15:56:59,641 [WARNING] /mnt/data/SIGNATE_Agentic_RAG/EDA/EDA001/eda001.py:295: UserWarning: Glyph 31038 (\N{CJK UNIFIED IDEOGRAPH-793E}) missing from font(s) DejaVu Sans.
  plt.savefig(out_path, dpi=150)

2026-07-03 15:56:59,642 [WARNING] /mnt/data/SIGNATE_Agentic_RAG/EDA/EDA001/eda001.py:295: UserWarning: Glyph 26666 (\N{CJK UNIFIED IDEOGRAPH-682A}) missing from font(s) DejaVu Sans.
  plt.savefig(out_path, dpi=150)

2026-07-03 15:56:59,642 [WARNING] /mnt/data/SIGNATE_Agentic_RAG/EDA/EDA001/eda001.py:295: UserWarning: Glyph 24335 (\N{CJK UNIFIED IDEOGRAPH-5F0F}) missing from font(s) DejaVu Sans.
  plt.savefig(out_path, dpi=150)

2026-07-03 15:56:59,642 [WARNING] /mnt/data/SIGNATE_Agentic_RAG/EDA/EDA001/eda001.py:295: UserWarning: Glyph 20250 (\N{CJK UNIFIED IDEOGRAPH-4F1A}) missing from font(s) DejaVu Sans.
  plt.savefig(out_path, dpi=150)

2026-07-03 15:56:59,642 [WARNING] /mnt/data/SIGNATE_Agentic_RAG/EDA/EDA001/eda001.py:295: UserWarning: Glyph 31038 (\N{CJK UNIFIED IDEOGRAPH-793E}) missing from font(s) DejaVu Sans.
  plt.savefig(out_path, dpi=150)

2026-07-03 15:56:59,642 [WARNING] /mnt/data/SIGNATE_Agentic_RAG/EDA/EDA001/eda001.py:295: UserWarning: Glyph 26481 (\N{CJK UNIFIED IDEOGRAPH-6771}) missing from font(s) DejaVu Sans.
  plt.savefig(out_path, dpi=150)

2026-07-03 15:56:59,643 [WARNING] /mnt/data/SIGNATE_Agentic_RAG/EDA/EDA001/eda001.py:295: UserWarning: Glyph 37117 (\N{CJK UNIFIED IDEOGRAPH-90FD}) missing from font(s) DejaVu Sans.
  plt.savefig(out_path, dpi=150)

2026-07-03 15:56:59,643 [WARNING] /mnt/data/SIGNATE_Agentic_RAG/EDA/EDA001/eda001.py:295: UserWarning: Glyph 20154 (\N{CJK UNIFIED IDEOGRAPH-4EBA}) missing from font(s) DejaVu Sans.
  plt.savefig(out_path, dpi=150)

2026-07-03 15:56:59,643 [WARNING] /mnt/data/SIGNATE_Agentic_RAG/EDA/EDA001/eda001.py:295: UserWarning: Glyph 26448 (\N{CJK UNIFIED IDEOGRAPH-6750}) missing from font(s) DejaVu Sans.
  plt.savefig(out_path, dpi=150)

2026-07-03 15:56:59,643 [WARNING] /mnt/data/SIGNATE_Agentic_RAG/EDA/EDA001/eda001.py:295: UserWarning: Glyph 12503 (\N{KATAKANA LETTER PU}) missing from font(s) DejaVu Sans.
  plt.savefig(out_path, dpi=150)

2026-07-03 15:56:59,643 [WARNING] /mnt/data/SIGNATE_Agentic_RAG/EDA/EDA001/eda001.py:295: UserWarning: Glyph 12521 (\N{KATAKANA LETTER RA}) missing from font(s) DejaVu Sans.
  plt.savefig(out_path, dpi=150)

2026-07-03 15:56:59,643 [WARNING] /mnt/data/SIGNATE_Agentic_RAG/EDA/EDA001/eda001.py:295: UserWarning: Glyph 12483 (\N{KATAKANA LETTER SMALL TU}) missing from font(s) DejaVu Sans.
  plt.savefig(out_path, dpi=150)

2026-07-03 15:56:59,643 [WARNING] /mnt/data/SIGNATE_Agentic_RAG/EDA/EDA001/eda001.py:295: UserWarning: Glyph 12488 (\N{KATAKANA LETTER TO}) missing from font(s) DejaVu Sans.
  plt.savefig(out_path, dpi=150)

2026-07-03 15:56:59,643 [WARNING] /mnt/data/SIGNATE_Agentic_RAG/EDA/EDA001/eda001.py:295: UserWarning: Glyph 12501 (\N{KATAKANA LETTER HU}) missing from font(s) DejaVu Sans.
  plt.savefig(out_path, dpi=150)

2026-07-03 15:56:59,643 [WARNING] /mnt/data/SIGNATE_Agentic_RAG/EDA/EDA001/eda001.py:295: UserWarning: Glyph 12457 (\N{KATAKANA LETTER SMALL O}) missing from font(s) DejaVu Sans.
  plt.savefig(out_path, dpi=150)

2026-07-03 15:56:59,643 [WARNING] /mnt/data/SIGNATE_Agentic_RAG/EDA/EDA001/eda001.py:295: UserWarning: Glyph 12540 (\N{KATAKANA-HIRAGANA PROLONGED SOUND MARK}) missing from font(s) DejaVu Sans.
  plt.savefig(out_path, dpi=150)

2026-07-03 15:56:59,644 [WARNING] /mnt/data/SIGNATE_Agentic_RAG/EDA/EDA001/eda001.py:295: UserWarning: Glyph 12512 (\N{KATAKANA LETTER MU}) missing from font(s) DejaVu Sans.
  plt.savefig(out_path, dpi=150)

2026-07-03 15:56:59,644 [WARNING] /mnt/data/SIGNATE_Agentic_RAG/EDA/EDA001/eda001.py:295: UserWarning: Glyph 26666 (\N{CJK UNIFIED IDEOGRAPH-682A}) missing from font(s) DejaVu Sans.
  plt.savefig(out_path, dpi=150)

2026-07-03 15:56:59,644 [WARNING] /mnt/data/SIGNATE_Agentic_RAG/EDA/EDA001/eda001.py:295: UserWarning: Glyph 24335 (\N{CJK UNIFIED IDEOGRAPH-5F0F}) missing from font(s) DejaVu Sans.
  plt.savefig(out_path, dpi=150)

2026-07-03 15:56:59,644 [WARNING] /mnt/data/SIGNATE_Agentic_RAG/EDA/EDA001/eda001.py:295: UserWarning: Glyph 20250 (\N{CJK UNIFIED IDEOGRAPH-4F1A}) missing from font(s) DejaVu Sans.
  plt.savefig(out_path, dpi=150)

2026-07-03 15:56:59,645 [WARNING] /mnt/data/SIGNATE_Agentic_RAG/EDA/EDA001/eda001.py:295: UserWarning: Glyph 31038 (\N{CJK UNIFIED IDEOGRAPH-793E}) missing from font(s) DejaVu Sans.
  plt.savefig(out_path, dpi=150)

2026-07-03 15:56:59,645 [WARNING] /mnt/data/SIGNATE_Agentic_RAG/EDA/EDA001/eda001.py:295: UserWarning: Glyph 38738 (\N{CJK UNIFIED IDEOGRAPH-9752}) missing from font(s) DejaVu Sans.
  plt.savefig(out_path, dpi=150)

2026-07-03 15:56:59,645 [WARNING] /mnt/data/SIGNATE_Agentic_RAG/EDA/EDA001/eda001.py:295: UserWarning: Glyph 28526 (\N{CJK UNIFIED IDEOGRAPH-6F6E}) missing from font(s) DejaVu Sans.
  plt.savefig(out_path, dpi=150)

2026-07-03 15:56:59,645 [WARNING] /mnt/data/SIGNATE_Agentic_RAG/EDA/EDA001/eda001.py:295: UserWarning: Glyph 12514 (\N{KATAKANA LETTER MO}) missing from font(s) DejaVu Sans.
  plt.savefig(out_path, dpi=150)

2026-07-03 15:56:59,645 [WARNING] /mnt/data/SIGNATE_Agentic_RAG/EDA/EDA001/eda001.py:295: UserWarning: Glyph 12499 (\N{KATAKANA LETTER BI}) missing from font(s) DejaVu Sans.
  plt.savefig(out_path, dpi=150)

2026-07-03 15:56:59,645 [WARNING] /mnt/data/SIGNATE_Agentic_RAG/EDA/EDA001/eda001.py:295: UserWarning: Glyph 12522 (\N{KATAKANA LETTER RI}) missing from font(s) DejaVu Sans.
  plt.savefig(out_path, dpi=150)

2026-07-03 15:56:59,646 [WARNING] /mnt/data/SIGNATE_Agentic_RAG/EDA/EDA001/eda001.py:295: UserWarning: Glyph 12486 (\N{KATAKANA LETTER TE}) missing from font(s) DejaVu Sans.
  plt.savefig(out_path, dpi=150)

2026-07-03 15:56:59,646 [WARNING] /mnt/data/SIGNATE_Agentic_RAG/EDA/EDA001/eda001.py:295: UserWarning: Glyph 12451 (\N{KATAKANA LETTER SMALL I}) missing from font(s) DejaVu Sans.
  plt.savefig(out_path, dpi=150)

2026-07-03 15:56:59,646 [WARNING] /mnt/data/SIGNATE_Agentic_RAG/EDA/EDA001/eda001.py:295: UserWarning: Glyph 12469 (\N{KATAKANA LETTER SA}) missing from font(s) DejaVu Sans.
  plt.savefig(out_path, dpi=150)

2026-07-03 15:56:59,646 [WARNING] /mnt/data/SIGNATE_Agentic_RAG/EDA/EDA001/eda001.py:295: UserWarning: Glyph 12540 (\N{KATAKANA-HIRAGANA PROLONGED SOUND MARK}) missing from font(s) DejaVu Sans.
  plt.savefig(out_path, dpi=150)

2026-07-03 15:56:59,646 [WARNING] /mnt/data/SIGNATE_Agentic_RAG/EDA/EDA001/eda001.py:295: UserWarning: Glyph 12499 (\N{KATAKANA LETTER BI}) missing from font(s) DejaVu Sans.
  plt.savefig(out_path, dpi=150)

2026-07-03 15:56:59,646 [WARNING] /mnt/data/SIGNATE_Agentic_RAG/EDA/EDA001/eda001.py:295: UserWarning: Glyph 12473 (\N{KATAKANA LETTER SU}) missing from font(s) DejaVu Sans.
  plt.savefig(out_path, dpi=150)

2026-07-03 15:56:59,647 [WARNING] /mnt/data/SIGNATE_Agentic_RAG/EDA/EDA001/eda001.py:295: UserWarning: Glyph 26666 (\N{CJK UNIFIED IDEOGRAPH-682A}) missing from font(s) DejaVu Sans.
  plt.savefig(out_path, dpi=150)

2026-07-03 15:56:59,647 [WARNING] /mnt/data/SIGNATE_Agentic_RAG/EDA/EDA001/eda001.py:295: UserWarning: Glyph 24335 (\N{CJK UNIFIED IDEOGRAPH-5F0F}) missing from font(s) DejaVu Sans.
  plt.savefig(out_path, dpi=150)

2026-07-03 15:56:59,647 [WARNING] /mnt/data/SIGNATE_Agentic_RAG/EDA/EDA001/eda001.py:295: UserWarning: Glyph 20250 (\N{CJK UNIFIED IDEOGRAPH-4F1A}) missing from font(s) DejaVu Sans.
  plt.savefig(out_path, dpi=150)

2026-07-03 15:56:59,647 [WARNING] /mnt/data/SIGNATE_Agentic_RAG/EDA/EDA001/eda001.py:295: UserWarning: Glyph 31038 (\N{CJK UNIFIED IDEOGRAPH-793E}) missing from font(s) DejaVu Sans.
  plt.savefig(out_path, dpi=150)

2026-07-03 15:56:59,647 [WARNING] /mnt/data/SIGNATE_Agentic_RAG/EDA/EDA001/eda001.py:295: UserWarning: Glyph 38738 (\N{CJK UNIFIED IDEOGRAPH-9752}) missing from font(s) DejaVu Sans.
  plt.savefig(out_path, dpi=150)

2026-07-03 15:56:59,647 [WARNING] /mnt/data/SIGNATE_Agentic_RAG/EDA/EDA001/eda001.py:295: UserWarning: Glyph 23994 (\N{CJK UNIFIED IDEOGRAPH-5DBA}) missing from font(s) DejaVu Sans.
  plt.savefig(out_path, dpi=150)

2026-07-03 15:56:59,648 [WARNING] /mnt/data/SIGNATE_Agentic_RAG/EDA/EDA001/eda001.py:295: UserWarning: Glyph 19981 (\N{CJK UNIFIED IDEOGRAPH-4E0D}) missing from font(s) DejaVu Sans.
  plt.savefig(out_path, dpi=150)

2026-07-03 15:56:59,648 [WARNING] /mnt/data/SIGNATE_Agentic_RAG/EDA/EDA001/eda001.py:295: UserWarning: Glyph 21205 (\N{CJK UNIFIED IDEOGRAPH-52D5}) missing from font(s) DejaVu Sans.
  plt.savefig(out_path, dpi=150)

2026-07-03 15:56:59,648 [WARNING] /mnt/data/SIGNATE_Agentic_RAG/EDA/EDA001/eda001.py:295: UserWarning: Glyph 29987 (\N{CJK UNIFIED IDEOGRAPH-7523}) missing from font(s) DejaVu Sans.
  plt.savefig(out_path, dpi=150)

2026-07-03 15:56:59,648 [WARNING] /mnt/data/SIGNATE_Agentic_RAG/EDA/EDA001/eda001.py:295: UserWarning: Glyph 12450 (\N{KATAKANA LETTER A}) missing from font(s) DejaVu Sans.
  plt.savefig(out_path, dpi=150)

2026-07-03 15:56:59,648 [WARNING] /mnt/data/SIGNATE_Agentic_RAG/EDA/EDA001/eda001.py:295: UserWarning: Glyph 12475 (\N{KATAKANA LETTER SE}) missing from font(s) DejaVu Sans.
  plt.savefig(out_path, dpi=150)

2026-07-03 15:56:59,648 [WARNING] /mnt/data/SIGNATE_Agentic_RAG/EDA/EDA001/eda001.py:295: UserWarning: Glyph 12483 (\N{KATAKANA LETTER SMALL TU}) missing from font(s) DejaVu Sans.
  plt.savefig(out_path, dpi=150)

2026-07-03 15:56:59,648 [WARNING] /mnt/data/SIGNATE_Agentic_RAG/EDA/EDA001/eda001.py:295: UserWarning: Glyph 12488 (\N{KATAKANA LETTER TO}) missing from font(s) DejaVu Sans.
  plt.savefig(out_path, dpi=150)

2026-07-03 15:56:59,648 [WARNING] /mnt/data/SIGNATE_Agentic_RAG/EDA/EDA001/eda001.py:295: UserWarning: Glyph 12510 (\N{KATAKANA LETTER MA}) missing from font(s) DejaVu Sans.
  plt.savefig(out_path, dpi=150)

2026-07-03 15:56:59,649 [WARNING] /mnt/data/SIGNATE_Agentic_RAG/EDA/EDA001/eda001.py:295: UserWarning: Glyph 12493 (\N{KATAKANA LETTER NE}) missing from font(s) DejaVu Sans.
  plt.savefig(out_path, dpi=150)

2026-07-03 15:56:59,649 [WARNING] /mnt/data/SIGNATE_Agentic_RAG/EDA/EDA001/eda001.py:295: UserWarning: Glyph 12472 (\N{KATAKANA LETTER ZI}) missing from font(s) DejaVu Sans.
  plt.savefig(out_path, dpi=150)

2026-07-03 15:56:59,649 [WARNING] /mnt/data/SIGNATE_Agentic_RAG/EDA/EDA001/eda001.py:295: UserWarning: Glyph 12513 (\N{KATAKANA LETTER ME}) missing from font(s) DejaVu Sans.
  plt.savefig(out_path, dpi=150)

2026-07-03 15:56:59,649 [WARNING] /mnt/data/SIGNATE_Agentic_RAG/EDA/EDA001/eda001.py:295: UserWarning: Glyph 12531 (\N{KATAKANA LETTER N}) missing from font(s) DejaVu Sans.
  plt.savefig(out_path, dpi=150)

2026-07-03 15:56:59,649 [WARNING] /mnt/data/SIGNATE_Agentic_RAG/EDA/EDA001/eda001.py:295: UserWarning: Glyph 12488 (\N{KATAKANA LETTER TO}) missing from font(s) DejaVu Sans.
  plt.savefig(out_path, dpi=150)

2026-07-03 15:56:59,650 [WARNING] /mnt/data/SIGNATE_Agentic_RAG/EDA/EDA001/eda001.py:295: UserWarning: Glyph 21307 (\N{CJK UNIFIED IDEOGRAPH-533B}) missing from font(s) DejaVu Sans.
  plt.savefig(out_path, dpi=150)

2026-07-03 15:56:59,650 [WARNING] /mnt/data/SIGNATE_Agentic_RAG/EDA/EDA001/eda001.py:295: UserWarning: Glyph 30274 (\N{CJK UNIFIED IDEOGRAPH-7642}) missing from font(s) DejaVu Sans.
  plt.savefig(out_path, dpi=150)

2026-07-03 15:56:59,650 [WARNING] /mnt/data/SIGNATE_Agentic_RAG/EDA/EDA001/eda001.py:295: UserWarning: Glyph 27861 (\N{CJK UNIFIED IDEOGRAPH-6CD5}) missing from font(s) DejaVu Sans.
  plt.savefig(out_path, dpi=150)

2026-07-03 15:56:59,650 [WARNING] /mnt/data/SIGNATE_Agentic_RAG/EDA/EDA001/eda001.py:295: UserWarning: Glyph 20154 (\N{CJK UNIFIED IDEOGRAPH-4EBA}) missing from font(s) DejaVu Sans.
  plt.savefig(out_path, dpi=150)

2026-07-03 15:56:59,650 [WARNING] /mnt/data/SIGNATE_Agentic_RAG/EDA/EDA001/eda001.py:295: UserWarning: Glyph 31038 (\N{CJK UNIFIED IDEOGRAPH-793E}) missing from font(s) DejaVu Sans.
  plt.savefig(out_path, dpi=150)

2026-07-03 15:56:59,650 [WARNING] /mnt/data/SIGNATE_Agentic_RAG/EDA/EDA001/eda001.py:295: UserWarning: Glyph 22243 (\N{CJK UNIFIED IDEOGRAPH-56E3}) missing from font(s) DejaVu Sans.
  plt.savefig(out_path, dpi=150)

2026-07-03 15:56:59,651 [WARNING] /mnt/data/SIGNATE_Agentic_RAG/EDA/EDA001/eda001.py:295: UserWarning: Glyph 33980 (\N{CJK UNIFIED IDEOGRAPH-84BC}) missing from font(s) DejaVu Sans.
  plt.savefig(out_path, dpi=150)

2026-07-03 15:56:59,651 [WARNING] /mnt/data/SIGNATE_Agentic_RAG/EDA/EDA001/eda001.py:295: UserWarning: Glyph 27193 (\N{CJK UNIFIED IDEOGRAPH-6A39}) missing from font(s) DejaVu Sans.
  plt.savefig(out_path, dpi=150)

2026-07-03 15:56:59,651 [WARNING] /mnt/data/SIGNATE_Agentic_RAG/EDA/EDA001/eda001.py:295: UserWarning: Glyph 20250 (\N{CJK UNIFIED IDEOGRAPH-4F1A}) missing from font(s) DejaVu Sans.
  plt.savefig(out_path, dpi=150)

2026-07-03 15:56:59,651 [WARNING] /mnt/data/SIGNATE_Agentic_RAG/EDA/EDA001/eda001.py:295: UserWarning: Glyph 12415 (\N{HIRAGANA LETTER MI}) missing from font(s) DejaVu Sans.
  plt.savefig(out_path, dpi=150)

2026-07-03 15:56:59,651 [WARNING] /mnt/data/SIGNATE_Agentic_RAG/EDA/EDA001/eda001.py:295: UserWarning: Glyph 12394 (\N{HIRAGANA LETTER NA}) missing from font(s) DejaVu Sans.
  plt.savefig(out_path, dpi=150)

2026-07-03 15:56:59,651 [WARNING] /mnt/data/SIGNATE_Agentic_RAG/EDA/EDA001/eda001.py:295: UserWarning: Glyph 12415 (\N{HIRAGANA LETTER MI}) missing from font(s) DejaVu Sans.
  plt.savefig(out_path, dpi=150)

2026-07-03 15:56:59,651 [WARNING] /mnt/data/SIGNATE_Agentic_RAG/EDA/EDA001/eda001.py:295: UserWarning: Glyph 37326 (\N{CJK UNIFIED IDEOGRAPH-91CE}) missing from font(s) DejaVu Sans.
  plt.savefig(out_path, dpi=150)

2026-07-03 15:56:59,652 [WARNING] /mnt/data/SIGNATE_Agentic_RAG/EDA/EDA001/eda001.py:295: UserWarning: Glyph 22899 (\N{CJK UNIFIED IDEOGRAPH-5973}) missing from font(s) DejaVu Sans.
  plt.savefig(out_path, dpi=150)

2026-07-03 15:56:59,652 [WARNING] /mnt/data/SIGNATE_Agentic_RAG/EDA/EDA001/eda001.py:295: UserWarning: Glyph 24615 (\N{CJK UNIFIED IDEOGRAPH-6027}) missing from font(s) DejaVu Sans.
  plt.savefig(out_path, dpi=150)

2026-07-03 15:56:59,652 [WARNING] /mnt/data/SIGNATE_Agentic_RAG/EDA/EDA001/eda001.py:295: UserWarning: Glyph 21307 (\N{CJK UNIFIED IDEOGRAPH-533B}) missing from font(s) DejaVu Sans.
  plt.savefig(out_path, dpi=150)

2026-07-03 15:56:59,652 [WARNING] /mnt/data/SIGNATE_Agentic_RAG/EDA/EDA001/eda001.py:295: UserWarning: Glyph 30274 (\N{CJK UNIFIED IDEOGRAPH-7642}) missing from font(s) DejaVu Sans.
  plt.savefig(out_path, dpi=150)

2026-07-03 15:56:59,652 [WARNING] /mnt/data/SIGNATE_Agentic_RAG/EDA/EDA001/eda001.py:295: UserWarning: Glyph 12475 (\N{KATAKANA LETTER SE}) missing from font(s) DejaVu Sans.
  plt.savefig(out_path, dpi=150)

2026-07-03 15:56:59,652 [WARNING] /mnt/data/SIGNATE_Agentic_RAG/EDA/EDA001/eda001.py:295: UserWarning: Glyph 12531 (\N{KATAKANA LETTER N}) missing from font(s) DejaVu Sans.
  plt.savefig(out_path, dpi=150)

2026-07-03 15:56:59,652 [WARNING] /mnt/data/SIGNATE_Agentic_RAG/EDA/EDA001/eda001.py:295: UserWarning: Glyph 12479 (\N{KATAKANA LETTER TA}) missing from font(s) DejaVu Sans.
  plt.savefig(out_path, dpi=150)

2026-07-03 15:56:59,652 [WARNING] /mnt/data/SIGNATE_Agentic_RAG/EDA/EDA001/eda001.py:295: UserWarning: Glyph 12540 (\N{KATAKANA-HIRAGANA PROLONGED SOUND MARK}) missing from font(s) DejaVu Sans.
  plt.savefig(out_path, dpi=150)

2026-07-03 15:56:59,653 [WARNING] /mnt/data/SIGNATE_Agentic_RAG/EDA/EDA001/eda001.py:295: UserWarning: Glyph 30333 (\N{CJK UNIFIED IDEOGRAPH-767D}) missing from font(s) DejaVu Sans.
  plt.savefig(out_path, dpi=150)

2026-07-03 15:56:59,654 [WARNING] /mnt/data/SIGNATE_Agentic_RAG/EDA/EDA001/eda001.py:295: UserWarning: Glyph 23792 (\N{CJK UNIFIED IDEOGRAPH-5CF0}) missing from font(s) DejaVu Sans.
  plt.savefig(out_path, dpi=150)

2026-07-03 15:56:59,654 [WARNING] /mnt/data/SIGNATE_Agentic_RAG/EDA/EDA001/eda001.py:295: UserWarning: Glyph 20449 (\N{CJK UNIFIED IDEOGRAPH-4FE1}) missing from font(s) DejaVu Sans.
  plt.savefig(out_path, dpi=150)

2026-07-03 15:56:59,654 [WARNING] /mnt/data/SIGNATE_Agentic_RAG/EDA/EDA001/eda001.py:295: UserWarning: Glyph 29992 (\N{CJK UNIFIED IDEOGRAPH-7528}) missing from font(s) DejaVu Sans.
  plt.savefig(out_path, dpi=150)

2026-07-03 15:56:59,655 [WARNING] /mnt/data/SIGNATE_Agentic_RAG/EDA/EDA001/eda001.py:295: UserWarning: Glyph 12522 (\N{KATAKANA LETTER RI}) missing from font(s) DejaVu Sans.
  plt.savefig(out_path, dpi=150)

2026-07-03 15:56:59,655 [WARNING] /mnt/data/SIGNATE_Agentic_RAG/EDA/EDA001/eda001.py:295: UserWarning: Glyph 12473 (\N{KATAKANA LETTER SU}) missing from font(s) DejaVu Sans.
  plt.savefig(out_path, dpi=150)

2026-07-03 15:56:59,655 [WARNING] /mnt/data/SIGNATE_Agentic_RAG/EDA/EDA001/eda001.py:295: UserWarning: Glyph 12463 (\N{KATAKANA LETTER KU}) missing from font(s) DejaVu Sans.
  plt.savefig(out_path, dpi=150)

2026-07-03 15:56:59,655 [WARNING] /mnt/data/SIGNATE_Agentic_RAG/EDA/EDA001/eda001.py:295: UserWarning: Glyph 35413 (\N{CJK UNIFIED IDEOGRAPH-8A55}) missing from font(s) DejaVu Sans.
  plt.savefig(out_path, dpi=150)

2026-07-03 15:56:59,655 [WARNING] /mnt/data/SIGNATE_Agentic_RAG/EDA/EDA001/eda001.py:295: UserWarning: Glyph 20385 (\N{CJK UNIFIED IDEOGRAPH-4FA1}) missing from font(s) DejaVu Sans.
  plt.savefig(out_path, dpi=150)

2026-07-03 15:56:59,656 [WARNING] /mnt/data/SIGNATE_Agentic_RAG/EDA/EDA001/eda001.py:295: UserWarning: Glyph 26666 (\N{CJK UNIFIED IDEOGRAPH-682A}) missing from font(s) DejaVu Sans.
  plt.savefig(out_path, dpi=150)

2026-07-03 15:56:59,656 [WARNING] /mnt/data/SIGNATE_Agentic_RAG/EDA/EDA001/eda001.py:295: UserWarning: Glyph 24335 (\N{CJK UNIFIED IDEOGRAPH-5F0F}) missing from font(s) DejaVu Sans.
  plt.savefig(out_path, dpi=150)

2026-07-03 15:56:59,656 [WARNING] /mnt/data/SIGNATE_Agentic_RAG/EDA/EDA001/eda001.py:295: UserWarning: Glyph 20250 (\N{CJK UNIFIED IDEOGRAPH-4F1A}) missing from font(s) DejaVu Sans.
  plt.savefig(out_path, dpi=150)

2026-07-03 15:56:59,656 [WARNING] /mnt/data/SIGNATE_Agentic_RAG/EDA/EDA001/eda001.py:295: UserWarning: Glyph 31038 (\N{CJK UNIFIED IDEOGRAPH-793E}) missing from font(s) DejaVu Sans.
  plt.savefig(out_path, dpi=150)

2026-07-03 15:56:59,657 [WARNING] /mnt/data/SIGNATE_Agentic_RAG/EDA/EDA001/eda001.py:295: UserWarning: Glyph 21307 (\N{CJK UNIFIED IDEOGRAPH-533B}) missing from font(s) DejaVu Sans.
  plt.savefig(out_path, dpi=150)

2026-07-03 15:56:59,657 [WARNING] /mnt/data/SIGNATE_Agentic_RAG/EDA/EDA001/eda001.py:295: UserWarning: Glyph 30274 (\N{CJK UNIFIED IDEOGRAPH-7642}) missing from font(s) DejaVu Sans.
  plt.savefig(out_path, dpi=150)

2026-07-03 15:56:59,657 [WARNING] /mnt/data/SIGNATE_Agentic_RAG/EDA/EDA001/eda001.py:295: UserWarning: Glyph 27861 (\N{CJK UNIFIED IDEOGRAPH-6CD5}) missing from font(s) DejaVu Sans.
  plt.savefig(out_path, dpi=150)

2026-07-03 15:56:59,657 [WARNING] /mnt/data/SIGNATE_Agentic_RAG/EDA/EDA001/eda001.py:295: UserWarning: Glyph 20154 (\N{CJK UNIFIED IDEOGRAPH-4EBA}) missing from font(s) DejaVu Sans.
  plt.savefig(out_path, dpi=150)

2026-07-03 15:56:59,657 [WARNING] /mnt/data/SIGNATE_Agentic_RAG/EDA/EDA001/eda001.py:295: UserWarning: Glyph 31038 (\N{CJK UNIFIED IDEOGRAPH-793E}) missing from font(s) DejaVu Sans.
  plt.savefig(out_path, dpi=150)

2026-07-03 15:56:59,657 [WARNING] /mnt/data/SIGNATE_Agentic_RAG/EDA/EDA001/eda001.py:295: UserWarning: Glyph 22243 (\N{CJK UNIFIED IDEOGRAPH-56E3}) missing from font(s) DejaVu Sans.
  plt.savefig(out_path, dpi=150)

2026-07-03 15:56:59,657 [WARNING] /mnt/data/SIGNATE_Agentic_RAG/EDA/EDA001/eda001.py:295: UserWarning: Glyph 24658 (\N{CJK UNIFIED IDEOGRAPH-6052}) missing from font(s) DejaVu Sans.
  plt.savefig(out_path, dpi=150)

2026-07-03 15:56:59,658 [WARNING] /mnt/data/SIGNATE_Agentic_RAG/EDA/EDA001/eda001.py:295: UserWarning: Glyph 19968 (\N{CJK UNIFIED IDEOGRAPH-4E00}) missing from font(s) DejaVu Sans.
  plt.savefig(out_path, dpi=150)

2026-07-03 15:56:59,658 [WARNING] /mnt/data/SIGNATE_Agentic_RAG/EDA/EDA001/eda001.py:295: UserWarning: Glyph 20250 (\N{CJK UNIFIED IDEOGRAPH-4F1A}) missing from font(s) DejaVu Sans.
  plt.savefig(out_path, dpi=150)

2026-07-03 15:56:59,658 [WARNING] /mnt/data/SIGNATE_Agentic_RAG/EDA/EDA001/eda001.py:295: UserWarning: Glyph 12363 (\N{HIRAGANA LETTER KA}) missing from font(s) DejaVu Sans.
  plt.savefig(out_path, dpi=150)

2026-07-03 15:56:59,658 [WARNING] /mnt/data/SIGNATE_Agentic_RAG/EDA/EDA001/eda001.py:295: UserWarning: Glyph 12360 (\N{HIRAGANA LETTER E}) missing from font(s) DejaVu Sans.
  plt.savefig(out_path, dpi=150)

2026-07-03 15:56:59,658 [WARNING] /mnt/data/SIGNATE_Agentic_RAG/EDA/EDA001/eda001.py:295: UserWarning: Glyph 12391 (\N{HIRAGANA LETTER DE}) missing from font(s) DejaVu Sans.
  plt.savefig(out_path, dpi=150)

2026-07-03 15:56:59,658 [WARNING] /mnt/data/SIGNATE_Agentic_RAG/EDA/EDA001/eda001.py:295: UserWarning: Glyph 32207 (\N{CJK UNIFIED IDEOGRAPH-7DCF}) missing from font(s) DejaVu Sans.
  plt.savefig(out_path, dpi=150)

2026-07-03 15:56:59,659 [WARNING] /mnt/data/SIGNATE_Agentic_RAG/EDA/EDA001/eda001.py:295: UserWarning: Glyph 21512 (\N{CJK UNIFIED IDEOGRAPH-5408}) missing from font(s) DejaVu Sans.
  plt.savefig(out_path, dpi=150)

2026-07-03 15:56:59,659 [WARNING] /mnt/data/SIGNATE_Agentic_RAG/EDA/EDA001/eda001.py:295: UserWarning: Glyph 30149 (\N{CJK UNIFIED IDEOGRAPH-75C5}) missing from font(s) DejaVu Sans.
  plt.savefig(out_path, dpi=150)

2026-07-03 15:56:59,659 [WARNING] /mnt/data/SIGNATE_Agentic_RAG/EDA/EDA001/eda001.py:295: UserWarning: Glyph 38498 (\N{CJK UNIFIED IDEOGRAPH-9662}) missing from font(s) DejaVu Sans.
  plt.savefig(out_path, dpi=150)

2026-07-03 15:56:59,660 [WARNING] /mnt/data/SIGNATE_Agentic_RAG/EDA/EDA001/eda001.py:295: UserWarning: Glyph 38738 (\N{CJK UNIFIED IDEOGRAPH-9752}) missing from font(s) DejaVu Sans.
  plt.savefig(out_path, dpi=150)

2026-07-03 15:56:59,660 [WARNING] /mnt/data/SIGNATE_Agentic_RAG/EDA/EDA001/eda001.py:295: UserWarning: Glyph 33865 (\N{CJK UNIFIED IDEOGRAPH-8449}) missing from font(s) DejaVu Sans.
  plt.savefig(out_path, dpi=150)

2026-07-03 15:56:59,660 [WARNING] /mnt/data/SIGNATE_Agentic_RAG/EDA/EDA001/eda001.py:295: UserWarning: Glyph 19982 (\N{CJK UNIFIED IDEOGRAPH-4E0E}) missing from font(s) DejaVu Sans.
  plt.savefig(out_path, dpi=150)

2026-07-03 15:56:59,660 [WARNING] /mnt/data/SIGNATE_Agentic_RAG/EDA/EDA001/eda001.py:295: UserWarning: Glyph 20449 (\N{CJK UNIFIED IDEOGRAPH-4FE1}) missing from font(s) DejaVu Sans.
  plt.savefig(out_path, dpi=150)

2026-07-03 15:56:59,660 [WARNING] /mnt/data/SIGNATE_Agentic_RAG/EDA/EDA001/eda001.py:295: UserWarning: Glyph 12510 (\N{KATAKANA LETTER MA}) missing from font(s) DejaVu Sans.
  plt.savefig(out_path, dpi=150)

2026-07-03 15:56:59,661 [WARNING] /mnt/data/SIGNATE_Agentic_RAG/EDA/EDA001/eda001.py:295: UserWarning: Glyph 12493 (\N{KATAKANA LETTER NE}) missing from font(s) DejaVu Sans.
  plt.savefig(out_path, dpi=150)

2026-07-03 15:56:59,661 [WARNING] /mnt/data/SIGNATE_Agentic_RAG/EDA/EDA001/eda001.py:295: UserWarning: Glyph 12472 (\N{KATAKANA LETTER ZI}) missing from font(s) DejaVu Sans.
  plt.savefig(out_path, dpi=150)

2026-07-03 15:56:59,661 [WARNING] /mnt/data/SIGNATE_Agentic_RAG/EDA/EDA001/eda001.py:295: UserWarning: Glyph 12513 (\N{KATAKANA LETTER ME}) missing from font(s) DejaVu Sans.
  plt.savefig(out_path, dpi=150)

2026-07-03 15:56:59,661 [WARNING] /mnt/data/SIGNATE_Agentic_RAG/EDA/EDA001/eda001.py:295: UserWarning: Glyph 12531 (\N{KATAKANA LETTER N}) missing from font(s) DejaVu Sans.
  plt.savefig(out_path, dpi=150)

2026-07-03 15:56:59,661 [WARNING] /mnt/data/SIGNATE_Agentic_RAG/EDA/EDA001/eda001.py:295: UserWarning: Glyph 12488 (\N{KATAKANA LETTER TO}) missing from font(s) DejaVu Sans.
  plt.savefig(out_path, dpi=150)

2026-07-03 15:56:59,661 [WARNING] /mnt/data/SIGNATE_Agentic_RAG/EDA/EDA001/eda001.py:295: UserWarning: Glyph 26666 (\N{CJK UNIFIED IDEOGRAPH-682A}) missing from font(s) DejaVu Sans.
  plt.savefig(out_path, dpi=150)

2026-07-03 15:56:59,661 [WARNING] /mnt/data/SIGNATE_Agentic_RAG/EDA/EDA001/eda001.py:295: UserWarning: Glyph 24335 (\N{CJK UNIFIED IDEOGRAPH-5F0F}) missing from font(s) DejaVu Sans.
  plt.savefig(out_path, dpi=150)

2026-07-03 15:56:59,661 [WARNING] /mnt/data/SIGNATE_Agentic_RAG/EDA/EDA001/eda001.py:295: UserWarning: Glyph 20250 (\N{CJK UNIFIED IDEOGRAPH-4F1A}) missing from font(s) DejaVu Sans.
  plt.savefig(out_path, dpi=150)

2026-07-03 15:56:59,662 [WARNING] /mnt/data/SIGNATE_Agentic_RAG/EDA/EDA001/eda001.py:295: UserWarning: Glyph 31038 (\N{CJK UNIFIED IDEOGRAPH-793E}) missing from font(s) DejaVu Sans.
  plt.savefig(out_path, dpi=150)

2026-07-03 15:56:59,664 [WARNING] /mnt/data/SIGNATE_Agentic_RAG/EDA/EDA001/eda001.py:295: UserWarning: Glyph 26696 (\N{CJK UNIFIED IDEOGRAPH-6848}) missing from font(s) DejaVu Sans.
  plt.savefig(out_path, dpi=150)

2026-07-03 15:56:59,665 [WARNING] /mnt/data/SIGNATE_Agentic_RAG/EDA/EDA001/eda001.py:295: UserWarning: Glyph 20214 (\N{CJK UNIFIED IDEOGRAPH-4EF6}) missing from font(s) DejaVu Sans.
  plt.savefig(out_path, dpi=150)

2026-07-03 15:56:59,665 [WARNING] /mnt/data/SIGNATE_Agentic_RAG/EDA/EDA001/eda001.py:295: UserWarning: Glyph 21029 (\N{CJK UNIFIED IDEOGRAPH-5225}) missing from font(s) DejaVu Sans.
  plt.savefig(out_path, dpi=150)

2026-07-03 15:56:59,665 [WARNING] /mnt/data/SIGNATE_Agentic_RAG/EDA/EDA001/eda001.py:295: UserWarning: Glyph 12501 (\N{KATAKANA LETTER HU}) missing from font(s) DejaVu Sans.
  plt.savefig(out_path, dpi=150)

2026-07-03 15:56:59,665 [WARNING] /mnt/data/SIGNATE_Agentic_RAG/EDA/EDA001/eda001.py:295: UserWarning: Glyph 12449 (\N{KATAKANA LETTER SMALL A}) missing from font(s) DejaVu Sans.
  plt.savefig(out_path, dpi=150)

2026-07-03 15:56:59,665 [WARNING] /mnt/data/SIGNATE_Agentic_RAG/EDA/EDA001/eda001.py:295: UserWarning: Glyph 12452 (\N{KATAKANA LETTER I}) missing from font(s) DejaVu Sans.
  plt.savefig(out_path, dpi=150)

2026-07-03 15:56:59,666 [WARNING] /mnt/data/SIGNATE_Agentic_RAG/EDA/EDA001/eda001.py:295: UserWarning: Glyph 12523 (\N{KATAKANA LETTER RU}) missing from font(s) DejaVu Sans.
  plt.savefig(out_path, dpi=150)

2026-07-03 15:56:59,666 [WARNING] /mnt/data/SIGNATE_Agentic_RAG/EDA/EDA001/eda001.py:295: UserWarning: Glyph 25968 (\N{CJK UNIFIED IDEOGRAPH-6570}) missing from font(s) DejaVu Sans.
  plt.savefig(out_path, dpi=150)

2026-07-03 15:56:59,694 [WARNING] /mnt/data/SIGNATE_Agentic_RAG/EDA/EDA001/eda001.py:294: UserWarning: Glyph 30011 (\N{CJK UNIFIED IDEOGRAPH-753B}) missing from font(s) DejaVu Sans.
  plt.tight_layout()

2026-07-03 15:56:59,694 [WARNING] /mnt/data/SIGNATE_Agentic_RAG/EDA/EDA001/eda001.py:294: UserWarning: Glyph 20687 (\N{CJK UNIFIED IDEOGRAPH-50CF}) missing from font(s) DejaVu Sans.
  plt.tight_layout()

2026-07-03 15:56:59,694 [WARNING] /mnt/data/SIGNATE_Agentic_RAG/EDA/EDA001/eda001.py:294: UserWarning: Glyph 12464 (\N{KATAKANA LETTER GU}) missing from font(s) DejaVu Sans.
  plt.tight_layout()

2026-07-03 15:56:59,695 [WARNING] /mnt/data/SIGNATE_Agentic_RAG/EDA/EDA001/eda001.py:294: UserWarning: Glyph 12521 (\N{KATAKANA LETTER RA}) missing from font(s) DejaVu Sans.
  plt.tight_layout()

2026-07-03 15:56:59,695 [WARNING] /mnt/data/SIGNATE_Agentic_RAG/EDA/EDA001/eda001.py:294: UserWarning: Glyph 12501 (\N{KATAKANA LETTER HU}) missing from font(s) DejaVu Sans.
  plt.tight_layout()

2026-07-03 15:56:59,695 [WARNING] /mnt/data/SIGNATE_Agentic_RAG/EDA/EDA001/eda001.py:294: UserWarning: Glyph 24046 (\N{CJK UNIFIED IDEOGRAPH-5DEE}) missing from font(s) DejaVu Sans.
  plt.tight_layout()

2026-07-03 15:56:59,695 [WARNING] /mnt/data/SIGNATE_Agentic_RAG/EDA/EDA001/eda001.py:294: UserWarning: Glyph 20998 (\N{CJK UNIFIED IDEOGRAPH-5206}) missing from font(s) DejaVu Sans.
  plt.tight_layout()

2026-07-03 15:56:59,695 [WARNING] /mnt/data/SIGNATE_Agentic_RAG/EDA/EDA001/eda001.py:294: UserWarning: Glyph 27604 (\N{CJK UNIFIED IDEOGRAPH-6BD4}) missing from font(s) DejaVu Sans.
  plt.tight_layout()

2026-07-03 15:56:59,696 [WARNING] /mnt/data/SIGNATE_Agentic_RAG/EDA/EDA001/eda001.py:294: UserWarning: Glyph 36611 (\N{CJK UNIFIED IDEOGRAPH-8F03}) missing from font(s) DejaVu Sans.
  plt.tight_layout()

2026-07-03 15:56:59,696 [WARNING] /mnt/data/SIGNATE_Agentic_RAG/EDA/EDA001/eda001.py:294: UserWarning: Glyph 31038 (\N{CJK UNIFIED IDEOGRAPH-793E}) missing from font(s) DejaVu Sans.
  plt.tight_layout()

2026-07-03 15:56:59,696 [WARNING] /mnt/data/SIGNATE_Agentic_RAG/EDA/EDA001/eda001.py:294: UserWarning: Glyph 20869 (\N{CJK UNIFIED IDEOGRAPH-5185}) missing from font(s) DejaVu Sans.
  plt.tight_layout()

2026-07-03 15:56:59,696 [WARNING] /mnt/data/SIGNATE_Agentic_RAG/EDA/EDA001/eda001.py:294: UserWarning: Glyph 29992 (\N{CJK UNIFIED IDEOGRAPH-7528}) missing from font(s) DejaVu Sans.
  plt.tight_layout()

2026-07-03 15:56:59,696 [WARNING] /mnt/data/SIGNATE_Agentic_RAG/EDA/EDA001/eda001.py:294: UserWarning: Glyph 35486 (\N{CJK UNIFIED IDEOGRAPH-8A9E}) missing from font(s) DejaVu Sans.
  plt.tight_layout()

2026-07-03 15:56:59,697 [WARNING] /mnt/data/SIGNATE_Agentic_RAG/EDA/EDA001/eda001.py:294: UserWarning: Glyph 20250 (\N{CJK UNIFIED IDEOGRAPH-4F1A}) missing from font(s) DejaVu Sans.
  plt.tight_layout()

2026-07-03 15:56:59,697 [WARNING] /mnt/data/SIGNATE_Agentic_RAG/EDA/EDA001/eda001.py:294: UserWarning: Glyph 35696 (\N{CJK UNIFIED IDEOGRAPH-8B70}) missing from font(s) DejaVu Sans.
  plt.tight_layout()

2026-07-03 15:56:59,697 [WARNING] /mnt/data/SIGNATE_Agentic_RAG/EDA/EDA001/eda001.py:294: UserWarning: Glyph 37682 (\N{CJK UNIFIED IDEOGRAPH-9332}) missing from font(s) DejaVu Sans.
  plt.tight_layout()

2026-07-03 15:56:59,697 [WARNING] /mnt/data/SIGNATE_Agentic_RAG/EDA/EDA001/eda001.py:294: UserWarning: Glyph 12467 (\N{KATAKANA LETTER KO}) missing from font(s) DejaVu Sans.
  plt.tight_layout()

2026-07-03 15:56:59,697 [WARNING] /mnt/data/SIGNATE_Agentic_RAG/EDA/EDA001/eda001.py:294: UserWarning: Glyph 12540 (\N{KATAKANA-HIRAGANA PROLONGED SOUND MARK}) missing from font(s) DejaVu Sans.
  plt.tight_layout()

2026-07-03 15:56:59,697 [WARNING] /mnt/data/SIGNATE_Agentic_RAG/EDA/EDA001/eda001.py:294: UserWarning: Glyph 12489 (\N{KATAKANA LETTER DO}) missing from font(s) DejaVu Sans.
  plt.tight_layout()

2026-07-03 15:56:59,698 [WARNING] /mnt/data/SIGNATE_Agentic_RAG/EDA/EDA001/eda001.py:294: UserWarning: Glyph 35373 (\N{CJK UNIFIED IDEOGRAPH-8A2D}) missing from font(s) DejaVu Sans.
  plt.tight_layout()

2026-07-03 15:56:59,698 [WARNING] /mnt/data/SIGNATE_Agentic_RAG/EDA/EDA001/eda001.py:294: UserWarning: Glyph 23450 (\N{CJK UNIFIED IDEOGRAPH-5B9A}) missing from font(s) DejaVu Sans.
  plt.tight_layout()

2026-07-03 15:56:59,698 [WARNING] /mnt/data/SIGNATE_Agentic_RAG/EDA/EDA001/eda001.py:294: UserWarning: Glyph 26085 (\N{CJK UNIFIED IDEOGRAPH-65E5}) missing from font(s) DejaVu Sans.
  plt.tight_layout()

2026-07-03 15:56:59,698 [WARNING] /mnt/data/SIGNATE_Agentic_RAG/EDA/EDA001/eda001.py:294: UserWarning: Glyph 20184 (\N{CJK UNIFIED IDEOGRAPH-4ED8}) missing from font(s) DejaVu Sans.
  plt.tight_layout()

2026-07-03 15:56:59,699 [WARNING] /mnt/data/SIGNATE_Agentic_RAG/EDA/EDA001/eda001.py:294: UserWarning: Glyph 26399 (\N{CJK UNIFIED IDEOGRAPH-671F}) missing from font(s) DejaVu Sans.
  plt.tight_layout()

2026-07-03 15:56:59,699 [WARNING] /mnt/data/SIGNATE_Agentic_RAG/EDA/EDA001/eda001.py:294: UserWarning: Glyph 38291 (\N{CJK UNIFIED IDEOGRAPH-9593}) missing from font(s) DejaVu Sans.
  plt.tight_layout()

2026-07-03 15:56:59,699 [WARNING] /mnt/data/SIGNATE_Agentic_RAG/EDA/EDA001/eda001.py:294: UserWarning: Glyph 26360 (\N{CJK UNIFIED IDEOGRAPH-66F8}) missing from font(s) DejaVu Sans.
  plt.tight_layout()

2026-07-03 15:56:59,699 [WARNING] /mnt/data/SIGNATE_Agentic_RAG/EDA/EDA001/eda001.py:294: UserWarning: Glyph 24335 (\N{CJK UNIFIED IDEOGRAPH-5F0F}) missing from font(s) DejaVu Sans.
  plt.tight_layout()

2026-07-03 15:56:59,700 [WARNING] /mnt/data/SIGNATE_Agentic_RAG/EDA/EDA001/eda001.py:294: UserWarning: Glyph 37329 (\N{CJK UNIFIED IDEOGRAPH-91D1}) missing from font(s) DejaVu Sans.
  plt.tight_layout()

2026-07-03 15:56:59,700 [WARNING] /mnt/data/SIGNATE_Agentic_RAG/EDA/EDA001/eda001.py:294: UserWarning: Glyph 38989 (\N{CJK UNIFIED IDEOGRAPH-984D}) missing from font(s) DejaVu Sans.
  plt.tight_layout()

2026-07-03 15:56:59,700 [WARNING] /mnt/data/SIGNATE_Agentic_RAG/EDA/EDA001/eda001.py:294: UserWarning: Glyph 35336 (\N{CJK UNIFIED IDEOGRAPH-8A08}) missing from font(s) DejaVu Sans.
  plt.tight_layout()

2026-07-03 15:56:59,700 [WARNING] /mnt/data/SIGNATE_Agentic_RAG/EDA/EDA001/eda001.py:294: UserWarning: Glyph 31639 (\N{CJK UNIFIED IDEOGRAPH-7B97}) missing from font(s) DejaVu Sans.
  plt.tight_layout()

2026-07-03 15:56:59,700 [WARNING] /mnt/data/SIGNATE_Agentic_RAG/EDA/EDA001/eda001.py:294: UserWarning: Glyph 34920 (\N{CJK UNIFIED IDEOGRAPH-8868}) missing from font(s) DejaVu Sans.
  plt.tight_layout()

2026-07-03 15:56:59,704 [WARNING] /mnt/data/SIGNATE_Agentic_RAG/EDA/EDA001/eda001.py:294: UserWarning: Glyph 36074 (\N{CJK UNIFIED IDEOGRAPH-8CEA}) missing from font(s) DejaVu Sans.
  plt.tight_layout()

2026-07-03 15:56:59,704 [WARNING] /mnt/data/SIGNATE_Agentic_RAG/EDA/EDA001/eda001.py:294: UserWarning: Glyph 21839 (\N{CJK UNIFIED IDEOGRAPH-554F}) missing from font(s) DejaVu Sans.
  plt.tight_layout()

2026-07-03 15:56:59,704 [WARNING] /mnt/data/SIGNATE_Agentic_RAG/EDA/EDA001/eda001.py:294: UserWarning: Glyph 25991 (\N{CJK UNIFIED IDEOGRAPH-6587}) missing from font(s) DejaVu Sans.
  plt.tight_layout()

2026-07-03 15:56:59,704 [WARNING] /mnt/data/SIGNATE_Agentic_RAG/EDA/EDA001/eda001.py:294: UserWarning: Glyph 12363 (\N{HIRAGANA LETTER KA}) missing from font(s) DejaVu Sans.
  plt.tight_layout()

2026-07-03 15:56:59,704 [WARNING] /mnt/data/SIGNATE_Agentic_RAG/EDA/EDA001/eda001.py:294: UserWarning: Glyph 12425 (\N{HIRAGANA LETTER RA}) missing from font(s) DejaVu Sans.
  plt.tight_layout()

2026-07-03 15:56:59,704 [WARNING] /mnt/data/SIGNATE_Agentic_RAG/EDA/EDA001/eda001.py:294: UserWarning: Glyph 25512 (\N{CJK UNIFIED IDEOGRAPH-63A8}) missing from font(s) DejaVu Sans.
  plt.tight_layout()

2026-07-03 15:56:59,705 [WARNING] /mnt/data/SIGNATE_Agentic_RAG/EDA/EDA001/eda001.py:294: UserWarning: Glyph 23450 (\N{CJK UNIFIED IDEOGRAPH-5B9A}) missing from font(s) DejaVu Sans.
  plt.tight_layout()

2026-07-03 15:56:59,705 [WARNING] /mnt/data/SIGNATE_Agentic_RAG/EDA/EDA001/eda001.py:294: UserWarning: Glyph 12375 (\N{HIRAGANA LETTER SI}) missing from font(s) DejaVu Sans.
  plt.tight_layout()

2026-07-03 15:56:59,705 [WARNING] /mnt/data/SIGNATE_Agentic_RAG/EDA/EDA001/eda001.py:294: UserWarning: Glyph 12383 (\N{HIRAGANA LETTER TA}) missing from font(s) DejaVu Sans.
  plt.tight_layout()

2026-07-03 15:56:59,705 [WARNING] /mnt/data/SIGNATE_Agentic_RAG/EDA/EDA001/eda001.py:294: UserWarning: Glyph 24517 (\N{CJK UNIFIED IDEOGRAPH-5FC5}) missing from font(s) DejaVu Sans.
  plt.tight_layout()

2026-07-03 15:56:59,705 [WARNING] /mnt/data/SIGNATE_Agentic_RAG/EDA/EDA001/eda001.py:294: UserWarning: Glyph 35201 (\N{CJK UNIFIED IDEOGRAPH-8981}) missing from font(s) DejaVu Sans.
  plt.tight_layout()

2026-07-03 15:56:59,705 [WARNING] /mnt/data/SIGNATE_Agentic_RAG/EDA/EDA001/eda001.py:294: UserWarning: Glyph 20966 (\N{CJK UNIFIED IDEOGRAPH-51E6}) missing from font(s) DejaVu Sans.
  plt.tight_layout()

2026-07-03 15:56:59,705 [WARNING] /mnt/data/SIGNATE_Agentic_RAG/EDA/EDA001/eda001.py:294: UserWarning: Glyph 29702 (\N{CJK UNIFIED IDEOGRAPH-7406}) missing from font(s) DejaVu Sans.
  plt.tight_layout()

2026-07-03 15:56:59,705 [WARNING] /mnt/data/SIGNATE_Agentic_RAG/EDA/EDA001/eda001.py:294: UserWarning: Glyph 12479 (\N{KATAKANA LETTER TA}) missing from font(s) DejaVu Sans.
  plt.tight_layout()

2026-07-03 15:56:59,706 [WARNING] /mnt/data/SIGNATE_Agentic_RAG/EDA/EDA001/eda001.py:294: UserWarning: Glyph 12452 (\N{KATAKANA LETTER I}) missing from font(s) DejaVu Sans.
  plt.tight_layout()

2026-07-03 15:56:59,706 [WARNING] /mnt/data/SIGNATE_Agentic_RAG/EDA/EDA001/eda001.py:294: UserWarning: Glyph 12503 (\N{KATAKANA LETTER PU}) missing from font(s) DejaVu Sans.
  plt.tight_layout()

2026-07-03 15:56:59,713 [WARNING] /mnt/data/SIGNATE_Agentic_RAG/EDA/EDA001/eda001.py:295: UserWarning: Glyph 30011 (\N{CJK UNIFIED IDEOGRAPH-753B}) missing from font(s) DejaVu Sans.
  plt.savefig(out_path, dpi=150)

2026-07-03 15:56:59,713 [WARNING] /mnt/data/SIGNATE_Agentic_RAG/EDA/EDA001/eda001.py:295: UserWarning: Glyph 20687 (\N{CJK UNIFIED IDEOGRAPH-50CF}) missing from font(s) DejaVu Sans.
  plt.savefig(out_path, dpi=150)

2026-07-03 15:56:59,713 [WARNING] /mnt/data/SIGNATE_Agentic_RAG/EDA/EDA001/eda001.py:295: UserWarning: Glyph 12464 (\N{KATAKANA LETTER GU}) missing from font(s) DejaVu Sans.
  plt.savefig(out_path, dpi=150)

2026-07-03 15:56:59,713 [WARNING] /mnt/data/SIGNATE_Agentic_RAG/EDA/EDA001/eda001.py:295: UserWarning: Glyph 12521 (\N{KATAKANA LETTER RA}) missing from font(s) DejaVu Sans.
  plt.savefig(out_path, dpi=150)

2026-07-03 15:56:59,713 [WARNING] /mnt/data/SIGNATE_Agentic_RAG/EDA/EDA001/eda001.py:295: UserWarning: Glyph 12501 (\N{KATAKANA LETTER HU}) missing from font(s) DejaVu Sans.
  plt.savefig(out_path, dpi=150)

2026-07-03 15:56:59,714 [WARNING] /mnt/data/SIGNATE_Agentic_RAG/EDA/EDA001/eda001.py:295: UserWarning: Glyph 24046 (\N{CJK UNIFIED IDEOGRAPH-5DEE}) missing from font(s) DejaVu Sans.
  plt.savefig(out_path, dpi=150)

2026-07-03 15:56:59,714 [WARNING] /mnt/data/SIGNATE_Agentic_RAG/EDA/EDA001/eda001.py:295: UserWarning: Glyph 20998 (\N{CJK UNIFIED IDEOGRAPH-5206}) missing from font(s) DejaVu Sans.
  plt.savefig(out_path, dpi=150)

2026-07-03 15:56:59,714 [WARNING] /mnt/data/SIGNATE_Agentic_RAG/EDA/EDA001/eda001.py:295: UserWarning: Glyph 27604 (\N{CJK UNIFIED IDEOGRAPH-6BD4}) missing from font(s) DejaVu Sans.
  plt.savefig(out_path, dpi=150)

2026-07-03 15:56:59,714 [WARNING] /mnt/data/SIGNATE_Agentic_RAG/EDA/EDA001/eda001.py:295: UserWarning: Glyph 36611 (\N{CJK UNIFIED IDEOGRAPH-8F03}) missing from font(s) DejaVu Sans.
  plt.savefig(out_path, dpi=150)

2026-07-03 15:56:59,714 [WARNING] /mnt/data/SIGNATE_Agentic_RAG/EDA/EDA001/eda001.py:295: UserWarning: Glyph 31038 (\N{CJK UNIFIED IDEOGRAPH-793E}) missing from font(s) DejaVu Sans.
  plt.savefig(out_path, dpi=150)

2026-07-03 15:56:59,714 [WARNING] /mnt/data/SIGNATE_Agentic_RAG/EDA/EDA001/eda001.py:295: UserWarning: Glyph 20869 (\N{CJK UNIFIED IDEOGRAPH-5185}) missing from font(s) DejaVu Sans.
  plt.savefig(out_path, dpi=150)

2026-07-03 15:56:59,714 [WARNING] /mnt/data/SIGNATE_Agentic_RAG/EDA/EDA001/eda001.py:295: UserWarning: Glyph 29992 (\N{CJK UNIFIED IDEOGRAPH-7528}) missing from font(s) DejaVu Sans.
  plt.savefig(out_path, dpi=150)

2026-07-03 15:56:59,715 [WARNING] /mnt/data/SIGNATE_Agentic_RAG/EDA/EDA001/eda001.py:295: UserWarning: Glyph 35486 (\N{CJK UNIFIED IDEOGRAPH-8A9E}) missing from font(s) DejaVu Sans.
  plt.savefig(out_path, dpi=150)

2026-07-03 15:56:59,715 [WARNING] /mnt/data/SIGNATE_Agentic_RAG/EDA/EDA001/eda001.py:295: UserWarning: Glyph 20250 (\N{CJK UNIFIED IDEOGRAPH-4F1A}) missing from font(s) DejaVu Sans.
  plt.savefig(out_path, dpi=150)

2026-07-03 15:56:59,715 [WARNING] /mnt/data/SIGNATE_Agentic_RAG/EDA/EDA001/eda001.py:295: UserWarning: Glyph 35696 (\N{CJK UNIFIED IDEOGRAPH-8B70}) missing from font(s) DejaVu Sans.
  plt.savefig(out_path, dpi=150)

2026-07-03 15:56:59,715 [WARNING] /mnt/data/SIGNATE_Agentic_RAG/EDA/EDA001/eda001.py:295: UserWarning: Glyph 37682 (\N{CJK UNIFIED IDEOGRAPH-9332}) missing from font(s) DejaVu Sans.
  plt.savefig(out_path, dpi=150)

2026-07-03 15:56:59,715 [WARNING] /mnt/data/SIGNATE_Agentic_RAG/EDA/EDA001/eda001.py:295: UserWarning: Glyph 12467 (\N{KATAKANA LETTER KO}) missing from font(s) DejaVu Sans.
  plt.savefig(out_path, dpi=150)

2026-07-03 15:56:59,716 [WARNING] /mnt/data/SIGNATE_Agentic_RAG/EDA/EDA001/eda001.py:295: UserWarning: Glyph 12540 (\N{KATAKANA-HIRAGANA PROLONGED SOUND MARK}) missing from font(s) DejaVu Sans.
  plt.savefig(out_path, dpi=150)

2026-07-03 15:56:59,716 [WARNING] /mnt/data/SIGNATE_Agentic_RAG/EDA/EDA001/eda001.py:295: UserWarning: Glyph 12489 (\N{KATAKANA LETTER DO}) missing from font(s) DejaVu Sans.
  plt.savefig(out_path, dpi=150)

2026-07-03 15:56:59,716 [WARNING] /mnt/data/SIGNATE_Agentic_RAG/EDA/EDA001/eda001.py:295: UserWarning: Glyph 35373 (\N{CJK UNIFIED IDEOGRAPH-8A2D}) missing from font(s) DejaVu Sans.
  plt.savefig(out_path, dpi=150)

2026-07-03 15:56:59,717 [WARNING] /mnt/data/SIGNATE_Agentic_RAG/EDA/EDA001/eda001.py:295: UserWarning: Glyph 23450 (\N{CJK UNIFIED IDEOGRAPH-5B9A}) missing from font(s) DejaVu Sans.
  plt.savefig(out_path, dpi=150)

2026-07-03 15:56:59,717 [WARNING] /mnt/data/SIGNATE_Agentic_RAG/EDA/EDA001/eda001.py:295: UserWarning: Glyph 26085 (\N{CJK UNIFIED IDEOGRAPH-65E5}) missing from font(s) DejaVu Sans.
  plt.savefig(out_path, dpi=150)

2026-07-03 15:56:59,717 [WARNING] /mnt/data/SIGNATE_Agentic_RAG/EDA/EDA001/eda001.py:295: UserWarning: Glyph 20184 (\N{CJK UNIFIED IDEOGRAPH-4ED8}) missing from font(s) DejaVu Sans.
  plt.savefig(out_path, dpi=150)

2026-07-03 15:56:59,717 [WARNING] /mnt/data/SIGNATE_Agentic_RAG/EDA/EDA001/eda001.py:295: UserWarning: Glyph 26399 (\N{CJK UNIFIED IDEOGRAPH-671F}) missing from font(s) DejaVu Sans.
  plt.savefig(out_path, dpi=150)

2026-07-03 15:56:59,717 [WARNING] /mnt/data/SIGNATE_Agentic_RAG/EDA/EDA001/eda001.py:295: UserWarning: Glyph 38291 (\N{CJK UNIFIED IDEOGRAPH-9593}) missing from font(s) DejaVu Sans.
  plt.savefig(out_path, dpi=150)

2026-07-03 15:56:59,718 [WARNING] /mnt/data/SIGNATE_Agentic_RAG/EDA/EDA001/eda001.py:295: UserWarning: Glyph 26360 (\N{CJK UNIFIED IDEOGRAPH-66F8}) missing from font(s) DejaVu Sans.
  plt.savefig(out_path, dpi=150)

2026-07-03 15:56:59,718 [WARNING] /mnt/data/SIGNATE_Agentic_RAG/EDA/EDA001/eda001.py:295: UserWarning: Glyph 24335 (\N{CJK UNIFIED IDEOGRAPH-5F0F}) missing from font(s) DejaVu Sans.
  plt.savefig(out_path, dpi=150)

2026-07-03 15:56:59,718 [WARNING] /mnt/data/SIGNATE_Agentic_RAG/EDA/EDA001/eda001.py:295: UserWarning: Glyph 37329 (\N{CJK UNIFIED IDEOGRAPH-91D1}) missing from font(s) DejaVu Sans.
  plt.savefig(out_path, dpi=150)

2026-07-03 15:56:59,718 [WARNING] /mnt/data/SIGNATE_Agentic_RAG/EDA/EDA001/eda001.py:295: UserWarning: Glyph 38989 (\N{CJK UNIFIED IDEOGRAPH-984D}) missing from font(s) DejaVu Sans.
  plt.savefig(out_path, dpi=150)

2026-07-03 15:56:59,719 [WARNING] /mnt/data/SIGNATE_Agentic_RAG/EDA/EDA001/eda001.py:295: UserWarning: Glyph 35336 (\N{CJK UNIFIED IDEOGRAPH-8A08}) missing from font(s) DejaVu Sans.
  plt.savefig(out_path, dpi=150)

2026-07-03 15:56:59,719 [WARNING] /mnt/data/SIGNATE_Agentic_RAG/EDA/EDA001/eda001.py:295: UserWarning: Glyph 31639 (\N{CJK UNIFIED IDEOGRAPH-7B97}) missing from font(s) DejaVu Sans.
  plt.savefig(out_path, dpi=150)

2026-07-03 15:56:59,719 [WARNING] /mnt/data/SIGNATE_Agentic_RAG/EDA/EDA001/eda001.py:295: UserWarning: Glyph 34920 (\N{CJK UNIFIED IDEOGRAPH-8868}) missing from font(s) DejaVu Sans.
  plt.savefig(out_path, dpi=150)

2026-07-03 15:56:59,721 [WARNING] /mnt/data/SIGNATE_Agentic_RAG/EDA/EDA001/eda001.py:295: UserWarning: Glyph 36074 (\N{CJK UNIFIED IDEOGRAPH-8CEA}) missing from font(s) DejaVu Sans.
  plt.savefig(out_path, dpi=150)

2026-07-03 15:56:59,721 [WARNING] /mnt/data/SIGNATE_Agentic_RAG/EDA/EDA001/eda001.py:295: UserWarning: Glyph 21839 (\N{CJK UNIFIED IDEOGRAPH-554F}) missing from font(s) DejaVu Sans.
  plt.savefig(out_path, dpi=150)

2026-07-03 15:56:59,722 [WARNING] /mnt/data/SIGNATE_Agentic_RAG/EDA/EDA001/eda001.py:295: UserWarning: Glyph 25991 (\N{CJK UNIFIED IDEOGRAPH-6587}) missing from font(s) DejaVu Sans.
  plt.savefig(out_path, dpi=150)

2026-07-03 15:56:59,722 [WARNING] /mnt/data/SIGNATE_Agentic_RAG/EDA/EDA001/eda001.py:295: UserWarning: Glyph 12363 (\N{HIRAGANA LETTER KA}) missing from font(s) DejaVu Sans.
  plt.savefig(out_path, dpi=150)

2026-07-03 15:56:59,722 [WARNING] /mnt/data/SIGNATE_Agentic_RAG/EDA/EDA001/eda001.py:295: UserWarning: Glyph 12425 (\N{HIRAGANA LETTER RA}) missing from font(s) DejaVu Sans.
  plt.savefig(out_path, dpi=150)

2026-07-03 15:56:59,722 [WARNING] /mnt/data/SIGNATE_Agentic_RAG/EDA/EDA001/eda001.py:295: UserWarning: Glyph 25512 (\N{CJK UNIFIED IDEOGRAPH-63A8}) missing from font(s) DejaVu Sans.
  plt.savefig(out_path, dpi=150)

2026-07-03 15:56:59,722 [WARNING] /mnt/data/SIGNATE_Agentic_RAG/EDA/EDA001/eda001.py:295: UserWarning: Glyph 23450 (\N{CJK UNIFIED IDEOGRAPH-5B9A}) missing from font(s) DejaVu Sans.
  plt.savefig(out_path, dpi=150)

2026-07-03 15:56:59,722 [WARNING] /mnt/data/SIGNATE_Agentic_RAG/EDA/EDA001/eda001.py:295: UserWarning: Glyph 12375 (\N{HIRAGANA LETTER SI}) missing from font(s) DejaVu Sans.
  plt.savefig(out_path, dpi=150)

2026-07-03 15:56:59,722 [WARNING] /mnt/data/SIGNATE_Agentic_RAG/EDA/EDA001/eda001.py:295: UserWarning: Glyph 12383 (\N{HIRAGANA LETTER TA}) missing from font(s) DejaVu Sans.
  plt.savefig(out_path, dpi=150)

2026-07-03 15:56:59,722 [WARNING] /mnt/data/SIGNATE_Agentic_RAG/EDA/EDA001/eda001.py:295: UserWarning: Glyph 24517 (\N{CJK UNIFIED IDEOGRAPH-5FC5}) missing from font(s) DejaVu Sans.
  plt.savefig(out_path, dpi=150)

2026-07-03 15:56:59,722 [WARNING] /mnt/data/SIGNATE_Agentic_RAG/EDA/EDA001/eda001.py:295: UserWarning: Glyph 35201 (\N{CJK UNIFIED IDEOGRAPH-8981}) missing from font(s) DejaVu Sans.
  plt.savefig(out_path, dpi=150)

2026-07-03 15:56:59,722 [WARNING] /mnt/data/SIGNATE_Agentic_RAG/EDA/EDA001/eda001.py:295: UserWarning: Glyph 20966 (\N{CJK UNIFIED IDEOGRAPH-51E6}) missing from font(s) DejaVu Sans.
  plt.savefig(out_path, dpi=150)

2026-07-03 15:56:59,722 [WARNING] /mnt/data/SIGNATE_Agentic_RAG/EDA/EDA001/eda001.py:295: UserWarning: Glyph 29702 (\N{CJK UNIFIED IDEOGRAPH-7406}) missing from font(s) DejaVu Sans.
  plt.savefig(out_path, dpi=150)

2026-07-03 15:56:59,723 [WARNING] /mnt/data/SIGNATE_Agentic_RAG/EDA/EDA001/eda001.py:295: UserWarning: Glyph 12479 (\N{KATAKANA LETTER TA}) missing from font(s) DejaVu Sans.
  plt.savefig(out_path, dpi=150)

2026-07-03 15:56:59,723 [WARNING] /mnt/data/SIGNATE_Agentic_RAG/EDA/EDA001/eda001.py:295: UserWarning: Glyph 12452 (\N{KATAKANA LETTER I}) missing from font(s) DejaVu Sans.
  plt.savefig(out_path, dpi=150)

2026-07-03 15:56:59,723 [WARNING] /mnt/data/SIGNATE_Agentic_RAG/EDA/EDA001/eda001.py:295: UserWarning: Glyph 12503 (\N{KATAKANA LETTER PU}) missing from font(s) DejaVu Sans.
  plt.savefig(out_path, dpi=150)

2026-07-03 15:56:59,743 [WARNING] /mnt/data/SIGNATE_Agentic_RAG/EDA/EDA001/eda001.py:295: UserWarning: Glyph 30011 (\N{CJK UNIFIED IDEOGRAPH-753B}) missing from font(s) DejaVu Sans.
  plt.savefig(out_path, dpi=150)

2026-07-03 15:56:59,744 [WARNING] /mnt/data/SIGNATE_Agentic_RAG/EDA/EDA001/eda001.py:295: UserWarning: Glyph 20687 (\N{CJK UNIFIED IDEOGRAPH-50CF}) missing from font(s) DejaVu Sans.
  plt.savefig(out_path, dpi=150)

2026-07-03 15:56:59,744 [WARNING] /mnt/data/SIGNATE_Agentic_RAG/EDA/EDA001/eda001.py:295: UserWarning: Glyph 12464 (\N{KATAKANA LETTER GU}) missing from font(s) DejaVu Sans.
  plt.savefig(out_path, dpi=150)

2026-07-03 15:56:59,744 [WARNING] /mnt/data/SIGNATE_Agentic_RAG/EDA/EDA001/eda001.py:295: UserWarning: Glyph 12521 (\N{KATAKANA LETTER RA}) missing from font(s) DejaVu Sans.
  plt.savefig(out_path, dpi=150)

2026-07-03 15:56:59,745 [WARNING] /mnt/data/SIGNATE_Agentic_RAG/EDA/EDA001/eda001.py:295: UserWarning: Glyph 12501 (\N{KATAKANA LETTER HU}) missing from font(s) DejaVu Sans.
  plt.savefig(out_path, dpi=150)

2026-07-03 15:56:59,745 [WARNING] /mnt/data/SIGNATE_Agentic_RAG/EDA/EDA001/eda001.py:295: UserWarning: Glyph 24046 (\N{CJK UNIFIED IDEOGRAPH-5DEE}) missing from font(s) DejaVu Sans.
  plt.savefig(out_path, dpi=150)

2026-07-03 15:56:59,746 [WARNING] /mnt/data/SIGNATE_Agentic_RAG/EDA/EDA001/eda001.py:295: UserWarning: Glyph 20998 (\N{CJK UNIFIED IDEOGRAPH-5206}) missing from font(s) DejaVu Sans.
  plt.savefig(out_path, dpi=150)

2026-07-03 15:56:59,746 [WARNING] /mnt/data/SIGNATE_Agentic_RAG/EDA/EDA001/eda001.py:295: UserWarning: Glyph 27604 (\N{CJK UNIFIED IDEOGRAPH-6BD4}) missing from font(s) DejaVu Sans.
  plt.savefig(out_path, dpi=150)

2026-07-03 15:56:59,746 [WARNING] /mnt/data/SIGNATE_Agentic_RAG/EDA/EDA001/eda001.py:295: UserWarning: Glyph 36611 (\N{CJK UNIFIED IDEOGRAPH-8F03}) missing from font(s) DejaVu Sans.
  plt.savefig(out_path, dpi=150)

2026-07-03 15:56:59,746 [WARNING] /mnt/data/SIGNATE_Agentic_RAG/EDA/EDA001/eda001.py:295: UserWarning: Glyph 31038 (\N{CJK UNIFIED IDEOGRAPH-793E}) missing from font(s) DejaVu Sans.
  plt.savefig(out_path, dpi=150)

2026-07-03 15:56:59,746 [WARNING] /mnt/data/SIGNATE_Agentic_RAG/EDA/EDA001/eda001.py:295: UserWarning: Glyph 20869 (\N{CJK UNIFIED IDEOGRAPH-5185}) missing from font(s) DejaVu Sans.
  plt.savefig(out_path, dpi=150)

2026-07-03 15:56:59,747 [WARNING] /mnt/data/SIGNATE_Agentic_RAG/EDA/EDA001/eda001.py:295: UserWarning: Glyph 29992 (\N{CJK UNIFIED IDEOGRAPH-7528}) missing from font(s) DejaVu Sans.
  plt.savefig(out_path, dpi=150)

2026-07-03 15:56:59,747 [WARNING] /mnt/data/SIGNATE_Agentic_RAG/EDA/EDA001/eda001.py:295: UserWarning: Glyph 35486 (\N{CJK UNIFIED IDEOGRAPH-8A9E}) missing from font(s) DejaVu Sans.
  plt.savefig(out_path, dpi=150)

2026-07-03 15:56:59,747 [WARNING] /mnt/data/SIGNATE_Agentic_RAG/EDA/EDA001/eda001.py:295: UserWarning: Glyph 20250 (\N{CJK UNIFIED IDEOGRAPH-4F1A}) missing from font(s) DejaVu Sans.
  plt.savefig(out_path, dpi=150)

2026-07-03 15:56:59,747 [WARNING] /mnt/data/SIGNATE_Agentic_RAG/EDA/EDA001/eda001.py:295: UserWarning: Glyph 35696 (\N{CJK UNIFIED IDEOGRAPH-8B70}) missing from font(s) DejaVu Sans.
  plt.savefig(out_path, dpi=150)

2026-07-03 15:56:59,748 [WARNING] /mnt/data/SIGNATE_Agentic_RAG/EDA/EDA001/eda001.py:295: UserWarning: Glyph 37682 (\N{CJK UNIFIED IDEOGRAPH-9332}) missing from font(s) DejaVu Sans.
  plt.savefig(out_path, dpi=150)

2026-07-03 15:56:59,748 [WARNING] /mnt/data/SIGNATE_Agentic_RAG/EDA/EDA001/eda001.py:295: UserWarning: Glyph 12467 (\N{KATAKANA LETTER KO}) missing from font(s) DejaVu Sans.
  plt.savefig(out_path, dpi=150)

2026-07-03 15:56:59,748 [WARNING] /mnt/data/SIGNATE_Agentic_RAG/EDA/EDA001/eda001.py:295: UserWarning: Glyph 12540 (\N{KATAKANA-HIRAGANA PROLONGED SOUND MARK}) missing from font(s) DejaVu Sans.
  plt.savefig(out_path, dpi=150)

2026-07-03 15:56:59,748 [WARNING] /mnt/data/SIGNATE_Agentic_RAG/EDA/EDA001/eda001.py:295: UserWarning: Glyph 12489 (\N{KATAKANA LETTER DO}) missing from font(s) DejaVu Sans.
  plt.savefig(out_path, dpi=150)

2026-07-03 15:56:59,750 [WARNING] /mnt/data/SIGNATE_Agentic_RAG/EDA/EDA001/eda001.py:295: UserWarning: Glyph 35373 (\N{CJK UNIFIED IDEOGRAPH-8A2D}) missing from font(s) DejaVu Sans.
  plt.savefig(out_path, dpi=150)

2026-07-03 15:56:59,750 [WARNING] /mnt/data/SIGNATE_Agentic_RAG/EDA/EDA001/eda001.py:295: UserWarning: Glyph 23450 (\N{CJK UNIFIED IDEOGRAPH-5B9A}) missing from font(s) DejaVu Sans.
  plt.savefig(out_path, dpi=150)

2026-07-03 15:56:59,750 [WARNING] /mnt/data/SIGNATE_Agentic_RAG/EDA/EDA001/eda001.py:295: UserWarning: Glyph 26085 (\N{CJK UNIFIED IDEOGRAPH-65E5}) missing from font(s) DejaVu Sans.
  plt.savefig(out_path, dpi=150)

2026-07-03 15:56:59,750 [WARNING] /mnt/data/SIGNATE_Agentic_RAG/EDA/EDA001/eda001.py:295: UserWarning: Glyph 20184 (\N{CJK UNIFIED IDEOGRAPH-4ED8}) missing from font(s) DejaVu Sans.
  plt.savefig(out_path, dpi=150)

2026-07-03 15:56:59,751 [WARNING] /mnt/data/SIGNATE_Agentic_RAG/EDA/EDA001/eda001.py:295: UserWarning: Glyph 26399 (\N{CJK UNIFIED IDEOGRAPH-671F}) missing from font(s) DejaVu Sans.
  plt.savefig(out_path, dpi=150)

2026-07-03 15:56:59,751 [WARNING] /mnt/data/SIGNATE_Agentic_RAG/EDA/EDA001/eda001.py:295: UserWarning: Glyph 38291 (\N{CJK UNIFIED IDEOGRAPH-9593}) missing from font(s) DejaVu Sans.
  plt.savefig(out_path, dpi=150)

2026-07-03 15:56:59,751 [WARNING] /mnt/data/SIGNATE_Agentic_RAG/EDA/EDA001/eda001.py:295: UserWarning: Glyph 26360 (\N{CJK UNIFIED IDEOGRAPH-66F8}) missing from font(s) DejaVu Sans.
  plt.savefig(out_path, dpi=150)

2026-07-03 15:56:59,752 [WARNING] /mnt/data/SIGNATE_Agentic_RAG/EDA/EDA001/eda001.py:295: UserWarning: Glyph 24335 (\N{CJK UNIFIED IDEOGRAPH-5F0F}) missing from font(s) DejaVu Sans.
  plt.savefig(out_path, dpi=150)

2026-07-03 15:56:59,752 [WARNING] /mnt/data/SIGNATE_Agentic_RAG/EDA/EDA001/eda001.py:295: UserWarning: Glyph 37329 (\N{CJK UNIFIED IDEOGRAPH-91D1}) missing from font(s) DejaVu Sans.
  plt.savefig(out_path, dpi=150)

2026-07-03 15:56:59,752 [WARNING] /mnt/data/SIGNATE_Agentic_RAG/EDA/EDA001/eda001.py:295: UserWarning: Glyph 38989 (\N{CJK UNIFIED IDEOGRAPH-984D}) missing from font(s) DejaVu Sans.
  plt.savefig(out_path, dpi=150)

2026-07-03 15:56:59,752 [WARNING] /mnt/data/SIGNATE_Agentic_RAG/EDA/EDA001/eda001.py:295: UserWarning: Glyph 35336 (\N{CJK UNIFIED IDEOGRAPH-8A08}) missing from font(s) DejaVu Sans.
  plt.savefig(out_path, dpi=150)

2026-07-03 15:56:59,752 [WARNING] /mnt/data/SIGNATE_Agentic_RAG/EDA/EDA001/eda001.py:295: UserWarning: Glyph 31639 (\N{CJK UNIFIED IDEOGRAPH-7B97}) missing from font(s) DejaVu Sans.
  plt.savefig(out_path, dpi=150)

2026-07-03 15:56:59,753 [WARNING] /mnt/data/SIGNATE_Agentic_RAG/EDA/EDA001/eda001.py:295: UserWarning: Glyph 34920 (\N{CJK UNIFIED IDEOGRAPH-8868}) missing from font(s) DejaVu Sans.
  plt.savefig(out_path, dpi=150)

2026-07-03 15:56:59,756 [WARNING] /mnt/data/SIGNATE_Agentic_RAG/EDA/EDA001/eda001.py:295: UserWarning: Glyph 36074 (\N{CJK UNIFIED IDEOGRAPH-8CEA}) missing from font(s) DejaVu Sans.
  plt.savefig(out_path, dpi=150)

2026-07-03 15:56:59,756 [WARNING] /mnt/data/SIGNATE_Agentic_RAG/EDA/EDA001/eda001.py:295: UserWarning: Glyph 21839 (\N{CJK UNIFIED IDEOGRAPH-554F}) missing from font(s) DejaVu Sans.
  plt.savefig(out_path, dpi=150)

2026-07-03 15:56:59,756 [WARNING] /mnt/data/SIGNATE_Agentic_RAG/EDA/EDA001/eda001.py:295: UserWarning: Glyph 25991 (\N{CJK UNIFIED IDEOGRAPH-6587}) missing from font(s) DejaVu Sans.
  plt.savefig(out_path, dpi=150)

2026-07-03 15:56:59,756 [WARNING] /mnt/data/SIGNATE_Agentic_RAG/EDA/EDA001/eda001.py:295: UserWarning: Glyph 12363 (\N{HIRAGANA LETTER KA}) missing from font(s) DejaVu Sans.
  plt.savefig(out_path, dpi=150)

2026-07-03 15:56:59,756 [WARNING] /mnt/data/SIGNATE_Agentic_RAG/EDA/EDA001/eda001.py:295: UserWarning: Glyph 12425 (\N{HIRAGANA LETTER RA}) missing from font(s) DejaVu Sans.
  plt.savefig(out_path, dpi=150)

2026-07-03 15:56:59,756 [WARNING] /mnt/data/SIGNATE_Agentic_RAG/EDA/EDA001/eda001.py:295: UserWarning: Glyph 25512 (\N{CJK UNIFIED IDEOGRAPH-63A8}) missing from font(s) DejaVu Sans.
  plt.savefig(out_path, dpi=150)

2026-07-03 15:56:59,756 [WARNING] /mnt/data/SIGNATE_Agentic_RAG/EDA/EDA001/eda001.py:295: UserWarning: Glyph 23450 (\N{CJK UNIFIED IDEOGRAPH-5B9A}) missing from font(s) DejaVu Sans.
  plt.savefig(out_path, dpi=150)

2026-07-03 15:56:59,756 [WARNING] /mnt/data/SIGNATE_Agentic_RAG/EDA/EDA001/eda001.py:295: UserWarning: Glyph 12375 (\N{HIRAGANA LETTER SI}) missing from font(s) DejaVu Sans.
  plt.savefig(out_path, dpi=150)

2026-07-03 15:56:59,757 [WARNING] /mnt/data/SIGNATE_Agentic_RAG/EDA/EDA001/eda001.py:295: UserWarning: Glyph 12383 (\N{HIRAGANA LETTER TA}) missing from font(s) DejaVu Sans.
  plt.savefig(out_path, dpi=150)

2026-07-03 15:56:59,757 [WARNING] /mnt/data/SIGNATE_Agentic_RAG/EDA/EDA001/eda001.py:295: UserWarning: Glyph 24517 (\N{CJK UNIFIED IDEOGRAPH-5FC5}) missing from font(s) DejaVu Sans.
  plt.savefig(out_path, dpi=150)

2026-07-03 15:56:59,757 [WARNING] /mnt/data/SIGNATE_Agentic_RAG/EDA/EDA001/eda001.py:295: UserWarning: Glyph 35201 (\N{CJK UNIFIED IDEOGRAPH-8981}) missing from font(s) DejaVu Sans.
  plt.savefig(out_path, dpi=150)

2026-07-03 15:56:59,757 [WARNING] /mnt/data/SIGNATE_Agentic_RAG/EDA/EDA001/eda001.py:295: UserWarning: Glyph 20966 (\N{CJK UNIFIED IDEOGRAPH-51E6}) missing from font(s) DejaVu Sans.
  plt.savefig(out_path, dpi=150)

2026-07-03 15:56:59,757 [WARNING] /mnt/data/SIGNATE_Agentic_RAG/EDA/EDA001/eda001.py:295: UserWarning: Glyph 29702 (\N{CJK UNIFIED IDEOGRAPH-7406}) missing from font(s) DejaVu Sans.
  plt.savefig(out_path, dpi=150)

2026-07-03 15:56:59,757 [WARNING] /mnt/data/SIGNATE_Agentic_RAG/EDA/EDA001/eda001.py:295: UserWarning: Glyph 12479 (\N{KATAKANA LETTER TA}) missing from font(s) DejaVu Sans.
  plt.savefig(out_path, dpi=150)

2026-07-03 15:56:59,757 [WARNING] /mnt/data/SIGNATE_Agentic_RAG/EDA/EDA001/eda001.py:295: UserWarning: Glyph 12452 (\N{KATAKANA LETTER I}) missing from font(s) DejaVu Sans.
  plt.savefig(out_path, dpi=150)

2026-07-03 15:56:59,757 [WARNING] /mnt/data/SIGNATE_Agentic_RAG/EDA/EDA001/eda001.py:295: UserWarning: Glyph 12503 (\N{KATAKANA LETTER PU}) missing from font(s) DejaVu Sans.
  plt.savefig(out_path, dpi=150)

2026-07-03 15:56:59,783 [WARNING] /mnt/data/SIGNATE_Agentic_RAG/EDA/EDA001/eda001.py:295: UserWarning: Glyph 30011 (\N{CJK UNIFIED IDEOGRAPH-753B}) missing from font(s) DejaVu Sans.
  plt.savefig(out_path, dpi=150)

2026-07-03 15:56:59,783 [WARNING] /mnt/data/SIGNATE_Agentic_RAG/EDA/EDA001/eda001.py:295: UserWarning: Glyph 20687 (\N{CJK UNIFIED IDEOGRAPH-50CF}) missing from font(s) DejaVu Sans.
  plt.savefig(out_path, dpi=150)

2026-07-03 15:56:59,783 [WARNING] /mnt/data/SIGNATE_Agentic_RAG/EDA/EDA001/eda001.py:295: UserWarning: Glyph 12464 (\N{KATAKANA LETTER GU}) missing from font(s) DejaVu Sans.
  plt.savefig(out_path, dpi=150)

2026-07-03 15:56:59,784 [WARNING] /mnt/data/SIGNATE_Agentic_RAG/EDA/EDA001/eda001.py:295: UserWarning: Glyph 12521 (\N{KATAKANA LETTER RA}) missing from font(s) DejaVu Sans.
  plt.savefig(out_path, dpi=150)

2026-07-03 15:56:59,784 [WARNING] /mnt/data/SIGNATE_Agentic_RAG/EDA/EDA001/eda001.py:295: UserWarning: Glyph 12501 (\N{KATAKANA LETTER HU}) missing from font(s) DejaVu Sans.
  plt.savefig(out_path, dpi=150)

2026-07-03 15:56:59,784 [WARNING] /mnt/data/SIGNATE_Agentic_RAG/EDA/EDA001/eda001.py:295: UserWarning: Glyph 24046 (\N{CJK UNIFIED IDEOGRAPH-5DEE}) missing from font(s) DejaVu Sans.
  plt.savefig(out_path, dpi=150)

2026-07-03 15:56:59,785 [WARNING] /mnt/data/SIGNATE_Agentic_RAG/EDA/EDA001/eda001.py:295: UserWarning: Glyph 20998 (\N{CJK UNIFIED IDEOGRAPH-5206}) missing from font(s) DejaVu Sans.
  plt.savefig(out_path, dpi=150)

2026-07-03 15:56:59,785 [WARNING] /mnt/data/SIGNATE_Agentic_RAG/EDA/EDA001/eda001.py:295: UserWarning: Glyph 27604 (\N{CJK UNIFIED IDEOGRAPH-6BD4}) missing from font(s) DejaVu Sans.
  plt.savefig(out_path, dpi=150)

2026-07-03 15:56:59,785 [WARNING] /mnt/data/SIGNATE_Agentic_RAG/EDA/EDA001/eda001.py:295: UserWarning: Glyph 36611 (\N{CJK UNIFIED IDEOGRAPH-8F03}) missing from font(s) DejaVu Sans.
  plt.savefig(out_path, dpi=150)

2026-07-03 15:56:59,786 [WARNING] /mnt/data/SIGNATE_Agentic_RAG/EDA/EDA001/eda001.py:295: UserWarning: Glyph 31038 (\N{CJK UNIFIED IDEOGRAPH-793E}) missing from font(s) DejaVu Sans.
  plt.savefig(out_path, dpi=150)

2026-07-03 15:56:59,786 [WARNING] /mnt/data/SIGNATE_Agentic_RAG/EDA/EDA001/eda001.py:295: UserWarning: Glyph 20869 (\N{CJK UNIFIED IDEOGRAPH-5185}) missing from font(s) DejaVu Sans.
  plt.savefig(out_path, dpi=150)

2026-07-03 15:56:59,786 [WARNING] /mnt/data/SIGNATE_Agentic_RAG/EDA/EDA001/eda001.py:295: UserWarning: Glyph 29992 (\N{CJK UNIFIED IDEOGRAPH-7528}) missing from font(s) DejaVu Sans.
  plt.savefig(out_path, dpi=150)

2026-07-03 15:56:59,786 [WARNING] /mnt/data/SIGNATE_Agentic_RAG/EDA/EDA001/eda001.py:295: UserWarning: Glyph 35486 (\N{CJK UNIFIED IDEOGRAPH-8A9E}) missing from font(s) DejaVu Sans.
  plt.savefig(out_path, dpi=150)

2026-07-03 15:56:59,787 [WARNING] /mnt/data/SIGNATE_Agentic_RAG/EDA/EDA001/eda001.py:295: UserWarning: Glyph 20250 (\N{CJK UNIFIED IDEOGRAPH-4F1A}) missing from font(s) DejaVu Sans.
  plt.savefig(out_path, dpi=150)

2026-07-03 15:56:59,787 [WARNING] /mnt/data/SIGNATE_Agentic_RAG/EDA/EDA001/eda001.py:295: UserWarning: Glyph 35696 (\N{CJK UNIFIED IDEOGRAPH-8B70}) missing from font(s) DejaVu Sans.
  plt.savefig(out_path, dpi=150)

2026-07-03 15:56:59,787 [WARNING] /mnt/data/SIGNATE_Agentic_RAG/EDA/EDA001/eda001.py:295: UserWarning: Glyph 37682 (\N{CJK UNIFIED IDEOGRAPH-9332}) missing from font(s) DejaVu Sans.
  plt.savefig(out_path, dpi=150)

2026-07-03 15:56:59,788 [WARNING] /mnt/data/SIGNATE_Agentic_RAG/EDA/EDA001/eda001.py:295: UserWarning: Glyph 12467 (\N{KATAKANA LETTER KO}) missing from font(s) DejaVu Sans.
  plt.savefig(out_path, dpi=150)

2026-07-03 15:56:59,788 [WARNING] /mnt/data/SIGNATE_Agentic_RAG/EDA/EDA001/eda001.py:295: UserWarning: Glyph 12540 (\N{KATAKANA-HIRAGANA PROLONGED SOUND MARK}) missing from font(s) DejaVu Sans.
  plt.savefig(out_path, dpi=150)

2026-07-03 15:56:59,788 [WARNING] /mnt/data/SIGNATE_Agentic_RAG/EDA/EDA001/eda001.py:295: UserWarning: Glyph 12489 (\N{KATAKANA LETTER DO}) missing from font(s) DejaVu Sans.
  plt.savefig(out_path, dpi=150)

2026-07-03 15:56:59,788 [WARNING] /mnt/data/SIGNATE_Agentic_RAG/EDA/EDA001/eda001.py:295: UserWarning: Glyph 35373 (\N{CJK UNIFIED IDEOGRAPH-8A2D}) missing from font(s) DejaVu Sans.
  plt.savefig(out_path, dpi=150)

2026-07-03 15:56:59,789 [WARNING] /mnt/data/SIGNATE_Agentic_RAG/EDA/EDA001/eda001.py:295: UserWarning: Glyph 23450 (\N{CJK UNIFIED IDEOGRAPH-5B9A}) missing from font(s) DejaVu Sans.
  plt.savefig(out_path, dpi=150)

2026-07-03 15:56:59,789 [WARNING] /mnt/data/SIGNATE_Agentic_RAG/EDA/EDA001/eda001.py:295: UserWarning: Glyph 26085 (\N{CJK UNIFIED IDEOGRAPH-65E5}) missing from font(s) DejaVu Sans.
  plt.savefig(out_path, dpi=150)

2026-07-03 15:56:59,789 [WARNING] /mnt/data/SIGNATE_Agentic_RAG/EDA/EDA001/eda001.py:295: UserWarning: Glyph 20184 (\N{CJK UNIFIED IDEOGRAPH-4ED8}) missing from font(s) DejaVu Sans.
  plt.savefig(out_path, dpi=150)

2026-07-03 15:56:59,789 [WARNING] /mnt/data/SIGNATE_Agentic_RAG/EDA/EDA001/eda001.py:295: UserWarning: Glyph 26399 (\N{CJK UNIFIED IDEOGRAPH-671F}) missing from font(s) DejaVu Sans.
  plt.savefig(out_path, dpi=150)

2026-07-03 15:56:59,789 [WARNING] /mnt/data/SIGNATE_Agentic_RAG/EDA/EDA001/eda001.py:295: UserWarning: Glyph 38291 (\N{CJK UNIFIED IDEOGRAPH-9593}) missing from font(s) DejaVu Sans.
  plt.savefig(out_path, dpi=150)

2026-07-03 15:56:59,790 [WARNING] /mnt/data/SIGNATE_Agentic_RAG/EDA/EDA001/eda001.py:295: UserWarning: Glyph 26360 (\N{CJK UNIFIED IDEOGRAPH-66F8}) missing from font(s) DejaVu Sans.
  plt.savefig(out_path, dpi=150)

2026-07-03 15:56:59,790 [WARNING] /mnt/data/SIGNATE_Agentic_RAG/EDA/EDA001/eda001.py:295: UserWarning: Glyph 24335 (\N{CJK UNIFIED IDEOGRAPH-5F0F}) missing from font(s) DejaVu Sans.
  plt.savefig(out_path, dpi=150)

2026-07-03 15:56:59,791 [WARNING] /mnt/data/SIGNATE_Agentic_RAG/EDA/EDA001/eda001.py:295: UserWarning: Glyph 37329 (\N{CJK UNIFIED IDEOGRAPH-91D1}) missing from font(s) DejaVu Sans.
  plt.savefig(out_path, dpi=150)

2026-07-03 15:56:59,791 [WARNING] /mnt/data/SIGNATE_Agentic_RAG/EDA/EDA001/eda001.py:295: UserWarning: Glyph 38989 (\N{CJK UNIFIED IDEOGRAPH-984D}) missing from font(s) DejaVu Sans.
  plt.savefig(out_path, dpi=150)

2026-07-03 15:56:59,791 [WARNING] /mnt/data/SIGNATE_Agentic_RAG/EDA/EDA001/eda001.py:295: UserWarning: Glyph 35336 (\N{CJK UNIFIED IDEOGRAPH-8A08}) missing from font(s) DejaVu Sans.
  plt.savefig(out_path, dpi=150)

2026-07-03 15:56:59,791 [WARNING] /mnt/data/SIGNATE_Agentic_RAG/EDA/EDA001/eda001.py:295: UserWarning: Glyph 31639 (\N{CJK UNIFIED IDEOGRAPH-7B97}) missing from font(s) DejaVu Sans.
  plt.savefig(out_path, dpi=150)

2026-07-03 15:56:59,792 [WARNING] /mnt/data/SIGNATE_Agentic_RAG/EDA/EDA001/eda001.py:295: UserWarning: Glyph 34920 (\N{CJK UNIFIED IDEOGRAPH-8868}) missing from font(s) DejaVu Sans.
  plt.savefig(out_path, dpi=150)

2026-07-03 15:56:59,794 [WARNING] /mnt/data/SIGNATE_Agentic_RAG/EDA/EDA001/eda001.py:295: UserWarning: Glyph 36074 (\N{CJK UNIFIED IDEOGRAPH-8CEA}) missing from font(s) DejaVu Sans.
  plt.savefig(out_path, dpi=150)

2026-07-03 15:56:59,794 [WARNING] /mnt/data/SIGNATE_Agentic_RAG/EDA/EDA001/eda001.py:295: UserWarning: Glyph 21839 (\N{CJK UNIFIED IDEOGRAPH-554F}) missing from font(s) DejaVu Sans.
  plt.savefig(out_path, dpi=150)

2026-07-03 15:56:59,794 [WARNING] /mnt/data/SIGNATE_Agentic_RAG/EDA/EDA001/eda001.py:295: UserWarning: Glyph 25991 (\N{CJK UNIFIED IDEOGRAPH-6587}) missing from font(s) DejaVu Sans.
  plt.savefig(out_path, dpi=150)

2026-07-03 15:56:59,794 [WARNING] /mnt/data/SIGNATE_Agentic_RAG/EDA/EDA001/eda001.py:295: UserWarning: Glyph 12363 (\N{HIRAGANA LETTER KA}) missing from font(s) DejaVu Sans.
  plt.savefig(out_path, dpi=150)

2026-07-03 15:56:59,795 [WARNING] /mnt/data/SIGNATE_Agentic_RAG/EDA/EDA001/eda001.py:295: UserWarning: Glyph 12425 (\N{HIRAGANA LETTER RA}) missing from font(s) DejaVu Sans.
  plt.savefig(out_path, dpi=150)

2026-07-03 15:56:59,795 [WARNING] /mnt/data/SIGNATE_Agentic_RAG/EDA/EDA001/eda001.py:295: UserWarning: Glyph 25512 (\N{CJK UNIFIED IDEOGRAPH-63A8}) missing from font(s) DejaVu Sans.
  plt.savefig(out_path, dpi=150)

2026-07-03 15:56:59,795 [WARNING] /mnt/data/SIGNATE_Agentic_RAG/EDA/EDA001/eda001.py:295: UserWarning: Glyph 23450 (\N{CJK UNIFIED IDEOGRAPH-5B9A}) missing from font(s) DejaVu Sans.
  plt.savefig(out_path, dpi=150)

2026-07-03 15:56:59,795 [WARNING] /mnt/data/SIGNATE_Agentic_RAG/EDA/EDA001/eda001.py:295: UserWarning: Glyph 12375 (\N{HIRAGANA LETTER SI}) missing from font(s) DejaVu Sans.
  plt.savefig(out_path, dpi=150)

2026-07-03 15:56:59,795 [WARNING] /mnt/data/SIGNATE_Agentic_RAG/EDA/EDA001/eda001.py:295: UserWarning: Glyph 12383 (\N{HIRAGANA LETTER TA}) missing from font(s) DejaVu Sans.
  plt.savefig(out_path, dpi=150)

2026-07-03 15:56:59,795 [WARNING] /mnt/data/SIGNATE_Agentic_RAG/EDA/EDA001/eda001.py:295: UserWarning: Glyph 24517 (\N{CJK UNIFIED IDEOGRAPH-5FC5}) missing from font(s) DejaVu Sans.
  plt.savefig(out_path, dpi=150)

2026-07-03 15:56:59,795 [WARNING] /mnt/data/SIGNATE_Agentic_RAG/EDA/EDA001/eda001.py:295: UserWarning: Glyph 35201 (\N{CJK UNIFIED IDEOGRAPH-8981}) missing from font(s) DejaVu Sans.
  plt.savefig(out_path, dpi=150)

2026-07-03 15:56:59,795 [WARNING] /mnt/data/SIGNATE_Agentic_RAG/EDA/EDA001/eda001.py:295: UserWarning: Glyph 20966 (\N{CJK UNIFIED IDEOGRAPH-51E6}) missing from font(s) DejaVu Sans.
  plt.savefig(out_path, dpi=150)

2026-07-03 15:56:59,796 [WARNING] /mnt/data/SIGNATE_Agentic_RAG/EDA/EDA001/eda001.py:295: UserWarning: Glyph 29702 (\N{CJK UNIFIED IDEOGRAPH-7406}) missing from font(s) DejaVu Sans.
  plt.savefig(out_path, dpi=150)

2026-07-03 15:56:59,796 [WARNING] /mnt/data/SIGNATE_Agentic_RAG/EDA/EDA001/eda001.py:295: UserWarning: Glyph 12479 (\N{KATAKANA LETTER TA}) missing from font(s) DejaVu Sans.
  plt.savefig(out_path, dpi=150)

2026-07-03 15:56:59,796 [WARNING] /mnt/data/SIGNATE_Agentic_RAG/EDA/EDA001/eda001.py:295: UserWarning: Glyph 12452 (\N{KATAKANA LETTER I}) missing from font(s) DejaVu Sans.
  plt.savefig(out_path, dpi=150)

2026-07-03 15:56:59,796 [WARNING] /mnt/data/SIGNATE_Agentic_RAG/EDA/EDA001/eda001.py:295: UserWarning: Glyph 12503 (\N{KATAKANA LETTER PU}) missing from font(s) DejaVu Sans.
  plt.savefig(out_path, dpi=150)

2026-07-03 15:56:59,806 [WARNING] /mnt/data/SIGNATE_Agentic_RAG/EDA/EDA001/eda001.py:295: UserWarning: Glyph 30011 (\N{CJK UNIFIED IDEOGRAPH-753B}) missing from font(s) DejaVu Sans.
  plt.savefig(out_path, dpi=150)

2026-07-03 15:56:59,806 [WARNING] /mnt/data/SIGNATE_Agentic_RAG/EDA/EDA001/eda001.py:295: UserWarning: Glyph 20687 (\N{CJK UNIFIED IDEOGRAPH-50CF}) missing from font(s) DejaVu Sans.
  plt.savefig(out_path, dpi=150)

2026-07-03 15:56:59,806 [WARNING] /mnt/data/SIGNATE_Agentic_RAG/EDA/EDA001/eda001.py:295: UserWarning: Glyph 12464 (\N{KATAKANA LETTER GU}) missing from font(s) DejaVu Sans.
  plt.savefig(out_path, dpi=150)

2026-07-03 15:56:59,806 [WARNING] /mnt/data/SIGNATE_Agentic_RAG/EDA/EDA001/eda001.py:295: UserWarning: Glyph 12521 (\N{KATAKANA LETTER RA}) missing from font(s) DejaVu Sans.
  plt.savefig(out_path, dpi=150)

2026-07-03 15:56:59,806 [WARNING] /mnt/data/SIGNATE_Agentic_RAG/EDA/EDA001/eda001.py:295: UserWarning: Glyph 12501 (\N{KATAKANA LETTER HU}) missing from font(s) DejaVu Sans.
  plt.savefig(out_path, dpi=150)

2026-07-03 15:56:59,807 [WARNING] /mnt/data/SIGNATE_Agentic_RAG/EDA/EDA001/eda001.py:295: UserWarning: Glyph 24046 (\N{CJK UNIFIED IDEOGRAPH-5DEE}) missing from font(s) DejaVu Sans.
  plt.savefig(out_path, dpi=150)

2026-07-03 15:56:59,807 [WARNING] /mnt/data/SIGNATE_Agentic_RAG/EDA/EDA001/eda001.py:295: UserWarning: Glyph 20998 (\N{CJK UNIFIED IDEOGRAPH-5206}) missing from font(s) DejaVu Sans.
  plt.savefig(out_path, dpi=150)

2026-07-03 15:56:59,807 [WARNING] /mnt/data/SIGNATE_Agentic_RAG/EDA/EDA001/eda001.py:295: UserWarning: Glyph 27604 (\N{CJK UNIFIED IDEOGRAPH-6BD4}) missing from font(s) DejaVu Sans.
  plt.savefig(out_path, dpi=150)

2026-07-03 15:56:59,808 [WARNING] /mnt/data/SIGNATE_Agentic_RAG/EDA/EDA001/eda001.py:295: UserWarning: Glyph 36611 (\N{CJK UNIFIED IDEOGRAPH-8F03}) missing from font(s) DejaVu Sans.
  plt.savefig(out_path, dpi=150)

2026-07-03 15:56:59,808 [WARNING] /mnt/data/SIGNATE_Agentic_RAG/EDA/EDA001/eda001.py:295: UserWarning: Glyph 31038 (\N{CJK UNIFIED IDEOGRAPH-793E}) missing from font(s) DejaVu Sans.
  plt.savefig(out_path, dpi=150)

2026-07-03 15:56:59,809 [WARNING] /mnt/data/SIGNATE_Agentic_RAG/EDA/EDA001/eda001.py:295: UserWarning: Glyph 20869 (\N{CJK UNIFIED IDEOGRAPH-5185}) missing from font(s) DejaVu Sans.
  plt.savefig(out_path, dpi=150)

2026-07-03 15:56:59,809 [WARNING] /mnt/data/SIGNATE_Agentic_RAG/EDA/EDA001/eda001.py:295: UserWarning: Glyph 29992 (\N{CJK UNIFIED IDEOGRAPH-7528}) missing from font(s) DejaVu Sans.
  plt.savefig(out_path, dpi=150)

2026-07-03 15:56:59,809 [WARNING] /mnt/data/SIGNATE_Agentic_RAG/EDA/EDA001/eda001.py:295: UserWarning: Glyph 35486 (\N{CJK UNIFIED IDEOGRAPH-8A9E}) missing from font(s) DejaVu Sans.
  plt.savefig(out_path, dpi=150)

2026-07-03 15:56:59,810 [WARNING] /mnt/data/SIGNATE_Agentic_RAG/EDA/EDA001/eda001.py:295: UserWarning: Glyph 20250 (\N{CJK UNIFIED IDEOGRAPH-4F1A}) missing from font(s) DejaVu Sans.
  plt.savefig(out_path, dpi=150)

2026-07-03 15:56:59,810 [WARNING] /mnt/data/SIGNATE_Agentic_RAG/EDA/EDA001/eda001.py:295: UserWarning: Glyph 35696 (\N{CJK UNIFIED IDEOGRAPH-8B70}) missing from font(s) DejaVu Sans.
  plt.savefig(out_path, dpi=150)

2026-07-03 15:56:59,810 [WARNING] /mnt/data/SIGNATE_Agentic_RAG/EDA/EDA001/eda001.py:295: UserWarning: Glyph 37682 (\N{CJK UNIFIED IDEOGRAPH-9332}) missing from font(s) DejaVu Sans.
  plt.savefig(out_path, dpi=150)

2026-07-03 15:56:59,811 [WARNING] /mnt/data/SIGNATE_Agentic_RAG/EDA/EDA001/eda001.py:295: UserWarning: Glyph 12467 (\N{KATAKANA LETTER KO}) missing from font(s) DejaVu Sans.
  plt.savefig(out_path, dpi=150)

2026-07-03 15:56:59,811 [WARNING] /mnt/data/SIGNATE_Agentic_RAG/EDA/EDA001/eda001.py:295: UserWarning: Glyph 12540 (\N{KATAKANA-HIRAGANA PROLONGED SOUND MARK}) missing from font(s) DejaVu Sans.
  plt.savefig(out_path, dpi=150)

2026-07-03 15:56:59,811 [WARNING] /mnt/data/SIGNATE_Agentic_RAG/EDA/EDA001/eda001.py:295: UserWarning: Glyph 12489 (\N{KATAKANA LETTER DO}) missing from font(s) DejaVu Sans.
  plt.savefig(out_path, dpi=150)

2026-07-03 15:56:59,812 [WARNING] /mnt/data/SIGNATE_Agentic_RAG/EDA/EDA001/eda001.py:295: UserWarning: Glyph 35373 (\N{CJK UNIFIED IDEOGRAPH-8A2D}) missing from font(s) DejaVu Sans.
  plt.savefig(out_path, dpi=150)

2026-07-03 15:56:59,812 [WARNING] /mnt/data/SIGNATE_Agentic_RAG/EDA/EDA001/eda001.py:295: UserWarning: Glyph 23450 (\N{CJK UNIFIED IDEOGRAPH-5B9A}) missing from font(s) DejaVu Sans.
  plt.savefig(out_path, dpi=150)

2026-07-03 15:56:59,813 [WARNING] /mnt/data/SIGNATE_Agentic_RAG/EDA/EDA001/eda001.py:295: UserWarning: Glyph 26085 (\N{CJK UNIFIED IDEOGRAPH-65E5}) missing from font(s) DejaVu Sans.
  plt.savefig(out_path, dpi=150)

2026-07-03 15:56:59,813 [WARNING] /mnt/data/SIGNATE_Agentic_RAG/EDA/EDA001/eda001.py:295: UserWarning: Glyph 20184 (\N{CJK UNIFIED IDEOGRAPH-4ED8}) missing from font(s) DejaVu Sans.
  plt.savefig(out_path, dpi=150)

2026-07-03 15:56:59,813 [WARNING] /mnt/data/SIGNATE_Agentic_RAG/EDA/EDA001/eda001.py:295: UserWarning: Glyph 26399 (\N{CJK UNIFIED IDEOGRAPH-671F}) missing from font(s) DejaVu Sans.
  plt.savefig(out_path, dpi=150)

2026-07-03 15:56:59,813 [WARNING] /mnt/data/SIGNATE_Agentic_RAG/EDA/EDA001/eda001.py:295: UserWarning: Glyph 38291 (\N{CJK UNIFIED IDEOGRAPH-9593}) missing from font(s) DejaVu Sans.
  plt.savefig(out_path, dpi=150)

2026-07-03 15:56:59,814 [WARNING] /mnt/data/SIGNATE_Agentic_RAG/EDA/EDA001/eda001.py:295: UserWarning: Glyph 26360 (\N{CJK UNIFIED IDEOGRAPH-66F8}) missing from font(s) DejaVu Sans.
  plt.savefig(out_path, dpi=150)

2026-07-03 15:56:59,814 [WARNING] /mnt/data/SIGNATE_Agentic_RAG/EDA/EDA001/eda001.py:295: UserWarning: Glyph 24335 (\N{CJK UNIFIED IDEOGRAPH-5F0F}) missing from font(s) DejaVu Sans.
  plt.savefig(out_path, dpi=150)

2026-07-03 15:56:59,815 [WARNING] /mnt/data/SIGNATE_Agentic_RAG/EDA/EDA001/eda001.py:295: UserWarning: Glyph 37329 (\N{CJK UNIFIED IDEOGRAPH-91D1}) missing from font(s) DejaVu Sans.
  plt.savefig(out_path, dpi=150)

2026-07-03 15:56:59,815 [WARNING] /mnt/data/SIGNATE_Agentic_RAG/EDA/EDA001/eda001.py:295: UserWarning: Glyph 38989 (\N{CJK UNIFIED IDEOGRAPH-984D}) missing from font(s) DejaVu Sans.
  plt.savefig(out_path, dpi=150)

2026-07-03 15:56:59,815 [WARNING] /mnt/data/SIGNATE_Agentic_RAG/EDA/EDA001/eda001.py:295: UserWarning: Glyph 35336 (\N{CJK UNIFIED IDEOGRAPH-8A08}) missing from font(s) DejaVu Sans.
  plt.savefig(out_path, dpi=150)

2026-07-03 15:56:59,815 [WARNING] /mnt/data/SIGNATE_Agentic_RAG/EDA/EDA001/eda001.py:295: UserWarning: Glyph 31639 (\N{CJK UNIFIED IDEOGRAPH-7B97}) missing from font(s) DejaVu Sans.
  plt.savefig(out_path, dpi=150)

2026-07-03 15:56:59,816 [WARNING] /mnt/data/SIGNATE_Agentic_RAG/EDA/EDA001/eda001.py:295: UserWarning: Glyph 34920 (\N{CJK UNIFIED IDEOGRAPH-8868}) missing from font(s) DejaVu Sans.
  plt.savefig(out_path, dpi=150)

2026-07-03 15:56:59,818 [WARNING] /mnt/data/SIGNATE_Agentic_RAG/EDA/EDA001/eda001.py:295: UserWarning: Glyph 36074 (\N{CJK UNIFIED IDEOGRAPH-8CEA}) missing from font(s) DejaVu Sans.
  plt.savefig(out_path, dpi=150)

2026-07-03 15:56:59,818 [WARNING] /mnt/data/SIGNATE_Agentic_RAG/EDA/EDA001/eda001.py:295: UserWarning: Glyph 21839 (\N{CJK UNIFIED IDEOGRAPH-554F}) missing from font(s) DejaVu Sans.
  plt.savefig(out_path, dpi=150)

2026-07-03 15:56:59,818 [WARNING] /mnt/data/SIGNATE_Agentic_RAG/EDA/EDA001/eda001.py:295: UserWarning: Glyph 25991 (\N{CJK UNIFIED IDEOGRAPH-6587}) missing from font(s) DejaVu Sans.
  plt.savefig(out_path, dpi=150)

2026-07-03 15:56:59,818 [WARNING] /mnt/data/SIGNATE_Agentic_RAG/EDA/EDA001/eda001.py:295: UserWarning: Glyph 12363 (\N{HIRAGANA LETTER KA}) missing from font(s) DejaVu Sans.
  plt.savefig(out_path, dpi=150)

2026-07-03 15:56:59,818 [WARNING] /mnt/data/SIGNATE_Agentic_RAG/EDA/EDA001/eda001.py:295: UserWarning: Glyph 12425 (\N{HIRAGANA LETTER RA}) missing from font(s) DejaVu Sans.
  plt.savefig(out_path, dpi=150)

2026-07-03 15:56:59,818 [WARNING] /mnt/data/SIGNATE_Agentic_RAG/EDA/EDA001/eda001.py:295: UserWarning: Glyph 25512 (\N{CJK UNIFIED IDEOGRAPH-63A8}) missing from font(s) DejaVu Sans.
  plt.savefig(out_path, dpi=150)

2026-07-03 15:56:59,818 [WARNING] /mnt/data/SIGNATE_Agentic_RAG/EDA/EDA001/eda001.py:295: UserWarning: Glyph 23450 (\N{CJK UNIFIED IDEOGRAPH-5B9A}) missing from font(s) DejaVu Sans.
  plt.savefig(out_path, dpi=150)

2026-07-03 15:56:59,818 [WARNING] /mnt/data/SIGNATE_Agentic_RAG/EDA/EDA001/eda001.py:295: UserWarning: Glyph 12375 (\N{HIRAGANA LETTER SI}) missing from font(s) DejaVu Sans.
  plt.savefig(out_path, dpi=150)

2026-07-03 15:56:59,819 [WARNING] /mnt/data/SIGNATE_Agentic_RAG/EDA/EDA001/eda001.py:295: UserWarning: Glyph 12383 (\N{HIRAGANA LETTER TA}) missing from font(s) DejaVu Sans.
  plt.savefig(out_path, dpi=150)

2026-07-03 15:56:59,819 [WARNING] /mnt/data/SIGNATE_Agentic_RAG/EDA/EDA001/eda001.py:295: UserWarning: Glyph 24517 (\N{CJK UNIFIED IDEOGRAPH-5FC5}) missing from font(s) DejaVu Sans.
  plt.savefig(out_path, dpi=150)

2026-07-03 15:56:59,819 [WARNING] /mnt/data/SIGNATE_Agentic_RAG/EDA/EDA001/eda001.py:295: UserWarning: Glyph 35201 (\N{CJK UNIFIED IDEOGRAPH-8981}) missing from font(s) DejaVu Sans.
  plt.savefig(out_path, dpi=150)

2026-07-03 15:56:59,819 [WARNING] /mnt/data/SIGNATE_Agentic_RAG/EDA/EDA001/eda001.py:295: UserWarning: Glyph 20966 (\N{CJK UNIFIED IDEOGRAPH-51E6}) missing from font(s) DejaVu Sans.
  plt.savefig(out_path, dpi=150)

2026-07-03 15:56:59,819 [WARNING] /mnt/data/SIGNATE_Agentic_RAG/EDA/EDA001/eda001.py:295: UserWarning: Glyph 29702 (\N{CJK UNIFIED IDEOGRAPH-7406}) missing from font(s) DejaVu Sans.
  plt.savefig(out_path, dpi=150)

2026-07-03 15:56:59,819 [WARNING] /mnt/data/SIGNATE_Agentic_RAG/EDA/EDA001/eda001.py:295: UserWarning: Glyph 12479 (\N{KATAKANA LETTER TA}) missing from font(s) DejaVu Sans.
  plt.savefig(out_path, dpi=150)

2026-07-03 15:56:59,819 [WARNING] /mnt/data/SIGNATE_Agentic_RAG/EDA/EDA001/eda001.py:295: UserWarning: Glyph 12452 (\N{KATAKANA LETTER I}) missing from font(s) DejaVu Sans.
  plt.savefig(out_path, dpi=150)

2026-07-03 15:56:59,819 [WARNING] /mnt/data/SIGNATE_Agentic_RAG/EDA/EDA001/eda001.py:295: UserWarning: Glyph 12503 (\N{KATAKANA LETTER PU}) missing from font(s) DejaVu Sans.
  plt.savefig(out_path, dpi=150)

2026-07-03 15:56:59,866 [WARNING] /mnt/data/SIGNATE_Agentic_RAG/EDA/EDA001/eda001.py:332: UserWarning: Glyph 36074 (\N{CJK UNIFIED IDEOGRAPH-8CEA}) missing from font(s) DejaVu Sans.
  plt.tight_layout()

2026-07-03 15:56:59,866 [WARNING] /mnt/data/SIGNATE_Agentic_RAG/EDA/EDA001/eda001.py:332: UserWarning: Glyph 21839 (\N{CJK UNIFIED IDEOGRAPH-554F}) missing from font(s) DejaVu Sans.
  plt.tight_layout()

2026-07-03 15:56:59,867 [WARNING] /mnt/data/SIGNATE_Agentic_RAG/EDA/EDA001/eda001.py:332: UserWarning: Glyph 25991 (\N{CJK UNIFIED IDEOGRAPH-6587}) missing from font(s) DejaVu Sans.
  plt.tight_layout()

2026-07-03 15:56:59,867 [WARNING] /mnt/data/SIGNATE_Agentic_RAG/EDA/EDA001/eda001.py:332: UserWarning: Glyph 12398 (\N{HIRAGANA LETTER NO}) missing from font(s) DejaVu Sans.
  plt.tight_layout()

2026-07-03 15:56:59,867 [WARNING] /mnt/data/SIGNATE_Agentic_RAG/EDA/EDA001/eda001.py:332: UserWarning: Glyph 25991 (\N{CJK UNIFIED IDEOGRAPH-6587}) missing from font(s) DejaVu Sans.
  plt.tight_layout()

2026-07-03 15:56:59,867 [WARNING] /mnt/data/SIGNATE_Agentic_RAG/EDA/EDA001/eda001.py:332: UserWarning: Glyph 23383 (\N{CJK UNIFIED IDEOGRAPH-5B57}) missing from font(s) DejaVu Sans.
  plt.tight_layout()

2026-07-03 15:56:59,867 [WARNING] /mnt/data/SIGNATE_Agentic_RAG/EDA/EDA001/eda001.py:332: UserWarning: Glyph 25968 (\N{CJK UNIFIED IDEOGRAPH-6570}) missing from font(s) DejaVu Sans.
  plt.tight_layout()

2026-07-03 15:56:59,867 [WARNING] /mnt/data/SIGNATE_Agentic_RAG/EDA/EDA001/eda001.py:332: UserWarning: Glyph 20998 (\N{CJK UNIFIED IDEOGRAPH-5206}) missing from font(s) DejaVu Sans.
  plt.tight_layout()

2026-07-03 15:56:59,867 [WARNING] /mnt/data/SIGNATE_Agentic_RAG/EDA/EDA001/eda001.py:332: UserWarning: Glyph 24067 (\N{CJK UNIFIED IDEOGRAPH-5E03}) missing from font(s) DejaVu Sans.
  plt.tight_layout()

2026-07-03 15:56:59,880 [WARNING] /mnt/data/SIGNATE_Agentic_RAG/EDA/EDA001/eda001.py:333: UserWarning: Glyph 36074 (\N{CJK UNIFIED IDEOGRAPH-8CEA}) missing from font(s) DejaVu Sans.
  plt.savefig(FIG_DIR / "04_question_length_distribution.png", dpi=150)

2026-07-03 15:56:59,880 [WARNING] /mnt/data/SIGNATE_Agentic_RAG/EDA/EDA001/eda001.py:333: UserWarning: Glyph 21839 (\N{CJK UNIFIED IDEOGRAPH-554F}) missing from font(s) DejaVu Sans.
  plt.savefig(FIG_DIR / "04_question_length_distribution.png", dpi=150)

2026-07-03 15:56:59,880 [WARNING] /mnt/data/SIGNATE_Agentic_RAG/EDA/EDA001/eda001.py:333: UserWarning: Glyph 25991 (\N{CJK UNIFIED IDEOGRAPH-6587}) missing from font(s) DejaVu Sans.
  plt.savefig(FIG_DIR / "04_question_length_distribution.png", dpi=150)

2026-07-03 15:56:59,880 [WARNING] /mnt/data/SIGNATE_Agentic_RAG/EDA/EDA001/eda001.py:333: UserWarning: Glyph 12398 (\N{HIRAGANA LETTER NO}) missing from font(s) DejaVu Sans.
  plt.savefig(FIG_DIR / "04_question_length_distribution.png", dpi=150)

2026-07-03 15:56:59,881 [WARNING] /mnt/data/SIGNATE_Agentic_RAG/EDA/EDA001/eda001.py:333: UserWarning: Glyph 25991 (\N{CJK UNIFIED IDEOGRAPH-6587}) missing from font(s) DejaVu Sans.
  plt.savefig(FIG_DIR / "04_question_length_distribution.png", dpi=150)

2026-07-03 15:56:59,881 [WARNING] /mnt/data/SIGNATE_Agentic_RAG/EDA/EDA001/eda001.py:333: UserWarning: Glyph 23383 (\N{CJK UNIFIED IDEOGRAPH-5B57}) missing from font(s) DejaVu Sans.
  plt.savefig(FIG_DIR / "04_question_length_distribution.png", dpi=150)

2026-07-03 15:56:59,881 [WARNING] /mnt/data/SIGNATE_Agentic_RAG/EDA/EDA001/eda001.py:333: UserWarning: Glyph 25968 (\N{CJK UNIFIED IDEOGRAPH-6570}) missing from font(s) DejaVu Sans.
  plt.savefig(FIG_DIR / "04_question_length_distribution.png", dpi=150)

2026-07-03 15:56:59,881 [WARNING] /mnt/data/SIGNATE_Agentic_RAG/EDA/EDA001/eda001.py:333: UserWarning: Glyph 20998 (\N{CJK UNIFIED IDEOGRAPH-5206}) missing from font(s) DejaVu Sans.
  plt.savefig(FIG_DIR / "04_question_length_distribution.png", dpi=150)

2026-07-03 15:56:59,881 [WARNING] /mnt/data/SIGNATE_Agentic_RAG/EDA/EDA001/eda001.py:333: UserWarning: Glyph 24067 (\N{CJK UNIFIED IDEOGRAPH-5E03}) missing from font(s) DejaVu Sans.
  plt.savefig(FIG_DIR / "04_question_length_distribution.png", dpi=150)

2026-07-03 15:56:59,922 [WARNING] /mnt/data/SIGNATE_Agentic_RAG/EDA/EDA001/eda001.py:333: UserWarning: Glyph 36074 (\N{CJK UNIFIED IDEOGRAPH-8CEA}) missing from font(s) DejaVu Sans.
  plt.savefig(FIG_DIR / "04_question_length_distribution.png", dpi=150)

2026-07-03 15:56:59,922 [WARNING] /mnt/data/SIGNATE_Agentic_RAG/EDA/EDA001/eda001.py:333: UserWarning: Glyph 21839 (\N{CJK UNIFIED IDEOGRAPH-554F}) missing from font(s) DejaVu Sans.
  plt.savefig(FIG_DIR / "04_question_length_distribution.png", dpi=150)

2026-07-03 15:56:59,922 [WARNING] /mnt/data/SIGNATE_Agentic_RAG/EDA/EDA001/eda001.py:333: UserWarning: Glyph 25991 (\N{CJK UNIFIED IDEOGRAPH-6587}) missing from font(s) DejaVu Sans.
  plt.savefig(FIG_DIR / "04_question_length_distribution.png", dpi=150)

2026-07-03 15:56:59,923 [WARNING] /mnt/data/SIGNATE_Agentic_RAG/EDA/EDA001/eda001.py:333: UserWarning: Glyph 12398 (\N{HIRAGANA LETTER NO}) missing from font(s) DejaVu Sans.
  plt.savefig(FIG_DIR / "04_question_length_distribution.png", dpi=150)

2026-07-03 15:56:59,923 [WARNING] /mnt/data/SIGNATE_Agentic_RAG/EDA/EDA001/eda001.py:333: UserWarning: Glyph 25991 (\N{CJK UNIFIED IDEOGRAPH-6587}) missing from font(s) DejaVu Sans.
  plt.savefig(FIG_DIR / "04_question_length_distribution.png", dpi=150)

2026-07-03 15:56:59,923 [WARNING] /mnt/data/SIGNATE_Agentic_RAG/EDA/EDA001/eda001.py:333: UserWarning: Glyph 23383 (\N{CJK UNIFIED IDEOGRAPH-5B57}) missing from font(s) DejaVu Sans.
  plt.savefig(FIG_DIR / "04_question_length_distribution.png", dpi=150)

2026-07-03 15:56:59,923 [WARNING] /mnt/data/SIGNATE_Agentic_RAG/EDA/EDA001/eda001.py:333: UserWarning: Glyph 25968 (\N{CJK UNIFIED IDEOGRAPH-6570}) missing from font(s) DejaVu Sans.
  plt.savefig(FIG_DIR / "04_question_length_distribution.png", dpi=150)

2026-07-03 15:56:59,923 [WARNING] /mnt/data/SIGNATE_Agentic_RAG/EDA/EDA001/eda001.py:333: UserWarning: Glyph 20998 (\N{CJK UNIFIED IDEOGRAPH-5206}) missing from font(s) DejaVu Sans.
  plt.savefig(FIG_DIR / "04_question_length_distribution.png", dpi=150)

2026-07-03 15:56:59,923 [WARNING] /mnt/data/SIGNATE_Agentic_RAG/EDA/EDA001/eda001.py:333: UserWarning: Glyph 24067 (\N{CJK UNIFIED IDEOGRAPH-5E03}) missing from font(s) DejaVu Sans.
  plt.savefig(FIG_DIR / "04_question_length_distribution.png", dpi=150)

2026-07-03 15:56:59,957 [WARNING] /mnt/data/SIGNATE_Agentic_RAG/EDA/EDA001/eda001.py:333: UserWarning: Glyph 36074 (\N{CJK UNIFIED IDEOGRAPH-8CEA}) missing from font(s) DejaVu Sans.
  plt.savefig(FIG_DIR / "04_question_length_distribution.png", dpi=150)

2026-07-03 15:56:59,958 [WARNING] /mnt/data/SIGNATE_Agentic_RAG/EDA/EDA001/eda001.py:333: UserWarning: Glyph 21839 (\N{CJK UNIFIED IDEOGRAPH-554F}) missing from font(s) DejaVu Sans.
  plt.savefig(FIG_DIR / "04_question_length_distribution.png", dpi=150)

2026-07-03 15:56:59,958 [WARNING] /mnt/data/SIGNATE_Agentic_RAG/EDA/EDA001/eda001.py:333: UserWarning: Glyph 25991 (\N{CJK UNIFIED IDEOGRAPH-6587}) missing from font(s) DejaVu Sans.
  plt.savefig(FIG_DIR / "04_question_length_distribution.png", dpi=150)

2026-07-03 15:56:59,958 [WARNING] /mnt/data/SIGNATE_Agentic_RAG/EDA/EDA001/eda001.py:333: UserWarning: Glyph 12398 (\N{HIRAGANA LETTER NO}) missing from font(s) DejaVu Sans.
  plt.savefig(FIG_DIR / "04_question_length_distribution.png", dpi=150)

2026-07-03 15:56:59,958 [WARNING] /mnt/data/SIGNATE_Agentic_RAG/EDA/EDA001/eda001.py:333: UserWarning: Glyph 25991 (\N{CJK UNIFIED IDEOGRAPH-6587}) missing from font(s) DejaVu Sans.
  plt.savefig(FIG_DIR / "04_question_length_distribution.png", dpi=150)

2026-07-03 15:56:59,959 [WARNING] /mnt/data/SIGNATE_Agentic_RAG/EDA/EDA001/eda001.py:333: UserWarning: Glyph 23383 (\N{CJK UNIFIED IDEOGRAPH-5B57}) missing from font(s) DejaVu Sans.
  plt.savefig(FIG_DIR / "04_question_length_distribution.png", dpi=150)

2026-07-03 15:56:59,959 [WARNING] /mnt/data/SIGNATE_Agentic_RAG/EDA/EDA001/eda001.py:333: UserWarning: Glyph 25968 (\N{CJK UNIFIED IDEOGRAPH-6570}) missing from font(s) DejaVu Sans.
  plt.savefig(FIG_DIR / "04_question_length_distribution.png", dpi=150)

2026-07-03 15:56:59,959 [WARNING] /mnt/data/SIGNATE_Agentic_RAG/EDA/EDA001/eda001.py:333: UserWarning: Glyph 20998 (\N{CJK UNIFIED IDEOGRAPH-5206}) missing from font(s) DejaVu Sans.
  plt.savefig(FIG_DIR / "04_question_length_distribution.png", dpi=150)

2026-07-03 15:56:59,959 [WARNING] /mnt/data/SIGNATE_Agentic_RAG/EDA/EDA001/eda001.py:333: UserWarning: Glyph 24067 (\N{CJK UNIFIED IDEOGRAPH-5E03}) missing from font(s) DejaVu Sans.
  plt.savefig(FIG_DIR / "04_question_length_distribution.png", dpi=150)

2026-07-03 15:56:59,982 [WARNING] /mnt/data/SIGNATE_Agentic_RAG/EDA/EDA001/eda001.py:333: UserWarning: Glyph 36074 (\N{CJK UNIFIED IDEOGRAPH-8CEA}) missing from font(s) DejaVu Sans.
  plt.savefig(FIG_DIR / "04_question_length_distribution.png", dpi=150)

2026-07-03 15:56:59,983 [WARNING] /mnt/data/SIGNATE_Agentic_RAG/EDA/EDA001/eda001.py:333: UserWarning: Glyph 21839 (\N{CJK UNIFIED IDEOGRAPH-554F}) missing from font(s) DejaVu Sans.
  plt.savefig(FIG_DIR / "04_question_length_distribution.png", dpi=150)

2026-07-03 15:56:59,983 [WARNING] /mnt/data/SIGNATE_Agentic_RAG/EDA/EDA001/eda001.py:333: UserWarning: Glyph 25991 (\N{CJK UNIFIED IDEOGRAPH-6587}) missing from font(s) DejaVu Sans.
  plt.savefig(FIG_DIR / "04_question_length_distribution.png", dpi=150)

2026-07-03 15:56:59,983 [WARNING] /mnt/data/SIGNATE_Agentic_RAG/EDA/EDA001/eda001.py:333: UserWarning: Glyph 12398 (\N{HIRAGANA LETTER NO}) missing from font(s) DejaVu Sans.
  plt.savefig(FIG_DIR / "04_question_length_distribution.png", dpi=150)

2026-07-03 15:56:59,983 [WARNING] /mnt/data/SIGNATE_Agentic_RAG/EDA/EDA001/eda001.py:333: UserWarning: Glyph 25991 (\N{CJK UNIFIED IDEOGRAPH-6587}) missing from font(s) DejaVu Sans.
  plt.savefig(FIG_DIR / "04_question_length_distribution.png", dpi=150)

2026-07-03 15:56:59,983 [WARNING] /mnt/data/SIGNATE_Agentic_RAG/EDA/EDA001/eda001.py:333: UserWarning: Glyph 23383 (\N{CJK UNIFIED IDEOGRAPH-5B57}) missing from font(s) DejaVu Sans.
  plt.savefig(FIG_DIR / "04_question_length_distribution.png", dpi=150)

2026-07-03 15:56:59,983 [WARNING] /mnt/data/SIGNATE_Agentic_RAG/EDA/EDA001/eda001.py:333: UserWarning: Glyph 25968 (\N{CJK UNIFIED IDEOGRAPH-6570}) missing from font(s) DejaVu Sans.
  plt.savefig(FIG_DIR / "04_question_length_distribution.png", dpi=150)

2026-07-03 15:56:59,983 [WARNING] /mnt/data/SIGNATE_Agentic_RAG/EDA/EDA001/eda001.py:333: UserWarning: Glyph 20998 (\N{CJK UNIFIED IDEOGRAPH-5206}) missing from font(s) DejaVu Sans.
  plt.savefig(FIG_DIR / "04_question_length_distribution.png", dpi=150)

2026-07-03 15:56:59,984 [WARNING] /mnt/data/SIGNATE_Agentic_RAG/EDA/EDA001/eda001.py:333: UserWarning: Glyph 24067 (\N{CJK UNIFIED IDEOGRAPH-5E03}) missing from font(s) DejaVu Sans.
  plt.savefig(FIG_DIR / "04_question_length_distribution.png", dpi=150)

2026-07-03 15:57:00,012 [INFO] Finished EDA001
2026-07-04 01:08:06,338 [INFO] Start EDA001
2026-07-04 01:12:15,908 [INFO] Start EDA001
2026-07-04 01:12:16,208 [INFO] Use drive_root: E:\PC\デスクトップ\SIGNATE\SIGNATE_Agentic_RAG\data\raw\share\share\共有ドライブ
2026-07-04 01:12:16,440 [INFO] Use questions_dir: E:\PC\デスクトップ\SIGNATE\SIGNATE_Agentic_RAG\data\raw\share\share\質問回答
2026-07-04 01:12:18,851 [INFO] Finished EDA001
