dataset,question_id,candidate_rank,document_id,source_file,company,file_type,document_role,score,score_components,selection_reason,human_selected_match,label_available,generated_by,source,confidence,requires_manual_review
valid,0,1,file_69289dcd3ecabac0,data/raw/share/share/共有ドライブ/プロジェクト/株式会社東都人材プラットフォーム/00.提案/データサイエンティスト調査.docx,株式会社東都人材プラットフォーム,.docx,proposal,15.5,"{""path_term_match"": 2.0, ""required_file_type_match"": 3.0, ""route_kind_match"": 2.5, ""content_bm25"": 8.0}","path_term_match, required_file_type_match, route_kind_match, content_bm25",False,False,current_candidate_files_for_question,latest planner.py,high,False
valid,0,2,file_591a79dbe934438c,data/raw/share/share/共有ドライブ/プロジェクト/株式会社青潮モビリティサービス/00.提案/提案書.pptx,株式会社青潮モビリティサービス,.pptx,proposal,15.5,"{""path_term_match"": 2.0, ""required_file_type_match"": 3.0, ""route_kind_match"": 2.5, ""content_bm25"": 8.0}","path_term_match, required_file_type_match, route_kind_match, content_bm25",False,False,current_candidate_files_for_question,latest planner.py,high,False
valid,0,3,file_d2d39140cef077b8,data/raw/share/share/共有ドライブ/プロジェクト/株式会社青潮モビリティサービス/01.契約/契約書.docx,株式会社青潮モビリティサービス,.docx,contract,15.5,"{""path_term_match"": 2.0, ""required_file_type_match"": 3.0, ""route_kind_match"": 2.5, ""content_bm25"": 8.0}","path_term_match, required_file_type_match, route_kind_match, content_bm25",False,False,current_candidate_files_for_question,latest planner.py,high,False
valid,0,4,file_ab51c6cb524e224f,data/raw/share/share/共有ドライブ/プロジェクト/株式会社青潮モビリティサービス/02.計画/スケジュール.xlsx,株式会社青潮モビリティサービス,.xlsx,schedule,15.5,"{""path_term_match"": 2.0, ""required_file_type_match"": 3.0, ""route_kind_match"": 2.5, ""content_bm25"": 8.0}","path_term_match, required_file_type_match, route_kind_match, content_bm25",False,False,current_candidate_files_for_question,latest planner.py,high,False
valid,0,5,file_88270e387c6aa908,data/raw/share/share/共有ドライブ/プロジェクト/株式会社青潮モビリティサービス/05.会議/会議録/会議録_2025-08-26.docx,株式会社青潮モビリティサービス,.docx,meeting,15.2001,"{""path_term_match"": 2.0, ""required_file_type_match"": 3.0, ""route_kind_match"": 2.5, ""content_bm25"": 7.700093363118481}","path_term_match, required_file_type_match, route_kind_match, content_bm25",False,False,current_candidate_files_for_question,latest planner.py,high,False
valid,0,6,file_ef6b3d40c6cbf84f,data/raw/share/share/共有ドライブ/プロジェクト/青葉与信マネジメント株式会社/05.会議/報告資料/報告資料_2025-04-09.docx,青葉与信マネジメント株式会社,.docx,meeting,13.6961,"{""path_term_match"": 2.0, ""required_file_type_match"": 3.0, ""route_kind_match"": 2.5, ""content_bm25"": 6.196088474077062}","path_term_match, required_file_type_match, route_kind_match, content_bm25",False,False,current_candidate_files_for_question,latest planner.py,high,False
valid,0,7,file_8fb18453764bc6db,data/raw/share/share/共有ドライブ/社内管理/社内用語集.docx,社内管理,.docx,management,13.4873,"{""required_file_type_match"": 3.0, ""route_kind_match"": 2.5, ""content_bm25"": 7.987261913394423}","required_file_type_match, route_kind_match, content_bm25",False,False,current_candidate_files_for_question,latest planner.py,high,False
valid,0,8,file_a452ac5e9344e277,data/raw/share/share/共有ドライブ/プロジェクト/株式会社青葉バイオメディカル機器/06.報告書/株式会社青葉バイオメディカル機器_最終報告.pptx,株式会社青葉バイオメディカル機器,.pptx,report,13.4808,"{""path_term_match"": 2.0, ""required_file_type_match"": 3.0, ""route_kind_match"": 2.5, ""content_bm25"": 5.980817547301424}","path_term_match, required_file_type_match, route_kind_match, content_bm25",False,False,current_candidate_files_for_question,latest planner.py,high,False
valid,0,9,file_ef106a562ea6c4f4,data/raw/share/share/共有ドライブ/プロジェクト/株式会社青嶺不動産アセットマネジメント/00.提案/ニューヨーク不動産市場の最新動向調査.pdf,株式会社青嶺不動産アセットマネジメント,.pdf,proposal,13.0,"{""path_term_match"": 2.0, ""required_file_type_match"": 3.0, ""content_bm25"": 8.0}","path_term_match, required_file_type_match, content_bm25",False,False,current_candidate_files_for_question,latest planner.py,high,False
valid,0,10,file_f744d2ce7a347ad2,data/raw/share/share/共有ドライブ/プロジェクト/株式会社青潮モビリティサービス/04.分析/analysis_project/notebooks/01_eda.ipynb,株式会社青潮モビリティサービス,.ipynb,analysis,13.0,"{""path_term_match"": 2.0, ""required_file_type_match"": 3.0, ""content_bm25"": 8.0}","path_term_match, required_file_type_match, content_bm25",False,False,current_candidate_files_for_question,latest planner.py,high,False
valid,1,1,file_69289dcd3ecabac0,data/raw/share/share/共有ドライブ/プロジェクト/株式会社東都人材プラットフォーム/00.提案/データサイエンティスト調査.docx,株式会社東都人材プラットフォーム,.docx,proposal,8.0,"{""content_bm25"": 8.0}",content_bm25,False,False,current_candidate_files_for_question,latest planner.py,high,False
valid,1,2,file_ef106a562ea6c4f4,data/raw/share/share/共有ドライブ/プロジェクト/株式会社青嶺不動産アセットマネジメント/00.提案/ニューヨーク不動産市場の最新動向調査.pdf,株式会社青嶺不動産アセットマネジメント,.pdf,proposal,8.0,"{""content_bm25"": 8.0}",content_bm25,False,False,current_candidate_files_for_question,latest planner.py,high,False
valid,1,3,file_4d734b2c30ad41ee,data/raw/share/share/共有ドライブ/プロジェクト/株式会社青嶺不動産アセットマネジメント/05.会議/報告資料/報告資料_2025-08-06.pdf,株式会社青嶺不動産アセットマネジメント,.pdf,meeting,6.6554,"{""content_bm25"": 6.655389219536392}",content_bm25,False,False,current_candidate_files_for_question,latest planner.py,high,False
valid,1,4,file_4fa8d55179bcaeab,data/raw/share/share/共有ドライブ/プロジェクト/株式会社青嶺不動産アセットマネジメント/05.会議/報告資料/報告資料_2025-08-26.pdf,株式会社青嶺不動産アセットマネジメント,.pdf,meeting,6.5914,"{""content_bm25"": 6.591404333499562}",content_bm25,False,False,current_candidate_files_for_question,latest planner.py,high,False
valid,1,5,file_8ba42aa604f7f7f9,data/raw/share/share/共有ドライブ/プロジェクト/京橋信用ソリューションズ株式会社/04.分析/analysis_project/reports/figures/figure_06.png,京橋信用ソリューションズ株式会社,.png,analysis,6.2211,"{""path_term_match"": 2.0, ""identifier_path_match"": 2.0, ""content_bm25"": 2.221143597372909}","path_term_match, identifier_path_match, content_bm25",False,False,current_candidate_files_for_question,latest planner.py,high,False
valid,1,6,file_bf3657e26a136347,data/raw/share/share/共有ドライブ/プロジェクト/医療法人社団 蒼樹会 みなみ野女性医療センター/00.提案/糖尿病統計情報.docx,医療法人社団 蒼樹会 みなみ野女性医療センター,.docx,proposal,6.1833,"{""content_bm25"": 6.183304065874231}",content_bm25,False,False,current_candidate_files_for_question,latest planner.py,high,False
valid,1,7,file_21fab58c1f410821,data/raw/share/share/共有ドライブ/プロジェクト/京橋信用ソリューションズ株式会社/02.計画/スケジュール.xlsx,京橋信用ソリューションズ株式会社,.xlsx,schedule,6.0,"{""required_file_type_match"": 3.0, ""route_kind_match"": 3.0}","required_file_type_match, route_kind_match",False,False,current_candidate_files_for_question,latest planner.py,high,False
valid,1,8,file_8fd0e20487420b74,data/raw/share/share/共有ドライブ/プロジェクト/京橋信用ソリューションズ株式会社/03.データ/train.csv,京橋信用ソリューションズ株式会社,.csv,data,6.0,"{""required_file_type_match"": 3.0, ""route_kind_match"": 3.0}","required_file_type_match, route_kind_match",False,False,current_candidate_files_for_question,latest planner.py,high,False
valid,1,9,file_e0021d6b69bfbbc7,data/raw/share/share/共有ドライブ/プロジェクト/京橋信用ソリューションズ株式会社/04.分析/analysis_outputs/experiments/leaderboard.csv,京橋信用ソリューションズ株式会社,.csv,analysis,6.0,"{""required_file_type_match"": 3.0, ""route_kind_match"": 3.0}","required_file_type_match, route_kind_match",False,False,current_candidate_files_for_question,latest planner.py,high,False
valid,1,10,file_d5e7d14b53826dc9,data/raw/share/share/共有ドライブ/プロジェクト/京橋信用ソリューションズ株式会社/04.分析/analysis_project/data/train.csv,京橋信用ソリューションズ株式会社,.csv,data,6.0,"{""required_file_type_match"": 3.0, ""route_kind_match"": 3.0}","required_file_type_match, route_kind_match",False,False,current_candidate_files_for_question,latest planner.py,high,False
valid,2,1,file_d72ac8163b01ef72,data/raw/share/share/共有ドライブ/プロジェクト/医療法人社団 恒一会 かえで総合病院/00.提案/提案書.pptx,医療法人社団 恒一会 かえで総合病院,.pptx,proposal,11.5,"{""path_term_match"": 2.0, ""route_kind_match"": 1.5, ""content_bm25"": 8.0}","path_term_match, route_kind_match, content_bm25",False,False,current_candidate_files_for_question,latest planner.py,high,False
valid,2,2,file_cc8e97e3d637960f,data/raw/share/share/共有ドライブ/プロジェクト/医療法人社団 恒一会 かえで総合病院/06.報告書/医療法人社団 恒一会 かえで総合病院_最終報告.pptx,医療法人社団 恒一会 かえで総合病院,.pptx,report,11.5,"{""path_term_match"": 2.0, ""route_kind_match"": 1.5, ""content_bm25"": 8.0}","path_term_match, route_kind_match, content_bm25",False,False,current_candidate_files_for_question,latest planner.py,high,False
valid,2,3,file_c2047ca2e1b6baa2,data/raw/share/share/共有ドライブ/プロジェクト/医療法人社団 恒一会 かえで総合病院/06.報告書/医療法人社団 恒一会 かえで総合病院_最終報告_old.pptx,医療法人社団 恒一会 かえで総合病院,.pptx,report,11.5,"{""path_term_match"": 2.0, ""route_kind_match"": 1.5, ""content_bm25"": 8.0}","path_term_match, route_kind_match, content_bm25",False,False,current_candidate_files_for_question,latest planner.py,high,False
valid,2,4,file_70f9d108e37232bd,data/raw/share/share/共有ドライブ/プロジェクト/医療法人社団 蒼泉会 ひがし丘総合病院/00.提案/提案書.pptx,医療法人社団 蒼泉会 ひがし丘総合病院,.pptx,proposal,11.5,"{""path_term_match"": 2.0, ""route_kind_match"": 1.5, ""content_bm25"": 8.0}","path_term_match, route_kind_match, content_bm25",False,False,current_candidate_files_for_question,latest planner.py,high,False
valid,2,5,file_45d248a37508b209,data/raw/share/share/共有ドライブ/プロジェクト/医療法人社団 蒼泉会 ひがし丘総合病院/06.報告書/医療法人社団 蒼泉会 ひがし丘総合病院_最終報告.pdf,医療法人社団 蒼泉会 ひがし丘総合病院,.pdf,report,11.5,"{""path_term_match"": 2.0, ""route_kind_match"": 1.5, ""content_bm25"": 8.0}","path_term_match, route_kind_match, content_bm25",False,False,current_candidate_files_for_question,latest planner.py,high,False
valid,2,6,file_ef106a562ea6c4f4,data/raw/share/share/共有ドライブ/プロジェクト/株式会社青嶺不動産アセットマネジメント/00.提案/ニューヨーク不動産市場の最新動向調査.pdf,株式会社青嶺不動産アセットマネジメント,.pdf,proposal,11.5,"{""path_term_match"": 2.0, ""route_kind_match"": 1.5, ""content_bm25"": 8.0}","path_term_match, route_kind_match, content_bm25",False,False,current_candidate_files_for_question,latest planner.py,high,False
valid,2,7,file_e7f13ee43ffadf3e,data/raw/share/share/共有ドライブ/プロジェクト/白峰信用リスク評価株式会社/00.提案/提案書.pptx,白峰信用リスク評価株式会社,.pptx,proposal,9.4503,"{""path_term_match"": 2.0, ""route_kind_match"": 1.5, ""content_bm25"": 5.950258028027729}","path_term_match, route_kind_match, content_bm25",False,False,current_candidate_files_for_question,latest planner.py,high,False
valid,2,8,file_d9ecf52ef8521859,data/raw/share/share/共有ドライブ/プロジェクト/白峰信用リスク評価株式会社/00.提案/提案書old.pptx,白峰信用リスク評価株式会社,.pptx,proposal,9.4408,"{""path_term_match"": 2.0, ""route_kind_match"": 1.5, ""content_bm25"": 5.940829878404434}","path_term_match, route_kind_match, content_bm25",False,False,current_candidate_files_for_question,latest planner.py,high,False
valid,2,9,file_35dab804db563c49,data/raw/share/share/共有ドライブ/プロジェクト/医療法人社団 蒼樹会 みなみ野女性医療センター/00.提案/提案書.pptx,医療法人社団 蒼樹会 みなみ野女性医療センター,.pptx,proposal,8.8323,"{""path_term_match"": 2.0, ""route_kind_match"": 1.5, ""content_bm25"": 5.332347146875534}","path_term_match, route_kind_match, content_bm25",False,False,current_candidate_files_for_question,latest planner.py,high,False
valid,2,10,file_d8d532411b40c183,data/raw/share/share/共有ドライブ/プロジェクト/医療法人社団 恒一会 かえで総合病院/05.会議/会議録/会議録_2025-09-30.docx,医療法人社団 恒一会 かえで総合病院,.docx,meeting,8.4421,"{""path_term_match"": 2.0, ""route_kind_match"": 1.5, ""content_bm25"": 4.942136080799891}","path_term_match, route_kind_match, content_bm25",False,False,current_candidate_files_for_question,latest planner.py,high,False
valid,3,1,file_45d248a37508b209,data/raw/share/share/共有ドライブ/プロジェクト/医療法人社団 蒼泉会 ひがし丘総合病院/06.報告書/医療法人社団 蒼泉会 ひがし丘総合病院_最終報告.pdf,医療法人社団 蒼泉会 ひがし丘総合病院,.pdf,report,8.0,"{""content_bm25"": 8.0}",content_bm25,False,False,current_candidate_files_for_question,latest planner.py,high,False
valid,3,2,file_0305d0365eeba3e4,data/raw/share/share/共有ドライブ/プロジェクト/株式会社青嶺不動産アセットマネジメント/01.契約/契約書.docx,株式会社青嶺不動産アセットマネジメント,.docx,contract,8.0,"{""content_bm25"": 8.0}",content_bm25,False,False,current_candidate_files_for_question,latest planner.py,high,False
valid,3,3,file_8e7f976c6bf62fb6,data/raw/share/share/共有ドライブ/プロジェクト/株式会社東都人材プラットフォーム/00.提案/提案書.pptx,株式会社東都人材プラットフォーム,.pptx,proposal,7.3766,"{""content_bm25"": 7.376620174319202}",content_bm25,False,False,current_candidate_files_for_question,latest planner.py,high,False
valid,3,4,file_9c265e1ca7bc94dc,data/raw/share/share/共有ドライブ/プロジェクト/医療法人社団 蒼樹会 みなみ野女性医療センター/01.契約/契約書.docx,医療法人社団 蒼樹会 みなみ野女性医療センター,.docx,contract,6.7231,"{""content_bm25"": 6.723112026713681}",content_bm25,False,False,current_candidate_files_for_question,latest planner.py,high,False
valid,3,5,file_a438950d877600c8,data/raw/share/share/共有ドライブ/プロジェクト/青葉与信マネジメント株式会社/01.契約/契約書.docx,青葉与信マネジメント株式会社,.docx,contract,6.578,"{""content_bm25"": 6.578034441404193}",content_bm25,False,False,current_candidate_files_for_question,latest planner.py,high,False
valid,3,6,file_d2d39140cef077b8,data/raw/share/share/共有ドライブ/プロジェクト/株式会社青潮モビリティサービス/01.契約/契約書.docx,株式会社青潮モビリティサービス,.docx,contract,6.5167,"{""content_bm25"": 6.516730697896542}",content_bm25,False,False,current_candidate_files_for_question,latest planner.py,high,False
valid,3,7,file_70f9d108e37232bd,data/raw/share/share/共有ドライブ/プロジェクト/医療法人社団 蒼泉会 ひがし丘総合病院/00.提案/提案書.pptx,医療法人社団 蒼泉会 ひがし丘総合病院,.pptx,proposal,6.2875,"{""content_bm25"": 6.287476478852668}",content_bm25,False,False,current_candidate_files_for_question,latest planner.py,high,False
valid,3,8,file_0cd4fc42e961ecf5,data/raw/share/share/共有ドライブ/プロジェクト/医療法人社団 蒼泉会 ひがし丘総合病院/01.契約/契約書.docx,医療法人社団 蒼泉会 ひがし丘総合病院,.docx,contract,6.2614,"{""content_bm25"": 6.2614473392306245}",content_bm25,False,False,current_candidate_files_for_question,latest planner.py,high,False
valid,3,9,file_c406f4075e462625,data/raw/share/share/共有ドライブ/プロジェクト/株式会社青葉バイオメディカル機器/01.契約/契約書.docx,株式会社青葉バイオメディカル機器,.docx,contract,6.2435,"{""content_bm25"": 6.243467358346516}",content_bm25,False,False,current_candidate_files_for_question,latest planner.py,high,False
valid,3,10,file_d6eaf5cc92dbca27,data/raw/share/share/共有ドライブ/プロジェクト/株式会社青葉バイオメディカル機器/01.契約/契約書_draft.docx,株式会社青葉バイオメディカル機器,.docx,contract,6.2362,"{""content_bm25"": 6.236197703561377}",content_bm25,False,False,current_candidate_files_for_question,latest planner.py,high,False
valid,4,1,file_06de9f93dbf17b0b,data/raw/share/share/共有ドライブ/プロジェクト/株式会社青嶺不動産アセットマネジメント/04.分析/analysis_project/src/modeling.py,株式会社青嶺不動産アセットマネジメント,.py,analysis,26.0,"{""path_term_match"": 2.0, ""document_hint_match"": 8.0, ""required_file_type_match"": 3.0, ""route_kind_match"": 3.0, ""identifier_path_match"": 2.0, ""content_bm25"": 8.0}","path_term_match, document_hint_match, required_file_type_match, route_kind_match, identifier_path_match, content_bm25",False,False,current_candidate_files_for_question,latest planner.py,high,False
valid,4,2,file_fb2ee3796a98596f,data/raw/share/share/共有ドライブ/プロジェクト/京橋信用ソリューションズ株式会社/04.分析/analysis_project/src/modeling.py,京橋信用ソリューションズ株式会社,.py,analysis,18.0,"{""path_term_match"": 2.0, ""document_hint_match"": 8.0, ""required_file_type_match"": 3.0, ""route_kind_match"": 3.0, ""identifier_path_match"": 2.0}","path_term_match, document_hint_match, required_file_type_match, route_kind_match, identifier_path_match",False,False,current_candidate_files_for_question,latest planner.py,high,False
valid,4,3,file_5b90b11f6ffe8a31,data/raw/share/share/共有ドライブ/プロジェクト/医療法人社団 恒一会 かえで総合病院/04.分析/analysis_project/src/modeling.py,医療法人社団 恒一会 かえで総合病院,.py,analysis,18.0,"{""path_term_match"": 2.0, ""document_hint_match"": 8.0, ""required_file_type_match"": 3.0, ""route_kind_match"": 3.0, ""identifier_path_match"": 2.0}","path_term_match, document_hint_match, required_file_type_match, route_kind_match, identifier_path_match",False,False,current_candidate_files_for_question,latest planner.py,high,False
valid,4,4,file_24c4e468a9503d06,data/raw/share/share/共有ドライブ/プロジェクト/医療法人社団 蒼樹会 みなみ野女性医療センター/04.分析/analysis_project/src/modeling.py,医療法人社団 蒼樹会 みなみ野女性医療センター,.py,analysis,18.0,"{""path_term_match"": 2.0, ""document_hint_match"": 8.0, ""required_file_type_match"": 3.0, ""route_kind_match"": 3.0, ""identifier_path_match"": 2.0}","path_term_match, document_hint_match, required_file_type_match, route_kind_match, identifier_path_match",False,False,current_candidate_files_for_question,latest planner.py,high,False
valid,4,5,file_59fd66c337bc7322,data/raw/share/share/共有ドライブ/プロジェクト/医療法人社団 蒼泉会 ひがし丘総合病院/04.分析/analysis_project/src/modeling.py,医療法人社団 蒼泉会 ひがし丘総合病院,.py,analysis,18.0,"{""path_term_match"": 2.0, ""document_hint_match"": 8.0, ""required_file_type_match"": 3.0, ""route_kind_match"": 3.0, ""identifier_path_match"": 2.0}","path_term_match, document_hint_match, required_file_type_match, route_kind_match, identifier_path_match",False,False,current_candidate_files_for_question,latest planner.py,high,False
valid,4,6,file_d97b17ccc35aafaf,data/raw/share/share/共有ドライブ/プロジェクト/株式会社東都人材プラットフォーム/04.分析/analysis_project/src/modeling.py,株式会社東都人材プラットフォーム,.py,analysis,18.0,"{""path_term_match"": 2.0, ""document_hint_match"": 8.0, ""required_file_type_match"": 3.0, ""route_kind_match"": 3.0, ""identifier_path_match"": 2.0}","path_term_match, document_hint_match, required_file_type_match, route_kind_match, identifier_path_match",False,False,current_candidate_files_for_question,latest planner.py,high,False
valid,4,7,file_2b94fecbbe587f21,data/raw/share/share/共有ドライブ/プロジェクト/株式会社青嶺不動産アセットマネジメント/04.分析/analysis_project/notebooks/01_eda.ipynb,株式会社青嶺不動産アセットマネジメント,.ipynb,analysis,18.0,"{""path_term_match"": 2.0, ""required_file_type_match"": 3.0, ""route_kind_match"": 3.0, ""identifier_path_match"": 2.0, ""content_bm25"": 8.0}","path_term_match, required_file_type_match, route_kind_match, identifier_path_match, content_bm25",False,False,current_candidate_files_for_question,latest planner.py,high,False
valid,4,8,file_c34375e1e8d2bc19,data/raw/share/share/共有ドライブ/プロジェクト/株式会社青嶺不動産アセットマネジメント/04.分析/analysis_project/scripts/bootstrap_env.py,株式会社青嶺不動産アセットマネジメント,.py,analysis,18.0,"{""path_term_match"": 2.0, ""required_file_type_match"": 3.0, ""route_kind_match"": 3.0, ""identifier_path_match"": 2.0, ""content_bm25"": 8.0}","path_term_match, required_file_type_match, route_kind_match, identifier_path_match, content_bm25",False,False,current_candidate_files_for_question,latest planner.py,high,False
valid,4,9,file_d67af8dcbb6fcf21,data/raw/share/share/共有ドライブ/プロジェクト/株式会社青嶺不動産アセットマネジメント/04.分析/analysis_project/scripts/run_train.py,株式会社青嶺不動産アセットマネジメント,.py,data,18.0,"{""path_term_match"": 2.0, ""required_file_type_match"": 3.0, ""route_kind_match"": 3.0, ""identifier_path_match"": 2.0, ""content_bm25"": 8.0}","path_term_match, required_file_type_match, route_kind_match, identifier_path_match, content_bm25",False,False,current_candidate_files_for_question,latest planner.py,high,False
valid,4,10,file_ec32adcdcca7ba84,data/raw/share/share/共有ドライブ/プロジェクト/株式会社青嶺不動産アセットマネジメント/04.分析/analysis_project/src/common.py,株式会社青嶺不動産アセットマネジメント,.py,analysis,18.0,"{""path_term_match"": 2.0, ""required_file_type_match"": 3.0, ""route_kind_match"": 3.0, ""identifier_path_match"": 2.0, ""content_bm25"": 8.0}","path_term_match, required_file_type_match, route_kind_match, identifier_path_match, content_bm25",False,False,current_candidate_files_for_question,latest planner.py,high,False
valid,5,1,file_9453287d4c9b7701,data/raw/share/share/共有ドライブ/プロジェクト/株式会社青嶺不動産アセットマネジメント/06.報告書/株式会社青嶺不動産アセットマネジメント_最終報告.pptx,株式会社青嶺不動産アセットマネジメント,.pptx,report,11.5,"{""path_term_match"": 2.0, ""route_kind_match"": 1.5, ""content_bm25"": 8.0}","path_term_match, route_kind_match, content_bm25",False,False,current_candidate_files_for_question,latest planner.py,high,False
valid,5,2,file_e7f13ee43ffadf3e,data/raw/share/share/共有ドライブ/プロジェクト/白峰信用リスク評価株式会社/00.提案/提案書.pptx,白峰信用リスク評価株式会社,.pptx,proposal,11.5,"{""path_term_match"": 2.0, ""route_kind_match"": 1.5, ""content_bm25"": 8.0}","path_term_match, route_kind_match, content_bm25",False,False,current_candidate_files_for_question,latest planner.py,high,False
valid,5,3,file_d9ecf52ef8521859,data/raw/share/share/共有ドライブ/プロジェクト/白峰信用リスク評価株式会社/00.提案/提案書old.pptx,白峰信用リスク評価株式会社,.pptx,proposal,11.5,"{""path_term_match"": 2.0, ""route_kind_match"": 1.5, ""content_bm25"": 8.0}","path_term_match, route_kind_match, content_bm25",False,False,current_candidate_files_for_question,latest planner.py,high,False
valid,5,4,file_e9a98b71c2781a41,data/raw/share/share/共有ドライブ/プロジェクト/白峰信用リスク評価株式会社/06.報告書/白峰信用リスク評価株式会社_最終報告.pptx,白峰信用リスク評価株式会社,.pptx,report,11.5,"{""path_term_match"": 2.0, ""route_kind_match"": 1.5, ""content_bm25"": 8.0}","path_term_match, route_kind_match, content_bm25",False,False,current_candidate_files_for_question,latest planner.py,high,False
valid,5,5,file_9988c3de981d5347,data/raw/share/share/共有ドライブ/プロジェクト/青葉与信マネジメント株式会社/06.報告書/old/青葉与信マネジメント株式会社_最終報告.pptx,青葉与信マネジメント株式会社,.pptx,report,11.5,"{""path_term_match"": 2.0, ""route_kind_match"": 1.5, ""content_bm25"": 8.0}","path_term_match, route_kind_match, content_bm25",False,False,current_candidate_files_for_question,latest planner.py,high,False
valid,5,6,file_16c34387f25d4280,data/raw/share/share/共有ドライブ/プロジェクト/青葉与信マネジメント株式会社/06.報告書/青葉与信マネジメント株式会社_最終報告.pptx,青葉与信マネジメント株式会社,.pptx,report,11.5,"{""path_term_match"": 2.0, ""route_kind_match"": 1.5, ""content_bm25"": 8.0}","path_term_match, route_kind_match, content_bm25",False,False,current_candidate_files_for_question,latest planner.py,high,False
valid,5,7,file_a452ac5e9344e277,data/raw/share/share/共有ドライブ/プロジェクト/株式会社青葉バイオメディカル機器/06.報告書/株式会社青葉バイオメディカル機器_最終報告.pptx,株式会社青葉バイオメディカル機器,.pptx,report,11.1883,"{""path_term_match"": 2.0, ""route_kind_match"": 1.5, ""content_bm25"": 7.688322158228558}","path_term_match, route_kind_match, content_bm25",False,False,current_candidate_files_for_question,latest planner.py,high,False
valid,5,8,file_87b6070b1b78d8f6,data/raw/share/share/共有ドライブ/プロジェクト/青葉与信マネジメント株式会社/05.会議/会議録/会議録_2025-05-27.pdf,青葉与信マネジメント株式会社,.pdf,meeting,10.465,"{""path_term_match"": 2.0, ""route_kind_match"": 1.5, ""content_bm25"": 6.965038331221683}","path_term_match, route_kind_match, content_bm25",False,False,current_candidate_files_for_question,latest planner.py,high,False
valid,5,9,file_45d248a37508b209,data/raw/share/share/共有ドライブ/プロジェクト/医療法人社団 蒼泉会 ひがし丘総合病院/06.報告書/医療法人社団 蒼泉会 ひがし丘総合病院_最終報告.pdf,医療法人社団 蒼泉会 ひがし丘総合病院,.pdf,report,9.9494,"{""path_term_match"": 2.0, ""route_kind_match"": 1.5, ""content_bm25"": 6.44941748259928}","path_term_match, route_kind_match, content_bm25",False,False,current_candidate_files_for_question,latest planner.py,high,False
valid,5,10,file_cc8e97e3d637960f,data/raw/share/share/共有ドライブ/プロジェクト/医療法人社団 恒一会 かえで総合病院/06.報告書/医療法人社団 恒一会 かえで総合病院_最終報告.pptx,医療法人社団 恒一会 かえで総合病院,.pptx,report,9.7774,"{""path_term_match"": 2.0, ""route_kind_match"": 1.5, ""content_bm25"": 6.277392083019508}","path_term_match, route_kind_match, content_bm25",False,False,current_candidate_files_for_question,latest planner.py,high,False
valid,6,1,file_6bae87759176c513,data/raw/share/share/共有ドライブ/プロジェクト/医療法人社団 恒一会 かえで総合病院/03.データ/train.xlsx,医療法人社団 恒一会 かえで総合病院,.xlsx,data,14.7531,"{""path_term_match"": 2.0, ""required_file_type_match"": 3.0, ""route_kind_match"": 3.0, ""identifier_path_match"": 2.0, ""content_bm25"": 4.753130479439767}","path_term_match, required_file_type_match, route_kind_match, identifier_path_match, content_bm25",False,False,current_candidate_files_for_question,latest planner.py,high,False
valid,6,2,file_21fab58c1f410821,data/raw/share/share/共有ドライブ/プロジェクト/京橋信用ソリューションズ株式会社/02.計画/スケジュール.xlsx,京橋信用ソリューションズ株式会社,.xlsx,schedule,10.0,"{""path_term_match"": 2.0, ""required_file_type_match"": 3.0, ""route_kind_match"": 3.0, ""identifier_path_match"": 2.0}","path_term_match, required_file_type_match, route_kind_match, identifier_path_match",False,False,current_candidate_files_for_question,latest planner.py,high,False
valid,6,3,file_8fd0e20487420b74,data/raw/share/share/共有ドライブ/プロジェクト/京橋信用ソリューションズ株式会社/03.データ/train.csv,京橋信用ソリューションズ株式会社,.csv,data,10.0,"{""path_term_match"": 2.0, ""required_file_type_match"": 3.0, ""route_kind_match"": 3.0, ""identifier_path_match"": 2.0}","path_term_match, required_file_type_match, route_kind_match, identifier_path_match",False,False,current_candidate_files_for_question,latest planner.py,high,False
valid,6,4,file_d5e7d14b53826dc9,data/raw/share/share/共有ドライブ/プロジェクト/京橋信用ソリューションズ株式会社/04.分析/analysis_project/data/train.csv,京橋信用ソリューションズ株式会社,.csv,data,10.0,"{""path_term_match"": 2.0, ""required_file_type_match"": 3.0, ""route_kind_match"": 3.0, ""identifier_path_match"": 2.0}","path_term_match, required_file_type_match, route_kind_match, identifier_path_match",False,False,current_candidate_files_for_question,latest planner.py,high,False
valid,6,5,file_d72ac8163b01ef72,data/raw/share/share/共有ドライブ/プロジェクト/医療法人社団 恒一会 かえで総合病院/00.提案/提案書.pptx,医療法人社団 恒一会 かえで総合病院,.pptx,proposal,10.0,"{""path_term_match"": 2.0, ""content_bm25"": 8.0}","path_term_match, content_bm25",False,False,current_candidate_files_for_question,latest planner.py,high,False
valid,6,6,file_03d92cf92666adde,data/raw/share/share/共有ドライブ/プロジェクト/医療法人社団 恒一会 かえで総合病院/02.計画/~$スケジュール.xlsx,医療法人社団 恒一会 かえで総合病院,.xlsx,schedule,10.0,"{""path_term_match"": 2.0, ""required_file_type_match"": 3.0, ""route_kind_match"": 3.0, ""identifier_path_match"": 2.0}","path_term_match, required_file_type_match, route_kind_match, identifier_path_match",False,False,current_candidate_files_for_question,latest planner.py,high,False
valid,6,7,file_6aab39bed667662c,data/raw/share/share/共有ドライブ/プロジェクト/医療法人社団 恒一会 かえで総合病院/02.計画/スケジュール.xlsx,医療法人社団 恒一会 かえで総合病院,.xlsx,schedule,10.0,"{""path_term_match"": 2.0, ""required_file_type_match"": 3.0, ""route_kind_match"": 3.0, ""identifier_path_match"": 2.0}","path_term_match, required_file_type_match, route_kind_match, identifier_path_match",False,False,current_candidate_files_for_question,latest planner.py,high,False
valid,6,8,file_4fe0dd886c669e57,data/raw/share/share/共有ドライブ/プロジェクト/医療法人社団 恒一会 かえで総合病院/03.データ/train.csv,医療法人社団 恒一会 かえで総合病院,.csv,data,10.0,"{""path_term_match"": 2.0, ""required_file_type_match"": 3.0, ""route_kind_match"": 3.0, ""identifier_path_match"": 2.0}","path_term_match, required_file_type_match, route_kind_match, identifier_path_match",False,False,current_candidate_files_for_question,latest planner.py,high,False
valid,6,9,file_7adc687e255c7e58,data/raw/share/share/共有ドライブ/プロジェクト/医療法人社団 恒一会 かえで総合病院/04.分析/analysis_project/data/train.csv,医療法人社団 恒一会 かえで総合病院,.csv,data,10.0,"{""path_term_match"": 2.0, ""required_file_type_match"": 3.0, ""route_kind_match"": 3.0, ""identifier_path_match"": 2.0}","path_term_match, required_file_type_match, route_kind_match, identifier_path_match",False,False,current_candidate_files_for_question,latest planner.py,high,False
valid,6,10,file_cc8e97e3d637960f,data/raw/share/share/共有ドライブ/プロジェクト/医療法人社団 恒一会 かえで総合病院/06.報告書/医療法人社団 恒一会 かえで総合病院_最終報告.pptx,医療法人社団 恒一会 かえで総合病院,.pptx,report,10.0,"{""path_term_match"": 2.0, ""content_bm25"": 8.0}","path_term_match, content_bm25",False,False,current_candidate_files_for_question,latest planner.py,high,False
valid,7,1,file_8fd0e20487420b74,data/raw/share/share/共有ドライブ/プロジェクト/京橋信用ソリューションズ株式会社/03.データ/train.csv,京橋信用ソリューションズ株式会社,.csv,data,18.0,"{""path_term_match"": 2.0, ""document_hint_match"": 8.0, ""required_file_type_match"": 3.0, ""route_kind_match"": 3.0, ""identifier_path_match"": 2.0}","path_term_match, document_hint_match, required_file_type_match, route_kind_match, identifier_path_match",False,False,current_candidate_files_for_question,latest planner.py,high,False
valid,7,2,file_d5e7d14b53826dc9,data/raw/share/share/共有ドライブ/プロジェクト/京橋信用ソリューションズ株式会社/04.分析/analysis_project/data/train.csv,京橋信用ソリューションズ株式会社,.csv,data,18.0,"{""path_term_match"": 2.0, ""document_hint_match"": 8.0, ""required_file_type_match"": 3.0, ""route_kind_match"": 3.0, ""identifier_path_match"": 2.0}","path_term_match, document_hint_match, required_file_type_match, route_kind_match, identifier_path_match",False,False,current_candidate_files_for_question,latest planner.py,high,False
valid,7,3,file_4fe0dd886c669e57,data/raw/share/share/共有ドライブ/プロジェクト/医療法人社団 恒一会 かえで総合病院/03.データ/train.csv,医療法人社団 恒一会 かえで総合病院,.csv,data,18.0,"{""path_term_match"": 2.0, ""document_hint_match"": 8.0, ""required_file_type_match"": 3.0, ""route_kind_match"": 3.0, ""identifier_path_match"": 2.0}","path_term_match, document_hint_match, required_file_type_match, route_kind_match, identifier_path_match",False,False,current_candidate_files_for_question,latest planner.py,high,False
valid,7,4,file_7adc687e255c7e58,data/raw/share/share/共有ドライブ/プロジェクト/医療法人社団 恒一会 かえで総合病院/04.分析/analysis_project/data/train.csv,医療法人社団 恒一会 かえで総合病院,.csv,data,18.0,"{""path_term_match"": 2.0, ""document_hint_match"": 8.0, ""required_file_type_match"": 3.0, ""route_kind_match"": 3.0, ""identifier_path_match"": 2.0}","path_term_match, document_hint_match, required_file_type_match, route_kind_match, identifier_path_match",False,False,current_candidate_files_for_question,latest planner.py,high,False
valid,7,5,file_4e617bffe56a18e4,data/raw/share/share/共有ドライブ/プロジェクト/医療法人社団 蒼樹会 みなみ野女性医療センター/03.データ/train.csv,医療法人社団 蒼樹会 みなみ野女性医療センター,.csv,data,18.0,"{""path_term_match"": 2.0, ""document_hint_match"": 8.0, ""required_file_type_match"": 3.0, ""route_kind_match"": 3.0, ""identifier_path_match"": 2.0}","path_term_match, document_hint_match, required_file_type_match, route_kind_match, identifier_path_match",False,False,current_candidate_files_for_question,latest planner.py,high,False
valid,7,6,file_931053602339192c,data/raw/share/share/共有ドライブ/プロジェクト/医療法人社団 蒼樹会 みなみ野女性医療センター/04.分析/analysis_project/data/train.csv,医療法人社団 蒼樹会 みなみ野女性医療センター,.csv,data,18.0,"{""path_term_match"": 2.0, ""document_hint_match"": 8.0, ""required_file_type_match"": 3.0, ""route_kind_match"": 3.0, ""identifier_path_match"": 2.0}","path_term_match, document_hint_match, required_file_type_match, route_kind_match, identifier_path_match",False,False,current_candidate_files_for_question,latest planner.py,high,False
valid,7,7,file_8f181ae9e1155be2,data/raw/share/share/共有ドライブ/プロジェクト/医療法人社団 蒼泉会 ひがし丘総合病院/03.データ/train.csv,医療法人社団 蒼泉会 ひがし丘総合病院,.csv,data,18.0,"{""path_term_match"": 2.0, ""document_hint_match"": 8.0, ""required_file_type_match"": 3.0, ""route_kind_match"": 3.0, ""identifier_path_match"": 2.0}","path_term_match, document_hint_match, required_file_type_match, route_kind_match, identifier_path_match",False,False,current_candidate_files_for_question,latest planner.py,high,False
valid,7,8,file_bdbd0815be5e3b1e,data/raw/share/share/共有ドライブ/プロジェクト/医療法人社団 蒼泉会 ひがし丘総合病院/04.分析/analysis_project/data/train.csv,医療法人社団 蒼泉会 ひがし丘総合病院,.csv,data,18.0,"{""path_term_match"": 2.0, ""document_hint_match"": 8.0, ""required_file_type_match"": 3.0, ""route_kind_match"": 3.0, ""identifier_path_match"": 2.0}","path_term_match, document_hint_match, required_file_type_match, route_kind_match, identifier_path_match",False,False,current_candidate_files_for_question,latest planner.py,high,False
valid,7,9,file_a6a2c83346c0e405,data/raw/share/share/共有ドライブ/プロジェクト/株式会社東都人材プラットフォーム/03.データ/train.csv,株式会社東都人材プラットフォーム,.csv,data,18.0,"{""path_term_match"": 2.0, ""document_hint_match"": 8.0, ""required_file_type_match"": 3.0, ""route_kind_match"": 3.0, ""identifier_path_match"": 2.0}","path_term_match, document_hint_match, required_file_type_match, route_kind_match, identifier_path_match",False,False,current_candidate_files_for_question,latest planner.py,high,False
valid,7,10,file_2e07ffa7b98ec6ce,data/raw/share/share/共有ドライブ/プロジェクト/株式会社東都人材プラットフォーム/04.分析/analysis_project/data/train.csv,株式会社東都人材プラットフォーム,.csv,data,18.0,"{""path_term_match"": 2.0, ""document_hint_match"": 8.0, ""required_file_type_match"": 3.0, ""route_kind_match"": 3.0, ""identifier_path_match"": 2.0}","path_term_match, document_hint_match, required_file_type_match, route_kind_match, identifier_path_match",False,False,current_candidate_files_for_question,latest planner.py,high,False
valid,8,1,file_d72ac8163b01ef72,data/raw/share/share/共有ドライブ/プロジェクト/医療法人社団 恒一会 かえで総合病院/00.提案/提案書.pptx,医療法人社団 恒一会 かえで総合病院,.pptx,proposal,11.5,"{""path_term_match"": 2.0, ""route_kind_match"": 1.5, ""content_bm25"": 8.0}","path_term_match, route_kind_match, content_bm25",False,False,current_candidate_files_for_question,latest planner.py,high,False
valid,8,2,file_e87e9b3ab6b0d39a,data/raw/share/share/共有ドライブ/プロジェクト/医療法人社団 恒一会 かえで総合病院/01.契約/契約書_pw-kaede20250902.docx,医療法人社団 恒一会 かえで総合病院,.docx,contract,11.5,"{""path_term_match"": 2.0, ""route_kind_match"": 1.5, ""content_bm25"": 8.0}","path_term_match, route_kind_match, content_bm25",False,False,current_candidate_files_for_question,latest planner.py,high,False
valid,8,3,file_cc8e97e3d637960f,data/raw/share/share/共有ドライブ/プロジェクト/医療法人社団 恒一会 かえで総合病院/06.報告書/医療法人社団 恒一会 かえで総合病院_最終報告.pptx,医療法人社団 恒一会 かえで総合病院,.pptx,report,11.5,"{""path_term_match"": 2.0, ""route_kind_match"": 1.5, ""content_bm25"": 8.0}","path_term_match, route_kind_match, content_bm25",False,False,current_candidate_files_for_question,latest planner.py,high,False
valid,8,4,file_c2047ca2e1b6baa2,data/raw/share/share/共有ドライブ/プロジェクト/医療法人社団 恒一会 かえで総合病院/06.報告書/医療法人社団 恒一会 かえで総合病院_最終報告_old.pptx,医療法人社団 恒一会 かえで総合病院,.pptx,report,11.5,"{""path_term_match"": 2.0, ""route_kind_match"": 1.5, ""content_bm25"": 8.0}","path_term_match, route_kind_match, content_bm25",False,False,current_candidate_files_for_question,latest planner.py,high,False
valid,8,5,file_70f9d108e37232bd,data/raw/share/share/共有ドライブ/プロジェクト/医療法人社団 蒼泉会 ひがし丘総合病院/00.提案/提案書.pptx,医療法人社団 蒼泉会 ひがし丘総合病院,.pptx,proposal,11.5,"{""path_term_match"": 2.0, ""route_kind_match"": 1.5, ""content_bm25"": 8.0}","path_term_match, route_kind_match, content_bm25",False,False,current_candidate_files_for_question,latest planner.py,high,False
valid,8,6,file_0cd4fc42e961ecf5,data/raw/share/share/共有ドライブ/プロジェクト/医療法人社団 蒼泉会 ひがし丘総合病院/01.契約/契約書.docx,医療法人社団 蒼泉会 ひがし丘総合病院,.docx,contract,11.5,"{""path_term_match"": 2.0, ""route_kind_match"": 1.5, ""content_bm25"": 8.0}","path_term_match, route_kind_match, content_bm25",False,False,current_candidate_files_for_question,latest planner.py,high,False
valid,8,7,file_04ff0c1d08714623,data/raw/share/share/共有ドライブ/プロジェクト/医療法人社団 蒼泉会 ひがし丘総合病院/05.会議/報告資料/報告資料_2025-07-08.docx,医療法人社団 蒼泉会 ひがし丘総合病院,.docx,meeting,11.5,"{""path_term_match"": 2.0, ""route_kind_match"": 1.5, ""content_bm25"": 8.0}","path_term_match, route_kind_match, content_bm25",False,False,current_candidate_files_for_question,latest planner.py,high,False
valid,8,8,file_45d248a37508b209,data/raw/share/share/共有ドライブ/プロジェクト/医療法人社団 蒼泉会 ひがし丘総合病院/06.報告書/医療法人社団 蒼泉会 ひがし丘総合病院_最終報告.pdf,医療法人社団 蒼泉会 ひがし丘総合病院,.pdf,report,11.5,"{""path_term_match"": 2.0, ""route_kind_match"": 1.5, ""content_bm25"": 8.0}","path_term_match, route_kind_match, content_bm25",False,False,current_candidate_files_for_question,latest planner.py,high,False
valid,8,9,file_dd5371813c5647dd,data/raw/share/share/共有ドライブ/プロジェクト/株式会社東都人材プラットフォーム/01.契約/契約書.docx,株式会社東都人材プラットフォーム,.docx,contract,11.5,"{""path_term_match"": 2.0, ""route_kind_match"": 1.5, ""content_bm25"": 8.0}","path_term_match, route_kind_match, content_bm25",False,False,current_candidate_files_for_question,latest planner.py,high,False
valid,8,10,file_be1cc2431b394277,data/raw/share/share/共有ドライブ/プロジェクト/株式会社東都人材プラットフォーム/06.報告書/株式会社東都人材プラットフォーム_最終報告.pptx,株式会社東都人材プラットフォーム,.pptx,report,11.5,"{""path_term_match"": 2.0, ""route_kind_match"": 1.5, ""content_bm25"": 8.0}","path_term_match, route_kind_match, content_bm25",False,False,current_candidate_files_for_question,latest planner.py,high,False
valid,9,1,file_3dbffa905dc9b2b1,data/raw/share/share/共有ドライブ/プロジェクト/株式会社青嶺不動産アセットマネジメント/00.提案/old/提案書.pptx,株式会社青嶺不動産アセットマネジメント,.pptx,proposal,15.0,"{""path_term_match"": 2.0, ""required_file_type_match"": 3.0, ""identifier_path_match"": 2.0, ""content_bm25"": 8.0}","path_term_match, required_file_type_match, identifier_path_match, content_bm25",False,False,current_candidate_files_for_question,latest planner.py,high,False
valid,9,2,file_ef106a562ea6c4f4,data/raw/share/share/共有ドライブ/プロジェクト/株式会社青嶺不動産アセットマネジメント/00.提案/ニューヨーク不動産市場の最新動向調査.pdf,株式会社青嶺不動産アセットマネジメント,.pdf,proposal,13.0,"{""path_term_match"": 2.0, ""required_file_type_match"": 3.0, ""content_bm25"": 8.0}","path_term_match, required_file_type_match, content_bm25",False,False,current_candidate_files_for_question,latest planner.py,high,False
valid,9,3,file_831dbc2d4bc189c3,data/raw/share/share/共有ドライブ/プロジェクト/株式会社青嶺不動産アセットマネジメント/00.提案/提案書.pptx,株式会社青嶺不動産アセットマネジメント,.pptx,proposal,13.0,"{""path_term_match"": 2.0, ""required_file_type_match"": 3.0, ""content_bm25"": 8.0}","path_term_match, required_file_type_match, content_bm25",False,False,current_candidate_files_for_question,latest planner.py,high,False
valid,9,4,file_4fa8d55179bcaeab,data/raw/share/share/共有ドライブ/プロジェクト/株式会社青嶺不動産アセットマネジメント/05.会議/報告資料/報告資料_2025-08-26.pdf,株式会社青嶺不動産アセットマネジメント,.pdf,meeting,13.0,"{""path_term_match"": 2.0, ""required_file_type_match"": 3.0, ""content_bm25"": 8.0}","path_term_match, required_file_type_match, content_bm25",False,False,current_candidate_files_for_question,latest planner.py,high,False
valid,9,5,file_9453287d4c9b7701,data/raw/share/share/共有ドライブ/プロジェクト/株式会社青嶺不動産アセットマネジメント/06.報告書/株式会社青嶺不動産アセットマネジメント_最終報告.pptx,株式会社青嶺不動産アセットマネジメント,.pptx,report,13.0,"{""path_term_match"": 2.0, ""required_file_type_match"": 3.0, ""content_bm25"": 8.0}","path_term_match, required_file_type_match, content_bm25",False,False,current_candidate_files_for_question,latest planner.py,high,False
valid,9,6,file_9282f76758d4435e,data/raw/share/share/共有ドライブ/プロジェクト/株式会社青嶺不動産アセットマネジメント/05.会議/会議録/会議録_2025-09-16.docx,株式会社青嶺不動産アセットマネジメント,.docx,meeting,12.8521,"{""path_term_match"": 2.0, ""required_file_type_match"": 3.0, ""content_bm25"": 7.852099364501317}","path_term_match, required_file_type_match, content_bm25",False,False,current_candidate_files_for_question,latest planner.py,high,False
valid,9,7,file_2b94fecbbe587f21,data/raw/share/share/共有ドライブ/プロジェクト/株式会社青嶺不動産アセットマネジメント/04.分析/analysis_project/notebooks/01_eda.ipynb,株式会社青嶺不動産アセットマネジメント,.ipynb,analysis,10.0,"{""path_term_match"": 2.0, ""content_bm25"": 8.0}","path_term_match, content_bm25",False,False,current_candidate_files_for_question,latest planner.py,high,False
valid,9,8,file_c34375e1e8d2bc19,data/raw/share/share/共有ドライブ/プロジェクト/株式会社青嶺不動産アセットマネジメント/04.分析/analysis_project/scripts/bootstrap_env.py,株式会社青嶺不動産アセットマネジメント,.py,analysis,10.0,"{""path_term_match"": 2.0, ""content_bm25"": 8.0}","path_term_match, content_bm25",False,False,current_candidate_files_for_question,latest planner.py,high,False
valid,9,9,file_d67af8dcbb6fcf21,data/raw/share/share/共有ドライブ/プロジェクト/株式会社青嶺不動産アセットマネジメント/04.分析/analysis_project/scripts/run_train.py,株式会社青嶺不動産アセットマネジメント,.py,data,10.0,"{""path_term_match"": 2.0, ""content_bm25"": 8.0}","path_term_match, content_bm25",False,False,current_candidate_files_for_question,latest planner.py,high,False
valid,9,10,file_ec32adcdcca7ba84,data/raw/share/share/共有ドライブ/プロジェクト/株式会社青嶺不動産アセットマネジメント/04.分析/analysis_project/src/common.py,株式会社青嶺不動産アセットマネジメント,.py,analysis,10.0,"{""path_term_match"": 2.0, ""content_bm25"": 8.0}","path_term_match, content_bm25",False,False,current_candidate_files_for_question,latest planner.py,high,False
valid,10,1,file_35dab804db563c49,data/raw/share/share/共有ドライブ/プロジェクト/医療法人社団 蒼樹会 みなみ野女性医療センター/00.提案/提案書.pptx,医療法人社団 蒼樹会 みなみ野女性医療センター,.pptx,proposal,10.0,"{""path_term_match"": 2.0, ""content_bm25"": 8.0}","path_term_match, content_bm25",False,False,current_candidate_files_for_question,latest planner.py,high,False
valid,10,2,file_bf3657e26a136347,data/raw/share/share/共有ドライブ/プロジェクト/医療法人社団 蒼樹会 みなみ野女性医療センター/00.提案/糖尿病統計情報.docx,医療法人社団 蒼樹会 みなみ野女性医療センター,.docx,proposal,10.0,"{""path_term_match"": 2.0, ""content_bm25"": 8.0}","path_term_match, content_bm25",False,False,current_candidate_files_for_question,latest planner.py,high,False
valid,10,3,file_6d3070cd9e872c23,data/raw/share/share/共有ドライブ/プロジェクト/医療法人社団 蒼樹会 みなみ野女性医療センター/04.分析/analysis_project/notebooks/01_eda.ipynb,医療法人社団 蒼樹会 みなみ野女性医療センター,.ipynb,analysis,10.0,"{""path_term_match"": 2.0, ""content_bm25"": 8.0}","path_term_match, content_bm25",False,False,current_candidate_files_for_question,latest planner.py,high,False
valid,10,4,file_6cfd790efdc747b0,data/raw/share/share/共有ドライブ/プロジェクト/医療法人社団 蒼樹会 みなみ野女性医療センター/04.分析/analysis_project/scripts/bootstrap_env.py,医療法人社団 蒼樹会 みなみ野女性医療センター,.py,analysis,10.0,"{""path_term_match"": 2.0, ""content_bm25"": 8.0}","path_term_match, content_bm25",False,False,current_candidate_files_for_question,latest planner.py,high,False
valid,10,5,file_135e8b12ad5af353,data/raw/share/share/共有ドライブ/プロジェクト/医療法人社団 蒼樹会 みなみ野女性医療センター/04.分析/analysis_project/src/common.py,医療法人社団 蒼樹会 みなみ野女性医療センター,.py,analysis,10.0,"{""path_term_match"": 2.0, ""content_bm25"": 8.0}","path_term_match, content_bm25",False,False,current_candidate_files_for_question,latest planner.py,high,False
valid,10,6,file_697f969debd6e282,data/raw/share/share/共有ドライブ/プロジェクト/医療法人社団 蒼樹会 みなみ野女性医療センター/04.分析/analysis_project/src/infer.py,医療法人社団 蒼樹会 みなみ野女性医療センター,.py,analysis,10.0,"{""path_term_match"": 2.0, ""content_bm25"": 8.0}","path_term_match, content_bm25",False,False,current_candidate_files_for_question,latest planner.py,high,False
valid,10,7,file_a61875e51c4e6ba7,data/raw/share/share/共有ドライブ/プロジェクト/医療法人社団 蒼樹会 みなみ野女性医療センター/05.会議/会議録/会議録_2025-04-03.pdf,医療法人社団 蒼樹会 みなみ野女性医療センター,.pdf,meeting,10.0,"{""path_term_match"": 2.0, ""content_bm25"": 8.0}","path_term_match, content_bm25",False,False,current_candidate_files_for_question,latest planner.py,high,False
valid,10,8,file_197352b337f4cbc8,data/raw/share/share/共有ドライブ/プロジェクト/医療法人社団 蒼樹会 みなみ野女性医療センター/05.会議/会議録/会議録_2025-04-24.pdf,医療法人社団 蒼樹会 みなみ野女性医療センター,.pdf,meeting,10.0,"{""path_term_match"": 2.0, ""content_bm25"": 8.0}","path_term_match, content_bm25",False,False,current_candidate_files_for_question,latest planner.py,high,False
valid,10,9,file_ed8004a9eff370bd,data/raw/share/share/共有ドライブ/プロジェクト/医療法人社団 蒼樹会 みなみ野女性医療センター/05.会議/会議録/会議録_2025-05-15.pdf,医療法人社団 蒼樹会 みなみ野女性医療センター,.pdf,meeting,10.0,"{""path_term_match"": 2.0, ""content_bm25"": 8.0}","path_term_match, content_bm25",False,False,current_candidate_files_for_question,latest planner.py,high,False
valid,10,10,file_089d47a29a455478,data/raw/share/share/共有ドライブ/プロジェクト/医療法人社団 蒼樹会 みなみ野女性医療センター/05.会議/報告資料/報告資料_2025-04-03.pdf,医療法人社団 蒼樹会 みなみ野女性医療センター,.pdf,meeting,10.0,"{""path_term_match"": 2.0, ""content_bm25"": 8.0}","path_term_match, content_bm25",False,False,current_candidate_files_for_question,latest planner.py,high,False
valid,11,1,file_3a4964aae9b99206,data/raw/share/share/共有ドライブ/プロジェクト/株式会社東都人材プラットフォーム/03.データ/train.xlsx,株式会社東都人材プラットフォーム,.xlsx,data,14.9088,"{""path_term_match"": 2.0, ""required_file_type_match"": 3.0, ""route_kind_match"": 3.0, ""identifier_path_match"": 2.0, ""content_bm25"": 4.9088273082373535}","path_term_match, required_file_type_match, route_kind_match, identifier_path_match, content_bm25",False,False,current_candidate_files_for_question,latest planner.py,high,False
valid,11,2,file_21fab58c1f410821,data/raw/share/share/共有ドライブ/プロジェクト/京橋信用ソリューションズ株式会社/02.計画/スケジュール.xlsx,京橋信用ソリューションズ株式会社,.xlsx,schedule,10.0,"{""path_term_match"": 2.0, ""required_file_type_match"": 3.0, ""route_kind_match"": 3.0, ""identifier_path_match"": 2.0}","path_term_match, required_file_type_match, route_kind_match, identifier_path_match",False,False,current_candidate_files_for_question,latest planner.py,high,False
valid,11,3,file_8fd0e20487420b74,data/raw/share/share/共有ドライブ/プロジェクト/京橋信用ソリューションズ株式会社/03.データ/train.csv,京橋信用ソリューションズ株式会社,.csv,data,10.0,"{""path_term_match"": 2.0, ""required_file_type_match"": 3.0, ""route_kind_match"": 3.0, ""identifier_path_match"": 2.0}","path_term_match, required_file_type_match, route_kind_match, identifier_path_match",False,False,current_candidate_files_for_question,latest planner.py,high,False
valid,11,4,file_d5e7d14b53826dc9,data/raw/share/share/共有ドライブ/プロジェクト/京橋信用ソリューションズ株式会社/04.分析/analysis_project/data/train.csv,京橋信用ソリューションズ株式会社,.csv,data,10.0,"{""path_term_match"": 2.0, ""required_file_type_match"": 3.0, ""route_kind_match"": 3.0, ""identifier_path_match"": 2.0}","path_term_match, required_file_type_match, route_kind_match, identifier_path_match",False,False,current_candidate_files_for_question,latest planner.py,high,False
valid,11,5,file_03d92cf92666adde,data/raw/share/share/共有ドライブ/プロジェクト/医療法人社団 恒一会 かえで総合病院/02.計画/~$スケジュール.xlsx,医療法人社団 恒一会 かえで総合病院,.xlsx,schedule,10.0,"{""path_term_match"": 2.0, ""required_file_type_match"": 3.0, ""route_kind_match"": 3.0, ""identifier_path_match"": 2.0}","path_term_match, required_file_type_match, route_kind_match, identifier_path_match",False,False,current_candidate_files_for_question,latest planner.py,high,False
valid,11,6,file_6aab39bed667662c,data/raw/share/share/共有ドライブ/プロジェクト/医療法人社団 恒一会 かえで総合病院/02.計画/スケジュール.xlsx,医療法人社団 恒一会 かえで総合病院,.xlsx,schedule,10.0,"{""path_term_match"": 2.0, ""required_file_type_match"": 3.0, ""route_kind_match"": 3.0, ""identifier_path_match"": 2.0}","path_term_match, required_file_type_match, route_kind_match, identifier_path_match",False,False,current_candidate_files_for_question,latest planner.py,high,False
valid,11,7,file_4fe0dd886c669e57,data/raw/share/share/共有ドライブ/プロジェクト/医療法人社団 恒一会 かえで総合病院/03.データ/train.csv,医療法人社団 恒一会 かえで総合病院,.csv,data,10.0,"{""path_term_match"": 2.0, ""required_file_type_match"": 3.0, ""route_kind_match"": 3.0, ""identifier_path_match"": 2.0}","path_term_match, required_file_type_match, route_kind_match, identifier_path_match",False,False,current_candidate_files_for_question,latest planner.py,high,False
valid,11,8,file_6bae87759176c513,data/raw/share/share/共有ドライブ/プロジェクト/医療法人社団 恒一会 かえで総合病院/03.データ/train.xlsx,医療法人社団 恒一会 かえで総合病院,.xlsx,data,10.0,"{""path_term_match"": 2.0, ""required_file_type_match"": 3.0, ""route_kind_match"": 3.0, ""identifier_path_match"": 2.0}","path_term_match, required_file_type_match, route_kind_match, identifier_path_match",False,False,current_candidate_files_for_question,latest planner.py,high,False
valid,11,9,file_7adc687e255c7e58,data/raw/share/share/共有ドライブ/プロジェクト/医療法人社団 恒一会 かえで総合病院/04.分析/analysis_project/data/train.csv,医療法人社団 恒一会 かえで総合病院,.csv,data,10.0,"{""path_term_match"": 2.0, ""required_file_type_match"": 3.0, ""route_kind_match"": 3.0, ""identifier_path_match"": 2.0}","path_term_match, required_file_type_match, route_kind_match, identifier_path_match",False,False,current_candidate_files_for_question,latest planner.py,high,False
valid,11,10,file_8726afc0efe9d707,data/raw/share/share/共有ドライブ/プロジェクト/医療法人社団 蒼樹会 みなみ野女性医療センター/02.計画/スケジュール.xlsx,医療法人社団 蒼樹会 みなみ野女性医療センター,.xlsx,schedule,10.0,"{""path_term_match"": 2.0, ""required_file_type_match"": 3.0, ""route_kind_match"": 3.0, ""identifier_path_match"": 2.0}","path_term_match, required_file_type_match, route_kind_match, identifier_path_match",False,False,current_candidate_files_for_question,latest planner.py,high,False
valid,12,1,file_1aff1b560a3f2e24,data/raw/share/share/共有ドライブ/プロジェクト/京橋信用ソリューションズ株式会社/00.提案/提案書_final.pptx,京橋信用ソリューションズ株式会社,.pptx,proposal,11.5,"{""path_term_match"": 2.0, ""route_kind_match"": 1.5, ""content_bm25"": 8.0}","path_term_match, route_kind_match, content_bm25",False,False,current_candidate_files_for_question,latest planner.py,high,False
valid,12,2,file_7f6ba34feefeb01a,data/raw/share/share/共有ドライブ/プロジェクト/京橋信用ソリューションズ株式会社/00.提案/提案書_v1.pptx,京橋信用ソリューションズ株式会社,.pptx,proposal,11.5,"{""path_term_match"": 2.0, ""route_kind_match"": 1.5, ""content_bm25"": 8.0}","path_term_match, route_kind_match, content_bm25",False,False,current_candidate_files_for_question,latest planner.py,high,False
valid,12,3,file_5ad86df755747585,data/raw/share/share/共有ドライブ/プロジェクト/京橋信用ソリューションズ株式会社/05.会議/会議録/会議録_2025-10-29.pdf,京橋信用ソリューションズ株式会社,.pdf,meeting,11.5,"{""path_term_match"": 2.0, ""route_kind_match"": 1.5, ""content_bm25"": 8.0}","path_term_match, route_kind_match, content_bm25",False,False,current_candidate_files_for_question,latest planner.py,high,False
valid,12,4,file_cd36c2a74b87c74c,data/raw/share/share/共有ドライブ/プロジェクト/京橋信用ソリューションズ株式会社/05.会議/会議録/会議録_2025-11-11.pdf,京橋信用ソリューションズ株式会社,.pdf,meeting,11.5,"{""path_term_match"": 2.0, ""route_kind_match"": 1.5, ""content_bm25"": 8.0}","path_term_match, route_kind_match, content_bm25",False,False,current_candidate_files_for_question,latest planner.py,high,False
valid,12,5,file_dfcdb508120d023c,data/raw/share/share/共有ドライブ/プロジェクト/京橋信用ソリューションズ株式会社/06.報告書/京橋信用ソリューションズ株式会社_最終報告.pptx,京橋信用ソリューションズ株式会社,.pptx,report,11.5,"{""path_term_match"": 2.0, ""route_kind_match"": 1.5, ""content_bm25"": 8.0}","path_term_match, route_kind_match, content_bm25",False,False,current_candidate_files_for_question,latest planner.py,high,False
valid,12,6,file_d0e5ce038fcc828c,data/raw/share/share/共有ドライブ/プロジェクト/京橋信用ソリューションズ株式会社/05.会議/会議録/会議録_2025-10-01.pdf,京橋信用ソリューションズ株式会社,.pdf,meeting,11.3745,"{""path_term_match"": 2.0, ""route_kind_match"": 1.5, ""content_bm25"": 7.874530831911846}","path_term_match, route_kind_match, content_bm25",False,False,current_candidate_files_for_question,latest planner.py,high,False
valid,12,7,file_0783e32af794bbe2,data/raw/share/share/共有ドライブ/プロジェクト/京橋信用ソリューションズ株式会社/04.分析/analysis_project/notebooks/01_eda.ipynb,京橋信用ソリューションズ株式会社,.ipynb,analysis,10.0,"{""path_term_match"": 2.0, ""content_bm25"": 8.0}","path_term_match, content_bm25",False,False,current_candidate_files_for_question,latest planner.py,high,False
valid,12,8,file_3aefd3a41f06070a,data/raw/share/share/共有ドライブ/プロジェクト/京橋信用ソリューションズ株式会社/04.分析/analysis_project/scripts/bootstrap_env.py,京橋信用ソリューションズ株式会社,.py,analysis,10.0,"{""path_term_match"": 2.0, ""content_bm25"": 8.0}","path_term_match, content_bm25",False,False,current_candidate_files_for_question,latest planner.py,high,False
valid,12,9,file_f19b300bf59d72b5,data/raw/share/share/共有ドライブ/プロジェクト/京橋信用ソリューションズ株式会社/04.分析/analysis_project/src/common.py,京橋信用ソリューションズ株式会社,.py,analysis,10.0,"{""path_term_match"": 2.0, ""content_bm25"": 8.0}","path_term_match, content_bm25",False,False,current_candidate_files_for_question,latest planner.py,high,False
valid,12,10,file_e26109ce6117286d,data/raw/share/share/共有ドライブ/プロジェクト/京橋信用ソリューションズ株式会社/04.分析/analysis_project/src/preprocess.py,京橋信用ソリューションズ株式会社,.py,analysis,10.0,"{""path_term_match"": 2.0, ""content_bm25"": 8.0}","path_term_match, content_bm25",False,False,current_candidate_files_for_question,latest planner.py,high,False
valid,13,1,file_624a769964f085e1,data/raw/share/share/共有ドライブ/プロジェクト/青葉与信マネジメント株式会社/03.データ/train.csv,青葉与信マネジメント株式会社,.csv,data,14.6416,"{""path_term_match"": 2.0, ""required_file_type_match"": 3.0, ""route_kind_match"": 3.0, ""content_bm25"": 6.641581597629615}","path_term_match, required_file_type_match, route_kind_match, content_bm25",False,False,current_candidate_files_for_question,latest planner.py,high,False
valid,13,2,file_59d7cc694bc82bf8,data/raw/share/share/共有ドライブ/プロジェクト/青葉与信マネジメント株式会社/04.分析/analysis_project/data/train.csv,青葉与信マネジメント株式会社,.csv,data,14.5854,"{""path_term_match"": 2.0, ""required_file_type_match"": 3.0, ""route_kind_match"": 3.0, ""content_bm25"": 6.585350013920048}","path_term_match, required_file_type_match, route_kind_match, content_bm25",False,False,current_candidate_files_for_question,latest planner.py,high,False
valid,13,3,file_3d1ee2f352845e9b,data/raw/share/share/共有ドライブ/プロジェクト/青葉与信マネジメント株式会社/04.分析/analysis_project/artifacts/analysis_outputs/train_preview.csv,青葉与信マネジメント株式会社,.csv,data,14.5829,"{""path_term_match"": 2.0, ""required_file_type_match"": 3.0, ""route_kind_match"": 3.0, ""content_bm25"": 6.5829088345891575}","path_term_match, required_file_type_match, route_kind_match, content_bm25",False,False,current_candidate_files_for_question,latest planner.py,high,False
valid,13,4,file_3cc4285b0cde0346,data/raw/share/share/共有ドライブ/プロジェクト/青葉与信マネジメント株式会社/03.データ/train.xlsx,青葉与信マネジメント株式会社,.xlsx,data,14.4202,"{""path_term_match"": 2.0, ""required_file_type_match"": 3.0, ""route_kind_match"": 3.0, ""content_bm25"": 6.420169153870759}","path_term_match, required_file_type_match, route_kind_match, content_bm25",False,False,current_candidate_files_for_question,latest planner.py,high,False
valid,13,5,file_3dbffa905dc9b2b1,data/raw/share/share/共有ドライブ/プロジェクト/株式会社青嶺不動産アセットマネジメント/00.提案/old/提案書.pptx,株式会社青嶺不動産アセットマネジメント,.pptx,proposal,10.0,"{""path_term_match"": 2.0, ""content_bm25"": 8.0}","path_term_match, content_bm25",False,False,current_candidate_files_for_question,latest planner.py,high,False
valid,13,6,file_831dbc2d4bc189c3,data/raw/share/share/共有ドライブ/プロジェクト/株式会社青嶺不動産アセットマネジメント/00.提案/提案書.pptx,株式会社青嶺不動産アセットマネジメント,.pptx,proposal,10.0,"{""path_term_match"": 2.0, ""content_bm25"": 8.0}","path_term_match, content_bm25",False,False,current_candidate_files_for_question,latest planner.py,high,False
valid,13,7,file_55b4c40fc1e8e7bc,data/raw/share/share/共有ドライブ/プロジェクト/青葉与信マネジメント株式会社/00.提案/提案書_v1.pptx,青葉与信マネジメント株式会社,.pptx,proposal,10.0,"{""path_term_match"": 2.0, ""content_bm25"": 8.0}","path_term_match, content_bm25",False,False,current_candidate_files_for_question,latest planner.py,high,False
valid,13,8,file_08a9d0fb95bae44c,data/raw/share/share/共有ドライブ/プロジェクト/青葉与信マネジメント株式会社/00.提案/提案書_v2.pptx,青葉与信マネジメント株式会社,.pptx,proposal,10.0,"{""path_term_match"": 2.0, ""content_bm25"": 8.0}","path_term_match, content_bm25",False,False,current_candidate_files_for_question,latest planner.py,high,False
valid,13,9,file_9969b5d674125f4c,data/raw/share/share/共有ドライブ/プロジェクト/青葉与信マネジメント株式会社/00.提案/提案書_v3.pptx,青葉与信マネジメント株式会社,.pptx,proposal,10.0,"{""path_term_match"": 2.0, ""content_bm25"": 8.0}","path_term_match, content_bm25",False,False,current_candidate_files_for_question,latest planner.py,high,False
valid,13,10,file_19f178a22d2fdecf,data/raw/share/share/共有ドライブ/プロジェクト/青葉与信マネジメント株式会社/04.分析/analysis_project/notebooks/01_eda.ipynb,青葉与信マネジメント株式会社,.ipynb,analysis,10.0,"{""path_term_match"": 2.0, ""content_bm25"": 8.0}","path_term_match, content_bm25",False,False,current_candidate_files_for_question,latest planner.py,high,False
valid,14,1,file_2c99707d925747c6,data/raw/share/share/共有ドライブ/プロジェクト/株式会社青葉バイオメディカル機器/00.提案/提案書.pdf,株式会社青葉バイオメディカル機器,.pdf,proposal,11.5,"{""path_term_match"": 2.0, ""route_kind_match"": 1.5, ""content_bm25"": 8.0}","path_term_match, route_kind_match, content_bm25",False,False,current_candidate_files_for_question,latest planner.py,high,False
valid,14,2,file_841c963d4394b02e,data/raw/share/share/共有ドライブ/プロジェクト/株式会社青葉バイオメディカル機器/05.会議/報告資料/報告資料_2025-06-23.docx,株式会社青葉バイオメディカル機器,.docx,meeting,11.5,"{""path_term_match"": 2.0, ""route_kind_match"": 1.5, ""content_bm25"": 8.0}","path_term_match, route_kind_match, content_bm25",False,False,current_candidate_files_for_question,latest planner.py,high,False
valid,14,3,file_68c8fede4948d806,data/raw/share/share/共有ドライブ/プロジェクト/株式会社青葉バイオメディカル機器/05.会議/報告資料/報告資料_2025-07-11.docx,株式会社青葉バイオメディカル機器,.docx,meeting,11.5,"{""path_term_match"": 2.0, ""route_kind_match"": 1.5, ""content_bm25"": 8.0}","path_term_match, route_kind_match, content_bm25",False,False,current_candidate_files_for_question,latest planner.py,high,False
valid,14,4,file_a452ac5e9344e277,data/raw/share/share/共有ドライブ/プロジェクト/株式会社青葉バイオメディカル機器/06.報告書/株式会社青葉バイオメディカル機器_最終報告.pptx,株式会社青葉バイオメディカル機器,.pptx,report,11.5,"{""path_term_match"": 2.0, ""route_kind_match"": 1.5, ""content_bm25"": 8.0}","path_term_match, route_kind_match, content_bm25",False,False,current_candidate_files_for_question,latest planner.py,high,False
valid,14,5,file_bf15b15d5d3aa360,data/raw/share/share/共有ドライブ/プロジェクト/株式会社青葉バイオメディカル機器/04.分析/analysis_project/notebooks/01_eda.ipynb,株式会社青葉バイオメディカル機器,.ipynb,analysis,10.0,"{""path_term_match"": 2.0, ""content_bm25"": 8.0}","path_term_match, content_bm25",False,False,current_candidate_files_for_question,latest planner.py,high,False
valid,14,6,file_87ad503a925b6078,data/raw/share/share/共有ドライブ/プロジェクト/株式会社青葉バイオメディカル機器/04.分析/analysis_project/scripts/bootstrap_env.py,株式会社青葉バイオメディカル機器,.py,analysis,10.0,"{""path_term_match"": 2.0, ""content_bm25"": 8.0}","path_term_match, content_bm25",False,False,current_candidate_files_for_question,latest planner.py,high,False
valid,14,7,file_948e194c5cd597ee,data/raw/share/share/共有ドライブ/プロジェクト/株式会社青葉バイオメディカル機器/04.分析/analysis_project/scripts/run_train.py,株式会社青葉バイオメディカル機器,.py,data,10.0,"{""path_term_match"": 2.0, ""content_bm25"": 8.0}","path_term_match, content_bm25",False,False,current_candidate_files_for_question,latest planner.py,high,False
valid,14,8,file_bddea9402d644215,data/raw/share/share/共有ドライブ/プロジェクト/株式会社青葉バイオメディカル機器/04.分析/analysis_project/src/common.py,株式会社青葉バイオメディカル機器,.py,analysis,10.0,"{""path_term_match"": 2.0, ""content_bm25"": 8.0}","path_term_match, content_bm25",False,False,current_candidate_files_for_question,latest planner.py,high,False
valid,14,9,file_69289dcd3ecabac0,data/raw/share/share/共有ドライブ/プロジェクト/株式会社東都人材プラットフォーム/00.提案/データサイエンティスト調査.docx,株式会社東都人材プラットフォーム,.docx,proposal,8.8892,"{""path_term_match"": 2.0, ""route_kind_match"": 1.5, ""content_bm25"": 5.389245388491395}","path_term_match, route_kind_match, content_bm25",False,False,current_candidate_files_for_question,latest planner.py,high,False
valid,14,10,file_0cebeecfce1e65b4,data/raw/share/share/共有ドライブ/プロジェクト/株式会社青葉バイオメディカル機器/04.分析/analysis_project/src/infer.py,株式会社青葉バイオメディカル機器,.py,analysis,8.4131,"{""path_term_match"": 2.0, ""content_bm25"": 6.413087096677591}","path_term_match, content_bm25",False,False,current_candidate_files_for_question,latest planner.py,high,False
valid,15,1,file_4fa8d55179bcaeab,data/raw/share/share/共有ドライブ/プロジェクト/株式会社青嶺不動産アセットマネジメント/05.会議/報告資料/報告資料_2025-08-26.pdf,株式会社青嶺不動産アセットマネジメント,.pdf,meeting,11.5,"{""path_term_match"": 2.0, ""route_kind_match"": 1.5, ""content_bm25"": 8.0}","path_term_match, route_kind_match, content_bm25",False,False,current_candidate_files_for_question,latest planner.py,high,False
valid,15,2,file_e27cdf1ec1397056,data/raw/share/share/共有ドライブ/プロジェクト/青葉与信マネジメント株式会社/05.会議/会議録/会議録_2025-04-09.pdf,青葉与信マネジメント株式会社,.pdf,meeting,11.5,"{""path_term_match"": 2.0, ""route_kind_match"": 1.5, ""content_bm25"": 8.0}","path_term_match, route_kind_match, content_bm25",False,False,current_candidate_files_for_question,latest planner.py,high,False
valid,15,3,file_68c8fede4948d806,data/raw/share/share/共有ドライブ/プロジェクト/株式会社青葉バイオメディカル機器/05.会議/報告資料/報告資料_2025-07-11.docx,株式会社青葉バイオメディカル機器,.docx,meeting,10.7974,"{""path_term_match"": 2.0, ""route_kind_match"": 1.5, ""content_bm25"": 7.297410468463865}","path_term_match, route_kind_match, content_bm25",False,False,current_candidate_files_for_question,latest planner.py,high,False
valid,15,4,file_3214e231bd5034de,data/raw/share/share/共有ドライブ/プロジェクト/医療法人社団 恒一会 かえで総合病院/05.会議/報告資料/報告資料_2025-09-16.docx,医療法人社団 恒一会 かえで総合病院,.docx,meeting,9.9992,"{""path_term_match"": 2.0, ""route_kind_match"": 1.5, ""content_bm25"": 6.49919929401103}","path_term_match, route_kind_match, content_bm25",False,False,current_candidate_files_for_question,latest planner.py,high,False
valid,15,5,file_58533c3139b39f95,data/raw/share/share/共有ドライブ/プロジェクト/青葉与信マネジメント株式会社/05.会議/報告資料/報告資料_2025-04-29.docx,青葉与信マネジメント株式会社,.docx,meeting,9.8912,"{""path_term_match"": 2.0, ""route_kind_match"": 1.5, ""content_bm25"": 6.391245891763622}","path_term_match, route_kind_match, content_bm25",False,False,current_candidate_files_for_question,latest planner.py,high,False
valid,15,6,file_d12079229f546ac0,data/raw/share/share/共有ドライブ/プロジェクト/医療法人社団 蒼泉会 ひがし丘総合病院/05.会議/会議録/会議録_2025-07-22.docx,医療法人社団 蒼泉会 ひがし丘総合病院,.docx,meeting,9.7969,"{""path_term_match"": 2.0, ""route_kind_match"": 1.5, ""content_bm25"": 6.296947952292503}","path_term_match, route_kind_match, content_bm25",False,False,current_candidate_files_for_question,latest planner.py,high,False
valid,15,7,file_16c34387f25d4280,data/raw/share/share/共有ドライブ/プロジェクト/青葉与信マネジメント株式会社/06.報告書/青葉与信マネジメント株式会社_最終報告.pptx,青葉与信マネジメント株式会社,.pptx,report,9.6763,"{""path_term_match"": 2.0, ""route_kind_match"": 1.5, ""content_bm25"": 6.176334118865168}","path_term_match, route_kind_match, content_bm25",False,False,current_candidate_files_for_question,latest planner.py,high,False
valid,15,8,file_9988c3de981d5347,data/raw/share/share/共有ドライブ/プロジェクト/青葉与信マネジメント株式会社/06.報告書/old/青葉与信マネジメント株式会社_最終報告.pptx,青葉与信マネジメント株式会社,.pptx,report,9.6691,"{""path_term_match"": 2.0, ""route_kind_match"": 1.5, ""content_bm25"": 6.169110695773036}","path_term_match, route_kind_match, content_bm25",False,False,current_candidate_files_for_question,latest planner.py,high,False
valid,15,9,file_ef6b3d40c6cbf84f,data/raw/share/share/共有ドライブ/プロジェクト/青葉与信マネジメント株式会社/05.会議/報告資料/報告資料_2025-04-09.docx,青葉与信マネジメント株式会社,.docx,meeting,9.5415,"{""path_term_match"": 2.0, ""route_kind_match"": 1.5, ""content_bm25"": 6.041514605628979}","path_term_match, route_kind_match, content_bm25",False,False,current_candidate_files_for_question,latest planner.py,high,False
valid,15,10,file_4d734b2c30ad41ee,data/raw/share/share/共有ドライブ/プロジェクト/株式会社青嶺不動産アセットマネジメント/05.会議/報告資料/報告資料_2025-08-06.pdf,株式会社青嶺不動産アセットマネジメント,.pdf,meeting,9.5317,"{""path_term_match"": 2.0, ""route_kind_match"": 1.5, ""content_bm25"": 6.031711427809634}","path_term_match, route_kind_match, content_bm25",False,False,current_candidate_files_for_question,latest planner.py,high,False
valid,16,1,file_ef106a562ea6c4f4,data/raw/share/share/共有ドライブ/プロジェクト/株式会社青嶺不動産アセットマネジメント/00.提案/ニューヨーク不動産市場の最新動向調査.pdf,株式会社青嶺不動産アセットマネジメント,.pdf,proposal,9.5,"{""route_kind_match"": 1.5, ""content_bm25"": 8.0}","route_kind_match, content_bm25",False,False,current_candidate_files_for_question,latest planner.py,high,False
valid,16,2,file_1aff1b560a3f2e24,data/raw/share/share/共有ドライブ/プロジェクト/京橋信用ソリューションズ株式会社/00.提案/提案書_final.pptx,京橋信用ソリューションズ株式会社,.pptx,proposal,9.451,"{""route_kind_match"": 1.5, ""content_bm25"": 7.950985987788696}","route_kind_match, content_bm25",False,False,current_candidate_files_for_question,latest planner.py,high,False
valid,16,3,file_7f6ba34feefeb01a,data/raw/share/share/共有ドライブ/プロジェクト/京橋信用ソリューションズ株式会社/00.提案/提案書_v1.pptx,京橋信用ソリューションズ株式会社,.pptx,proposal,9.451,"{""route_kind_match"": 1.5, ""content_bm25"": 7.950985987788696}","route_kind_match, content_bm25",False,False,current_candidate_files_for_question,latest planner.py,high,False
valid,16,4,file_d72ac8163b01ef72,data/raw/share/share/共有ドライブ/プロジェクト/医療法人社団 恒一会 かえで総合病院/00.提案/提案書.pptx,医療法人社団 恒一会 かえで総合病院,.pptx,proposal,8.4979,"{""route_kind_match"": 1.5, ""content_bm25"": 6.997862130819085}","route_kind_match, content_bm25",False,False,current_candidate_files_for_question,latest planner.py,high,False
valid,16,5,file_841c963d4394b02e,data/raw/share/share/共有ドライブ/プロジェクト/株式会社青葉バイオメディカル機器/05.会議/報告資料/報告資料_2025-06-23.docx,株式会社青葉バイオメディカル機器,.docx,meeting,7.0575,"{""route_kind_match"": 1.5, ""content_bm25"": 5.557487736370604}","route_kind_match, content_bm25",False,False,current_candidate_files_for_question,latest planner.py,high,False
valid,16,6,file_87b6070b1b78d8f6,data/raw/share/share/共有ドライブ/プロジェクト/青葉与信マネジメント株式会社/05.会議/会議録/会議録_2025-05-27.pdf,青葉与信マネジメント株式会社,.pdf,meeting,6.4753,"{""route_kind_match"": 1.5, ""content_bm25"": 4.975255054626411}","route_kind_match, content_bm25",False,False,current_candidate_files_for_question,latest planner.py,high,False
valid,16,7,file_c0492f5ded148f2a,data/raw/share/share/共有ドライブ/プロジェクト/株式会社青葉バイオメディカル機器/05.会議/会議録/会議録_2025-07-25.docx,株式会社青葉バイオメディカル機器,.docx,meeting,5.3387,"{""route_kind_match"": 1.5, ""content_bm25"": 3.8387008475073285}","route_kind_match, content_bm25",False,False,current_candidate_files_for_question,latest planner.py,high,False
valid,16,8,file_75398ea43c9e3497,data/raw/share/share/共有ドライブ/プロジェクト/株式会社青葉バイオメディカル機器/05.会議/会議録/会議録_2025-07-11.docx,株式会社青葉バイオメディカル機器,.docx,meeting,5.311,"{""route_kind_match"": 1.5, ""content_bm25"": 3.8109657780841744}","route_kind_match, content_bm25",False,False,current_candidate_files_for_question,latest planner.py,high,False
valid,16,9,file_be3974a03a5ef2fe,data/raw/share/share/共有ドライブ/プロジェクト/医療法人社団 蒼泉会 ひがし丘総合病院/05.会議/会議録/会議録_2025-08-05.docx,医療法人社団 蒼泉会 ひがし丘総合病院,.docx,meeting,5.1067,"{""route_kind_match"": 1.5, ""content_bm25"": 3.606666375084135}","route_kind_match, content_bm25",False,False,current_candidate_files_for_question,latest planner.py,high,False
valid,16,10,file_45d248a37508b209,data/raw/share/share/共有ドライブ/プロジェクト/医療法人社団 蒼泉会 ひがし丘総合病院/06.報告書/医療法人社団 蒼泉会 ひがし丘総合病院_最終報告.pdf,医療法人社団 蒼泉会 ひがし丘総合病院,.pdf,report,4.8705,"{""route_kind_match"": 1.5, ""content_bm25"": 3.3704727947268847}","route_kind_match, content_bm25",False,False,current_candidate_files_for_question,latest planner.py,high,False
valid,17,1,file_1aff1b560a3f2e24,data/raw/share/share/共有ドライブ/プロジェクト/京橋信用ソリューションズ株式会社/00.提案/提案書_final.pptx,京橋信用ソリューションズ株式会社,.pptx,proposal,11.5,"{""path_term_match"": 2.0, ""route_kind_match"": 1.5, ""content_bm25"": 8.0}","path_term_match, route_kind_match, content_bm25",False,False,current_candidate_files_for_question,latest planner.py,high,False
valid,17,2,file_7f6ba34feefeb01a,data/raw/share/share/共有ドライブ/プロジェクト/京橋信用ソリューションズ株式会社/00.提案/提案書_v1.pptx,京橋信用ソリューションズ株式会社,.pptx,proposal,11.5,"{""path_term_match"": 2.0, ""route_kind_match"": 1.5, ""content_bm25"": 8.0}","path_term_match, route_kind_match, content_bm25",False,False,current_candidate_files_for_question,latest planner.py,high,False
valid,17,3,file_d0e5ce038fcc828c,data/raw/share/share/共有ドライブ/プロジェクト/京橋信用ソリューションズ株式会社/05.会議/会議録/会議録_2025-10-01.pdf,京橋信用ソリューションズ株式会社,.pdf,meeting,11.5,"{""path_term_match"": 2.0, ""route_kind_match"": 1.5, ""content_bm25"": 8.0}","path_term_match, route_kind_match, content_bm25",False,False,current_candidate_files_for_question,latest planner.py,high,False
valid,17,4,file_5ad86df755747585,data/raw/share/share/共有ドライブ/プロジェクト/京橋信用ソリューションズ株式会社/05.会議/会議録/会議録_2025-10-29.pdf,京橋信用ソリューションズ株式会社,.pdf,meeting,11.5,"{""path_term_match"": 2.0, ""route_kind_match"": 1.5, ""content_bm25"": 8.0}","path_term_match, route_kind_match, content_bm25",False,False,current_candidate_files_for_question,latest planner.py,high,False
valid,17,5,file_dfcdb508120d023c,data/raw/share/share/共有ドライブ/プロジェクト/京橋信用ソリューションズ株式会社/06.報告書/京橋信用ソリューションズ株式会社_最終報告.pptx,京橋信用ソリューションズ株式会社,.pptx,report,11.5,"{""path_term_match"": 2.0, ""route_kind_match"": 1.5, ""content_bm25"": 8.0}","path_term_match, route_kind_match, content_bm25",False,False,current_candidate_files_for_question,latest planner.py,high,False
valid,17,6,file_ea61a37d7e6f7c38,data/raw/share/share/共有ドライブ/プロジェクト/京橋信用ソリューションズ株式会社/03.データ/カラム説明.md,京橋信用ソリューションズ株式会社,.md,data,10.1767,"{""path_term_match"": 2.0, ""route_kind_match"": 1.5, ""content_bm25"": 6.676700371484908}","path_term_match, route_kind_match, content_bm25",False,False,current_candidate_files_for_question,latest planner.py,high,False
valid,17,7,file_b39cff866c2e898e,data/raw/share/share/共有ドライブ/プロジェクト/京橋信用ソリューションズ株式会社/04.分析/analysis_project/data/カラム説明.md,京橋信用ソリューションズ株式会社,.md,data,10.1591,"{""path_term_match"": 2.0, ""route_kind_match"": 1.5, ""content_bm25"": 6.659140329186045}","path_term_match, route_kind_match, content_bm25",False,False,current_candidate_files_for_question,latest planner.py,high,False
valid,17,8,file_0783e32af794bbe2,data/raw/share/share/共有ドライブ/プロジェクト/京橋信用ソリューションズ株式会社/04.分析/analysis_project/notebooks/01_eda.ipynb,京橋信用ソリューションズ株式会社,.ipynb,analysis,10.0,"{""path_term_match"": 2.0, ""content_bm25"": 8.0}","path_term_match, content_bm25",False,False,current_candidate_files_for_question,latest planner.py,high,False
valid,17,9,file_3aefd3a41f06070a,data/raw/share/share/共有ドライブ/プロジェクト/京橋信用ソリューションズ株式会社/04.分析/analysis_project/scripts/bootstrap_env.py,京橋信用ソリューションズ株式会社,.py,analysis,10.0,"{""path_term_match"": 2.0, ""content_bm25"": 8.0}","path_term_match, content_bm25",False,False,current_candidate_files_for_question,latest planner.py,high,False
valid,17,10,file_f19b300bf59d72b5,data/raw/share/share/共有ドライブ/プロジェクト/京橋信用ソリューションズ株式会社/04.分析/analysis_project/src/common.py,京橋信用ソリューションズ株式会社,.py,analysis,10.0,"{""path_term_match"": 2.0, ""content_bm25"": 8.0}","path_term_match, content_bm25",False,False,current_candidate_files_for_question,latest planner.py,high,False
valid,18,1,file_69289dcd3ecabac0,data/raw/share/share/共有ドライブ/プロジェクト/株式会社東都人材プラットフォーム/00.提案/データサイエンティスト調査.docx,株式会社東都人材プラットフォーム,.docx,proposal,10.9757,"{""path_term_match"": 2.0, ""route_kind_match"": 1.5, ""content_bm25"": 7.475658101453221}","path_term_match, route_kind_match, content_bm25",False,False,current_candidate_files_for_question,latest planner.py,high,False
valid,18,2,file_35dab804db563c49,data/raw/share/share/共有ドライブ/プロジェクト/医療法人社団 蒼樹会 みなみ野女性医療センター/00.提案/提案書.pptx,医療法人社団 蒼樹会 みなみ野女性医療センター,.pptx,proposal,9.5,"{""route_kind_match"": 1.5, ""content_bm25"": 8.0}","route_kind_match, content_bm25",False,False,current_candidate_files_for_question,latest planner.py,high,False
valid,18,3,file_3dbffa905dc9b2b1,data/raw/share/share/共有ドライブ/プロジェクト/株式会社青嶺不動産アセットマネジメント/00.提案/old/提案書.pptx,株式会社青嶺不動産アセットマネジメント,.pptx,proposal,9.5,"{""route_kind_match"": 1.5, ""content_bm25"": 8.0}","route_kind_match, content_bm25",False,False,current_candidate_files_for_question,latest planner.py,high,False
valid,18,4,file_ef106a562ea6c4f4,data/raw/share/share/共有ドライブ/プロジェクト/株式会社青嶺不動産アセットマネジメント/00.提案/ニューヨーク不動産市場の最新動向調査.pdf,株式会社青嶺不動産アセットマネジメント,.pdf,proposal,9.5,"{""route_kind_match"": 1.5, ""content_bm25"": 8.0}","route_kind_match, content_bm25",False,False,current_candidate_files_for_question,latest planner.py,high,False
valid,18,5,file_831dbc2d4bc189c3,data/raw/share/share/共有ドライブ/プロジェクト/株式会社青嶺不動産アセットマネジメント/00.提案/提案書.pptx,株式会社青嶺不動産アセットマネジメント,.pptx,proposal,9.5,"{""route_kind_match"": 1.5, ""content_bm25"": 8.0}","route_kind_match, content_bm25",False,False,current_candidate_files_for_question,latest planner.py,high,False
valid,18,6,file_55b4c40fc1e8e7bc,data/raw/share/share/共有ドライブ/プロジェクト/青葉与信マネジメント株式会社/00.提案/提案書_v1.pptx,青葉与信マネジメント株式会社,.pptx,proposal,7.9471,"{""route_kind_match"": 1.5, ""content_bm25"": 6.447123123446698}","route_kind_match, content_bm25",False,False,current_candidate_files_for_question,latest planner.py,high,False
valid,18,7,file_d72ac8163b01ef72,data/raw/share/share/共有ドライブ/プロジェクト/医療法人社団 恒一会 かえで総合病院/00.提案/提案書.pptx,医療法人社団 恒一会 かえで総合病院,.pptx,proposal,7.9383,"{""route_kind_match"": 1.5, ""content_bm25"": 6.4382719790133605}","route_kind_match, content_bm25",False,False,current_candidate_files_for_question,latest planner.py,high,False
valid,18,8,file_08a9d0fb95bae44c,data/raw/share/share/共有ドライブ/プロジェクト/青葉与信マネジメント株式会社/00.提案/提案書_v2.pptx,青葉与信マネジメント株式会社,.pptx,proposal,7.9292,"{""route_kind_match"": 1.5, ""content_bm25"": 6.429206683663961}","route_kind_match, content_bm25",False,False,current_candidate_files_for_question,latest planner.py,high,False
valid,18,9,file_9969b5d674125f4c,data/raw/share/share/共有ドライブ/プロジェクト/青葉与信マネジメント株式会社/00.提案/提案書_v3.pptx,青葉与信マネジメント株式会社,.pptx,proposal,7.9292,"{""route_kind_match"": 1.5, ""content_bm25"": 6.429206683663961}","route_kind_match, content_bm25",False,False,current_candidate_files_for_question,latest planner.py,high,False
valid,18,10,file_0305d0365eeba3e4,data/raw/share/share/共有ドライブ/プロジェクト/株式会社青嶺不動産アセットマネジメント/01.契約/契約書.docx,株式会社青嶺不動産アセットマネジメント,.docx,contract,7.6177,"{""route_kind_match"": 1.5, ""content_bm25"": 6.117744311162828}","route_kind_match, content_bm25",False,False,current_candidate_files_for_question,latest planner.py,high,False
valid,19,1,file_3dbffa905dc9b2b1,data/raw/share/share/共有ドライブ/プロジェクト/株式会社青嶺不動産アセットマネジメント/00.提案/old/提案書.pptx,株式会社青嶺不動産アセットマネジメント,.pptx,proposal,11.5,"{""path_term_match"": 2.0, ""route_kind_match"": 1.5, ""content_bm25"": 8.0}","path_term_match, route_kind_match, content_bm25",False,False,current_candidate_files_for_question,latest planner.py,high,False
valid,19,2,file_831dbc2d4bc189c3,data/raw/share/share/共有ドライブ/プロジェクト/株式会社青嶺不動産アセットマネジメント/00.提案/提案書.pptx,株式会社青嶺不動産アセットマネジメント,.pptx,proposal,11.5,"{""path_term_match"": 2.0, ""route_kind_match"": 1.5, ""content_bm25"": 8.0}","path_term_match, route_kind_match, content_bm25",False,False,current_candidate_files_for_question,latest planner.py,high,False
valid,19,3,file_0305d0365eeba3e4,data/raw/share/share/共有ドライブ/プロジェクト/株式会社青嶺不動産アセットマネジメント/01.契約/契約書.docx,株式会社青嶺不動産アセットマネジメント,.docx,contract,11.5,"{""path_term_match"": 2.0, ""route_kind_match"": 1.5, ""content_bm25"": 8.0}","path_term_match, route_kind_match, content_bm25",False,False,current_candidate_files_for_question,latest planner.py,high,False
valid,19,4,file_9453287d4c9b7701,data/raw/share/share/共有ドライブ/プロジェクト/株式会社青嶺不動産アセットマネジメント/06.報告書/株式会社青嶺不動産アセットマネジメント_最終報告.pptx,株式会社青嶺不動産アセットマネジメント,.pptx,report,11.5,"{""path_term_match"": 2.0, ""route_kind_match"": 1.5, ""content_bm25"": 8.0}","path_term_match, route_kind_match, content_bm25",False,False,current_candidate_files_for_question,latest planner.py,high,False
valid,19,5,file_2b94fecbbe587f21,data/raw/share/share/共有ドライブ/プロジェクト/株式会社青嶺不動産アセットマネジメント/04.分析/analysis_project/notebooks/01_eda.ipynb,株式会社青嶺不動産アセットマネジメント,.ipynb,analysis,10.0,"{""path_term_match"": 2.0, ""content_bm25"": 8.0}","path_term_match, content_bm25",False,False,current_candidate_files_for_question,latest planner.py,high,False
valid,19,6,file_c34375e1e8d2bc19,data/raw/share/share/共有ドライブ/プロジェクト/株式会社青嶺不動産アセットマネジメント/04.分析/analysis_project/scripts/bootstrap_env.py,株式会社青嶺不動産アセットマネジメント,.py,analysis,10.0,"{""path_term_match"": 2.0, ""content_bm25"": 8.0}","path_term_match, content_bm25",False,False,current_candidate_files_for_question,latest planner.py,high,False
valid,19,7,file_d67af8dcbb6fcf21,data/raw/share/share/共有ドライブ/プロジェクト/株式会社青嶺不動産アセットマネジメント/04.分析/analysis_project/scripts/run_train.py,株式会社青嶺不動産アセットマネジメント,.py,data,10.0,"{""path_term_match"": 2.0, ""content_bm25"": 8.0}","path_term_match, content_bm25",False,False,current_candidate_files_for_question,latest planner.py,high,False
valid,19,8,file_ec32adcdcca7ba84,data/raw/share/share/共有ドライブ/プロジェクト/株式会社青嶺不動産アセットマネジメント/04.分析/analysis_project/src/common.py,株式会社青嶺不動産アセットマネジメント,.py,analysis,10.0,"{""path_term_match"": 2.0, ""content_bm25"": 8.0}","path_term_match, content_bm25",False,False,current_candidate_files_for_question,latest planner.py,high,False
valid,19,9,file_b5a7eee764f2edf2,data/raw/share/share/共有ドライブ/プロジェクト/株式会社青嶺不動産アセットマネジメント/04.分析/analysis_project/src/features.py,株式会社青嶺不動産アセットマネジメント,.py,analysis,10.0,"{""path_term_match"": 2.0, ""content_bm25"": 8.0}","path_term_match, content_bm25",False,False,current_candidate_files_for_question,latest planner.py,high,False
valid,19,10,file_fc397c8d57c24e48,data/raw/share/share/共有ドライブ/プロジェクト/株式会社青嶺不動産アセットマネジメント/04.分析/analysis_project/src/infer.py,株式会社青嶺不動産アセットマネジメント,.py,analysis,10.0,"{""path_term_match"": 2.0, ""content_bm25"": 8.0}","path_term_match, content_bm25",False,False,current_candidate_files_for_question,latest planner.py,high,False
valid,20,1,file_3dbffa905dc9b2b1,data/raw/share/share/共有ドライブ/プロジェクト/株式会社青嶺不動産アセットマネジメント/00.提案/old/提案書.pptx,株式会社青嶺不動産アセットマネジメント,.pptx,proposal,9.5,"{""route_kind_match"": 1.5, ""content_bm25"": 8.0}","route_kind_match, content_bm25",False,False,current_candidate_files_for_question,latest planner.py,high,False
valid,20,2,file_831dbc2d4bc189c3,data/raw/share/share/共有ドライブ/プロジェクト/株式会社青嶺不動産アセットマネジメント/00.提案/提案書.pptx,株式会社青嶺不動産アセットマネジメント,.pptx,proposal,9.5,"{""route_kind_match"": 1.5, ""content_bm25"": 8.0}","route_kind_match, content_bm25",False,False,current_candidate_files_for_question,latest planner.py,high,False
valid,20,3,file_55b4c40fc1e8e7bc,data/raw/share/share/共有ドライブ/プロジェクト/青葉与信マネジメント株式会社/00.提案/提案書_v1.pptx,青葉与信マネジメント株式会社,.pptx,proposal,9.5,"{""route_kind_match"": 1.5, ""content_bm25"": 8.0}","route_kind_match, content_bm25",False,False,current_candidate_files_for_question,latest planner.py,high,False
valid,20,4,file_08a9d0fb95bae44c,data/raw/share/share/共有ドライブ/プロジェクト/青葉与信マネジメント株式会社/00.提案/提案書_v2.pptx,青葉与信マネジメント株式会社,.pptx,proposal,9.5,"{""route_kind_match"": 1.5, ""content_bm25"": 8.0}","route_kind_match, content_bm25",False,False,current_candidate_files_for_question,latest planner.py,high,False
valid,20,5,file_9969b5d674125f4c,data/raw/share/share/共有ドライブ/プロジェクト/青葉与信マネジメント株式会社/00.提案/提案書_v3.pptx,青葉与信マネジメント株式会社,.pptx,proposal,9.5,"{""route_kind_match"": 1.5, ""content_bm25"": 8.0}","route_kind_match, content_bm25",False,False,current_candidate_files_for_question,latest planner.py,high,False
valid,20,6,file_591a79dbe934438c,data/raw/share/share/共有ドライブ/プロジェクト/株式会社青潮モビリティサービス/00.提案/提案書.pptx,株式会社青潮モビリティサービス,.pptx,proposal,8.8402,"{""route_kind_match"": 1.5, ""content_bm25"": 7.3402423567375195}","route_kind_match, content_bm25",False,False,current_candidate_files_for_question,latest planner.py,high,False
valid,20,7,file_68c8fede4948d806,data/raw/share/share/共有ドライブ/プロジェクト/株式会社青葉バイオメディカル機器/05.会議/報告資料/報告資料_2025-07-11.docx,株式会社青葉バイオメディカル機器,.docx,meeting,8.5299,"{""route_kind_match"": 1.5, ""content_bm25"": 7.029878120098801}","route_kind_match, content_bm25",False,False,current_candidate_files_for_question,latest planner.py,high,False
valid,20,8,file_d72ac8163b01ef72,data/raw/share/share/共有ドライブ/プロジェクト/医療法人社団 恒一会 かえで総合病院/00.提案/提案書.pptx,医療法人社団 恒一会 かえで総合病院,.pptx,proposal,7.14,"{""route_kind_match"": 1.5, ""content_bm25"": 5.640020359443323}","route_kind_match, content_bm25",False,False,current_candidate_files_for_question,latest planner.py,high,False
valid,20,9,file_a452ac5e9344e277,data/raw/share/share/共有ドライブ/プロジェクト/株式会社青葉バイオメディカル機器/06.報告書/株式会社青葉バイオメディカル機器_最終報告.pptx,株式会社青葉バイオメディカル機器,.pptx,report,7.1122,"{""route_kind_match"": 1.5, ""content_bm25"": 5.612178037267469}","route_kind_match, content_bm25",False,False,current_candidate_files_for_question,latest planner.py,high,False
valid,20,10,file_c0492f5ded148f2a,data/raw/share/share/共有ドライブ/プロジェクト/株式会社青葉バイオメディカル機器/05.会議/会議録/会議録_2025-07-25.docx,株式会社青葉バイオメディカル機器,.docx,meeting,7.0023,"{""route_kind_match"": 1.5, ""content_bm25"": 5.5022566787950975}","route_kind_match, content_bm25",False,False,current_candidate_files_for_question,latest planner.py,high,False
valid,21,1,file_948e194c5cd597ee,data/raw/share/share/共有ドライブ/プロジェクト/株式会社青葉バイオメディカル機器/04.分析/analysis_project/scripts/run_train.py,株式会社青葉バイオメディカル機器,.py,data,12.0,"{""path_term_match"": 2.0, ""identifier_path_match"": 2.0, ""content_bm25"": 8.0}","path_term_match, identifier_path_match, content_bm25",False,False,current_candidate_files_for_question,latest planner.py,high,False
valid,21,2,file_21fab58c1f410821,data/raw/share/share/共有ドライブ/プロジェクト/京橋信用ソリューションズ株式会社/02.計画/スケジュール.xlsx,京橋信用ソリューションズ株式会社,.xlsx,schedule,10.0,"{""path_term_match"": 2.0, ""required_file_type_match"": 3.0, ""route_kind_match"": 3.0, ""identifier_path_match"": 2.0}","path_term_match, required_file_type_match, route_kind_match, identifier_path_match",False,False,current_candidate_files_for_question,latest planner.py,high,False
valid,21,3,file_8fd0e20487420b74,data/raw/share/share/共有ドライブ/プロジェクト/京橋信用ソリューションズ株式会社/03.データ/train.csv,京橋信用ソリューションズ株式会社,.csv,data,10.0,"{""path_term_match"": 2.0, ""required_file_type_match"": 3.0, ""route_kind_match"": 3.0, ""identifier_path_match"": 2.0}","path_term_match, required_file_type_match, route_kind_match, identifier_path_match",False,False,current_candidate_files_for_question,latest planner.py,high,False
valid,21,4,file_d5e7d14b53826dc9,data/raw/share/share/共有ドライブ/プロジェクト/京橋信用ソリューションズ株式会社/04.分析/analysis_project/data/train.csv,京橋信用ソリューションズ株式会社,.csv,data,10.0,"{""path_term_match"": 2.0, ""required_file_type_match"": 3.0, ""route_kind_match"": 3.0, ""identifier_path_match"": 2.0}","path_term_match, required_file_type_match, route_kind_match, identifier_path_match",False,False,current_candidate_files_for_question,latest planner.py,high,False
valid,21,5,file_03d92cf92666adde,data/raw/share/share/共有ドライブ/プロジェクト/医療法人社団 恒一会 かえで総合病院/02.計画/~$スケジュール.xlsx,医療法人社団 恒一会 かえで総合病院,.xlsx,schedule,10.0,"{""path_term_match"": 2.0, ""required_file_type_match"": 3.0, ""route_kind_match"": 3.0, ""identifier_path_match"": 2.0}","path_term_match, required_file_type_match, route_kind_match, identifier_path_match",False,False,current_candidate_files_for_question,latest planner.py,high,False
valid,21,6,file_6aab39bed667662c,data/raw/share/share/共有ドライブ/プロジェクト/医療法人社団 恒一会 かえで総合病院/02.計画/スケジュール.xlsx,医療法人社団 恒一会 かえで総合病院,.xlsx,schedule,10.0,"{""path_term_match"": 2.0, ""required_file_type_match"": 3.0, ""route_kind_match"": 3.0, ""identifier_path_match"": 2.0}","path_term_match, required_file_type_match, route_kind_match, identifier_path_match",False,False,current_candidate_files_for_question,latest planner.py,high,False
valid,21,7,file_4fe0dd886c669e57,data/raw/share/share/共有ドライブ/プロジェクト/医療法人社団 恒一会 かえで総合病院/03.データ/train.csv,医療法人社団 恒一会 かえで総合病院,.csv,data,10.0,"{""path_term_match"": 2.0, ""required_file_type_match"": 3.0, ""route_kind_match"": 3.0, ""identifier_path_match"": 2.0}","path_term_match, required_file_type_match, route_kind_match, identifier_path_match",False,False,current_candidate_files_for_question,latest planner.py,high,False
valid,21,8,file_6bae87759176c513,data/raw/share/share/共有ドライブ/プロジェクト/医療法人社団 恒一会 かえで総合病院/03.データ/train.xlsx,医療法人社団 恒一会 かえで総合病院,.xlsx,data,10.0,"{""path_term_match"": 2.0, ""required_file_type_match"": 3.0, ""route_kind_match"": 3.0, ""identifier_path_match"": 2.0}","path_term_match, required_file_type_match, route_kind_match, identifier_path_match",False,False,current_candidate_files_for_question,latest planner.py,high,False
valid,21,9,file_7adc687e255c7e58,data/raw/share/share/共有ドライブ/プロジェクト/医療法人社団 恒一会 かえで総合病院/04.分析/analysis_project/data/train.csv,医療法人社団 恒一会 かえで総合病院,.csv,data,10.0,"{""path_term_match"": 2.0, ""required_file_type_match"": 3.0, ""route_kind_match"": 3.0, ""identifier_path_match"": 2.0}","path_term_match, required_file_type_match, route_kind_match, identifier_path_match",False,False,current_candidate_files_for_question,latest planner.py,high,False
valid,21,10,file_8726afc0efe9d707,data/raw/share/share/共有ドライブ/プロジェクト/医療法人社団 蒼樹会 みなみ野女性医療センター/02.計画/スケジュール.xlsx,医療法人社団 蒼樹会 みなみ野女性医療センター,.xlsx,schedule,10.0,"{""path_term_match"": 2.0, ""required_file_type_match"": 3.0, ""route_kind_match"": 3.0, ""identifier_path_match"": 2.0}","path_term_match, required_file_type_match, route_kind_match, identifier_path_match",False,False,current_candidate_files_for_question,latest planner.py,high,False
valid,22,1,file_0783e32af794bbe2,data/raw/share/share/共有ドライブ/プロジェクト/京橋信用ソリューションズ株式会社/04.分析/analysis_project/notebooks/01_eda.ipynb,京橋信用ソリューションズ株式会社,.ipynb,analysis,18.0,"{""path_term_match"": 2.0, ""required_file_type_match"": 3.0, ""route_kind_match"": 3.0, ""identifier_path_match"": 2.0, ""content_bm25"": 8.0}","path_term_match, required_file_type_match, route_kind_match, identifier_path_match, content_bm25",False,False,current_candidate_files_for_question,latest planner.py,high,False
valid,22,2,file_85e62a06cafe5ae7,data/raw/share/share/共有ドライブ/プロジェクト/医療法人社団 恒一会 かえで総合病院/04.分析/analysis_project/notebooks/01_eda.ipynb,医療法人社団 恒一会 かえで総合病院,.ipynb,analysis,18.0,"{""path_term_match"": 2.0, ""required_file_type_match"": 3.0, ""route_kind_match"": 3.0, ""identifier_path_match"": 2.0, ""content_bm25"": 8.0}","path_term_match, required_file_type_match, route_kind_match, identifier_path_match, content_bm25",False,False,current_candidate_files_for_question,latest planner.py,high,False
valid,22,3,file_6d3070cd9e872c23,data/raw/share/share/共有ドライブ/プロジェクト/医療法人社団 蒼樹会 みなみ野女性医療センター/04.分析/analysis_project/notebooks/01_eda.ipynb,医療法人社団 蒼樹会 みなみ野女性医療センター,.ipynb,analysis,18.0,"{""path_term_match"": 2.0, ""required_file_type_match"": 3.0, ""route_kind_match"": 3.0, ""identifier_path_match"": 2.0, ""content_bm25"": 8.0}","path_term_match, required_file_type_match, route_kind_match, identifier_path_match, content_bm25",False,False,current_candidate_files_for_question,latest planner.py,high,False
valid,22,4,file_8f17c170486dd8ad,data/raw/share/share/共有ドライブ/プロジェクト/医療法人社団 蒼泉会 ひがし丘総合病院/04.分析/analysis_project/notebooks/01_eda.ipynb,医療法人社団 蒼泉会 ひがし丘総合病院,.ipynb,analysis,18.0,"{""path_term_match"": 2.0, ""required_file_type_match"": 3.0, ""route_kind_match"": 3.0, ""identifier_path_match"": 2.0, ""content_bm25"": 8.0}","path_term_match, required_file_type_match, route_kind_match, identifier_path_match, content_bm25",False,False,current_candidate_files_for_question,latest planner.py,high,False
valid,22,5,file_dbc8be5d37bc70da,data/raw/share/share/共有ドライブ/プロジェクト/株式会社東都人材プラットフォーム/04.分析/analysis_project/notebooks/01_eda.ipynb,株式会社東都人材プラットフォーム,.ipynb,analysis,18.0,"{""path_term_match"": 2.0, ""required_file_type_match"": 3.0, ""route_kind_match"": 3.0, ""identifier_path_match"": 2.0, ""content_bm25"": 8.0}","path_term_match, required_file_type_match, route_kind_match, identifier_path_match, content_bm25",False,False,current_candidate_files_for_question,latest planner.py,high,False
valid,22,6,file_2b94fecbbe587f21,data/raw/share/share/共有ドライブ/プロジェクト/株式会社青嶺不動産アセットマネジメント/04.分析/analysis_project/notebooks/01_eda.ipynb,株式会社青嶺不動産アセットマネジメント,.ipynb,analysis,18.0,"{""path_term_match"": 2.0, ""required_file_type_match"": 3.0, ""route_kind_match"": 3.0, ""identifier_path_match"": 2.0, ""content_bm25"": 8.0}","path_term_match, required_file_type_match, route_kind_match, identifier_path_match, content_bm25",False,False,current_candidate_files_for_question,latest planner.py,high,False
valid,22,7,file_f744d2ce7a347ad2,data/raw/share/share/共有ドライブ/プロジェクト/株式会社青潮モビリティサービス/04.分析/analysis_project/notebooks/01_eda.ipynb,株式会社青潮モビリティサービス,.ipynb,analysis,18.0,"{""path_term_match"": 2.0, ""required_file_type_match"": 3.0, ""route_kind_match"": 3.0, ""identifier_path_match"": 2.0, ""content_bm25"": 8.0}","path_term_match, required_file_type_match, route_kind_match, identifier_path_match, content_bm25",False,False,current_candidate_files_for_question,latest planner.py,high,False
valid,22,8,file_16463dfce5216836,data/raw/share/share/共有ドライブ/プロジェクト/白峰信用リスク評価株式会社/04.分析/analysis_project/notebooks/01_eda.ipynb,白峰信用リスク評価株式会社,.ipynb,analysis,18.0,"{""path_term_match"": 2.0, ""required_file_type_match"": 3.0, ""route_kind_match"": 3.0, ""identifier_path_match"": 2.0, ""content_bm25"": 8.0}","path_term_match, required_file_type_match, route_kind_match, identifier_path_match, content_bm25",False,False,current_candidate_files_for_question,latest planner.py,high,False
valid,22,9,file_98277b2c749a8460,data/raw/share/share/共有ドライブ/プロジェクト/白峰信用リスク評価株式会社/04.分析/analysis_project/notebooks/01_eda_old.ipynb,白峰信用リスク評価株式会社,.ipynb,analysis,18.0,"{""path_term_match"": 2.0, ""required_file_type_match"": 3.0, ""route_kind_match"": 3.0, ""identifier_path_match"": 2.0, ""content_bm25"": 8.0}","path_term_match, required_file_type_match, route_kind_match, identifier_path_match, content_bm25",False,False,current_candidate_files_for_question,latest planner.py,high,False
valid,22,10,file_19f178a22d2fdecf,data/raw/share/share/共有ドライブ/プロジェクト/青葉与信マネジメント株式会社/04.分析/analysis_project/notebooks/01_eda.ipynb,青葉与信マネジメント株式会社,.ipynb,analysis,18.0,"{""path_term_match"": 2.0, ""required_file_type_match"": 3.0, ""route_kind_match"": 3.0, ""identifier_path_match"": 2.0, ""content_bm25"": 8.0}","path_term_match, required_file_type_match, route_kind_match, identifier_path_match, content_bm25",False,False,current_candidate_files_for_question,latest planner.py,high,False
valid,23,1,file_69289dcd3ecabac0,data/raw/share/share/共有ドライブ/プロジェクト/株式会社東都人材プラットフォーム/00.提案/データサイエンティスト調査.docx,株式会社東都人材プラットフォーム,.docx,proposal,17.5,"{""path_term_match"": 2.0, ""required_file_type_match"": 3.0, ""route_kind_match"": 2.5, ""identifier_path_match"": 2.0, ""content_bm25"": 8.0}","path_term_match, required_file_type_match, route_kind_match, identifier_path_match, content_bm25",False,False,current_candidate_files_for_question,latest planner.py,high,False
valid,23,2,file_8fb18453764bc6db,data/raw/share/share/共有ドライブ/社内管理/社内用語集.docx,社内管理,.docx,management,14.7316,"{""path_term_match"": 2.0, ""required_file_type_match"": 3.0, ""route_kind_match"": 2.5, ""identifier_path_match"": 2.0, ""content_bm25"": 5.231591166948674}","path_term_match, required_file_type_match, route_kind_match, identifier_path_match, content_bm25",False,False,current_candidate_files_for_question,latest planner.py,high,False
valid,23,3,file_cc8e97e3d637960f,data/raw/share/share/共有ドライブ/プロジェクト/医療法人社団 恒一会 かえで総合病院/06.報告書/医療法人社団 恒一会 かえで総合病院_最終報告.pptx,医療法人社団 恒一会 かえで総合病院,.pptx,report,14.4648,"{""path_term_match"": 2.0, ""required_file_type_match"": 3.0, ""route_kind_match"": 2.5, ""content_bm25"": 6.964779173310457}","path_term_match, required_file_type_match, route_kind_match, content_bm25",False,False,current_candidate_files_for_question,latest planner.py,high,False
valid,23,4,file_3214e231bd5034de,data/raw/share/share/共有ドライブ/プロジェクト/医療法人社団 恒一会 かえで総合病院/05.会議/報告資料/報告資料_2025-09-16.docx,医療法人社団 恒一会 かえで総合病院,.docx,meeting,14.3669,"{""path_term_match"": 2.0, ""required_file_type_match"": 3.0, ""route_kind_match"": 2.5, ""identifier_path_match"": 2.0, ""content_bm25"": 4.866896601141716}","path_term_match, required_file_type_match, route_kind_match, identifier_path_match, content_bm25",False,False,current_candidate_files_for_question,latest planner.py,high,False
valid,23,5,file_ef6b3d40c6cbf84f,data/raw/share/share/共有ドライブ/プロジェクト/青葉与信マネジメント株式会社/05.会議/報告資料/報告資料_2025-04-09.docx,青葉与信マネジメント株式会社,.docx,meeting,14.3024,"{""path_term_match"": 2.0, ""required_file_type_match"": 3.0, ""route_kind_match"": 2.5, ""identifier_path_match"": 2.0, ""content_bm25"": 4.802436432327409}","path_term_match, required_file_type_match, route_kind_match, identifier_path_match, content_bm25",False,False,current_candidate_files_for_question,latest planner.py,high,False
valid,23,6,file_68c8fede4948d806,data/raw/share/share/共有ドライブ/プロジェクト/株式会社青葉バイオメディカル機器/05.会議/報告資料/報告資料_2025-07-11.docx,株式会社青葉バイオメディカル機器,.docx,meeting,14.0829,"{""path_term_match"": 2.0, ""required_file_type_match"": 3.0, ""route_kind_match"": 2.5, ""identifier_path_match"": 2.0, ""content_bm25"": 4.582927458911955}","path_term_match, required_file_type_match, route_kind_match, identifier_path_match, content_bm25",False,False,current_candidate_files_for_question,latest planner.py,high,False
valid,23,7,file_bf3657e26a136347,data/raw/share/share/共有ドライブ/プロジェクト/医療法人社団 蒼樹会 みなみ野女性医療センター/00.提案/糖尿病統計情報.docx,医療法人社団 蒼樹会 みなみ野女性医療センター,.docx,proposal,13.7871,"{""path_term_match"": 2.0, ""required_file_type_match"": 3.0, ""route_kind_match"": 2.5, ""identifier_path_match"": 2.0, ""content_bm25"": 4.287094606101}","path_term_match, required_file_type_match, route_kind_match, identifier_path_match, content_bm25",False,False,current_candidate_files_for_question,latest planner.py,high,False
valid,23,8,file_d72ac8163b01ef72,data/raw/share/share/共有ドライブ/プロジェクト/医療法人社団 恒一会 かえで総合病院/00.提案/提案書.pptx,医療法人社団 恒一会 かえで総合病院,.pptx,proposal,13.7858,"{""path_term_match"": 2.0, ""required_file_type_match"": 3.0, ""route_kind_match"": 2.5, ""content_bm25"": 6.285761311402538}","path_term_match, required_file_type_match, route_kind_match, content_bm25",False,False,current_candidate_files_for_question,latest planner.py,high,False
valid,23,9,file_dfcdb508120d023c,data/raw/share/share/共有ドライブ/プロジェクト/京橋信用ソリューションズ株式会社/06.報告書/京橋信用ソリューションズ株式会社_最終報告.pptx,京橋信用ソリューションズ株式会社,.pptx,report,13.4722,"{""path_term_match"": 2.0, ""required_file_type_match"": 3.0, ""route_kind_match"": 2.5, ""content_bm25"": 5.972220028868058}","path_term_match, required_file_type_match, route_kind_match, content_bm25",False,False,current_candidate_files_for_question,latest planner.py,high,False
valid,23,10,file_58533c3139b39f95,data/raw/share/share/共有ドライブ/プロジェクト/青葉与信マネジメント株式会社/05.会議/報告資料/報告資料_2025-04-29.docx,青葉与信マネジメント株式会社,.docx,meeting,13.4224,"{""path_term_match"": 2.0, ""required_file_type_match"": 3.0, ""route_kind_match"": 2.5, ""identifier_path_match"": 2.0, ""content_bm25"": 3.9224408054798188}","path_term_match, required_file_type_match, route_kind_match, identifier_path_match, content_bm25",False,False,current_candidate_files_for_question,latest planner.py,high,False
valid,24,1,file_0783e32af794bbe2,data/raw/share/share/共有ドライブ/プロジェクト/京橋信用ソリューションズ株式会社/04.分析/analysis_project/notebooks/01_eda.ipynb,京橋信用ソリューションズ株式会社,.ipynb,analysis,26.0,"{""path_term_match"": 2.0, ""document_hint_match"": 8.0, ""required_file_type_match"": 3.0, ""route_kind_match"": 3.0, ""identifier_path_match"": 2.0, ""content_bm25"": 8.0}","path_term_match, document_hint_match, required_file_type_match, route_kind_match, identifier_path_match, content_bm25",False,False,current_candidate_files_for_question,latest planner.py,high,False
valid,24,2,file_85e62a06cafe5ae7,data/raw/share/share/共有ドライブ/プロジェクト/医療法人社団 恒一会 かえで総合病院/04.分析/analysis_project/notebooks/01_eda.ipynb,医療法人社団 恒一会 かえで総合病院,.ipynb,analysis,26.0,"{""path_term_match"": 2.0, ""document_hint_match"": 8.0, ""required_file_type_match"": 3.0, ""route_kind_match"": 3.0, ""identifier_path_match"": 2.0, ""content_bm25"": 8.0}","path_term_match, document_hint_match, required_file_type_match, route_kind_match, identifier_path_match, content_bm25",False,False,current_candidate_files_for_question,latest planner.py,high,False
valid,24,3,file_6d3070cd9e872c23,data/raw/share/share/共有ドライブ/プロジェクト/医療法人社団 蒼樹会 みなみ野女性医療センター/04.分析/analysis_project/notebooks/01_eda.ipynb,医療法人社団 蒼樹会 みなみ野女性医療センター,.ipynb,analysis,26.0,"{""path_term_match"": 2.0, ""document_hint_match"": 8.0, ""required_file_type_match"": 3.0, ""route_kind_match"": 3.0, ""identifier_path_match"": 2.0, ""content_bm25"": 8.0}","path_term_match, document_hint_match, required_file_type_match, route_kind_match, identifier_path_match, content_bm25",False,False,current_candidate_files_for_question,latest planner.py,high,False
valid,24,4,file_8f17c170486dd8ad,data/raw/share/share/共有ドライブ/プロジェクト/医療法人社団 蒼泉会 ひがし丘総合病院/04.分析/analysis_project/notebooks/01_eda.ipynb,医療法人社団 蒼泉会 ひがし丘総合病院,.ipynb,analysis,26.0,"{""path_term_match"": 2.0, ""document_hint_match"": 8.0, ""required_file_type_match"": 3.0, ""route_kind_match"": 3.0, ""identifier_path_match"": 2.0, ""content_bm25"": 8.0}","path_term_match, document_hint_match, required_file_type_match, route_kind_match, identifier_path_match, content_bm25",False,False,current_candidate_files_for_question,latest planner.py,high,False
valid,24,5,file_dbc8be5d37bc70da,data/raw/share/share/共有ドライブ/プロジェクト/株式会社東都人材プラットフォーム/04.分析/analysis_project/notebooks/01_eda.ipynb,株式会社東都人材プラットフォーム,.ipynb,analysis,26.0,"{""path_term_match"": 2.0, ""document_hint_match"": 8.0, ""required_file_type_match"": 3.0, ""route_kind_match"": 3.0, ""identifier_path_match"": 2.0, ""content_bm25"": 8.0}","path_term_match, document_hint_match, required_file_type_match, route_kind_match, identifier_path_match, content_bm25",False,False,current_candidate_files_for_question,latest planner.py,high,False
valid,24,6,file_2b94fecbbe587f21,data/raw/share/share/共有ドライブ/プロジェクト/株式会社青嶺不動産アセットマネジメント/04.分析/analysis_project/notebooks/01_eda.ipynb,株式会社青嶺不動産アセットマネジメント,.ipynb,analysis,26.0,"{""path_term_match"": 2.0, ""document_hint_match"": 8.0, ""required_file_type_match"": 3.0, ""route_kind_match"": 3.0, ""identifier_path_match"": 2.0, ""content_bm25"": 8.0}","path_term_match, document_hint_match, required_file_type_match, route_kind_match, identifier_path_match, content_bm25",False,False,current_candidate_files_for_question,latest planner.py,high,False
valid,24,7,file_f744d2ce7a347ad2,data/raw/share/share/共有ドライブ/プロジェクト/株式会社青潮モビリティサービス/04.分析/analysis_project/notebooks/01_eda.ipynb,株式会社青潮モビリティサービス,.ipynb,analysis,26.0,"{""path_term_match"": 2.0, ""document_hint_match"": 8.0, ""required_file_type_match"": 3.0, ""route_kind_match"": 3.0, ""identifier_path_match"": 2.0, ""content_bm25"": 8.0}","path_term_match, document_hint_match, required_file_type_match, route_kind_match, identifier_path_match, content_bm25",False,False,current_candidate_files_for_question,latest planner.py,high,False
valid,24,8,file_16463dfce5216836,data/raw/share/share/共有ドライブ/プロジェクト/白峰信用リスク評価株式会社/04.分析/analysis_project/notebooks/01_eda.ipynb,白峰信用リスク評価株式会社,.ipynb,analysis,26.0,"{""path_term_match"": 2.0, ""document_hint_match"": 8.0, ""required_file_type_match"": 3.0, ""route_kind_match"": 3.0, ""identifier_path_match"": 2.0, ""content_bm25"": 8.0}","path_term_match, document_hint_match, required_file_type_match, route_kind_match, identifier_path_match, content_bm25",False,False,current_candidate_files_for_question,latest planner.py,high,False
valid,24,9,file_19f178a22d2fdecf,data/raw/share/share/共有ドライブ/プロジェクト/青葉与信マネジメント株式会社/04.分析/analysis_project/notebooks/01_eda.ipynb,青葉与信マネジメント株式会社,.ipynb,analysis,26.0,"{""path_term_match"": 2.0, ""document_hint_match"": 8.0, ""required_file_type_match"": 3.0, ""route_kind_match"": 3.0, ""identifier_path_match"": 2.0, ""content_bm25"": 8.0}","path_term_match, document_hint_match, required_file_type_match, route_kind_match, identifier_path_match, content_bm25",False,False,current_candidate_files_for_question,latest planner.py,high,False
valid,24,10,file_bf15b15d5d3aa360,data/raw/share/share/共有ドライブ/プロジェクト/株式会社青葉バイオメディカル機器/04.分析/analysis_project/notebooks/01_eda.ipynb,株式会社青葉バイオメディカル機器,.ipynb,analysis,18.0,"{""path_term_match"": 2.0, ""document_hint_match"": 8.0, ""required_file_type_match"": 3.0, ""route_kind_match"": 3.0, ""identifier_path_match"": 2.0}","path_term_match, document_hint_match, required_file_type_match, route_kind_match, identifier_path_match",False,False,current_candidate_files_for_question,latest planner.py,high,False
valid,25,1,file_69289dcd3ecabac0,data/raw/share/share/共有ドライブ/プロジェクト/株式会社東都人材プラットフォーム/00.提案/データサイエンティスト調査.docx,株式会社東都人材プラットフォーム,.docx,proposal,15.5,"{""path_term_match"": 2.0, ""required_file_type_match"": 3.0, ""route_kind_match"": 2.5, ""content_bm25"": 8.0}","path_term_match, required_file_type_match, route_kind_match, content_bm25",False,False,current_candidate_files_for_question,latest planner.py,high,False
valid,25,2,file_8e7f976c6bf62fb6,data/raw/share/share/共有ドライブ/プロジェクト/株式会社東都人材プラットフォーム/00.提案/提案書.pptx,株式会社東都人材プラットフォーム,.pptx,proposal,15.5,"{""path_term_match"": 2.0, ""required_file_type_match"": 3.0, ""route_kind_match"": 2.5, ""content_bm25"": 8.0}","path_term_match, required_file_type_match, route_kind_match, content_bm25",False,False,current_candidate_files_for_question,latest planner.py,high,False
valid,25,3,file_be1cc2431b394277,data/raw/share/share/共有ドライブ/プロジェクト/株式会社東都人材プラットフォーム/06.報告書/株式会社東都人材プラットフォーム_最終報告.pptx,株式会社東都人材プラットフォーム,.pptx,report,15.5,"{""path_term_match"": 2.0, ""required_file_type_match"": 3.0, ""route_kind_match"": 2.5, ""content_bm25"": 8.0}","path_term_match, required_file_type_match, route_kind_match, content_bm25",False,False,current_candidate_files_for_question,latest planner.py,high,False
valid,25,4,file_3a4964aae9b99206,data/raw/share/share/共有ドライブ/プロジェクト/株式会社東都人材プラットフォーム/03.データ/train.xlsx,株式会社東都人材プラットフォーム,.xlsx,data,14.3419,"{""path_term_match"": 2.0, ""required_file_type_match"": 3.0, ""route_kind_match"": 5.5, ""content_bm25"": 3.841936047471098}","path_term_match, required_file_type_match, route_kind_match, content_bm25",False,False,current_candidate_files_for_question,latest planner.py,high,False
valid,25,5,file_bf3657e26a136347,data/raw/share/share/共有ドライブ/プロジェクト/医療法人社団 蒼樹会 みなみ野女性医療センター/00.提案/糖尿病統計情報.docx,医療法人社団 蒼樹会 みなみ野女性医療センター,.docx,proposal,11.85,"{""path_term_match"": 2.0, ""required_file_type_match"": 3.0, ""route_kind_match"": 2.5, ""content_bm25"": 4.3500470387655366}","path_term_match, required_file_type_match, route_kind_match, content_bm25",False,False,current_candidate_files_for_question,latest planner.py,high,False
valid,25,6,file_d4f158e3db0aba5f,data/raw/share/share/共有ドライブ/プロジェクト/株式会社東都人材プラットフォーム/05.会議/会議録/会議録_2025-09-08.docx,株式会社東都人材プラットフォーム,.docx,meeting,11.4183,"{""path_term_match"": 2.0, ""required_file_type_match"": 3.0, ""route_kind_match"": 2.5, ""content_bm25"": 3.9182699253658866}","path_term_match, required_file_type_match, route_kind_match, content_bm25",False,False,current_candidate_files_for_question,latest planner.py,high,False
valid,25,7,file_1aff1b560a3f2e24,data/raw/share/share/共有ドライブ/プロジェクト/京橋信用ソリューションズ株式会社/00.提案/提案書_final.pptx,京橋信用ソリューションズ株式会社,.pptx,proposal,11.3299,"{""path_term_match"": 2.0, ""required_file_type_match"": 3.0, ""route_kind_match"": 2.5, ""content_bm25"": 3.829909337371648}","path_term_match, required_file_type_match, route_kind_match, content_bm25",False,False,current_candidate_files_for_question,latest planner.py,high,False
valid,25,8,file_7f6ba34feefeb01a,data/raw/share/share/共有ドライブ/プロジェクト/京橋信用ソリューションズ株式会社/00.提案/提案書_v1.pptx,京橋信用ソリューションズ株式会社,.pptx,proposal,11.3299,"{""path_term_match"": 2.0, ""required_file_type_match"": 3.0, ""route_kind_match"": 2.5, ""content_bm25"": 3.829909337371648}","path_term_match, required_file_type_match, route_kind_match, content_bm25",False,False,current_candidate_files_for_question,latest planner.py,high,False
valid,25,9,file_d091379932502212,data/raw/share/share/共有ドライブ/プロジェクト/株式会社東都人材プラットフォーム/02.計画/スケジュール.xlsx,株式会社東都人材プラットフォーム,.xlsx,schedule,10.5,"{""path_term_match"": 2.0, ""required_file_type_match"": 3.0, ""route_kind_match"": 5.5}","path_term_match, required_file_type_match, route_kind_match",False,False,current_candidate_files_for_question,latest planner.py,high,False
valid,25,10,file_c69eaac534a38cd3,data/raw/share/share/共有ドライブ/プロジェクト/株式会社青嶺不動産アセットマネジメント/02.計画/スケジュール_r1.xlsx,株式会社青嶺不動産アセットマネジメント,.xlsx,schedule,10.5,"{""path_term_match"": 2.0, ""required_file_type_match"": 3.0, ""route_kind_match"": 5.5}","path_term_match, required_file_type_match, route_kind_match",False,False,current_candidate_files_for_question,latest planner.py,high,False
valid,26,1,file_da1753f8f671148e,data/raw/share/share/共有ドライブ/プロジェクト/株式会社青葉バイオメディカル機器/03.データ/train.csv,株式会社青葉バイオメディカル機器,.csv,data,14.0273,"{""path_term_match"": 2.0, ""required_file_type_match"": 3.0, ""route_kind_match"": 3.0, ""identifier_path_match"": 2.0, ""content_bm25"": 4.027253802861049}","path_term_match, required_file_type_match, route_kind_match, identifier_path_match, content_bm25",False,False,current_candidate_files_for_question,latest planner.py,high,False
valid,26,2,file_3791a5988f6ec0ed,data/raw/share/share/共有ドライブ/プロジェクト/株式会社青葉バイオメディカル機器/03.データ/train.xlsx,株式会社青葉バイオメディカル機器,.xlsx,data,13.979,"{""path_term_match"": 2.0, ""required_file_type_match"": 3.0, ""route_kind_match"": 3.0, ""identifier_path_match"": 2.0, ""content_bm25"": 3.9790141496777887}","path_term_match, required_file_type_match, route_kind_match, identifier_path_match, content_bm25",False,False,current_candidate_files_for_question,latest planner.py,high,False
valid,26,3,file_bef0e7646500c137,data/raw/share/share/共有ドライブ/プロジェクト/株式会社青葉バイオメディカル機器/04.分析/analysis_project/data/train.csv,株式会社青葉バイオメディカル機器,.csv,data,13.9529,"{""path_term_match"": 2.0, ""required_file_type_match"": 3.0, ""route_kind_match"": 3.0, ""identifier_path_match"": 2.0, ""content_bm25"": 3.9528534218410156}","path_term_match, required_file_type_match, route_kind_match, identifier_path_match, content_bm25",False,False,current_candidate_files_for_question,latest planner.py,high,False
valid,26,4,file_8fd0e20487420b74,data/raw/share/share/共有ドライブ/プロジェクト/京橋信用ソリューションズ株式会社/03.データ/train.csv,京橋信用ソリューションズ株式会社,.csv,data,10.0,"{""path_term_match"": 2.0, ""required_file_type_match"": 3.0, ""route_kind_match"": 3.0, ""identifier_path_match"": 2.0}","path_term_match, required_file_type_match, route_kind_match, identifier_path_match",False,False,current_candidate_files_for_question,latest planner.py,high,False
valid,26,5,file_e0021d6b69bfbbc7,data/raw/share/share/共有ドライブ/プロジェクト/京橋信用ソリューションズ株式会社/04.分析/analysis_outputs/experiments/leaderboard.csv,京橋信用ソリューションズ株式会社,.csv,analysis,10.0,"{""path_term_match"": 2.0, ""required_file_type_match"": 3.0, ""route_kind_match"": 3.0, ""identifier_path_match"": 2.0}","path_term_match, required_file_type_match, route_kind_match, identifier_path_match",False,False,current_candidate_files_for_question,latest planner.py,high,False
valid,26,6,file_d5e7d14b53826dc9,data/raw/share/share/共有ドライブ/プロジェクト/京橋信用ソリューションズ株式会社/04.分析/analysis_project/data/train.csv,京橋信用ソリューションズ株式会社,.csv,data,10.0,"{""path_term_match"": 2.0, ""required_file_type_match"": 3.0, ""route_kind_match"": 3.0, ""identifier_path_match"": 2.0}","path_term_match, required_file_type_match, route_kind_match, identifier_path_match",False,False,current_candidate_files_for_question,latest planner.py,high,False
valid,26,7,file_4fe0dd886c669e57,data/raw/share/share/共有ドライブ/プロジェクト/医療法人社団 恒一会 かえで総合病院/03.データ/train.csv,医療法人社団 恒一会 かえで総合病院,.csv,data,10.0,"{""path_term_match"": 2.0, ""required_file_type_match"": 3.0, ""route_kind_match"": 3.0, ""identifier_path_match"": 2.0}","path_term_match, required_file_type_match, route_kind_match, identifier_path_match",False,False,current_candidate_files_for_question,latest planner.py,high,False
valid,26,8,file_6bae87759176c513,data/raw/share/share/共有ドライブ/プロジェクト/医療法人社団 恒一会 かえで総合病院/03.データ/train.xlsx,医療法人社団 恒一会 かえで総合病院,.xlsx,data,10.0,"{""path_term_match"": 2.0, ""required_file_type_match"": 3.0, ""route_kind_match"": 3.0, ""identifier_path_match"": 2.0}","path_term_match, required_file_type_match, route_kind_match, identifier_path_match",False,False,current_candidate_files_for_question,latest planner.py,high,False
valid,26,9,file_052e4c42d93e6822,data/raw/share/share/共有ドライブ/プロジェクト/医療法人社団 恒一会 かえで総合病院/04.分析/analysis_outputs/experiments/leaderboard.csv,医療法人社団 恒一会 かえで総合病院,.csv,analysis,10.0,"{""path_term_match"": 2.0, ""required_file_type_match"": 3.0, ""route_kind_match"": 3.0, ""identifier_path_match"": 2.0}","path_term_match, required_file_type_match, route_kind_match, identifier_path_match",False,False,current_candidate_files_for_question,latest planner.py,high,False
valid,26,10,file_7adc687e255c7e58,data/raw/share/share/共有ドライブ/プロジェクト/医療法人社団 恒一会 かえで総合病院/04.分析/analysis_project/data/train.csv,医療法人社団 恒一会 かえで総合病院,.csv,data,10.0,"{""path_term_match"": 2.0, ""required_file_type_match"": 3.0, ""route_kind_match"": 3.0, ""identifier_path_match"": 2.0}","path_term_match, required_file_type_match, route_kind_match, identifier_path_match",False,False,current_candidate_files_for_question,latest planner.py,high,False
valid,27,1,file_3214e231bd5034de,data/raw/share/share/共有ドライブ/プロジェクト/医療法人社団 恒一会 かえで総合病院/05.会議/報告資料/報告資料_2025-09-16.docx,医療法人社団 恒一会 かえで総合病院,.docx,meeting,10.0,"{""path_term_match"": 2.0, ""content_bm25"": 8.0}","path_term_match, content_bm25",False,False,current_candidate_files_for_question,latest planner.py,high,False
valid,27,2,file_cc8e97e3d637960f,data/raw/share/share/共有ドライブ/プロジェクト/医療法人社団 恒一会 かえで総合病院/06.報告書/医療法人社団 恒一会 かえで総合病院_最終報告.pptx,医療法人社団 恒一会 かえで総合病院,.pptx,report,10.0,"{""path_term_match"": 2.0, ""content_bm25"": 8.0}","path_term_match, content_bm25",False,False,current_candidate_files_for_question,latest planner.py,high,False
valid,27,3,file_c2047ca2e1b6baa2,data/raw/share/share/共有ドライブ/プロジェクト/医療法人社団 恒一会 かえで総合病院/06.報告書/医療法人社団 恒一会 かえで総合病院_最終報告_old.pptx,医療法人社団 恒一会 かえで総合病院,.pptx,report,10.0,"{""path_term_match"": 2.0, ""content_bm25"": 8.0}","path_term_match, content_bm25",False,False,current_candidate_files_for_question,latest planner.py,high,False
valid,27,4,file_70f9d108e37232bd,data/raw/share/share/共有ドライブ/プロジェクト/医療法人社団 蒼泉会 ひがし丘総合病院/00.提案/提案書.pptx,医療法人社団 蒼泉会 ひがし丘総合病院,.pptx,proposal,10.0,"{""path_term_match"": 2.0, ""content_bm25"": 8.0}","path_term_match, content_bm25",False,False,current_candidate_files_for_question,latest planner.py,high,False
valid,27,5,file_04ff0c1d08714623,data/raw/share/share/共有ドライブ/プロジェクト/医療法人社団 蒼泉会 ひがし丘総合病院/05.会議/報告資料/報告資料_2025-07-08.docx,医療法人社団 蒼泉会 ひがし丘総合病院,.docx,meeting,10.0,"{""path_term_match"": 2.0, ""content_bm25"": 8.0}","path_term_match, content_bm25",False,False,current_candidate_files_for_question,latest planner.py,high,False
valid,27,6,file_b14710bfcd3e254e,data/raw/share/share/共有ドライブ/プロジェクト/医療法人社団 蒼泉会 ひがし丘総合病院/05.会議/報告資料/報告資料_2025-07-22.docx,医療法人社団 蒼泉会 ひがし丘総合病院,.docx,meeting,10.0,"{""path_term_match"": 2.0, ""content_bm25"": 8.0}","path_term_match, content_bm25",False,False,current_candidate_files_for_question,latest planner.py,high,False
valid,27,7,file_45d248a37508b209,data/raw/share/share/共有ドライブ/プロジェクト/医療法人社団 蒼泉会 ひがし丘総合病院/06.報告書/医療法人社団 蒼泉会 ひがし丘総合病院_最終報告.pdf,医療法人社団 蒼泉会 ひがし丘総合病院,.pdf,report,10.0,"{""path_term_match"": 2.0, ""content_bm25"": 8.0}","path_term_match, content_bm25",False,False,current_candidate_files_for_question,latest planner.py,high,False
valid,27,8,file_4fa8d55179bcaeab,data/raw/share/share/共有ドライブ/プロジェクト/株式会社青嶺不動産アセットマネジメント/05.会議/報告資料/報告資料_2025-08-26.pdf,株式会社青嶺不動産アセットマネジメント,.pdf,meeting,10.0,"{""path_term_match"": 2.0, ""content_bm25"": 8.0}","path_term_match, content_bm25",False,False,current_candidate_files_for_question,latest planner.py,high,False
valid,27,9,file_58533c3139b39f95,data/raw/share/share/共有ドライブ/プロジェクト/青葉与信マネジメント株式会社/05.会議/報告資料/報告資料_2025-04-29.docx,青葉与信マネジメント株式会社,.docx,meeting,8.8109,"{""path_term_match"": 2.0, ""content_bm25"": 6.810926188657456}","path_term_match, content_bm25",False,False,current_candidate_files_for_question,latest planner.py,high,False
valid,27,10,file_ef6b3d40c6cbf84f,data/raw/share/share/共有ドライブ/プロジェクト/青葉与信マネジメント株式会社/05.会議/報告資料/報告資料_2025-04-09.docx,青葉与信マネジメント株式会社,.docx,meeting,8.6784,"{""path_term_match"": 2.0, ""content_bm25"": 6.6783945365289075}","path_term_match, content_bm25",False,False,current_candidate_files_for_question,latest planner.py,high,False
valid,28,1,file_0783e32af794bbe2,data/raw/share/share/共有ドライブ/プロジェクト/京橋信用ソリューションズ株式会社/04.分析/analysis_project/notebooks/01_eda.ipynb,京橋信用ソリューションズ株式会社,.ipynb,analysis,16.0,"{""path_term_match"": 2.0, ""required_file_type_match"": 3.0, ""route_kind_match"": 3.0, ""content_bm25"": 8.0}","path_term_match, required_file_type_match, route_kind_match, content_bm25",False,False,current_candidate_files_for_question,latest planner.py,high,False
valid,28,2,file_8f17c170486dd8ad,data/raw/share/share/共有ドライブ/プロジェクト/医療法人社団 蒼泉会 ひがし丘総合病院/04.分析/analysis_project/notebooks/01_eda.ipynb,医療法人社団 蒼泉会 ひがし丘総合病院,.ipynb,analysis,16.0,"{""path_term_match"": 2.0, ""required_file_type_match"": 3.0, ""route_kind_match"": 3.0, ""content_bm25"": 8.0}","path_term_match, required_file_type_match, route_kind_match, content_bm25",False,False,current_candidate_files_for_question,latest planner.py,high,False
valid,28,3,file_dbc8be5d37bc70da,data/raw/share/share/共有ドライブ/プロジェクト/株式会社東都人材プラットフォーム/04.分析/analysis_project/notebooks/01_eda.ipynb,株式会社東都人材プラットフォーム,.ipynb,analysis,15.6013,"{""path_term_match"": 2.0, ""required_file_type_match"": 3.0, ""route_kind_match"": 3.0, ""content_bm25"": 7.60132137234956}","path_term_match, required_file_type_match, route_kind_match, content_bm25",False,False,current_candidate_files_for_question,latest planner.py,high,False
valid,28,4,file_19f178a22d2fdecf,data/raw/share/share/共有ドライブ/プロジェクト/青葉与信マネジメント株式会社/04.分析/analysis_project/notebooks/01_eda.ipynb,青葉与信マネジメント株式会社,.ipynb,analysis,14.5863,"{""path_term_match"": 2.0, ""required_file_type_match"": 3.0, ""route_kind_match"": 3.0, ""content_bm25"": 6.586314309370511}","path_term_match, required_file_type_match, route_kind_match, content_bm25",False,False,current_candidate_files_for_question,latest planner.py,high,False
valid,28,5,file_2b94fecbbe587f21,data/raw/share/share/共有ドライブ/プロジェクト/株式会社青嶺不動産アセットマネジメント/04.分析/analysis_project/notebooks/01_eda.ipynb,株式会社青嶺不動産アセットマネジメント,.ipynb,analysis,14.5283,"{""path_term_match"": 2.0, ""required_file_type_match"": 3.0, ""route_kind_match"": 3.0, ""content_bm25"": 6.528265238711411}","path_term_match, required_file_type_match, route_kind_match, content_bm25",False,False,current_candidate_files_for_question,latest planner.py,high,False
valid,28,6,file_16463dfce5216836,data/raw/share/share/共有ドライブ/プロジェクト/白峰信用リスク評価株式会社/04.分析/analysis_project/notebooks/01_eda.ipynb,白峰信用リスク評価株式会社,.ipynb,analysis,13.1678,"{""path_term_match"": 2.0, ""required_file_type_match"": 3.0, ""route_kind_match"": 3.0, ""content_bm25"": 5.167770865490873}","path_term_match, required_file_type_match, route_kind_match, content_bm25",False,False,current_candidate_files_for_question,latest planner.py,high,False
valid,28,7,file_98277b2c749a8460,data/raw/share/share/共有ドライブ/プロジェクト/白峰信用リスク評価株式会社/04.分析/analysis_project/notebooks/01_eda_old.ipynb,白峰信用リスク評価株式会社,.ipynb,analysis,13.1678,"{""path_term_match"": 2.0, ""required_file_type_match"": 3.0, ""route_kind_match"": 3.0, ""content_bm25"": 5.167770865490873}","path_term_match, required_file_type_match, route_kind_match, content_bm25",False,False,current_candidate_files_for_question,latest planner.py,high,False
valid,28,8,file_85e62a06cafe5ae7,data/raw/share/share/共有ドライブ/プロジェクト/医療法人社団 恒一会 かえで総合病院/04.分析/analysis_project/notebooks/01_eda.ipynb,医療法人社団 恒一会 かえで総合病院,.ipynb,analysis,11.0856,"{""path_term_match"": 2.0, ""required_file_type_match"": 3.0, ""route_kind_match"": 3.0, ""content_bm25"": 3.085588543180463}","path_term_match, required_file_type_match, route_kind_match, content_bm25",False,False,current_candidate_files_for_question,latest planner.py,high,False
valid,28,9,file_ef106a562ea6c4f4,data/raw/share/share/共有ドライブ/プロジェクト/株式会社青嶺不動産アセットマネジメント/00.提案/ニューヨーク不動産市場の最新動向調査.pdf,株式会社青嶺不動産アセットマネジメント,.pdf,proposal,10.0,"{""path_term_match"": 2.0, ""content_bm25"": 8.0}","path_term_match, content_bm25",False,False,current_candidate_files_for_question,latest planner.py,high,False
valid,28,10,file_3aefd3a41f06070a,data/raw/share/share/共有ドライブ/プロジェクト/京橋信用ソリューションズ株式会社/04.分析/analysis_project/scripts/bootstrap_env.py,京橋信用ソリューションズ株式会社,.py,analysis,8.0,"{""path_term_match"": 2.0, ""required_file_type_match"": 3.0, ""route_kind_match"": 3.0}","path_term_match, required_file_type_match, route_kind_match",False,False,current_candidate_files_for_question,latest planner.py,high,False
valid,29,1,file_35dab804db563c49,data/raw/share/share/共有ドライブ/プロジェクト/医療法人社団 蒼樹会 みなみ野女性医療センター/00.提案/提案書.pptx,医療法人社団 蒼樹会 みなみ野女性医療センター,.pptx,proposal,11.5,"{""path_term_match"": 2.0, ""route_kind_match"": 1.5, ""content_bm25"": 8.0}","path_term_match, route_kind_match, content_bm25",False,False,current_candidate_files_for_question,latest planner.py,high,False
valid,29,2,file_bf3657e26a136347,data/raw/share/share/共有ドライブ/プロジェクト/医療法人社団 蒼樹会 みなみ野女性医療センター/00.提案/糖尿病統計情報.docx,医療法人社団 蒼樹会 みなみ野女性医療センター,.docx,proposal,11.5,"{""path_term_match"": 2.0, ""route_kind_match"": 1.5, ""content_bm25"": 8.0}","path_term_match, route_kind_match, content_bm25",False,False,current_candidate_files_for_question,latest planner.py,high,False
valid,29,3,file_9c265e1ca7bc94dc,data/raw/share/share/共有ドライブ/プロジェクト/医療法人社団 蒼樹会 みなみ野女性医療センター/01.契約/契約書.docx,医療法人社団 蒼樹会 みなみ野女性医療センター,.docx,contract,11.5,"{""path_term_match"": 2.0, ""route_kind_match"": 1.5, ""content_bm25"": 8.0}","path_term_match, route_kind_match, content_bm25",False,False,current_candidate_files_for_question,latest planner.py,high,False
valid,29,4,file_a61875e51c4e6ba7,data/raw/share/share/共有ドライブ/プロジェクト/医療法人社団 蒼樹会 みなみ野女性医療センター/05.会議/会議録/会議録_2025-04-03.pdf,医療法人社団 蒼樹会 みなみ野女性医療センター,.pdf,meeting,11.5,"{""path_term_match"": 2.0, ""route_kind_match"": 1.5, ""content_bm25"": 8.0}","path_term_match, route_kind_match, content_bm25",False,False,current_candidate_files_for_question,latest planner.py,high,False
valid,29,5,file_197352b337f4cbc8,data/raw/share/share/共有ドライブ/プロジェクト/医療法人社団 蒼樹会 みなみ野女性医療センター/05.会議/会議録/会議録_2025-04-24.pdf,医療法人社団 蒼樹会 みなみ野女性医療センター,.pdf,meeting,11.5,"{""path_term_match"": 2.0, ""route_kind_match"": 1.5, ""content_bm25"": 8.0}","path_term_match, route_kind_match, content_bm25",False,False,current_candidate_files_for_question,latest planner.py,high,False
valid,29,6,file_ed8004a9eff370bd,data/raw/share/share/共有ドライブ/プロジェクト/医療法人社団 蒼樹会 みなみ野女性医療センター/05.会議/会議録/会議録_2025-05-15.pdf,医療法人社団 蒼樹会 みなみ野女性医療センター,.pdf,meeting,11.5,"{""path_term_match"": 2.0, ""route_kind_match"": 1.5, ""content_bm25"": 8.0}","path_term_match, route_kind_match, content_bm25",False,False,current_candidate_files_for_question,latest planner.py,high,False
valid,29,7,file_089d47a29a455478,data/raw/share/share/共有ドライブ/プロジェクト/医療法人社団 蒼樹会 みなみ野女性医療センター/05.会議/報告資料/報告資料_2025-04-03.pdf,医療法人社団 蒼樹会 みなみ野女性医療センター,.pdf,meeting,11.5,"{""path_term_match"": 2.0, ""route_kind_match"": 1.5, ""content_bm25"": 8.0}","path_term_match, route_kind_match, content_bm25",False,False,current_candidate_files_for_question,latest planner.py,high,False
valid,29,8,file_552963ebf5a72c62,data/raw/share/share/共有ドライブ/プロジェクト/医療法人社団 蒼樹会 みなみ野女性医療センター/05.会議/報告資料/報告資料_2025-04-24.pdf,医療法人社団 蒼樹会 みなみ野女性医療センター,.pdf,meeting,11.5,"{""path_term_match"": 2.0, ""route_kind_match"": 1.5, ""content_bm25"": 8.0}","path_term_match, route_kind_match, content_bm25",False,False,current_candidate_files_for_question,latest planner.py,high,False
valid,29,9,file_20fad7ef35777636,data/raw/share/share/共有ドライブ/プロジェクト/医療法人社団 蒼樹会 みなみ野女性医療センター/06.報告書/医療法人社団 蒼樹会 みなみ野女性医療センター_最終報告.pdf,医療法人社団 蒼樹会 みなみ野女性医療センター,.pdf,report,11.5,"{""path_term_match"": 2.0, ""route_kind_match"": 1.5, ""content_bm25"": 8.0}","path_term_match, route_kind_match, content_bm25",False,False,current_candidate_files_for_question,latest planner.py,high,False
valid,29,10,file_6d3070cd9e872c23,data/raw/share/share/共有ドライブ/プロジェクト/医療法人社団 蒼樹会 みなみ野女性医療センター/04.分析/analysis_project/notebooks/01_eda.ipynb,医療法人社団 蒼樹会 みなみ野女性医療センター,.ipynb,analysis,10.0,"{""path_term_match"": 2.0, ""content_bm25"": 8.0}","path_term_match, content_bm25",False,False,current_candidate_files_for_question,latest planner.py,high,False
test,0,1,file_d9ecf52ef8521859,data/raw/share/share/共有ドライブ/プロジェクト/白峰信用リスク評価株式会社/00.提案/提案書old.pptx,白峰信用リスク評価株式会社,.pptx,proposal,17.0,"{""path_term_match"": 2.0, ""required_file_type_match"": 3.0, ""route_kind_match"": 2.0, ""identifier_path_match"": 2.0, ""content_bm25"": 8.0}","path_term_match, required_file_type_match, route_kind_match, identifier_path_match, content_bm25",True,True,current_candidate_files_for_question,latest planner.py,high,False
test,0,2,file_e7f13ee43ffadf3e,data/raw/share/share/共有ドライブ/プロジェクト/白峰信用リスク評価株式会社/00.提案/提案書.pptx,白峰信用リスク評価株式会社,.pptx,proposal,15.0,"{""path_term_match"": 2.0, ""required_file_type_match"": 3.0, ""identifier_path_match"": 2.0, ""content_bm25"": 8.0}","path_term_match, required_file_type_match, identifier_path_match, content_bm25",True,True,current_candidate_files_for_question,latest planner.py,high,False
test,0,3,file_e9a98b71c2781a41,data/raw/share/share/共有ドライブ/プロジェクト/白峰信用リスク評価株式会社/06.報告書/白峰信用リスク評価株式会社_最終報告.pptx,白峰信用リスク評価株式会社,.pptx,report,15.0,"{""path_term_match"": 2.0, ""required_file_type_match"": 3.0, ""identifier_path_match"": 2.0, ""content_bm25"": 8.0}","path_term_match, required_file_type_match, identifier_path_match, content_bm25",False,True,current_candidate_files_for_question,latest planner.py,high,False
test,0,4,file_55b4c40fc1e8e7bc,data/raw/share/share/共有ドライブ/プロジェクト/青葉与信マネジメント株式会社/00.提案/提案書_v1.pptx,青葉与信マネジメント株式会社,.pptx,proposal,13.7092,"{""path_term_match"": 2.0, ""required_file_type_match"": 3.0, ""route_kind_match"": 2.0, ""identifier_path_match"": 2.0, ""content_bm25"": 4.709205886838344}","path_term_match, required_file_type_match, route_kind_match, identifier_path_match, content_bm25",False,True,current_candidate_files_for_question,latest planner.py,high,False
test,0,5,file_08a9d0fb95bae44c,data/raw/share/share/共有ドライブ/プロジェクト/青葉与信マネジメント株式会社/00.提案/提案書_v2.pptx,青葉与信マネジメント株式会社,.pptx,proposal,13.7092,"{""path_term_match"": 2.0, ""required_file_type_match"": 3.0, ""route_kind_match"": 2.0, ""identifier_path_match"": 2.0, ""content_bm25"": 4.709205886838344}","path_term_match, required_file_type_match, route_kind_match, identifier_path_match, content_bm25",False,True,current_candidate_files_for_question,latest planner.py,high,False
test,0,6,file_9969b5d674125f4c,data/raw/share/share/共有ドライブ/プロジェクト/青葉与信マネジメント株式会社/00.提案/提案書_v3.pptx,青葉与信マネジメント株式会社,.pptx,proposal,13.7092,"{""path_term_match"": 2.0, ""required_file_type_match"": 3.0, ""route_kind_match"": 2.0, ""identifier_path_match"": 2.0, ""content_bm25"": 4.709205886838344}","path_term_match, required_file_type_match, route_kind_match, identifier_path_match, content_bm25",False,True,current_candidate_files_for_question,latest planner.py,high,False
test,0,7,file_a452ac5e9344e277,data/raw/share/share/共有ドライブ/プロジェクト/株式会社青葉バイオメディカル機器/06.報告書/株式会社青葉バイオメディカル機器_最終報告.pptx,株式会社青葉バイオメディカル機器,.pptx,report,13.3204,"{""path_term_match"": 2.0, ""required_file_type_match"": 3.0, ""identifier_path_match"": 2.0, ""content_bm25"": 6.320388612069906}","path_term_match, required_file_type_match, identifier_path_match, content_bm25",False,True,current_candidate_files_for_question,latest planner.py,high,False
test,0,8,file_69a56a00e42fa555,data/raw/share/share/共有ドライブ/プロジェクト/白峰信用リスク評価株式会社/05.会議/会議録/会議録_2025-05-13.pdf,白峰信用リスク評価株式会社,.pdf,meeting,13.0,"{""path_term_match"": 2.0, ""required_file_type_match"": 3.0, ""content_bm25"": 8.0}","path_term_match, required_file_type_match, content_bm25",False,True,current_candidate_files_for_question,latest planner.py,high,False
test,0,9,file_a389e81c80d707c5,data/raw/share/share/共有ドライブ/プロジェクト/白峰信用リスク評価株式会社/05.会議/会議録/会議録_2025-05-27.pdf,白峰信用リスク評価株式会社,.pdf,meeting,13.0,"{""path_term_match"": 2.0, ""required_file_type_match"": 3.0, ""content_bm25"": 8.0}","path_term_match, required_file_type_match, content_bm25",False,True,current_candidate_files_for_question,latest planner.py,high,False
test,0,10,file_2bed8f6d9ad811a7,data/raw/share/share/共有ドライブ/プロジェクト/白峰信用リスク評価株式会社/05.会議/会議録/会議録_2025-06-17.pdf,白峰信用リスク評価株式会社,.pdf,meeting,13.0,"{""path_term_match"": 2.0, ""required_file_type_match"": 3.0, ""content_bm25"": 8.0}","path_term_match, required_file_type_match, content_bm25",False,True,current_candidate_files_for_question,latest planner.py,high,False
test,1,1,file_c2047ca2e1b6baa2,data/raw/share/share/共有ドライブ/プロジェクト/医療法人社団 恒一会 かえで総合病院/06.報告書/医療法人社団 恒一会 かえで総合病院_最終報告_old.pptx,医療法人社団 恒一会 かえで総合病院,.pptx,report,17.0,"{""path_term_match"": 2.0, ""required_file_type_match"": 3.0, ""route_kind_match"": 2.0, ""identifier_path_match"": 2.0, ""content_bm25"": 8.0}","path_term_match, required_file_type_match, route_kind_match, identifier_path_match, content_bm25",False,False,current_candidate_files_for_question,latest planner.py,high,False
test,1,2,file_d9ecf52ef8521859,data/raw/share/share/共有ドライブ/プロジェクト/白峰信用リスク評価株式会社/00.提案/提案書old.pptx,白峰信用リスク評価株式会社,.pptx,proposal,14.3621,"{""path_term_match"": 2.0, ""required_file_type_match"": 3.0, ""route_kind_match"": 2.0, ""identifier_path_match"": 2.0, ""content_bm25"": 5.362128025423694}","path_term_match, required_file_type_match, route_kind_match, identifier_path_match, content_bm25",False,False,current_candidate_files_for_question,latest planner.py,high,False
test,1,3,file_d72ac8163b01ef72,data/raw/share/share/共有ドライブ/プロジェクト/医療法人社団 恒一会 かえで総合病院/00.提案/提案書.pptx,医療法人社団 恒一会 かえで総合病院,.pptx,proposal,13.0,"{""path_term_match"": 2.0, ""required_file_type_match"": 3.0, ""content_bm25"": 8.0}","path_term_match, required_file_type_match, content_bm25",False,False,current_candidate_files_for_question,latest planner.py,high,False
test,1,4,file_cc8e97e3d637960f,data/raw/share/share/共有ドライブ/プロジェクト/医療法人社団 恒一会 かえで総合病院/06.報告書/医療法人社団 恒一会 かえで総合病院_最終報告.pptx,医療法人社団 恒一会 かえで総合病院,.pptx,report,13.0,"{""path_term_match"": 2.0, ""required_file_type_match"": 3.0, ""content_bm25"": 8.0}","path_term_match, required_file_type_match, content_bm25",False,False,current_candidate_files_for_question,latest planner.py,high,False
test,1,5,file_45d248a37508b209,data/raw/share/share/共有ドライブ/プロジェクト/医療法人社団 蒼泉会 ひがし丘総合病院/06.報告書/医療法人社団 蒼泉会 ひがし丘総合病院_最終報告.pdf,医療法人社団 蒼泉会 ひがし丘総合病院,.pdf,report,13.0,"{""path_term_match"": 2.0, ""required_file_type_match"": 3.0, ""content_bm25"": 8.0}","path_term_match, required_file_type_match, content_bm25",False,False,current_candidate_files_for_question,latest planner.py,high,False
test,1,6,file_a452ac5e9344e277,data/raw/share/share/共有ドライブ/プロジェクト/株式会社青葉バイオメディカル機器/06.報告書/株式会社青葉バイオメディカル機器_最終報告.pptx,株式会社青葉バイオメディカル機器,.pptx,report,13.0,"{""path_term_match"": 2.0, ""required_file_type_match"": 3.0, ""content_bm25"": 8.0}","path_term_match, required_file_type_match, content_bm25",False,False,current_candidate_files_for_question,latest planner.py,high,False
test,1,7,file_be3974a03a5ef2fe,data/raw/share/share/共有ドライブ/プロジェクト/医療法人社団 蒼泉会 ひがし丘総合病院/05.会議/会議録/会議録_2025-08-05.docx,医療法人社団 蒼泉会 ひがし丘総合病院,.docx,meeting,11.2239,"{""path_term_match"": 2.0, ""required_file_type_match"": 3.0, ""content_bm25"": 6.223878170186433}","path_term_match, required_file_type_match, content_bm25",False,False,current_candidate_files_for_question,latest planner.py,high,False
test,1,8,file_5ad86df755747585,data/raw/share/share/共有ドライブ/プロジェクト/京橋信用ソリューションズ株式会社/05.会議/会議録/会議録_2025-10-29.pdf,京橋信用ソリューションズ株式会社,.pdf,meeting,10.9898,"{""required_file_type_match"": 3.0, ""content_bm25"": 7.989755477124099}","required_file_type_match, content_bm25",False,False,current_candidate_files_for_question,latest planner.py,high,False
test,1,9,file_d12079229f546ac0,data/raw/share/share/共有ドライブ/プロジェクト/医療法人社団 蒼泉会 ひがし丘総合病院/05.会議/会議録/会議録_2025-07-22.docx,医療法人社団 蒼泉会 ひがし丘総合病院,.docx,meeting,10.9355,"{""path_term_match"": 2.0, ""required_file_type_match"": 3.0, ""content_bm25"": 5.935453452291911}","path_term_match, required_file_type_match, content_bm25",False,False,current_candidate_files_for_question,latest planner.py,high,False
test,1,10,file_e87e9b3ab6b0d39a,data/raw/share/share/共有ドライブ/プロジェクト/医療法人社団 恒一会 かえで総合病院/01.契約/契約書_pw-kaede20250902.docx,医療法人社団 恒一会 かえで総合病院,.docx,contract,9.5348,"{""path_term_match"": 2.0, ""required_file_type_match"": 3.0, ""content_bm25"": 4.534840379371639}","path_term_match, required_file_type_match, content_bm25",False,False,current_candidate_files_for_question,latest planner.py,high,False
test,2,1,file_69289dcd3ecabac0,data/raw/share/share/共有ドライブ/プロジェクト/株式会社東都人材プラットフォーム/00.提案/データサイエンティスト調査.docx,株式会社東都人材プラットフォーム,.docx,proposal,15.5,"{""path_term_match"": 2.0, ""required_file_type_match"": 3.0, ""route_kind_match"": 2.5, ""content_bm25"": 8.0}","path_term_match, required_file_type_match, route_kind_match, content_bm25",False,True,current_candidate_files_for_question,latest planner.py,high,False
test,2,2,file_3dbffa905dc9b2b1,data/raw/share/share/共有ドライブ/プロジェクト/株式会社青嶺不動産アセットマネジメント/00.提案/old/提案書.pptx,株式会社青嶺不動産アセットマネジメント,.pptx,proposal,15.5,"{""path_term_match"": 2.0, ""required_file_type_match"": 3.0, ""route_kind_match"": 2.5, ""content_bm25"": 8.0}","path_term_match, required_file_type_match, route_kind_match, content_bm25",False,True,current_candidate_files_for_question,latest planner.py,high,False
test,2,3,file_831dbc2d4bc189c3,data/raw/share/share/共有ドライブ/プロジェクト/株式会社青嶺不動産アセットマネジメント/00.提案/提案書.pptx,株式会社青嶺不動産アセットマネジメント,.pptx,proposal,15.5,"{""path_term_match"": 2.0, ""required_file_type_match"": 3.0, ""route_kind_match"": 2.5, ""content_bm25"": 8.0}","path_term_match, required_file_type_match, route_kind_match, content_bm25",False,True,current_candidate_files_for_question,latest planner.py,high,False
test,2,4,file_0305d0365eeba3e4,data/raw/share/share/共有ドライブ/プロジェクト/株式会社青嶺不動産アセットマネジメント/01.契約/契約書.docx,株式会社青嶺不動産アセットマネジメント,.docx,contract,15.5,"{""path_term_match"": 2.0, ""required_file_type_match"": 3.0, ""route_kind_match"": 2.5, ""content_bm25"": 8.0}","path_term_match, required_file_type_match, route_kind_match, content_bm25",False,True,current_candidate_files_for_question,latest planner.py,high,False
test,2,5,file_9453287d4c9b7701,data/raw/share/share/共有ドライブ/プロジェクト/株式会社青嶺不動産アセットマネジメント/06.報告書/株式会社青嶺不動産アセットマネジメント_最終報告.pptx,株式会社青嶺不動産アセットマネジメント,.pptx,report,15.5,"{""path_term_match"": 2.0, ""required_file_type_match"": 3.0, ""route_kind_match"": 2.5, ""content_bm25"": 8.0}","path_term_match, required_file_type_match, route_kind_match, content_bm25",False,True,current_candidate_files_for_question,latest planner.py,high,False
test,2,6,file_ef6b3d40c6cbf84f,data/raw/share/share/共有ドライブ/プロジェクト/青葉与信マネジメント株式会社/05.会議/報告資料/報告資料_2025-04-09.docx,青葉与信マネジメント株式会社,.docx,meeting,14.5095,"{""path_term_match"": 2.0, ""required_file_type_match"": 3.0, ""route_kind_match"": 2.5, ""content_bm25"": 7.009494045396448}","path_term_match, required_file_type_match, route_kind_match, content_bm25",False,True,current_candidate_files_for_question,latest planner.py,high,False
test,2,7,file_3214e231bd5034de,data/raw/share/share/共有ドライブ/プロジェクト/医療法人社団 恒一会 かえで総合病院/05.会議/報告資料/報告資料_2025-09-16.docx,医療法人社団 恒一会 かえで総合病院,.docx,meeting,13.8359,"{""path_term_match"": 2.0, ""required_file_type_match"": 3.0, ""route_kind_match"": 2.5, ""content_bm25"": 6.335864389876708}","path_term_match, required_file_type_match, route_kind_match, content_bm25",False,True,current_candidate_files_for_question,latest planner.py,high,False
test,2,8,file_4f60d0d4ed6aeac1,data/raw/share/share/共有ドライブ/プロジェクト/医療法人社団 恒一会 かえで総合病院/05.会議/報告資料/報告資料_2025-09-02.docx,医療法人社団 恒一会 かえで総合病院,.docx,meeting,12.9529,"{""path_term_match"": 2.0, ""required_file_type_match"": 3.0, ""route_kind_match"": 2.5, ""content_bm25"": 5.452943199926434}","path_term_match, required_file_type_match, route_kind_match, content_bm25",False,True,current_candidate_files_for_question,latest planner.py,high,False
test,2,9,file_58533c3139b39f95,data/raw/share/share/共有ドライブ/プロジェクト/青葉与信マネジメント株式会社/05.会議/報告資料/報告資料_2025-04-29.docx,青葉与信マネジメント株式会社,.docx,meeting,12.7421,"{""path_term_match"": 2.0, ""required_file_type_match"": 3.0, ""route_kind_match"": 2.5, ""content_bm25"": 5.242088200499949}","path_term_match, required_file_type_match, route_kind_match, content_bm25",False,True,current_candidate_files_for_question,latest planner.py,high,False
test,2,10,file_21fab58c1f410821,data/raw/share/share/共有ドライブ/プロジェクト/京橋信用ソリューションズ株式会社/02.計画/スケジュール.xlsx,京橋信用ソリューションズ株式会社,.xlsx,schedule,12.5,"{""path_term_match"": 2.0, ""required_file_type_match"": 3.0, ""route_kind_match"": 5.5, ""identifier_path_match"": 2.0}","path_term_match, required_file_type_match, route_kind_match, identifier_path_match",False,True,current_candidate_files_for_question,latest planner.py,high,False
test,3,1,file_d72ac8163b01ef72,data/raw/share/share/共有ドライブ/プロジェクト/医療法人社団 恒一会 かえで総合病院/00.提案/提案書.pptx,医療法人社団 恒一会 かえで総合病院,.pptx,proposal,15.5,"{""path_term_match"": 2.0, ""required_file_type_match"": 3.0, ""route_kind_match"": 2.5, ""content_bm25"": 8.0}","path_term_match, required_file_type_match, route_kind_match, content_bm25",False,True,current_candidate_files_for_question,latest planner.py,high,False
test,3,2,file_cc8e97e3d637960f,data/raw/share/share/共有ドライブ/プロジェクト/医療法人社団 恒一会 かえで総合病院/06.報告書/医療法人社団 恒一会 かえで総合病院_最終報告.pptx,医療法人社団 恒一会 かえで総合病院,.pptx,report,15.5,"{""path_term_match"": 2.0, ""required_file_type_match"": 3.0, ""route_kind_match"": 2.5, ""content_bm25"": 8.0}","path_term_match, required_file_type_match, route_kind_match, content_bm25",False,True,current_candidate_files_for_question,latest planner.py,high,False
test,3,3,file_c2047ca2e1b6baa2,data/raw/share/share/共有ドライブ/プロジェクト/医療法人社団 恒一会 かえで総合病院/06.報告書/医療法人社団 恒一会 かえで総合病院_最終報告_old.pptx,医療法人社団 恒一会 かえで総合病院,.pptx,report,15.5,"{""path_term_match"": 2.0, ""required_file_type_match"": 3.0, ""route_kind_match"": 2.5, ""content_bm25"": 8.0}","path_term_match, required_file_type_match, route_kind_match, content_bm25",False,True,current_candidate_files_for_question,latest planner.py,high,False
test,3,4,file_dfcdb508120d023c,data/raw/share/share/共有ドライブ/プロジェクト/京橋信用ソリューションズ株式会社/06.報告書/京橋信用ソリューションズ株式会社_最終報告.pptx,京橋信用ソリューションズ株式会社,.pptx,report,13.5,"{""required_file_type_match"": 3.0, ""route_kind_match"": 2.5, ""content_bm25"": 8.0}","required_file_type_match, route_kind_match, content_bm25",False,True,current_candidate_files_for_question,latest planner.py,high,False
test,3,5,file_3214e231bd5034de,data/raw/share/share/共有ドライブ/プロジェクト/医療法人社団 恒一会 かえで総合病院/05.会議/報告資料/報告資料_2025-09-16.docx,医療法人社団 恒一会 かえで総合病院,.docx,meeting,12.6249,"{""path_term_match"": 2.0, ""required_file_type_match"": 3.0, ""route_kind_match"": 2.5, ""content_bm25"": 5.1249362621115715}","path_term_match, required_file_type_match, route_kind_match, content_bm25",False,True,current_candidate_files_for_question,latest planner.py,high,False
test,3,6,file_1aff1b560a3f2e24,data/raw/share/share/共有ドライブ/プロジェクト/京橋信用ソリューションズ株式会社/00.提案/提案書_final.pptx,京橋信用ソリューションズ株式会社,.pptx,proposal,12.3334,"{""required_file_type_match"": 3.0, ""route_kind_match"": 2.5, ""content_bm25"": 6.833438721578142}","required_file_type_match, route_kind_match, content_bm25",False,True,current_candidate_files_for_question,latest planner.py,high,False
test,3,7,file_7f6ba34feefeb01a,data/raw/share/share/共有ドライブ/プロジェクト/京橋信用ソリューションズ株式会社/00.提案/提案書_v1.pptx,京橋信用ソリューションズ株式会社,.pptx,proposal,12.3334,"{""required_file_type_match"": 3.0, ""route_kind_match"": 2.5, ""content_bm25"": 6.833438721578142}","required_file_type_match, route_kind_match, content_bm25",False,True,current_candidate_files_for_question,latest planner.py,high,False
test,3,8,file_e87e9b3ab6b0d39a,data/raw/share/share/共有ドライブ/プロジェクト/医療法人社団 恒一会 かえで総合病院/01.契約/契約書_pw-kaede20250902.docx,医療法人社団 恒一会 かえで総合病院,.docx,contract,11.553,"{""path_term_match"": 2.0, ""required_file_type_match"": 3.0, ""route_kind_match"": 2.5, ""content_bm25"": 4.053017493859343}","path_term_match, required_file_type_match, route_kind_match, content_bm25",True,True,current_candidate_files_for_question,latest planner.py,high,False
test,3,9,file_9c265e1ca7bc94dc,data/raw/share/share/共有ドライブ/プロジェクト/医療法人社団 蒼樹会 みなみ野女性医療センター/01.契約/契約書.docx,医療法人社団 蒼樹会 みなみ野女性医療センター,.docx,contract,11.2198,"{""path_term_match"": 2.0, ""required_file_type_match"": 3.0, ""route_kind_match"": 2.5, ""content_bm25"": 3.719788992599714}","path_term_match, required_file_type_match, route_kind_match, content_bm25",False,True,current_candidate_files_for_question,latest planner.py,high,False
test,3,10,file_a18e6e03b56e708d,data/raw/share/share/共有ドライブ/プロジェクト/白峰信用リスク評価株式会社/01.契約/契約書.docx,白峰信用リスク評価株式会社,.docx,contract,11.0395,"{""path_term_match"": 2.0, ""required_file_type_match"": 3.0, ""route_kind_match"": 2.5, ""content_bm25"": 3.539504340721022}","path_term_match, required_file_type_match, route_kind_match, content_bm25",False,True,current_candidate_files_for_question,latest planner.py,high,False
test,4,1,file_0783e32af794bbe2,data/raw/share/share/共有ドライブ/プロジェクト/京橋信用ソリューションズ株式会社/04.分析/analysis_project/notebooks/01_eda.ipynb,京橋信用ソリューションズ株式会社,.ipynb,analysis,18.0,"{""path_term_match"": 2.0, ""required_file_type_match"": 3.0, ""route_kind_match"": 3.0, ""identifier_path_match"": 2.0, ""content_bm25"": 8.0}","path_term_match, required_file_type_match, route_kind_match, identifier_path_match, content_bm25",False,True,current_candidate_files_for_question,latest planner.py,high,False
test,4,2,file_85e62a06cafe5ae7,data/raw/share/share/共有ドライブ/プロジェクト/医療法人社団 恒一会 かえで総合病院/04.分析/analysis_project/notebooks/01_eda.ipynb,医療法人社団 恒一会 かえで総合病院,.ipynb,analysis,18.0,"{""path_term_match"": 2.0, ""required_file_type_match"": 3.0, ""route_kind_match"": 3.0, ""identifier_path_match"": 2.0, ""content_bm25"": 8.0}","path_term_match, required_file_type_match, route_kind_match, identifier_path_match, content_bm25",False,True,current_candidate_files_for_question,latest planner.py,high,False
test,4,3,file_6d3070cd9e872c23,data/raw/share/share/共有ドライブ/プロジェクト/医療法人社団 蒼樹会 みなみ野女性医療センター/04.分析/analysis_project/notebooks/01_eda.ipynb,医療法人社団 蒼樹会 みなみ野女性医療センター,.ipynb,analysis,18.0,"{""path_term_match"": 2.0, ""required_file_type_match"": 3.0, ""route_kind_match"": 3.0, ""identifier_path_match"": 2.0, ""content_bm25"": 8.0}","path_term_match, required_file_type_match, route_kind_match, identifier_path_match, content_bm25",False,True,current_candidate_files_for_question,latest planner.py,high,False
test,4,4,file_8f17c170486dd8ad,data/raw/share/share/共有ドライブ/プロジェクト/医療法人社団 蒼泉会 ひがし丘総合病院/04.分析/analysis_project/notebooks/01_eda.ipynb,医療法人社団 蒼泉会 ひがし丘総合病院,.ipynb,analysis,18.0,"{""path_term_match"": 2.0, ""required_file_type_match"": 3.0, ""route_kind_match"": 3.0, ""identifier_path_match"": 2.0, ""content_bm25"": 8.0}","path_term_match, required_file_type_match, route_kind_match, identifier_path_match, content_bm25",True,True,current_candidate_files_for_question,latest planner.py,high,False
test,4,5,file_dbc8be5d37bc70da,data/raw/share/share/共有ドライブ/プロジェクト/株式会社東都人材プラットフォーム/04.分析/analysis_project/notebooks/01_eda.ipynb,株式会社東都人材プラットフォーム,.ipynb,analysis,18.0,"{""path_term_match"": 2.0, ""required_file_type_match"": 3.0, ""route_kind_match"": 3.0, ""identifier_path_match"": 2.0, ""content_bm25"": 8.0}","path_term_match, required_file_type_match, route_kind_match, identifier_path_match, content_bm25",False,True,current_candidate_files_for_question,latest planner.py,high,False
test,4,6,file_2b94fecbbe587f21,data/raw/share/share/共有ドライブ/プロジェクト/株式会社青嶺不動産アセットマネジメント/04.分析/analysis_project/notebooks/01_eda.ipynb,株式会社青嶺不動産アセットマネジメント,.ipynb,analysis,18.0,"{""path_term_match"": 2.0, ""required_file_type_match"": 3.0, ""route_kind_match"": 3.0, ""identifier_path_match"": 2.0, ""content_bm25"": 8.0}","path_term_match, required_file_type_match, route_kind_match, identifier_path_match, content_bm25",False,True,current_candidate_files_for_question,latest planner.py,high,False
test,4,7,file_f744d2ce7a347ad2,data/raw/share/share/共有ドライブ/プロジェクト/株式会社青潮モビリティサービス/04.分析/analysis_project/notebooks/01_eda.ipynb,株式会社青潮モビリティサービス,.ipynb,analysis,18.0,"{""path_term_match"": 2.0, ""required_file_type_match"": 3.0, ""route_kind_match"": 3.0, ""identifier_path_match"": 2.0, ""content_bm25"": 8.0}","path_term_match, required_file_type_match, route_kind_match, identifier_path_match, content_bm25",False,True,current_candidate_files_for_question,latest planner.py,high,False
test,4,8,file_16463dfce5216836,data/raw/share/share/共有ドライブ/プロジェクト/白峰信用リスク評価株式会社/04.分析/analysis_project/notebooks/01_eda.ipynb,白峰信用リスク評価株式会社,.ipynb,analysis,18.0,"{""path_term_match"": 2.0, ""required_file_type_match"": 3.0, ""route_kind_match"": 3.0, ""identifier_path_match"": 2.0, ""content_bm25"": 8.0}","path_term_match, required_file_type_match, route_kind_match, identifier_path_match, content_bm25",False,True,current_candidate_files_for_question,latest planner.py,high,False
test,4,9,file_98277b2c749a8460,data/raw/share/share/共有ドライブ/プロジェクト/白峰信用リスク評価株式会社/04.分析/analysis_project/notebooks/01_eda_old.ipynb,白峰信用リスク評価株式会社,.ipynb,analysis,18.0,"{""path_term_match"": 2.0, ""required_file_type_match"": 3.0, ""route_kind_match"": 3.0, ""identifier_path_match"": 2.0, ""content_bm25"": 8.0}","path_term_match, required_file_type_match, route_kind_match, identifier_path_match, content_bm25",False,True,current_candidate_files_for_question,latest planner.py,high,False
test,4,10,file_19f178a22d2fdecf,data/raw/share/share/共有ドライブ/プロジェクト/青葉与信マネジメント株式会社/04.分析/analysis_project/notebooks/01_eda.ipynb,青葉与信マネジメント株式会社,.ipynb,analysis,18.0,"{""path_term_match"": 2.0, ""required_file_type_match"": 3.0, ""route_kind_match"": 3.0, ""identifier_path_match"": 2.0, ""content_bm25"": 8.0}","path_term_match, required_file_type_match, route_kind_match, identifier_path_match, content_bm25",False,True,current_candidate_files_for_question,latest planner.py,high,False
test,5,1,file_45d248a37508b209,data/raw/share/share/共有ドライブ/プロジェクト/医療法人社団 蒼泉会 ひがし丘総合病院/06.報告書/医療法人社団 蒼泉会 ひがし丘総合病院_最終報告.pdf,医療法人社団 蒼泉会 ひがし丘総合病院,.pdf,report,11.5,"{""path_term_match"": 2.0, ""route_kind_match"": 1.5, ""content_bm25"": 8.0}","path_term_match, route_kind_match, content_bm25",False,False,current_candidate_files_for_question,latest planner.py,high,False
test,5,2,file_be1cc2431b394277,data/raw/share/share/共有ドライブ/プロジェクト/株式会社東都人材プラットフォーム/06.報告書/株式会社東都人材プラットフォーム_最終報告.pptx,株式会社東都人材プラットフォーム,.pptx,report,11.5,"{""path_term_match"": 2.0, ""route_kind_match"": 1.5, ""content_bm25"": 8.0}","path_term_match, route_kind_match, content_bm25",False,False,current_candidate_files_for_question,latest planner.py,high,False
test,5,3,file_ef106a562ea6c4f4,data/raw/share/share/共有ドライブ/プロジェクト/株式会社青嶺不動産アセットマネジメント/00.提案/ニューヨーク不動産市場の最新動向調査.pdf,株式会社青嶺不動産アセットマネジメント,.pdf,proposal,11.5,"{""path_term_match"": 2.0, ""route_kind_match"": 1.5, ""content_bm25"": 8.0}","path_term_match, route_kind_match, content_bm25",False,False,current_candidate_files_for_question,latest planner.py,high,False
test,5,4,file_4d734b2c30ad41ee,data/raw/share/share/共有ドライブ/プロジェクト/株式会社青嶺不動産アセットマネジメント/05.会議/報告資料/報告資料_2025-08-06.pdf,株式会社青嶺不動産アセットマネジメント,.pdf,meeting,11.5,"{""path_term_match"": 2.0, ""route_kind_match"": 1.5, ""content_bm25"": 8.0}","path_term_match, route_kind_match, content_bm25",False,False,current_candidate_files_for_question,latest planner.py,high,False
test,5,5,file_4fa8d55179bcaeab,data/raw/share/share/共有ドライブ/プロジェクト/株式会社青嶺不動産アセットマネジメント/05.会議/報告資料/報告資料_2025-08-26.pdf,株式会社青嶺不動産アセットマネジメント,.pdf,meeting,11.5,"{""path_term_match"": 2.0, ""route_kind_match"": 1.5, ""content_bm25"": 8.0}","path_term_match, route_kind_match, content_bm25",False,False,current_candidate_files_for_question,latest planner.py,high,False
test,5,6,file_591a79dbe934438c,data/raw/share/share/共有ドライブ/プロジェクト/株式会社青潮モビリティサービス/00.提案/提案書.pptx,株式会社青潮モビリティサービス,.pptx,proposal,11.5,"{""path_term_match"": 2.0, ""route_kind_match"": 1.5, ""content_bm25"": 8.0}","path_term_match, route_kind_match, content_bm25",False,False,current_candidate_files_for_question,latest planner.py,high,False
test,5,7,file_88270e387c6aa908,data/raw/share/share/共有ドライブ/プロジェクト/株式会社青潮モビリティサービス/05.会議/会議録/会議録_2025-08-26.docx,株式会社青潮モビリティサービス,.docx,meeting,11.5,"{""path_term_match"": 2.0, ""route_kind_match"": 1.5, ""content_bm25"": 8.0}","path_term_match, route_kind_match, content_bm25",False,False,current_candidate_files_for_question,latest planner.py,high,False
test,5,8,file_ddd2179f59b2b09d,data/raw/share/share/共有ドライブ/プロジェクト/株式会社青潮モビリティサービス/06.報告書/株式会社青潮モビリティサービス_最終報告.pdf,株式会社青潮モビリティサービス,.pdf,report,11.5,"{""path_term_match"": 2.0, ""route_kind_match"": 1.5, ""content_bm25"": 8.0}","path_term_match, route_kind_match, content_bm25",False,False,current_candidate_files_for_question,latest planner.py,high,False
test,5,9,file_16c34387f25d4280,data/raw/share/share/共有ドライブ/プロジェクト/青葉与信マネジメント株式会社/06.報告書/青葉与信マネジメント株式会社_最終報告.pptx,青葉与信マネジメント株式会社,.pptx,report,11.1727,"{""path_term_match"": 2.0, ""route_kind_match"": 1.5, ""content_bm25"": 7.672705044045683}","path_term_match, route_kind_match, content_bm25",False,False,current_candidate_files_for_question,latest planner.py,high,False
test,5,10,file_9988c3de981d5347,data/raw/share/share/共有ドライブ/プロジェクト/青葉与信マネジメント株式会社/06.報告書/old/青葉与信マネジメント株式会社_最終報告.pptx,青葉与信マネジメント株式会社,.pptx,report,11.1632,"{""path_term_match"": 2.0, ""route_kind_match"": 1.5, ""content_bm25"": 7.663163234724796}","path_term_match, route_kind_match, content_bm25",False,False,current_candidate_files_for_question,latest planner.py,high,False
test,6,1,file_cc8e97e3d637960f,data/raw/share/share/共有ドライブ/プロジェクト/医療法人社団 恒一会 かえで総合病院/06.報告書/医療法人社団 恒一会 かえで総合病院_最終報告.pptx,医療法人社団 恒一会 かえで総合病院,.pptx,report,10.0,"{""path_term_match"": 2.0, ""content_bm25"": 8.0}","path_term_match, content_bm25",False,False,current_candidate_files_for_question,latest planner.py,high,False
test,6,2,file_c2047ca2e1b6baa2,data/raw/share/share/共有ドライブ/プロジェクト/医療法人社団 恒一会 かえで総合病院/06.報告書/医療法人社団 恒一会 かえで総合病院_最終報告_old.pptx,医療法人社団 恒一会 かえで総合病院,.pptx,report,10.0,"{""path_term_match"": 2.0, ""content_bm25"": 8.0}","path_term_match, content_bm25",False,False,current_candidate_files_for_question,latest planner.py,high,False
test,6,3,file_70f9d108e37232bd,data/raw/share/share/共有ドライブ/プロジェクト/医療法人社団 蒼泉会 ひがし丘総合病院/00.提案/提案書.pptx,医療法人社団 蒼泉会 ひがし丘総合病院,.pptx,proposal,10.0,"{""path_term_match"": 2.0, ""content_bm25"": 8.0}","path_term_match, content_bm25",False,False,current_candidate_files_for_question,latest planner.py,high,False
test,6,4,file_8f17c170486dd8ad,data/raw/share/share/共有ドライブ/プロジェクト/医療法人社団 蒼泉会 ひがし丘総合病院/04.分析/analysis_project/notebooks/01_eda.ipynb,医療法人社団 蒼泉会 ひがし丘総合病院,.ipynb,analysis,10.0,"{""path_term_match"": 2.0, ""content_bm25"": 8.0}","path_term_match, content_bm25",False,False,current_candidate_files_for_question,latest planner.py,high,False
test,6,5,file_1ddd5673cb55da27,data/raw/share/share/共有ドライブ/プロジェクト/医療法人社団 蒼泉会 ひがし丘総合病院/04.分析/analysis_project/src/common.py,医療法人社団 蒼泉会 ひがし丘総合病院,.py,analysis,10.0,"{""path_term_match"": 2.0, ""content_bm25"": 8.0}","path_term_match, content_bm25",False,False,current_candidate_files_for_question,latest planner.py,high,False
test,6,6,file_04ff0c1d08714623,data/raw/share/share/共有ドライブ/プロジェクト/医療法人社団 蒼泉会 ひがし丘総合病院/05.会議/報告資料/報告資料_2025-07-08.docx,医療法人社団 蒼泉会 ひがし丘総合病院,.docx,meeting,10.0,"{""path_term_match"": 2.0, ""content_bm25"": 8.0}","path_term_match, content_bm25",False,False,current_candidate_files_for_question,latest planner.py,high,False
test,6,7,file_45d248a37508b209,data/raw/share/share/共有ドライブ/プロジェクト/医療法人社団 蒼泉会 ひがし丘総合病院/06.報告書/医療法人社団 蒼泉会 ひがし丘総合病院_最終報告.pdf,医療法人社団 蒼泉会 ひがし丘総合病院,.pdf,report,10.0,"{""path_term_match"": 2.0, ""content_bm25"": 8.0}","path_term_match, content_bm25",False,False,current_candidate_files_for_question,latest planner.py,high,False
test,6,8,file_0f1d03a0bc1c6420,data/raw/share/share/共有ドライブ/プロジェクト/医療法人社団 蒼泉会 ひがし丘総合病院/04.分析/analysis_project/scripts/bootstrap_env.py,医療法人社団 蒼泉会 ひがし丘総合病院,.py,analysis,9.402,"{""path_term_match"": 2.0, ""content_bm25"": 7.401987213037903}","path_term_match, content_bm25",False,False,current_candidate_files_for_question,latest planner.py,high,False
test,6,9,file_d72ac8163b01ef72,data/raw/share/share/共有ドライブ/プロジェクト/医療法人社団 恒一会 かえで総合病院/00.提案/提案書.pptx,医療法人社団 恒一会 かえで総合病院,.pptx,proposal,9.1343,"{""path_term_match"": 2.0, ""content_bm25"": 7.1343096390741705}","path_term_match, content_bm25",False,False,current_candidate_files_for_question,latest planner.py,high,False
test,6,10,file_0cd4fc42e961ecf5,data/raw/share/share/共有ドライブ/プロジェクト/医療法人社団 蒼泉会 ひがし丘総合病院/01.契約/契約書.docx,医療法人社団 蒼泉会 ひがし丘総合病院,.docx,contract,8.9088,"{""path_term_match"": 2.0, ""content_bm25"": 6.908818868531069}","path_term_match, content_bm25",False,False,current_candidate_files_for_question,latest planner.py,high,False
test,7,1,file_591a79dbe934438c,data/raw/share/share/共有ドライブ/プロジェクト/株式会社青潮モビリティサービス/00.提案/提案書.pptx,株式会社青潮モビリティサービス,.pptx,proposal,17.5,"{""path_term_match"": 2.0, ""required_file_type_match"": 3.0, ""route_kind_match"": 2.5, ""identifier_path_match"": 2.0, ""content_bm25"": 8.0}","path_term_match, required_file_type_match, route_kind_match, identifier_path_match, content_bm25",False,False,current_candidate_files_for_question,latest planner.py,high,False
test,7,2,file_a452ac5e9344e277,data/raw/share/share/共有ドライブ/プロジェクト/株式会社青葉バイオメディカル機器/06.報告書/株式会社青葉バイオメディカル機器_最終報告.pptx,株式会社青葉バイオメディカル機器,.pptx,report,16.6693,"{""path_term_match"": 2.0, ""required_file_type_match"": 3.0, ""route_kind_match"": 2.5, ""identifier_path_match"": 2.0, ""content_bm25"": 7.169347287443923}","path_term_match, required_file_type_match, route_kind_match, identifier_path_match, content_bm25",False,False,current_candidate_files_for_question,latest planner.py,high,False
test,7,3,file_35dab804db563c49,data/raw/share/share/共有ドライブ/プロジェクト/医療法人社団 蒼樹会 みなみ野女性医療センター/00.提案/提案書.pptx,医療法人社団 蒼樹会 みなみ野女性医療センター,.pptx,proposal,16.2344,"{""path_term_match"": 2.0, ""required_file_type_match"": 3.0, ""route_kind_match"": 2.5, ""identifier_path_match"": 2.0, ""content_bm25"": 6.73436787372931}","path_term_match, required_file_type_match, route_kind_match, identifier_path_match, content_bm25",False,False,current_candidate_files_for_question,latest planner.py,high,False
test,7,4,file_69289dcd3ecabac0,data/raw/share/share/共有ドライブ/プロジェクト/株式会社東都人材プラットフォーム/00.提案/データサイエンティスト調査.docx,株式会社東都人材プラットフォーム,.docx,proposal,15.5,"{""path_term_match"": 2.0, ""required_file_type_match"": 3.0, ""route_kind_match"": 2.5, ""content_bm25"": 8.0}","path_term_match, required_file_type_match, route_kind_match, content_bm25",False,False,current_candidate_files_for_question,latest planner.py,high,False
test,7,5,file_8fb18453764bc6db,data/raw/share/share/共有ドライブ/社内管理/社内用語集.docx,社内管理,.docx,management,15.5,"{""path_term_match"": 2.0, ""required_file_type_match"": 3.0, ""route_kind_match"": 2.5, ""content_bm25"": 8.0}","path_term_match, required_file_type_match, route_kind_match, content_bm25",False,False,current_candidate_files_for_question,latest planner.py,high,False
test,7,6,file_f194c25cf74d7386,data/raw/share/share/共有ドライブ/プロジェクト/株式会社青潮モビリティサービス/05.会議/報告資料/基礎分析.pptx,株式会社青潮モビリティサービス,.pptx,analysis,14.7998,"{""path_term_match"": 2.0, ""required_file_type_match"": 3.0, ""route_kind_match"": 2.5, ""identifier_path_match"": 2.0, ""content_bm25"": 5.299768857917069}","path_term_match, required_file_type_match, route_kind_match, identifier_path_match, content_bm25",False,False,current_candidate_files_for_question,latest planner.py,high,False
test,7,7,file_1aff1b560a3f2e24,data/raw/share/share/共有ドライブ/プロジェクト/京橋信用ソリューションズ株式会社/00.提案/提案書_final.pptx,京橋信用ソリューションズ株式会社,.pptx,proposal,13.8877,"{""path_term_match"": 2.0, ""required_file_type_match"": 3.0, ""route_kind_match"": 2.5, ""identifier_path_match"": 2.0, ""content_bm25"": 4.38767594538748}","path_term_match, required_file_type_match, route_kind_match, identifier_path_match, content_bm25",False,False,current_candidate_files_for_question,latest planner.py,high,False
test,7,8,file_7f6ba34feefeb01a,data/raw/share/share/共有ドライブ/プロジェクト/京橋信用ソリューションズ株式会社/00.提案/提案書_v1.pptx,京橋信用ソリューションズ株式会社,.pptx,proposal,13.8877,"{""path_term_match"": 2.0, ""required_file_type_match"": 3.0, ""route_kind_match"": 2.5, ""identifier_path_match"": 2.0, ""content_bm25"": 4.38767594538748}","path_term_match, required_file_type_match, route_kind_match, identifier_path_match, content_bm25",False,False,current_candidate_files_for_question,latest planner.py,high,False
test,7,9,file_55b4c40fc1e8e7bc,data/raw/share/share/共有ドライブ/プロジェクト/青葉与信マネジメント株式会社/00.提案/提案書_v1.pptx,青葉与信マネジメント株式会社,.pptx,proposal,13.8829,"{""path_term_match"": 2.0, ""required_file_type_match"": 3.0, ""route_kind_match"": 2.5, ""identifier_path_match"": 2.0, ""content_bm25"": 4.382907282958944}","path_term_match, required_file_type_match, route_kind_match, identifier_path_match, content_bm25",False,False,current_candidate_files_for_question,latest planner.py,high,False
test,7,10,file_08a9d0fb95bae44c,data/raw/share/share/共有ドライブ/プロジェクト/青葉与信マネジメント株式会社/00.提案/提案書_v2.pptx,青葉与信マネジメント株式会社,.pptx,proposal,13.8829,"{""path_term_match"": 2.0, ""required_file_type_match"": 3.0, ""route_kind_match"": 2.5, ""identifier_path_match"": 2.0, ""content_bm25"": 4.382907282958944}","path_term_match, required_file_type_match, route_kind_match, identifier_path_match, content_bm25",False,False,current_candidate_files_for_question,latest planner.py,high,False
test,8,1,file_3a4964aae9b99206,data/raw/share/share/共有ドライブ/プロジェクト/株式会社東都人材プラットフォーム/03.データ/train.xlsx,株式会社東都人材プラットフォーム,.xlsx,data,12.0511,"{""path_term_match"": 2.0, ""required_file_type_match"": 3.0, ""route_kind_match"": 3.0, ""content_bm25"": 4.051065591483133}","path_term_match, required_file_type_match, route_kind_match, content_bm25",False,False,current_candidate_files_for_question,latest planner.py,high,False
test,8,2,file_b1312a411e52ff80,data/raw/share/share/共有ドライブ/プロジェクト/株式会社東都人材プラットフォーム/00.提案/データサイエンス市場の未来予測.pdf,株式会社東都人材プラットフォーム,.pdf,proposal,10.0,"{""path_term_match"": 2.0, ""content_bm25"": 8.0}","path_term_match, content_bm25",False,False,current_candidate_files_for_question,latest planner.py,high,False
test,8,3,file_69289dcd3ecabac0,data/raw/share/share/共有ドライブ/プロジェクト/株式会社東都人材プラットフォーム/00.提案/データサイエンティスト調査.docx,株式会社東都人材プラットフォーム,.docx,proposal,10.0,"{""path_term_match"": 2.0, ""content_bm25"": 8.0}","path_term_match, content_bm25",False,False,current_candidate_files_for_question,latest planner.py,high,False
test,8,4,file_8e7f976c6bf62fb6,data/raw/share/share/共有ドライブ/プロジェクト/株式会社東都人材プラットフォーム/00.提案/提案書.pptx,株式会社東都人材プラットフォーム,.pptx,proposal,10.0,"{""path_term_match"": 2.0, ""content_bm25"": 8.0}","path_term_match, content_bm25",False,False,current_candidate_files_for_question,latest planner.py,high,False
test,8,5,file_dbc8be5d37bc70da,data/raw/share/share/共有ドライブ/プロジェクト/株式会社東都人材プラットフォーム/04.分析/analysis_project/notebooks/01_eda.ipynb,株式会社東都人材プラットフォーム,.ipynb,analysis,10.0,"{""path_term_match"": 2.0, ""content_bm25"": 8.0}","path_term_match, content_bm25",False,False,current_candidate_files_for_question,latest planner.py,high,False
test,8,6,file_539f8b256c2ec9c0,data/raw/share/share/共有ドライブ/プロジェクト/株式会社東都人材プラットフォーム/05.会議/報告資料/報告資料_2025-08-18.pdf,株式会社東都人材プラットフォーム,.pdf,meeting,10.0,"{""path_term_match"": 2.0, ""content_bm25"": 8.0}","path_term_match, content_bm25",False,False,current_candidate_files_for_question,latest planner.py,high,False
test,8,7,file_aca3e469ebe6f7ed,data/raw/share/share/共有ドライブ/プロジェクト/株式会社東都人材プラットフォーム/05.会議/報告資料/報告資料_2025-09-08.pdf,株式会社東都人材プラットフォーム,.pdf,meeting,10.0,"{""path_term_match"": 2.0, ""content_bm25"": 8.0}","path_term_match, content_bm25",False,False,current_candidate_files_for_question,latest planner.py,high,False
test,8,8,file_be1cc2431b394277,data/raw/share/share/共有ドライブ/プロジェクト/株式会社東都人材プラットフォーム/06.報告書/株式会社東都人材プラットフォーム_最終報告.pptx,株式会社東都人材プラットフォーム,.pptx,report,10.0,"{""path_term_match"": 2.0, ""content_bm25"": 8.0}","path_term_match, content_bm25",False,False,current_candidate_files_for_question,latest planner.py,high,False
test,8,9,file_ef106a562ea6c4f4,data/raw/share/share/共有ドライブ/プロジェクト/株式会社青嶺不動産アセットマネジメント/00.提案/ニューヨーク不動産市場の最新動向調査.pdf,株式会社青嶺不動産アセットマネジメント,.pdf,proposal,10.0,"{""path_term_match"": 2.0, ""content_bm25"": 8.0}","path_term_match, content_bm25",False,False,current_candidate_files_for_question,latest planner.py,high,False
test,8,10,file_d2d39140cef077b8,data/raw/share/share/共有ドライブ/プロジェクト/株式会社青潮モビリティサービス/01.契約/契約書.docx,株式会社青潮モビリティサービス,.docx,contract,8.5224,"{""path_term_match"": 2.0, ""content_bm25"": 6.522443622034135}","path_term_match, content_bm25",False,False,current_candidate_files_for_question,latest planner.py,high,False
test,9,1,file_55b4c40fc1e8e7bc,data/raw/share/share/共有ドライブ/プロジェクト/青葉与信マネジメント株式会社/00.提案/提案書_v1.pptx,青葉与信マネジメント株式会社,.pptx,proposal,15.0,"{""path_term_match"": 2.0, ""required_file_type_match"": 3.0, ""route_kind_match"": 2.0, ""content_bm25"": 8.0}","path_term_match, required_file_type_match, route_kind_match, content_bm25",False,True,current_candidate_files_for_question,latest planner.py,high,False
test,9,2,file_08a9d0fb95bae44c,data/raw/share/share/共有ドライブ/プロジェクト/青葉与信マネジメント株式会社/00.提案/提案書_v2.pptx,青葉与信マネジメント株式会社,.pptx,proposal,15.0,"{""path_term_match"": 2.0, ""required_file_type_match"": 3.0, ""route_kind_match"": 2.0, ""content_bm25"": 8.0}","path_term_match, required_file_type_match, route_kind_match, content_bm25",False,True,current_candidate_files_for_question,latest planner.py,high,False
test,9,3,file_9969b5d674125f4c,data/raw/share/share/共有ドライブ/プロジェクト/青葉与信マネジメント株式会社/00.提案/提案書_v3.pptx,青葉与信マネジメント株式会社,.pptx,proposal,15.0,"{""path_term_match"": 2.0, ""required_file_type_match"": 3.0, ""route_kind_match"": 2.0, ""content_bm25"": 8.0}","path_term_match, required_file_type_match, route_kind_match, content_bm25",False,True,current_candidate_files_for_question,latest planner.py,high,False
test,9,4,file_4fa8d55179bcaeab,data/raw/share/share/共有ドライブ/プロジェクト/株式会社青嶺不動産アセットマネジメント/05.会議/報告資料/報告資料_2025-08-26.pdf,株式会社青嶺不動産アセットマネジメント,.pdf,meeting,13.0,"{""path_term_match"": 2.0, ""required_file_type_match"": 3.0, ""content_bm25"": 8.0}","path_term_match, required_file_type_match, content_bm25",False,True,current_candidate_files_for_question,latest planner.py,high,False
test,9,5,file_e27cdf1ec1397056,data/raw/share/share/共有ドライブ/プロジェクト/青葉与信マネジメント株式会社/05.会議/会議録/会議録_2025-04-09.pdf,青葉与信マネジメント株式会社,.pdf,meeting,13.0,"{""path_term_match"": 2.0, ""required_file_type_match"": 3.0, ""content_bm25"": 8.0}","path_term_match, required_file_type_match, content_bm25",False,True,current_candidate_files_for_question,latest planner.py,high,False
test,9,6,file_87b6070b1b78d8f6,data/raw/share/share/共有ドライブ/プロジェクト/青葉与信マネジメント株式会社/05.会議/会議録/会議録_2025-05-27.pdf,青葉与信マネジメント株式会社,.pdf,meeting,13.0,"{""path_term_match"": 2.0, ""required_file_type_match"": 3.0, ""content_bm25"": 8.0}","path_term_match, required_file_type_match, content_bm25",False,True,current_candidate_files_for_question,latest planner.py,high,False
test,9,7,file_9988c3de981d5347,data/raw/share/share/共有ドライブ/プロジェクト/青葉与信マネジメント株式会社/06.報告書/old/青葉与信マネジメント株式会社_最終報告.pptx,青葉与信マネジメント株式会社,.pptx,report,13.0,"{""path_term_match"": 2.0, ""required_file_type_match"": 3.0, ""content_bm25"": 8.0}","path_term_match, required_file_type_match, content_bm25",False,True,current_candidate_files_for_question,latest planner.py,high,False
test,9,8,file_16c34387f25d4280,data/raw/share/share/共有ドライブ/プロジェクト/青葉与信マネジメント株式会社/06.報告書/青葉与信マネジメント株式会社_最終報告.pptx,青葉与信マネジメント株式会社,.pptx,report,13.0,"{""path_term_match"": 2.0, ""required_file_type_match"": 3.0, ""content_bm25"": 8.0}","path_term_match, required_file_type_match, content_bm25",False,True,current_candidate_files_for_question,latest planner.py,high,False
test,9,9,file_a452ac5e9344e277,data/raw/share/share/共有ドライブ/プロジェクト/株式会社青葉バイオメディカル機器/06.報告書/株式会社青葉バイオメディカル機器_最終報告.pptx,株式会社青葉バイオメディカル機器,.pptx,report,12.3802,"{""path_term_match"": 2.0, ""required_file_type_match"": 3.0, ""content_bm25"": 7.380248605482162}","path_term_match, required_file_type_match, content_bm25",False,True,current_candidate_files_for_question,latest planner.py,high,False
test,9,10,file_6efe2c9a4c44264a,data/raw/share/share/共有ドライブ/プロジェクト/青葉与信マネジメント株式会社/05.会議/会議録/会議録_2025-04-29.pdf,青葉与信マネジメント株式会社,.pdf,meeting,12.1084,"{""path_term_match"": 2.0, ""required_file_type_match"": 3.0, ""content_bm25"": 7.1083543021763}","path_term_match, required_file_type_match, content_bm25",False,True,current_candidate_files_for_question,latest planner.py,high,False
test,10,1,file_6bae87759176c513,data/raw/share/share/共有ドライブ/プロジェクト/医療法人社団 恒一会 かえで総合病院/03.データ/train.xlsx,医療法人社団 恒一会 かえで総合病院,.xlsx,data,12.5987,"{""path_term_match"": 2.0, ""required_file_type_match"": 3.0, ""route_kind_match"": 3.0, ""identifier_path_match"": 2.0, ""content_bm25"": 2.598715056782186}","path_term_match, required_file_type_match, route_kind_match, identifier_path_match, content_bm25",False,False,current_candidate_files_for_question,latest planner.py,high,False
test,10,2,file_21fab58c1f410821,data/raw/share/share/共有ドライブ/プロジェクト/京橋信用ソリューションズ株式会社/02.計画/スケジュール.xlsx,京橋信用ソリューションズ株式会社,.xlsx,schedule,10.0,"{""path_term_match"": 2.0, ""required_file_type_match"": 3.0, ""route_kind_match"": 3.0, ""identifier_path_match"": 2.0}","path_term_match, required_file_type_match, route_kind_match, identifier_path_match",False,False,current_candidate_files_for_question,latest planner.py,high,False
test,10,3,file_8fd0e20487420b74,data/raw/share/share/共有ドライブ/プロジェクト/京橋信用ソリューションズ株式会社/03.データ/train.csv,京橋信用ソリューションズ株式会社,.csv,data,10.0,"{""path_term_match"": 2.0, ""required_file_type_match"": 3.0, ""route_kind_match"": 3.0, ""identifier_path_match"": 2.0}","path_term_match, required_file_type_match, route_kind_match, identifier_path_match",False,False,current_candidate_files_for_question,latest planner.py,high,False
test,10,4,file_d5e7d14b53826dc9,data/raw/share/share/共有ドライブ/プロジェクト/京橋信用ソリューションズ株式会社/04.分析/analysis_project/data/train.csv,京橋信用ソリューションズ株式会社,.csv,data,10.0,"{""path_term_match"": 2.0, ""required_file_type_match"": 3.0, ""route_kind_match"": 3.0, ""identifier_path_match"": 2.0}","path_term_match, required_file_type_match, route_kind_match, identifier_path_match",False,False,current_candidate_files_for_question,latest planner.py,high,False
test,10,5,file_d72ac8163b01ef72,data/raw/share/share/共有ドライブ/プロジェクト/医療法人社団 恒一会 かえで総合病院/00.提案/提案書.pptx,医療法人社団 恒一会 かえで総合病院,.pptx,proposal,10.0,"{""path_term_match"": 2.0, ""content_bm25"": 8.0}","path_term_match, content_bm25",False,False,current_candidate_files_for_question,latest planner.py,high,False
test,10,6,file_03d92cf92666adde,data/raw/share/share/共有ドライブ/プロジェクト/医療法人社団 恒一会 かえで総合病院/02.計画/~$スケジュール.xlsx,医療法人社団 恒一会 かえで総合病院,.xlsx,schedule,10.0,"{""path_term_match"": 2.0, ""required_file_type_match"": 3.0, ""route_kind_match"": 3.0, ""identifier_path_match"": 2.0}","path_term_match, required_file_type_match, route_kind_match, identifier_path_match",False,False,current_candidate_files_for_question,latest planner.py,high,False
test,10,7,file_6aab39bed667662c,data/raw/share/share/共有ドライブ/プロジェクト/医療法人社団 恒一会 かえで総合病院/02.計画/スケジュール.xlsx,医療法人社団 恒一会 かえで総合病院,.xlsx,schedule,10.0,"{""path_term_match"": 2.0, ""required_file_type_match"": 3.0, ""route_kind_match"": 3.0, ""identifier_path_match"": 2.0}","path_term_match, required_file_type_match, route_kind_match, identifier_path_match",False,False,current_candidate_files_for_question,latest planner.py,high,False
test,10,8,file_4fe0dd886c669e57,data/raw/share/share/共有ドライブ/プロジェクト/医療法人社団 恒一会 かえで総合病院/03.データ/train.csv,医療法人社団 恒一会 かえで総合病院,.csv,data,10.0,"{""path_term_match"": 2.0, ""required_file_type_match"": 3.0, ""route_kind_match"": 3.0, ""identifier_path_match"": 2.0}","path_term_match, required_file_type_match, route_kind_match, identifier_path_match",False,False,current_candidate_files_for_question,latest planner.py,high,False
test,10,9,file_7adc687e255c7e58,data/raw/share/share/共有ドライブ/プロジェクト/医療法人社団 恒一会 かえで総合病院/04.分析/analysis_project/data/train.csv,医療法人社団 恒一会 かえで総合病院,.csv,data,10.0,"{""path_term_match"": 2.0, ""required_file_type_match"": 3.0, ""route_kind_match"": 3.0, ""identifier_path_match"": 2.0}","path_term_match, required_file_type_match, route_kind_match, identifier_path_match",False,False,current_candidate_files_for_question,latest planner.py,high,False
test,10,10,file_cc8e97e3d637960f,data/raw/share/share/共有ドライブ/プロジェクト/医療法人社団 恒一会 かえで総合病院/06.報告書/医療法人社団 恒一会 かえで総合病院_最終報告.pptx,医療法人社団 恒一会 かえで総合病院,.pptx,report,10.0,"{""path_term_match"": 2.0, ""content_bm25"": 8.0}","path_term_match, content_bm25",False,False,current_candidate_files_for_question,latest planner.py,high,False
test,11,1,file_3dbffa905dc9b2b1,data/raw/share/share/共有ドライブ/プロジェクト/株式会社青嶺不動産アセットマネジメント/00.提案/old/提案書.pptx,株式会社青嶺不動産アセットマネジメント,.pptx,proposal,15.5,"{""path_term_match"": 2.0, ""required_file_type_match"": 3.0, ""route_kind_match"": 2.5, ""content_bm25"": 8.0}","path_term_match, required_file_type_match, route_kind_match, content_bm25",False,False,current_candidate_files_for_question,latest planner.py,high,False
test,11,2,file_831dbc2d4bc189c3,data/raw/share/share/共有ドライブ/プロジェクト/株式会社青嶺不動産アセットマネジメント/00.提案/提案書.pptx,株式会社青嶺不動産アセットマネジメント,.pptx,proposal,15.5,"{""path_term_match"": 2.0, ""required_file_type_match"": 3.0, ""route_kind_match"": 2.5, ""content_bm25"": 8.0}","path_term_match, required_file_type_match, route_kind_match, content_bm25",False,False,current_candidate_files_for_question,latest planner.py,high,False
test,11,3,file_0305d0365eeba3e4,data/raw/share/share/共有ドライブ/プロジェクト/株式会社青嶺不動産アセットマネジメント/01.契約/契約書.docx,株式会社青嶺不動産アセットマネジメント,.docx,contract,15.5,"{""path_term_match"": 2.0, ""required_file_type_match"": 3.0, ""route_kind_match"": 2.5, ""content_bm25"": 8.0}","path_term_match, required_file_type_match, route_kind_match, content_bm25",False,False,current_candidate_files_for_question,latest planner.py,high,False
test,11,4,file_9453287d4c9b7701,data/raw/share/share/共有ドライブ/プロジェクト/株式会社青嶺不動産アセットマネジメント/06.報告書/株式会社青嶺不動産アセットマネジメント_最終報告.pptx,株式会社青嶺不動産アセットマネジメント,.pptx,report,15.5,"{""path_term_match"": 2.0, ""required_file_type_match"": 3.0, ""route_kind_match"": 2.5, ""content_bm25"": 8.0}","path_term_match, required_file_type_match, route_kind_match, content_bm25",False,False,current_candidate_files_for_question,latest planner.py,high,False
test,11,5,file_8fb18453764bc6db,data/raw/share/share/共有ドライブ/社内管理/社内用語集.docx,社内管理,.docx,management,13.5,"{""required_file_type_match"": 3.0, ""route_kind_match"": 2.5, ""content_bm25"": 8.0}","required_file_type_match, route_kind_match, content_bm25",False,False,current_candidate_files_for_question,latest planner.py,high,False
test,11,6,file_ef6b3d40c6cbf84f,data/raw/share/share/共有ドライブ/プロジェクト/青葉与信マネジメント株式会社/05.会議/報告資料/報告資料_2025-04-09.docx,青葉与信マネジメント株式会社,.docx,meeting,12.9621,"{""path_term_match"": 2.0, ""required_file_type_match"": 3.0, ""route_kind_match"": 2.5, ""content_bm25"": 5.462133458202948}","path_term_match, required_file_type_match, route_kind_match, content_bm25",False,False,current_candidate_files_for_question,latest planner.py,high,False
test,11,7,file_58533c3139b39f95,data/raw/share/share/共有ドライブ/プロジェクト/青葉与信マネジメント株式会社/05.会議/報告資料/報告資料_2025-04-29.docx,青葉与信マネジメント株式会社,.docx,meeting,11.5362,"{""path_term_match"": 2.0, ""required_file_type_match"": 3.0, ""route_kind_match"": 2.5, ""content_bm25"": 4.036235494338224}","path_term_match, required_file_type_match, route_kind_match, content_bm25",False,False,current_candidate_files_for_question,latest planner.py,high,False
test,11,8,file_ef106a562ea6c4f4,data/raw/share/share/共有ドライブ/プロジェクト/株式会社青嶺不動産アセットマネジメント/00.提案/ニューヨーク不動産市場の最新動向調査.pdf,株式会社青嶺不動産アセットマネジメント,.pdf,proposal,10.0,"{""path_term_match"": 2.0, ""content_bm25"": 8.0}","path_term_match, content_bm25",False,False,current_candidate_files_for_question,latest planner.py,high,False
test,11,9,file_2b94fecbbe587f21,data/raw/share/share/共有ドライブ/プロジェクト/株式会社青嶺不動産アセットマネジメント/04.分析/analysis_project/notebooks/01_eda.ipynb,株式会社青嶺不動産アセットマネジメント,.ipynb,analysis,10.0,"{""path_term_match"": 2.0, ""content_bm25"": 8.0}","path_term_match, content_bm25",False,False,current_candidate_files_for_question,latest planner.py,high,False
test,11,10,file_c34375e1e8d2bc19,data/raw/share/share/共有ドライブ/プロジェクト/株式会社青嶺不動産アセットマネジメント/04.分析/analysis_project/scripts/bootstrap_env.py,株式会社青嶺不動産アセットマネジメント,.py,analysis,10.0,"{""path_term_match"": 2.0, ""content_bm25"": 8.0}","path_term_match, content_bm25",False,False,current_candidate_files_for_question,latest planner.py,high,False
test,12,1,file_04ff0c1d08714623,data/raw/share/share/共有ドライブ/プロジェクト/医療法人社団 蒼泉会 ひがし丘総合病院/05.会議/報告資料/報告資料_2025-07-08.docx,医療法人社団 蒼泉会 ひがし丘総合病院,.docx,meeting,27.5,"{""path_term_match"": 2.0, ""document_hint_match"": 8.0, ""required_file_type_match"": 3.0, ""route_kind_match"": 1.5, ""date_hint_match"": 3.0, ""identifier_path_match"": 2.0, ""content_bm25"": 8.0}","path_term_match, document_hint_match, required_file_type_match, route_kind_match, date_hint_match, identifier_path_match, content_bm25",False,False,current_candidate_files_for_question,latest planner.py,high,False
test,12,2,file_c24bcfc63bfe2af8,data/raw/share/share/共有ドライブ/プロジェクト/医療法人社団 蒼泉会 ひがし丘総合病院/05.会議/会議録/会議録_2025-07-08.docx,医療法人社団 蒼泉会 ひがし丘総合病院,.docx,meeting,26.9667,"{""path_term_match"": 2.0, ""document_hint_match"": 8.0, ""required_file_type_match"": 3.0, ""route_kind_match"": 1.5, ""date_hint_match"": 3.0, ""identifier_path_match"": 2.0, ""content_bm25"": 7.466722494856642}","path_term_match, document_hint_match, required_file_type_match, route_kind_match, date_hint_match, identifier_path_match, content_bm25",False,False,current_candidate_files_for_question,latest planner.py,high,False
test,12,3,file_d4f158e3db0aba5f,data/raw/share/share/共有ドライブ/プロジェクト/株式会社東都人材プラットフォーム/05.会議/会議録/会議録_2025-09-08.docx,株式会社東都人材プラットフォーム,.docx,meeting,19.4347,"{""path_term_match"": 2.0, ""document_hint_match"": 8.0, ""required_file_type_match"": 3.0, ""route_kind_match"": 1.5, ""identifier_path_match"": 2.0, ""content_bm25"": 2.9346706685997637}","path_term_match, document_hint_match, required_file_type_match, route_kind_match, identifier_path_match, content_bm25",False,False,current_candidate_files_for_question,latest planner.py,high,False
test,12,4,file_b14710bfcd3e254e,data/raw/share/share/共有ドライブ/プロジェクト/医療法人社団 蒼泉会 ひがし丘総合病院/05.会議/報告資料/報告資料_2025-07-22.docx,医療法人社団 蒼泉会 ひがし丘総合病院,.docx,meeting,16.5,"{""path_term_match"": 2.0, ""required_file_type_match"": 3.0, ""route_kind_match"": 1.5, ""identifier_path_match"": 2.0, ""content_bm25"": 8.0}","path_term_match, required_file_type_match, route_kind_match, identifier_path_match, content_bm25",False,False,current_candidate_files_for_question,latest planner.py,high,False
test,12,5,file_45d248a37508b209,data/raw/share/share/共有ドライブ/プロジェクト/医療法人社団 蒼泉会 ひがし丘総合病院/06.報告書/医療法人社団 蒼泉会 ひがし丘総合病院_最終報告.pdf,医療法人社団 蒼泉会 ひがし丘総合病院,.pdf,report,16.5,"{""path_term_match"": 2.0, ""required_file_type_match"": 3.0, ""route_kind_match"": 1.5, ""identifier_path_match"": 2.0, ""content_bm25"": 8.0}","path_term_match, required_file_type_match, route_kind_match, identifier_path_match, content_bm25",False,False,current_candidate_files_for_question,latest planner.py,high,False
test,12,6,file_4d734b2c30ad41ee,data/raw/share/share/共有ドライブ/プロジェクト/株式会社青嶺不動産アセットマネジメント/05.会議/報告資料/報告資料_2025-08-06.pdf,株式会社青嶺不動産アセットマネジメント,.pdf,meeting,16.5,"{""path_term_match"": 2.0, ""required_file_type_match"": 3.0, ""route_kind_match"": 1.5, ""identifier_path_match"": 2.0, ""content_bm25"": 8.0}","path_term_match, required_file_type_match, route_kind_match, identifier_path_match, content_bm25",False,False,current_candidate_files_for_question,latest planner.py,high,False
test,12,7,file_841c963d4394b02e,data/raw/share/share/共有ドライブ/プロジェクト/株式会社青葉バイオメディカル機器/05.会議/報告資料/報告資料_2025-06-23.docx,株式会社青葉バイオメディカル機器,.docx,meeting,16.5,"{""path_term_match"": 2.0, ""required_file_type_match"": 3.0, ""route_kind_match"": 1.5, ""identifier_path_match"": 2.0, ""content_bm25"": 8.0}","path_term_match, required_file_type_match, route_kind_match, identifier_path_match, content_bm25",False,False,current_candidate_files_for_question,latest planner.py,high,False
test,12,8,file_68c8fede4948d806,data/raw/share/share/共有ドライブ/プロジェクト/株式会社青葉バイオメディカル機器/05.会議/報告資料/報告資料_2025-07-11.docx,株式会社青葉バイオメディカル機器,.docx,meeting,16.5,"{""path_term_match"": 2.0, ""required_file_type_match"": 3.0, ""route_kind_match"": 1.5, ""identifier_path_match"": 2.0, ""content_bm25"": 8.0}","path_term_match, required_file_type_match, route_kind_match, identifier_path_match, content_bm25",False,False,current_candidate_files_for_question,latest planner.py,high,False
test,12,9,file_8fb18453764bc6db,data/raw/share/share/共有ドライブ/社内管理/社内用語集.docx,社内管理,.docx,management,16.5,"{""path_term_match"": 2.0, ""required_file_type_match"": 3.0, ""route_kind_match"": 1.5, ""identifier_path_match"": 2.0, ""content_bm25"": 8.0}","path_term_match, required_file_type_match, route_kind_match, identifier_path_match, content_bm25",False,False,current_candidate_files_for_question,latest planner.py,high,False
test,12,10,file_d12079229f546ac0,data/raw/share/share/共有ドライブ/プロジェクト/医療法人社団 蒼泉会 ひがし丘総合病院/05.会議/会議録/会議録_2025-07-22.docx,医療法人社団 蒼泉会 ひがし丘総合病院,.docx,meeting,15.6334,"{""path_term_match"": 2.0, ""required_file_type_match"": 3.0, ""route_kind_match"": 1.5, ""identifier_path_match"": 2.0, ""content_bm25"": 7.133398904978716}","path_term_match, required_file_type_match, route_kind_match, identifier_path_match, content_bm25",False,False,current_candidate_files_for_question,latest planner.py,high,False
test,13,1,file_cc8e97e3d637960f,data/raw/share/share/共有ドライブ/プロジェクト/医療法人社団 恒一会 かえで総合病院/06.報告書/医療法人社団 恒一会 かえで総合病院_最終報告.pptx,医療法人社団 恒一会 かえで総合病院,.pptx,report,10.1525,"{""path_term_match"": 2.0, ""route_kind_match"": 1.5, ""content_bm25"": 6.652517984111565}","path_term_match, route_kind_match, content_bm25",False,False,current_candidate_files_for_question,latest planner.py,high,False
test,13,2,file_c2047ca2e1b6baa2,data/raw/share/share/共有ドライブ/プロジェクト/医療法人社団 恒一会 かえで総合病院/06.報告書/医療法人社団 恒一会 かえで総合病院_最終報告_old.pptx,医療法人社団 恒一会 かえで総合病院,.pptx,report,10.1421,"{""path_term_match"": 2.0, ""route_kind_match"": 1.5, ""content_bm25"": 6.642050320186599}","path_term_match, route_kind_match, content_bm25",False,False,current_candidate_files_for_question,latest planner.py,high,False
test,13,3,file_ef106a562ea6c4f4,data/raw/share/share/共有ドライブ/プロジェクト/株式会社青嶺不動産アセットマネジメント/00.提案/ニューヨーク不動産市場の最新動向調査.pdf,株式会社青嶺不動産アセットマネジメント,.pdf,proposal,9.5,"{""route_kind_match"": 1.5, ""content_bm25"": 8.0}","route_kind_match, content_bm25",False,False,current_candidate_files_for_question,latest planner.py,high,False
test,13,4,file_ddd2179f59b2b09d,data/raw/share/share/共有ドライブ/プロジェクト/株式会社青潮モビリティサービス/06.報告書/株式会社青潮モビリティサービス_最終報告.pdf,株式会社青潮モビリティサービス,.pdf,report,8.7216,"{""route_kind_match"": 1.5, ""content_bm25"": 7.2216089908562475}","route_kind_match, content_bm25",False,False,current_candidate_files_for_question,latest planner.py,high,False
test,13,5,file_e1689b021af39776,data/raw/share/share/共有ドライブ/社内管理/データアステル社内規定_パスワード導出規則.docx,社内管理,.docx,management,8.7015,"{""path_term_match"": 2.0, ""route_kind_match"": 1.5, ""content_bm25"": 5.201532574951734}","path_term_match, route_kind_match, content_bm25",False,False,current_candidate_files_for_question,latest planner.py,high,False
test,13,6,file_d72ac8163b01ef72,data/raw/share/share/共有ドライブ/プロジェクト/医療法人社団 恒一会 かえで総合病院/00.提案/提案書.pptx,医療法人社団 恒一会 かえで総合病院,.pptx,proposal,7.85,"{""path_term_match"": 2.0, ""route_kind_match"": 1.5, ""content_bm25"": 4.349958928658428}","path_term_match, route_kind_match, content_bm25",False,False,current_candidate_files_for_question,latest planner.py,high,False
test,13,7,file_ff69eac39a150594,data/raw/share/share/共有ドライブ/社内管理/データアステル社内管理_決裁基準.md,社内管理,.md,management,7.5207,"{""path_term_match"": 2.0, ""route_kind_match"": 1.5, ""content_bm25"": 4.020688476265024}","path_term_match, route_kind_match, content_bm25",False,False,current_candidate_files_for_question,latest planner.py,high,False
test,13,8,file_8fb18453764bc6db,data/raw/share/share/共有ドライブ/社内管理/社内用語集.docx,社内管理,.docx,management,7.5147,"{""route_kind_match"": 1.5, ""content_bm25"": 6.014716789271226}","route_kind_match, content_bm25",False,False,current_candidate_files_for_question,latest planner.py,high,False
test,13,9,file_3214e231bd5034de,data/raw/share/share/共有ドライブ/プロジェクト/医療法人社団 恒一会 かえで総合病院/05.会議/報告資料/報告資料_2025-09-16.docx,医療法人社団 恒一会 かえで総合病院,.docx,meeting,7.4498,"{""path_term_match"": 2.0, ""route_kind_match"": 1.5, ""content_bm25"": 3.9498435184589593}","path_term_match, route_kind_match, content_bm25",False,False,current_candidate_files_for_question,latest planner.py,high,False
test,13,10,file_be1cc2431b394277,data/raw/share/share/共有ドライブ/プロジェクト/株式会社東都人材プラットフォーム/06.報告書/株式会社東都人材プラットフォーム_最終報告.pptx,株式会社東都人材プラットフォーム,.pptx,report,7.1667,"{""route_kind_match"": 1.5, ""content_bm25"": 5.666706530727234}","route_kind_match, content_bm25",False,False,current_candidate_files_for_question,latest planner.py,high,False
test,14,1,file_55b4c40fc1e8e7bc,data/raw/share/share/共有ドライブ/プロジェクト/青葉与信マネジメント株式会社/00.提案/提案書_v1.pptx,青葉与信マネジメント株式会社,.pptx,proposal,16.5,"{""path_term_match"": 2.0, ""required_file_type_match"": 3.0, ""route_kind_match"": 1.5, ""identifier_path_match"": 2.0, ""content_bm25"": 8.0}","path_term_match, required_file_type_match, route_kind_match, identifier_path_match, content_bm25",False,True,current_candidate_files_for_question,latest planner.py,high,False
test,14,2,file_08a9d0fb95bae44c,data/raw/share/share/共有ドライブ/プロジェクト/青葉与信マネジメント株式会社/00.提案/提案書_v2.pptx,青葉与信マネジメント株式会社,.pptx,proposal,16.5,"{""path_term_match"": 2.0, ""required_file_type_match"": 3.0, ""route_kind_match"": 1.5, ""identifier_path_match"": 2.0, ""content_bm25"": 8.0}","path_term_match, required_file_type_match, route_kind_match, identifier_path_match, content_bm25",False,True,current_candidate_files_for_question,latest planner.py,high,False
test,14,3,file_9969b5d674125f4c,data/raw/share/share/共有ドライブ/プロジェクト/青葉与信マネジメント株式会社/00.提案/提案書_v3.pptx,青葉与信マネジメント株式会社,.pptx,proposal,16.5,"{""path_term_match"": 2.0, ""required_file_type_match"": 3.0, ""route_kind_match"": 1.5, ""identifier_path_match"": 2.0, ""content_bm25"": 8.0}","path_term_match, required_file_type_match, route_kind_match, identifier_path_match, content_bm25",False,True,current_candidate_files_for_question,latest planner.py,high,False
test,14,4,file_9988c3de981d5347,data/raw/share/share/共有ドライブ/プロジェクト/青葉与信マネジメント株式会社/06.報告書/old/青葉与信マネジメント株式会社_最終報告.pptx,青葉与信マネジメント株式会社,.pptx,report,16.5,"{""path_term_match"": 2.0, ""required_file_type_match"": 3.0, ""route_kind_match"": 1.5, ""identifier_path_match"": 2.0, ""content_bm25"": 8.0}","path_term_match, required_file_type_match, route_kind_match, identifier_path_match, content_bm25",False,True,current_candidate_files_for_question,latest planner.py,high,False
test,14,5,file_16c34387f25d4280,data/raw/share/share/共有ドライブ/プロジェクト/青葉与信マネジメント株式会社/06.報告書/青葉与信マネジメント株式会社_最終報告.pptx,青葉与信マネジメント株式会社,.pptx,report,16.5,"{""path_term_match"": 2.0, ""required_file_type_match"": 3.0, ""route_kind_match"": 1.5, ""identifier_path_match"": 2.0, ""content_bm25"": 8.0}","path_term_match, required_file_type_match, route_kind_match, identifier_path_match, content_bm25",False,True,current_candidate_files_for_question,latest planner.py,high,False
test,14,6,file_a452ac5e9344e277,data/raw/share/share/共有ドライブ/プロジェクト/株式会社青葉バイオメディカル機器/06.報告書/株式会社青葉バイオメディカル機器_最終報告.pptx,株式会社青葉バイオメディカル機器,.pptx,report,15.2463,"{""path_term_match"": 2.0, ""required_file_type_match"": 3.0, ""route_kind_match"": 1.5, ""identifier_path_match"": 2.0, ""content_bm25"": 6.7463244876372155}","path_term_match, required_file_type_match, route_kind_match, identifier_path_match, content_bm25",False,True,current_candidate_files_for_question,latest planner.py,high,False
test,14,7,file_831dbc2d4bc189c3,data/raw/share/share/共有ドライブ/プロジェクト/株式会社青嶺不動産アセットマネジメント/00.提案/提案書.pptx,株式会社青嶺不動産アセットマネジメント,.pptx,proposal,15.2192,"{""path_term_match"": 2.0, ""required_file_type_match"": 3.0, ""route_kind_match"": 1.5, ""identifier_path_match"": 2.0, ""content_bm25"": 6.719181739522162}","path_term_match, required_file_type_match, route_kind_match, identifier_path_match, content_bm25",False,True,current_candidate_files_for_question,latest planner.py,high,False
test,14,8,file_3dbffa905dc9b2b1,data/raw/share/share/共有ドライブ/プロジェクト/株式会社青嶺不動産アセットマネジメント/00.提案/old/提案書.pptx,株式会社青嶺不動産アセットマネジメント,.pptx,proposal,15.2076,"{""path_term_match"": 2.0, ""required_file_type_match"": 3.0, ""route_kind_match"": 1.5, ""identifier_path_match"": 2.0, ""content_bm25"": 6.7076380557421285}","path_term_match, required_file_type_match, route_kind_match, identifier_path_match, content_bm25",False,True,current_candidate_files_for_question,latest planner.py,high,False
test,14,9,file_8e7f976c6bf62fb6,data/raw/share/share/共有ドライブ/プロジェクト/株式会社東都人材プラットフォーム/00.提案/提案書.pptx,株式会社東都人材プラットフォーム,.pptx,proposal,11.7322,"{""path_term_match"": 2.0, ""required_file_type_match"": 3.0, ""route_kind_match"": 1.5, ""identifier_path_match"": 2.0, ""content_bm25"": 3.232181748613137}","path_term_match, required_file_type_match, route_kind_match, identifier_path_match, content_bm25",False,True,current_candidate_files_for_question,latest planner.py,high,False
test,14,10,file_87b6070b1b78d8f6,data/raw/share/share/共有ドライブ/プロジェクト/青葉与信マネジメント株式会社/05.会議/会議録/会議録_2025-05-27.pdf,青葉与信マネジメント株式会社,.pdf,meeting,11.5,"{""path_term_match"": 2.0, ""route_kind_match"": 1.5, ""content_bm25"": 8.0}","path_term_match, route_kind_match, content_bm25",False,True,current_candidate_files_for_question,latest planner.py,high,False
test,15,1,file_3a4964aae9b99206,data/raw/share/share/共有ドライブ/プロジェクト/株式会社東都人材プラットフォーム/03.データ/train.xlsx,株式会社東都人材プラットフォーム,.xlsx,data,17.4089,"{""path_term_match"": 2.0, ""required_file_type_match"": 3.0, ""route_kind_match"": 5.5, ""identifier_path_match"": 2.0, ""content_bm25"": 4.908891023559548}","path_term_match, required_file_type_match, route_kind_match, identifier_path_match, content_bm25",False,False,current_candidate_files_for_question,latest planner.py,high,False
test,15,2,file_69289dcd3ecabac0,data/raw/share/share/共有ドライブ/プロジェクト/株式会社東都人材プラットフォーム/00.提案/データサイエンティスト調査.docx,株式会社東都人材プラットフォーム,.docx,proposal,15.5,"{""path_term_match"": 2.0, ""required_file_type_match"": 3.0, ""route_kind_match"": 2.5, ""content_bm25"": 8.0}","path_term_match, required_file_type_match, route_kind_match, content_bm25",False,False,current_candidate_files_for_question,latest planner.py,high,False
test,15,3,file_8e7f976c6bf62fb6,data/raw/share/share/共有ドライブ/プロジェクト/株式会社東都人材プラットフォーム/00.提案/提案書.pptx,株式会社東都人材プラットフォーム,.pptx,proposal,15.5,"{""path_term_match"": 2.0, ""required_file_type_match"": 3.0, ""route_kind_match"": 2.5, ""content_bm25"": 8.0}","path_term_match, required_file_type_match, route_kind_match, content_bm25",False,False,current_candidate_files_for_question,latest planner.py,high,False
test,15,4,file_be1cc2431b394277,data/raw/share/share/共有ドライブ/プロジェクト/株式会社東都人材プラットフォーム/06.報告書/株式会社東都人材プラットフォーム_最終報告.pptx,株式会社東都人材プラットフォーム,.pptx,report,15.5,"{""path_term_match"": 2.0, ""required_file_type_match"": 3.0, ""route_kind_match"": 2.5, ""content_bm25"": 8.0}","path_term_match, required_file_type_match, route_kind_match, content_bm25",False,False,current_candidate_files_for_question,latest planner.py,high,False
test,15,5,file_21fab58c1f410821,data/raw/share/share/共有ドライブ/プロジェクト/京橋信用ソリューションズ株式会社/02.計画/スケジュール.xlsx,京橋信用ソリューションズ株式会社,.xlsx,schedule,12.5,"{""path_term_match"": 2.0, ""required_file_type_match"": 3.0, ""route_kind_match"": 5.5, ""identifier_path_match"": 2.0}","path_term_match, required_file_type_match, route_kind_match, identifier_path_match",False,False,current_candidate_files_for_question,latest planner.py,high,False
test,15,6,file_03d92cf92666adde,data/raw/share/share/共有ドライブ/プロジェクト/医療法人社団 恒一会 かえで総合病院/02.計画/~$スケジュール.xlsx,医療法人社団 恒一会 かえで総合病院,.xlsx,schedule,12.5,"{""path_term_match"": 2.0, ""required_file_type_match"": 3.0, ""route_kind_match"": 5.5, ""identifier_path_match"": 2.0}","path_term_match, required_file_type_match, route_kind_match, identifier_path_match",False,False,current_candidate_files_for_question,latest planner.py,high,False
test,15,7,file_6aab39bed667662c,data/raw/share/share/共有ドライブ/プロジェクト/医療法人社団 恒一会 かえで総合病院/02.計画/スケジュール.xlsx,医療法人社団 恒一会 かえで総合病院,.xlsx,schedule,12.5,"{""path_term_match"": 2.0, ""required_file_type_match"": 3.0, ""route_kind_match"": 5.5, ""identifier_path_match"": 2.0}","path_term_match, required_file_type_match, route_kind_match, identifier_path_match",False,False,current_candidate_files_for_question,latest planner.py,high,False
test,15,8,file_6bae87759176c513,data/raw/share/share/共有ドライブ/プロジェクト/医療法人社団 恒一会 かえで総合病院/03.データ/train.xlsx,医療法人社団 恒一会 かえで総合病院,.xlsx,data,12.5,"{""path_term_match"": 2.0, ""required_file_type_match"": 3.0, ""route_kind_match"": 5.5, ""identifier_path_match"": 2.0}","path_term_match, required_file_type_match, route_kind_match, identifier_path_match",False,False,current_candidate_files_for_question,latest planner.py,high,False
test,15,9,file_8726afc0efe9d707,data/raw/share/share/共有ドライブ/プロジェクト/医療法人社団 蒼樹会 みなみ野女性医療センター/02.計画/スケジュール.xlsx,医療法人社団 蒼樹会 みなみ野女性医療センター,.xlsx,schedule,12.5,"{""path_term_match"": 2.0, ""required_file_type_match"": 3.0, ""route_kind_match"": 5.5, ""identifier_path_match"": 2.0}","path_term_match, required_file_type_match, route_kind_match, identifier_path_match",False,False,current_candidate_files_for_question,latest planner.py,high,False
test,15,10,file_29c29e83f97d5cc6,data/raw/share/share/共有ドライブ/プロジェクト/医療法人社団 蒼樹会 みなみ野女性医療センター/03.データ/train.xlsx,医療法人社団 蒼樹会 みなみ野女性医療センター,.xlsx,data,12.5,"{""path_term_match"": 2.0, ""required_file_type_match"": 3.0, ""route_kind_match"": 5.5, ""identifier_path_match"": 2.0}","path_term_match, required_file_type_match, route_kind_match, identifier_path_match",False,False,current_candidate_files_for_question,latest planner.py,high,False
test,16,1,file_55b4c40fc1e8e7bc,data/raw/share/share/共有ドライブ/プロジェクト/青葉与信マネジメント株式会社/00.提案/提案書_v1.pptx,青葉与信マネジメント株式会社,.pptx,proposal,15.5,"{""path_term_match"": 2.0, ""required_file_type_match"": 3.0, ""route_kind_match"": 2.5, ""content_bm25"": 8.0}","path_term_match, required_file_type_match, route_kind_match, content_bm25",False,True,current_candidate_files_for_question,latest planner.py,high,False
test,16,2,file_08a9d0fb95bae44c,data/raw/share/share/共有ドライブ/プロジェクト/青葉与信マネジメント株式会社/00.提案/提案書_v2.pptx,青葉与信マネジメント株式会社,.pptx,proposal,15.5,"{""path_term_match"": 2.0, ""required_file_type_match"": 3.0, ""route_kind_match"": 2.5, ""content_bm25"": 8.0}","path_term_match, required_file_type_match, route_kind_match, content_bm25",False,True,current_candidate_files_for_question,latest planner.py,high,False
test,16,3,file_9969b5d674125f4c,data/raw/share/share/共有ドライブ/プロジェクト/青葉与信マネジメント株式会社/00.提案/提案書_v3.pptx,青葉与信マネジメント株式会社,.pptx,proposal,15.5,"{""path_term_match"": 2.0, ""required_file_type_match"": 3.0, ""route_kind_match"": 2.5, ""content_bm25"": 8.0}","path_term_match, required_file_type_match, route_kind_match, content_bm25",False,True,current_candidate_files_for_question,latest planner.py,high,False
test,16,4,file_9988c3de981d5347,data/raw/share/share/共有ドライブ/プロジェクト/青葉与信マネジメント株式会社/06.報告書/old/青葉与信マネジメント株式会社_最終報告.pptx,青葉与信マネジメント株式会社,.pptx,report,15.5,"{""path_term_match"": 2.0, ""required_file_type_match"": 3.0, ""route_kind_match"": 2.5, ""content_bm25"": 8.0}","path_term_match, required_file_type_match, route_kind_match, content_bm25",False,True,current_candidate_files_for_question,latest planner.py,high,False
test,16,5,file_16c34387f25d4280,data/raw/share/share/共有ドライブ/プロジェクト/青葉与信マネジメント株式会社/06.報告書/青葉与信マネジメント株式会社_最終報告.pptx,青葉与信マネジメント株式会社,.pptx,report,15.5,"{""path_term_match"": 2.0, ""required_file_type_match"": 3.0, ""route_kind_match"": 2.5, ""content_bm25"": 8.0}","path_term_match, required_file_type_match, route_kind_match, content_bm25",False,True,current_candidate_files_for_question,latest planner.py,high,False
test,16,6,file_8fb18453764bc6db,data/raw/share/share/共有ドライブ/社内管理/社内用語集.docx,社内管理,.docx,management,15.5,"{""path_term_match"": 2.0, ""required_file_type_match"": 3.0, ""route_kind_match"": 2.5, ""content_bm25"": 8.0}","path_term_match, required_file_type_match, route_kind_match, content_bm25",False,True,current_candidate_files_for_question,latest planner.py,high,False
test,16,7,file_ef6b3d40c6cbf84f,data/raw/share/share/共有ドライブ/プロジェクト/青葉与信マネジメント株式会社/05.会議/報告資料/報告資料_2025-04-09.docx,青葉与信マネジメント株式会社,.docx,meeting,12.6034,"{""path_term_match"": 2.0, ""required_file_type_match"": 3.0, ""route_kind_match"": 2.5, ""content_bm25"": 5.103434811359607}","path_term_match, required_file_type_match, route_kind_match, content_bm25",False,True,current_candidate_files_for_question,latest planner.py,high,False
test,16,8,file_3214e231bd5034de,data/raw/share/share/共有ドライブ/プロジェクト/医療法人社団 恒一会 かえで総合病院/05.会議/報告資料/報告資料_2025-09-16.docx,医療法人社団 恒一会 かえで総合病院,.docx,meeting,12.3844,"{""path_term_match"": 2.0, ""required_file_type_match"": 3.0, ""route_kind_match"": 2.5, ""content_bm25"": 4.884363131911218}","path_term_match, required_file_type_match, route_kind_match, content_bm25",False,True,current_candidate_files_for_question,latest planner.py,high,False
test,16,9,file_69289dcd3ecabac0,data/raw/share/share/共有ドライブ/プロジェクト/株式会社東都人材プラットフォーム/00.提案/データサイエンティスト調査.docx,株式会社東都人材プラットフォーム,.docx,proposal,11.683,"{""path_term_match"": 2.0, ""required_file_type_match"": 3.0, ""route_kind_match"": 2.5, ""content_bm25"": 4.182951432417681}","path_term_match, required_file_type_match, route_kind_match, content_bm25",False,True,current_candidate_files_for_question,latest planner.py,high,False
test,16,10,file_4f60d0d4ed6aeac1,data/raw/share/share/共有ドライブ/プロジェクト/医療法人社団 恒一会 かえで総合病院/05.会議/報告資料/報告資料_2025-09-02.docx,医療法人社団 恒一会 かえで総合病院,.docx,meeting,11.6293,"{""path_term_match"": 2.0, ""required_file_type_match"": 3.0, ""route_kind_match"": 2.5, ""content_bm25"": 4.129307567541544}","path_term_match, required_file_type_match, route_kind_match, content_bm25",False,True,current_candidate_files_for_question,latest planner.py,high,False
test,17,1,file_1aff1b560a3f2e24,data/raw/share/share/共有ドライブ/プロジェクト/京橋信用ソリューションズ株式会社/00.提案/提案書_final.pptx,京橋信用ソリューションズ株式会社,.pptx,proposal,15.5,"{""path_term_match"": 2.0, ""required_file_type_match"": 3.0, ""route_kind_match"": 2.5, ""content_bm25"": 8.0}","path_term_match, required_file_type_match, route_kind_match, content_bm25",False,False,current_candidate_files_for_question,latest planner.py,high,False
test,17,2,file_d72ac8163b01ef72,data/raw/share/share/共有ドライブ/プロジェクト/医療法人社団 恒一会 かえで総合病院/00.提案/提案書.pptx,医療法人社団 恒一会 かえで総合病院,.pptx,proposal,15.0708,"{""path_term_match"": 2.0, ""required_file_type_match"": 3.0, ""route_kind_match"": 2.5, ""content_bm25"": 7.570803142246878}","path_term_match, required_file_type_match, route_kind_match, content_bm25",False,False,current_candidate_files_for_question,latest planner.py,high,False
test,17,3,file_7f6ba34feefeb01a,data/raw/share/share/共有ドライブ/プロジェクト/京橋信用ソリューションズ株式会社/00.提案/提案書_v1.pptx,京橋信用ソリューションズ株式会社,.pptx,proposal,14.827,"{""path_term_match"": 2.0, ""required_file_type_match"": 3.0, ""route_kind_match"": 2.5, ""content_bm25"": 7.327019166399671}","path_term_match, required_file_type_match, route_kind_match, content_bm25",False,False,current_candidate_files_for_question,latest planner.py,high,False
test,17,4,file_bf3657e26a136347,data/raw/share/share/共有ドライブ/プロジェクト/医療法人社団 蒼樹会 みなみ野女性医療センター/00.提案/糖尿病統計情報.docx,医療法人社団 蒼樹会 みなみ野女性医療センター,.docx,proposal,13.7445,"{""path_term_match"": 2.0, ""required_file_type_match"": 3.0, ""route_kind_match"": 2.5, ""content_bm25"": 6.244510156890048}","path_term_match, required_file_type_match, route_kind_match, content_bm25",False,False,current_candidate_files_for_question,latest planner.py,high,False
test,17,5,file_69289dcd3ecabac0,data/raw/share/share/共有ドライブ/プロジェクト/株式会社東都人材プラットフォーム/00.提案/データサイエンティスト調査.docx,株式会社東都人材プラットフォーム,.docx,proposal,13.7439,"{""path_term_match"": 2.0, ""required_file_type_match"": 3.0, ""route_kind_match"": 2.5, ""content_bm25"": 6.243902643774172}","path_term_match, required_file_type_match, route_kind_match, content_bm25",False,False,current_candidate_files_for_question,latest planner.py,high,False
test,17,6,file_8fb18453764bc6db,data/raw/share/share/共有ドライブ/社内管理/社内用語集.docx,社内管理,.docx,management,13.2444,"{""path_term_match"": 2.0, ""required_file_type_match"": 3.0, ""route_kind_match"": 2.5, ""content_bm25"": 5.744401371558624}","path_term_match, required_file_type_match, route_kind_match, content_bm25",False,False,current_candidate_files_for_question,latest planner.py,high,False
test,17,7,file_ef6b3d40c6cbf84f,data/raw/share/share/共有ドライブ/プロジェクト/青葉与信マネジメント株式会社/05.会議/報告資料/報告資料_2025-04-09.docx,青葉与信マネジメント株式会社,.docx,meeting,12.2214,"{""path_term_match"": 2.0, ""required_file_type_match"": 3.0, ""route_kind_match"": 2.5, ""content_bm25"": 4.72137000279123}","path_term_match, required_file_type_match, route_kind_match, content_bm25",False,False,current_candidate_files_for_question,latest planner.py,high,False
test,17,8,file_3214e231bd5034de,data/raw/share/share/共有ドライブ/プロジェクト/医療法人社団 恒一会 かえで総合病院/05.会議/報告資料/報告資料_2025-09-16.docx,医療法人社団 恒一会 かえで総合病院,.docx,meeting,12.1287,"{""path_term_match"": 2.0, ""required_file_type_match"": 3.0, ""route_kind_match"": 2.5, ""content_bm25"": 4.628718961563741}","path_term_match, required_file_type_match, route_kind_match, content_bm25",False,False,current_candidate_files_for_question,latest planner.py,high,False
test,17,9,file_70f9d108e37232bd,data/raw/share/share/共有ドライブ/プロジェクト/医療法人社団 蒼泉会 ひがし丘総合病院/00.提案/提案書.pptx,医療法人社団 蒼泉会 ひがし丘総合病院,.pptx,proposal,11.7583,"{""path_term_match"": 2.0, ""required_file_type_match"": 3.0, ""route_kind_match"": 2.5, ""content_bm25"": 4.258265233406874}","path_term_match, required_file_type_match, route_kind_match, content_bm25",False,False,current_candidate_files_for_question,latest planner.py,high,False
test,17,10,file_68c8fede4948d806,data/raw/share/share/共有ドライブ/プロジェクト/株式会社青葉バイオメディカル機器/05.会議/報告資料/報告資料_2025-07-11.docx,株式会社青葉バイオメディカル機器,.docx,meeting,11.5724,"{""path_term_match"": 2.0, ""required_file_type_match"": 3.0, ""route_kind_match"": 2.5, ""content_bm25"": 4.072416544942275}","path_term_match, required_file_type_match, route_kind_match, content_bm25",False,False,current_candidate_files_for_question,latest planner.py,high,False
test,18,1,file_e7f13ee43ffadf3e,data/raw/share/share/共有ドライブ/プロジェクト/白峰信用リスク評価株式会社/00.提案/提案書.pptx,白峰信用リスク評価株式会社,.pptx,proposal,14.5,"{""path_term_match"": 2.0, ""required_file_type_match"": 3.0, ""route_kind_match"": 1.5, ""content_bm25"": 8.0}","path_term_match, required_file_type_match, route_kind_match, content_bm25",False,False,current_candidate_files_for_question,latest planner.py,high,False
test,18,2,file_d9ecf52ef8521859,data/raw/share/share/共有ドライブ/プロジェクト/白峰信用リスク評価株式会社/00.提案/提案書old.pptx,白峰信用リスク評価株式会社,.pptx,proposal,14.5,"{""path_term_match"": 2.0, ""required_file_type_match"": 3.0, ""route_kind_match"": 1.5, ""content_bm25"": 8.0}","path_term_match, required_file_type_match, route_kind_match, content_bm25",False,False,current_candidate_files_for_question,latest planner.py,high,False
test,18,3,file_69a56a00e42fa555,data/raw/share/share/共有ドライブ/プロジェクト/白峰信用リスク評価株式会社/05.会議/会議録/会議録_2025-05-13.pdf,白峰信用リスク評価株式会社,.pdf,meeting,14.5,"{""path_term_match"": 2.0, ""required_file_type_match"": 3.0, ""route_kind_match"": 1.5, ""content_bm25"": 8.0}","path_term_match, required_file_type_match, route_kind_match, content_bm25",False,False,current_candidate_files_for_question,latest planner.py,high,False
test,18,4,file_a389e81c80d707c5,data/raw/share/share/共有ドライブ/プロジェクト/白峰信用リスク評価株式会社/05.会議/会議録/会議録_2025-05-27.pdf,白峰信用リスク評価株式会社,.pdf,meeting,14.5,"{""path_term_match"": 2.0, ""required_file_type_match"": 3.0, ""route_kind_match"": 1.5, ""content_bm25"": 8.0}","path_term_match, required_file_type_match, route_kind_match, content_bm25",False,False,current_candidate_files_for_question,latest planner.py,high,False
test,18,5,file_2bed8f6d9ad811a7,data/raw/share/share/共有ドライブ/プロジェクト/白峰信用リスク評価株式会社/05.会議/会議録/会議録_2025-06-17.pdf,白峰信用リスク評価株式会社,.pdf,meeting,14.5,"{""path_term_match"": 2.0, ""required_file_type_match"": 3.0, ""route_kind_match"": 1.5, ""content_bm25"": 8.0}","path_term_match, required_file_type_match, route_kind_match, content_bm25",False,False,current_candidate_files_for_question,latest planner.py,high,False
test,18,6,file_d6f54ce7f06880c4,data/raw/share/share/共有ドライブ/プロジェクト/白峰信用リスク評価株式会社/05.会議/会議録/会議録_2025-07-15.pdf,白峰信用リスク評価株式会社,.pdf,meeting,14.5,"{""path_term_match"": 2.0, ""required_file_type_match"": 3.0, ""route_kind_match"": 1.5, ""content_bm25"": 8.0}","path_term_match, required_file_type_match, route_kind_match, content_bm25",False,False,current_candidate_files_for_question,latest planner.py,high,False
test,18,7,file_9c46c0c931d6f658,data/raw/share/share/共有ドライブ/プロジェクト/白峰信用リスク評価株式会社/05.会議/報告資料/報告資料_2025-05-13.pdf,白峰信用リスク評価株式会社,.pdf,meeting,14.5,"{""path_term_match"": 2.0, ""required_file_type_match"": 3.0, ""route_kind_match"": 1.5, ""content_bm25"": 8.0}","path_term_match, required_file_type_match, route_kind_match, content_bm25",False,False,current_candidate_files_for_question,latest planner.py,high,False
test,18,8,file_53aee60321c9a309,data/raw/share/share/共有ドライブ/プロジェクト/白峰信用リスク評価株式会社/05.会議/報告資料/報告資料_2025-05-27.pdf,白峰信用リスク評価株式会社,.pdf,meeting,14.5,"{""path_term_match"": 2.0, ""required_file_type_match"": 3.0, ""route_kind_match"": 1.5, ""content_bm25"": 8.0}","path_term_match, required_file_type_match, route_kind_match, content_bm25",False,False,current_candidate_files_for_question,latest planner.py,high,False
test,18,9,file_9b5cea127e90dd59,data/raw/share/share/共有ドライブ/プロジェクト/白峰信用リスク評価株式会社/05.会議/報告資料/報告資料_2025-06-17.pdf,白峰信用リスク評価株式会社,.pdf,meeting,14.5,"{""path_term_match"": 2.0, ""required_file_type_match"": 3.0, ""route_kind_match"": 1.5, ""content_bm25"": 8.0}","path_term_match, required_file_type_match, route_kind_match, content_bm25",False,False,current_candidate_files_for_question,latest planner.py,high,False
test,18,10,file_e9a98b71c2781a41,data/raw/share/share/共有ドライブ/プロジェクト/白峰信用リスク評価株式会社/06.報告書/白峰信用リスク評価株式会社_最終報告.pptx,白峰信用リスク評価株式会社,.pptx,report,14.5,"{""path_term_match"": 2.0, ""required_file_type_match"": 3.0, ""route_kind_match"": 1.5, ""content_bm25"": 8.0}","path_term_match, required_file_type_match, route_kind_match, content_bm25",False,False,current_candidate_files_for_question,latest planner.py,high,False
test,19,1,file_b3fe17675195e3cc,data/raw/share/share/共有ドライブ/プロジェクト/株式会社青嶺不動産アセットマネジメント/02.計画/スケジュール_r2.xlsx,株式会社青嶺不動産アセットマネジメント,.xlsx,schedule,15.1531,"{""path_term_match"": 2.0, ""required_file_type_match"": 3.0, ""route_kind_match"": 3.0, ""identifier_path_match"": 2.0, ""content_bm25"": 5.153132242270369}","path_term_match, required_file_type_match, route_kind_match, identifier_path_match, content_bm25",True,True,current_candidate_files_for_question,latest planner.py,high,False
test,19,2,file_c69eaac534a38cd3,data/raw/share/share/共有ドライブ/プロジェクト/株式会社青嶺不動産アセットマネジメント/02.計画/スケジュール_r1.xlsx,株式会社青嶺不動産アセットマネジメント,.xlsx,schedule,14.7298,"{""path_term_match"": 2.0, ""required_file_type_match"": 3.0, ""route_kind_match"": 3.0, ""identifier_path_match"": 2.0, ""content_bm25"": 4.729843351419813}","path_term_match, required_file_type_match, route_kind_match, identifier_path_match, content_bm25",False,True,current_candidate_files_for_question,latest planner.py,high,False
test,19,3,file_21fab58c1f410821,data/raw/share/share/共有ドライブ/プロジェクト/京橋信用ソリューションズ株式会社/02.計画/スケジュール.xlsx,京橋信用ソリューションズ株式会社,.xlsx,schedule,10.0,"{""path_term_match"": 2.0, ""required_file_type_match"": 3.0, ""route_kind_match"": 3.0, ""identifier_path_match"": 2.0}","path_term_match, required_file_type_match, route_kind_match, identifier_path_match",False,True,current_candidate_files_for_question,latest planner.py,high,False
test,19,4,file_03d92cf92666adde,data/raw/share/share/共有ドライブ/プロジェクト/医療法人社団 恒一会 かえで総合病院/02.計画/~$スケジュール.xlsx,医療法人社団 恒一会 かえで総合病院,.xlsx,schedule,10.0,"{""path_term_match"": 2.0, ""required_file_type_match"": 3.0, ""route_kind_match"": 3.0, ""identifier_path_match"": 2.0}","path_term_match, required_file_type_match, route_kind_match, identifier_path_match",False,True,current_candidate_files_for_question,latest planner.py,high,False
test,19,5,file_6aab39bed667662c,data/raw/share/share/共有ドライブ/プロジェクト/医療法人社団 恒一会 かえで総合病院/02.計画/スケジュール.xlsx,医療法人社団 恒一会 かえで総合病院,.xlsx,schedule,10.0,"{""path_term_match"": 2.0, ""required_file_type_match"": 3.0, ""route_kind_match"": 3.0, ""identifier_path_match"": 2.0}","path_term_match, required_file_type_match, route_kind_match, identifier_path_match",False,True,current_candidate_files_for_question,latest planner.py,high,False
test,19,6,file_6bae87759176c513,data/raw/share/share/共有ドライブ/プロジェクト/医療法人社団 恒一会 かえで総合病院/03.データ/train.xlsx,医療法人社団 恒一会 かえで総合病院,.xlsx,data,10.0,"{""path_term_match"": 2.0, ""required_file_type_match"": 3.0, ""route_kind_match"": 3.0, ""identifier_path_match"": 2.0}","path_term_match, required_file_type_match, route_kind_match, identifier_path_match",False,True,current_candidate_files_for_question,latest planner.py,high,False
test,19,7,file_8726afc0efe9d707,data/raw/share/share/共有ドライブ/プロジェクト/医療法人社団 蒼樹会 みなみ野女性医療センター/02.計画/スケジュール.xlsx,医療法人社団 蒼樹会 みなみ野女性医療センター,.xlsx,schedule,10.0,"{""path_term_match"": 2.0, ""required_file_type_match"": 3.0, ""route_kind_match"": 3.0, ""identifier_path_match"": 2.0}","path_term_match, required_file_type_match, route_kind_match, identifier_path_match",False,True,current_candidate_files_for_question,latest planner.py,high,False
test,19,8,file_29c29e83f97d5cc6,data/raw/share/share/共有ドライブ/プロジェクト/医療法人社団 蒼樹会 みなみ野女性医療センター/03.データ/train.xlsx,医療法人社団 蒼樹会 みなみ野女性医療センター,.xlsx,data,10.0,"{""path_term_match"": 2.0, ""required_file_type_match"": 3.0, ""route_kind_match"": 3.0, ""identifier_path_match"": 2.0}","path_term_match, required_file_type_match, route_kind_match, identifier_path_match",False,True,current_candidate_files_for_question,latest planner.py,high,False
test,19,9,file_2b1acc51e4227fce,data/raw/share/share/共有ドライブ/プロジェクト/医療法人社団 蒼泉会 ひがし丘総合病院/02.計画/スケジュール.xlsx,医療法人社団 蒼泉会 ひがし丘総合病院,.xlsx,schedule,10.0,"{""path_term_match"": 2.0, ""required_file_type_match"": 3.0, ""route_kind_match"": 3.0, ""identifier_path_match"": 2.0}","path_term_match, required_file_type_match, route_kind_match, identifier_path_match",False,True,current_candidate_files_for_question,latest planner.py,high,False
test,19,10,file_2d51866b0728e93a,data/raw/share/share/共有ドライブ/プロジェクト/医療法人社団 蒼泉会 ひがし丘総合病院/03.データ/train.xlsx,医療法人社団 蒼泉会 ひがし丘総合病院,.xlsx,data,10.0,"{""path_term_match"": 2.0, ""required_file_type_match"": 3.0, ""route_kind_match"": 3.0, ""identifier_path_match"": 2.0}","path_term_match, required_file_type_match, route_kind_match, identifier_path_match",False,True,current_candidate_files_for_question,latest planner.py,high,False
test,20,1,file_539f8b256c2ec9c0,data/raw/share/share/共有ドライブ/プロジェクト/株式会社東都人材プラットフォーム/05.会議/報告資料/報告資料_2025-08-18.pdf,株式会社東都人材プラットフォーム,.pdf,meeting,27.5,"{""path_term_match"": 2.0, ""document_hint_match"": 8.0, ""required_file_type_match"": 3.0, ""route_kind_match"": 1.5, ""date_hint_match"": 3.0, ""identifier_path_match"": 2.0, ""content_bm25"": 8.0}","path_term_match, document_hint_match, required_file_type_match, route_kind_match, date_hint_match, identifier_path_match, content_bm25",False,False,current_candidate_files_for_question,latest planner.py,high,False
test,20,2,file_b1312a411e52ff80,data/raw/share/share/共有ドライブ/プロジェクト/株式会社東都人材プラットフォーム/00.提案/データサイエンス市場の未来予測.pdf,株式会社東都人材プラットフォーム,.pdf,proposal,16.5,"{""path_term_match"": 2.0, ""required_file_type_match"": 3.0, ""route_kind_match"": 1.5, ""identifier_path_match"": 2.0, ""content_bm25"": 8.0}","path_term_match, required_file_type_match, route_kind_match, identifier_path_match, content_bm25",False,False,current_candidate_files_for_question,latest planner.py,high,False
test,20,3,file_b51efff55877d623,data/raw/share/share/共有ドライブ/プロジェクト/株式会社東都人材プラットフォーム/05.会議/会議録/会議録_2025-08-18.docx,株式会社東都人材プラットフォーム,.docx,meeting,16.5,"{""path_term_match"": 2.0, ""route_kind_match"": 1.5, ""date_hint_match"": 3.0, ""identifier_path_match"": 2.0, ""content_bm25"": 8.0}","path_term_match, route_kind_match, date_hint_match, identifier_path_match, content_bm25",False,False,current_candidate_files_for_question,latest planner.py,high,False
test,20,4,file_aca3e469ebe6f7ed,data/raw/share/share/共有ドライブ/プロジェクト/株式会社東都人材プラットフォーム/05.会議/報告資料/報告資料_2025-09-08.pdf,株式会社東都人材プラットフォーム,.pdf,meeting,16.5,"{""path_term_match"": 2.0, ""required_file_type_match"": 3.0, ""route_kind_match"": 1.5, ""identifier_path_match"": 2.0, ""content_bm25"": 8.0}","path_term_match, required_file_type_match, route_kind_match, identifier_path_match, content_bm25",False,False,current_candidate_files_for_question,latest planner.py,high,False
test,20,5,file_4fa8d55179bcaeab,data/raw/share/share/共有ドライブ/プロジェクト/株式会社青嶺不動産アセットマネジメント/05.会議/報告資料/報告資料_2025-08-26.pdf,株式会社青嶺不動産アセットマネジメント,.pdf,meeting,16.5,"{""path_term_match"": 2.0, ""required_file_type_match"": 3.0, ""route_kind_match"": 1.5, ""identifier_path_match"": 2.0, ""content_bm25"": 8.0}","path_term_match, required_file_type_match, route_kind_match, identifier_path_match, content_bm25",False,False,current_candidate_files_for_question,latest planner.py,high,False
test,20,6,file_4d734b2c30ad41ee,data/raw/share/share/共有ドライブ/プロジェクト/株式会社青嶺不動産アセットマネジメント/05.会議/報告資料/報告資料_2025-08-06.pdf,株式会社青嶺不動産アセットマネジメント,.pdf,meeting,14.0883,"{""path_term_match"": 2.0, ""required_file_type_match"": 3.0, ""route_kind_match"": 1.5, ""identifier_path_match"": 2.0, ""content_bm25"": 5.588345139373354}","path_term_match, required_file_type_match, route_kind_match, identifier_path_match, content_bm25",False,False,current_candidate_files_for_question,latest planner.py,high,False
test,20,7,file_d4f158e3db0aba5f,data/raw/share/share/共有ドライブ/プロジェクト/株式会社東都人材プラットフォーム/05.会議/会議録/会議録_2025-09-08.docx,株式会社東都人材プラットフォーム,.docx,meeting,13.5,"{""path_term_match"": 2.0, ""route_kind_match"": 1.5, ""identifier_path_match"": 2.0, ""content_bm25"": 8.0}","path_term_match, route_kind_match, identifier_path_match, content_bm25",False,False,current_candidate_files_for_question,latest planner.py,high,False
test,20,8,file_bc9b32c9c2d0c2b4,data/raw/share/share/共有ドライブ/プロジェクト/株式会社東都人材プラットフォーム/05.会議/会議録/会議録_2025-09-26.docx,株式会社東都人材プラットフォーム,.docx,meeting,13.5,"{""path_term_match"": 2.0, ""route_kind_match"": 1.5, ""identifier_path_match"": 2.0, ""content_bm25"": 8.0}","path_term_match, route_kind_match, identifier_path_match, content_bm25",False,False,current_candidate_files_for_question,latest planner.py,high,False
test,20,9,file_be1cc2431b394277,data/raw/share/share/共有ドライブ/プロジェクト/株式会社東都人材プラットフォーム/06.報告書/株式会社東都人材プラットフォーム_最終報告.pptx,株式会社東都人材プラットフォーム,.pptx,report,13.5,"{""path_term_match"": 2.0, ""route_kind_match"": 1.5, ""identifier_path_match"": 2.0, ""content_bm25"": 8.0}","path_term_match, route_kind_match, identifier_path_match, content_bm25",False,False,current_candidate_files_for_question,latest planner.py,high,False
test,20,10,file_ef6b3d40c6cbf84f,data/raw/share/share/共有ドライブ/プロジェクト/青葉与信マネジメント株式会社/05.会議/報告資料/報告資料_2025-04-09.docx,青葉与信マネジメント株式会社,.docx,meeting,11.746,"{""path_term_match"": 2.0, ""route_kind_match"": 1.5, ""identifier_path_match"": 2.0, ""content_bm25"": 6.245975139531465}","path_term_match, route_kind_match, identifier_path_match, content_bm25",False,False,current_candidate_files_for_question,latest planner.py,high,False
test,21,1,file_2c99707d925747c6,data/raw/share/share/共有ドライブ/プロジェクト/株式会社青葉バイオメディカル機器/00.提案/提案書.pdf,株式会社青葉バイオメディカル機器,.pdf,proposal,11.5,"{""path_term_match"": 2.0, ""route_kind_match"": 1.5, ""content_bm25"": 8.0}","path_term_match, route_kind_match, content_bm25",False,False,current_candidate_files_for_question,latest planner.py,high,False
test,21,2,file_a452ac5e9344e277,data/raw/share/share/共有ドライブ/プロジェクト/株式会社青葉バイオメディカル機器/06.報告書/株式会社青葉バイオメディカル機器_最終報告.pptx,株式会社青葉バイオメディカル機器,.pptx,report,11.5,"{""path_term_match"": 2.0, ""route_kind_match"": 1.5, ""content_bm25"": 8.0}","path_term_match, route_kind_match, content_bm25",False,False,current_candidate_files_for_question,latest planner.py,high,False
test,21,3,file_68c8fede4948d806,data/raw/share/share/共有ドライブ/プロジェクト/株式会社青葉バイオメディカル機器/05.会議/報告資料/報告資料_2025-07-11.docx,株式会社青葉バイオメディカル機器,.docx,meeting,10.3936,"{""path_term_match"": 2.0, ""route_kind_match"": 1.5, ""content_bm25"": 6.89361980055223}","path_term_match, route_kind_match, content_bm25",False,False,current_candidate_files_for_question,latest planner.py,high,False
test,21,4,file_75398ea43c9e3497,data/raw/share/share/共有ドライブ/プロジェクト/株式会社青葉バイオメディカル機器/05.会議/会議録/会議録_2025-07-11.docx,株式会社青葉バイオメディカル機器,.docx,meeting,10.0933,"{""path_term_match"": 2.0, ""route_kind_match"": 1.5, ""content_bm25"": 6.593272714357305}","path_term_match, route_kind_match, content_bm25",False,False,current_candidate_files_for_question,latest planner.py,high,False
test,21,5,file_bf15b15d5d3aa360,data/raw/share/share/共有ドライブ/プロジェクト/株式会社青葉バイオメディカル機器/04.分析/analysis_project/notebooks/01_eda.ipynb,株式会社青葉バイオメディカル機器,.ipynb,analysis,10.0,"{""path_term_match"": 2.0, ""content_bm25"": 8.0}","path_term_match, content_bm25",False,False,current_candidate_files_for_question,latest planner.py,high,False
test,21,6,file_87ad503a925b6078,data/raw/share/share/共有ドライブ/プロジェクト/株式会社青葉バイオメディカル機器/04.分析/analysis_project/scripts/bootstrap_env.py,株式会社青葉バイオメディカル機器,.py,analysis,10.0,"{""path_term_match"": 2.0, ""content_bm25"": 8.0}","path_term_match, content_bm25",False,False,current_candidate_files_for_question,latest planner.py,high,False
test,21,7,file_948e194c5cd597ee,data/raw/share/share/共有ドライブ/プロジェクト/株式会社青葉バイオメディカル機器/04.分析/analysis_project/scripts/run_train.py,株式会社青葉バイオメディカル機器,.py,data,10.0,"{""path_term_match"": 2.0, ""content_bm25"": 8.0}","path_term_match, content_bm25",False,False,current_candidate_files_for_question,latest planner.py,high,False
test,21,8,file_bddea9402d644215,data/raw/share/share/共有ドライブ/プロジェクト/株式会社青葉バイオメディカル機器/04.分析/analysis_project/src/common.py,株式会社青葉バイオメディカル機器,.py,analysis,10.0,"{""path_term_match"": 2.0, ""content_bm25"": 8.0}","path_term_match, content_bm25",False,False,current_candidate_files_for_question,latest planner.py,high,False
test,21,9,file_dcf25ad6d792d860,data/raw/share/share/共有ドライブ/プロジェクト/株式会社青葉バイオメディカル機器/04.分析/analysis_project/src/features.py,株式会社青葉バイオメディカル機器,.py,analysis,10.0,"{""path_term_match"": 2.0, ""content_bm25"": 8.0}","path_term_match, content_bm25",False,False,current_candidate_files_for_question,latest planner.py,high,False
test,21,10,file_ba3465d384f80cbf,data/raw/share/share/共有ドライブ/プロジェクト/株式会社青葉バイオメディカル機器/05.会議/会議録/会議録_2025-06-23.docx,株式会社青葉バイオメディカル機器,.docx,meeting,9.9859,"{""path_term_match"": 2.0, ""route_kind_match"": 1.5, ""content_bm25"": 6.485916048055806}","path_term_match, route_kind_match, content_bm25",False,False,current_candidate_files_for_question,latest planner.py,high,False
test,22,1,file_98277b2c749a8460,data/raw/share/share/共有ドライブ/プロジェクト/白峰信用リスク評価株式会社/04.分析/analysis_project/notebooks/01_eda_old.ipynb,白峰信用リスク評価株式会社,.ipynb,analysis,20.0,"{""path_term_match"": 2.0, ""required_file_type_match"": 3.0, ""route_kind_match"": 5.0, ""identifier_path_match"": 2.0, ""content_bm25"": 8.0}","path_term_match, required_file_type_match, route_kind_match, identifier_path_match, content_bm25",True,True,current_candidate_files_for_question,latest planner.py,high,False
test,22,2,file_16463dfce5216836,data/raw/share/share/共有ドライブ/プロジェクト/白峰信用リスク評価株式会社/04.分析/analysis_project/notebooks/01_eda.ipynb,白峰信用リスク評価株式会社,.ipynb,analysis,18.0,"{""path_term_match"": 2.0, ""required_file_type_match"": 3.0, ""route_kind_match"": 3.0, ""identifier_path_match"": 2.0, ""content_bm25"": 8.0}","path_term_match, required_file_type_match, route_kind_match, identifier_path_match, content_bm25",True,True,current_candidate_files_for_question,latest planner.py,high,False
test,22,3,file_d9ecf52ef8521859,data/raw/share/share/共有ドライブ/プロジェクト/白峰信用リスク評価株式会社/00.提案/提案書old.pptx,白峰信用リスク評価株式会社,.pptx,proposal,15.0,"{""path_term_match"": 2.0, ""required_file_type_match"": 3.0, ""route_kind_match"": 2.0, ""content_bm25"": 8.0}","path_term_match, required_file_type_match, route_kind_match, content_bm25",False,True,current_candidate_files_for_question,latest planner.py,high,False
test,22,4,file_e7f13ee43ffadf3e,data/raw/share/share/共有ドライブ/プロジェクト/白峰信用リスク評価株式会社/00.提案/提案書.pptx,白峰信用リスク評価株式会社,.pptx,proposal,13.0,"{""path_term_match"": 2.0, ""required_file_type_match"": 3.0, ""content_bm25"": 8.0}","path_term_match, required_file_type_match, content_bm25",False,True,current_candidate_files_for_question,latest planner.py,high,False
test,22,5,file_69a56a00e42fa555,data/raw/share/share/共有ドライブ/プロジェクト/白峰信用リスク評価株式会社/05.会議/会議録/会議録_2025-05-13.pdf,白峰信用リスク評価株式会社,.pdf,meeting,13.0,"{""path_term_match"": 2.0, ""required_file_type_match"": 3.0, ""content_bm25"": 8.0}","path_term_match, required_file_type_match, content_bm25",False,True,current_candidate_files_for_question,latest planner.py,high,False
test,22,6,file_a389e81c80d707c5,data/raw/share/share/共有ドライブ/プロジェクト/白峰信用リスク評価株式会社/05.会議/会議録/会議録_2025-05-27.pdf,白峰信用リスク評価株式会社,.pdf,meeting,13.0,"{""path_term_match"": 2.0, ""required_file_type_match"": 3.0, ""content_bm25"": 8.0}","path_term_match, required_file_type_match, content_bm25",False,True,current_candidate_files_for_question,latest planner.py,high,False
test,22,7,file_2bed8f6d9ad811a7,data/raw/share/share/共有ドライブ/プロジェクト/白峰信用リスク評価株式会社/05.会議/会議録/会議録_2025-06-17.pdf,白峰信用リスク評価株式会社,.pdf,meeting,13.0,"{""path_term_match"": 2.0, ""required_file_type_match"": 3.0, ""content_bm25"": 8.0}","path_term_match, required_file_type_match, content_bm25",False,True,current_candidate_files_for_question,latest planner.py,high,False
test,22,8,file_e9a98b71c2781a41,data/raw/share/share/共有ドライブ/プロジェクト/白峰信用リスク評価株式会社/06.報告書/白峰信用リスク評価株式会社_最終報告.pptx,白峰信用リスク評価株式会社,.pptx,report,13.0,"{""path_term_match"": 2.0, ""required_file_type_match"": 3.0, ""content_bm25"": 8.0}","path_term_match, required_file_type_match, content_bm25",False,True,current_candidate_files_for_question,latest planner.py,high,False
test,22,9,file_ef106a562ea6c4f4,data/raw/share/share/共有ドライブ/プロジェクト/株式会社青嶺不動産アセットマネジメント/00.提案/ニューヨーク不動産市場の最新動向調査.pdf,株式会社青嶺不動産アセットマネジメント,.pdf,proposal,11.0,"{""required_file_type_match"": 3.0, ""content_bm25"": 8.0}","required_file_type_match, content_bm25",False,True,current_candidate_files_for_question,latest planner.py,high,False
test,22,10,file_0783e32af794bbe2,data/raw/share/share/共有ドライブ/プロジェクト/京橋信用ソリューションズ株式会社/04.分析/analysis_project/notebooks/01_eda.ipynb,京橋信用ソリューションズ株式会社,.ipynb,analysis,10.0,"{""path_term_match"": 2.0, ""required_file_type_match"": 3.0, ""route_kind_match"": 3.0, ""identifier_path_match"": 2.0}","path_term_match, required_file_type_match, route_kind_match, identifier_path_match",False,True,current_candidate_files_for_question,latest planner.py,high,False
test,23,1,file_d72ac8163b01ef72,data/raw/share/share/共有ドライブ/プロジェクト/医療法人社団 恒一会 かえで総合病院/00.提案/提案書.pptx,医療法人社団 恒一会 かえで総合病院,.pptx,proposal,11.5,"{""path_term_match"": 2.0, ""route_kind_match"": 1.5, ""content_bm25"": 8.0}","path_term_match, route_kind_match, content_bm25",False,False,current_candidate_files_for_question,latest planner.py,high,False
test,23,2,file_70f9d108e37232bd,data/raw/share/share/共有ドライブ/プロジェクト/医療法人社団 蒼泉会 ひがし丘総合病院/00.提案/提案書.pptx,医療法人社団 蒼泉会 ひがし丘総合病院,.pptx,proposal,11.5,"{""path_term_match"": 2.0, ""route_kind_match"": 1.5, ""content_bm25"": 8.0}","path_term_match, route_kind_match, content_bm25",False,False,current_candidate_files_for_question,latest planner.py,high,False
test,23,3,file_45d248a37508b209,data/raw/share/share/共有ドライブ/プロジェクト/医療法人社団 蒼泉会 ひがし丘総合病院/06.報告書/医療法人社団 蒼泉会 ひがし丘総合病院_最終報告.pdf,医療法人社団 蒼泉会 ひがし丘総合病院,.pdf,report,11.5,"{""path_term_match"": 2.0, ""route_kind_match"": 1.5, ""content_bm25"": 8.0}","path_term_match, route_kind_match, content_bm25",False,False,current_candidate_files_for_question,latest planner.py,high,False
test,23,4,file_8e7f976c6bf62fb6,data/raw/share/share/共有ドライブ/プロジェクト/株式会社東都人材プラットフォーム/00.提案/提案書.pptx,株式会社東都人材プラットフォーム,.pptx,proposal,11.5,"{""path_term_match"": 2.0, ""route_kind_match"": 1.5, ""content_bm25"": 8.0}","path_term_match, route_kind_match, content_bm25",False,False,current_candidate_files_for_question,latest planner.py,high,False
test,23,5,file_3dbffa905dc9b2b1,data/raw/share/share/共有ドライブ/プロジェクト/株式会社青嶺不動産アセットマネジメント/00.提案/old/提案書.pptx,株式会社青嶺不動産アセットマネジメント,.pptx,proposal,11.5,"{""path_term_match"": 2.0, ""route_kind_match"": 1.5, ""content_bm25"": 8.0}","path_term_match, route_kind_match, content_bm25",False,False,current_candidate_files_for_question,latest planner.py,high,False
test,23,6,file_ef106a562ea6c4f4,data/raw/share/share/共有ドライブ/プロジェクト/株式会社青嶺不動産アセットマネジメント/00.提案/ニューヨーク不動産市場の最新動向調査.pdf,株式会社青嶺不動産アセットマネジメント,.pdf,proposal,11.5,"{""path_term_match"": 2.0, ""route_kind_match"": 1.5, ""content_bm25"": 8.0}","path_term_match, route_kind_match, content_bm25",False,False,current_candidate_files_for_question,latest planner.py,high,False
test,23,7,file_831dbc2d4bc189c3,data/raw/share/share/共有ドライブ/プロジェクト/株式会社青嶺不動産アセットマネジメント/00.提案/提案書.pptx,株式会社青嶺不動産アセットマネジメント,.pptx,proposal,11.5,"{""path_term_match"": 2.0, ""route_kind_match"": 1.5, ""content_bm25"": 8.0}","path_term_match, route_kind_match, content_bm25",False,False,current_candidate_files_for_question,latest planner.py,high,False
test,23,8,file_591a79dbe934438c,data/raw/share/share/共有ドライブ/プロジェクト/株式会社青潮モビリティサービス/00.提案/提案書.pptx,株式会社青潮モビリティサービス,.pptx,proposal,10.991,"{""path_term_match"": 2.0, ""route_kind_match"": 1.5, ""content_bm25"": 7.491015186616498}","path_term_match, route_kind_match, content_bm25",False,False,current_candidate_files_for_question,latest planner.py,high,False
test,23,9,file_0cd4fc42e961ecf5,data/raw/share/share/共有ドライブ/プロジェクト/医療法人社団 蒼泉会 ひがし丘総合病院/01.契約/契約書.docx,医療法人社団 蒼泉会 ひがし丘総合病院,.docx,contract,10.3534,"{""path_term_match"": 2.0, ""route_kind_match"": 1.5, ""content_bm25"": 6.8533866209218015}","path_term_match, route_kind_match, content_bm25",False,False,current_candidate_files_for_question,latest planner.py,high,False
test,23,10,file_8fb18453764bc6db,data/raw/share/share/共有ドライブ/社内管理/社内用語集.docx,社内管理,.docx,management,9.5,"{""route_kind_match"": 1.5, ""content_bm25"": 8.0}","route_kind_match, content_bm25",False,False,current_candidate_files_for_question,latest planner.py,high,False
test,24,1,file_cc8e97e3d637960f,data/raw/share/share/共有ドライブ/プロジェクト/医療法人社団 恒一会 かえで総合病院/06.報告書/医療法人社団 恒一会 かえで総合病院_最終報告.pptx,医療法人社団 恒一会 かえで総合病院,.pptx,report,9.902,"{""path_term_match"": 2.0, ""route_kind_match"": 1.5, ""content_bm25"": 6.4020442183747885}","path_term_match, route_kind_match, content_bm25",False,False,current_candidate_files_for_question,latest planner.py,high,False
test,24,2,file_c2047ca2e1b6baa2,data/raw/share/share/共有ドライブ/プロジェクト/医療法人社団 恒一会 かえで総合病院/06.報告書/医療法人社団 恒一会 かえで総合病院_最終報告_old.pptx,医療法人社団 恒一会 かえで総合病院,.pptx,report,9.894,"{""path_term_match"": 2.0, ""route_kind_match"": 1.5, ""content_bm25"": 6.394018895947664}","path_term_match, route_kind_match, content_bm25",False,False,current_candidate_files_for_question,latest planner.py,high,False
test,24,3,file_d72ac8163b01ef72,data/raw/share/share/共有ドライブ/プロジェクト/医療法人社団 恒一会 かえで総合病院/00.提案/提案書.pptx,医療法人社団 恒一会 かえで総合病院,.pptx,proposal,9.7577,"{""path_term_match"": 2.0, ""route_kind_match"": 1.5, ""content_bm25"": 6.257706492624225}","path_term_match, route_kind_match, content_bm25",False,False,current_candidate_files_for_question,latest planner.py,high,False
test,24,4,file_ef106a562ea6c4f4,data/raw/share/share/共有ドライブ/プロジェクト/株式会社青嶺不動産アセットマネジメント/00.提案/ニューヨーク不動産市場の最新動向調査.pdf,株式会社青嶺不動産アセットマネジメント,.pdf,proposal,9.5,"{""route_kind_match"": 1.5, ""content_bm25"": 8.0}","route_kind_match, content_bm25",False,False,current_candidate_files_for_question,latest planner.py,high,False
test,24,5,file_1aff1b560a3f2e24,data/raw/share/share/共有ドライブ/プロジェクト/京橋信用ソリューションズ株式会社/00.提案/提案書_final.pptx,京橋信用ソリューションズ株式会社,.pptx,proposal,8.904,"{""route_kind_match"": 1.5, ""content_bm25"": 7.404014452353371}","route_kind_match, content_bm25",False,False,current_candidate_files_for_question,latest planner.py,high,False
test,24,6,file_7f6ba34feefeb01a,data/raw/share/share/共有ドライブ/プロジェクト/京橋信用ソリューションズ株式会社/00.提案/提案書_v1.pptx,京橋信用ソリューションズ株式会社,.pptx,proposal,8.904,"{""route_kind_match"": 1.5, ""content_bm25"": 7.404014452353371}","route_kind_match, content_bm25",False,False,current_candidate_files_for_question,latest planner.py,high,False
test,24,7,file_591a79dbe934438c,data/raw/share/share/共有ドライブ/プロジェクト/株式会社青潮モビリティサービス/00.提案/提案書.pptx,株式会社青潮モビリティサービス,.pptx,proposal,7.8,"{""route_kind_match"": 1.5, ""content_bm25"": 6.3000314365968295}","route_kind_match, content_bm25",False,False,current_candidate_files_for_question,latest planner.py,high,False
test,24,8,file_3214e231bd5034de,data/raw/share/share/共有ドライブ/プロジェクト/医療法人社団 恒一会 かえで総合病院/05.会議/報告資料/報告資料_2025-09-16.docx,医療法人社団 恒一会 かえで総合病院,.docx,meeting,7.4262,"{""path_term_match"": 2.0, ""route_kind_match"": 1.5, ""content_bm25"": 3.926181513821231}","path_term_match, route_kind_match, content_bm25",False,False,current_candidate_files_for_question,latest planner.py,high,False
test,24,9,file_9453287d4c9b7701,data/raw/share/share/共有ドライブ/プロジェクト/株式会社青嶺不動産アセットマネジメント/06.報告書/株式会社青嶺不動産アセットマネジメント_最終報告.pptx,株式会社青嶺不動産アセットマネジメント,.pptx,report,6.9039,"{""route_kind_match"": 1.5, ""content_bm25"": 5.40389646708503}","route_kind_match, content_bm25",False,False,current_candidate_files_for_question,latest planner.py,high,False
test,24,10,file_e1689b021af39776,data/raw/share/share/共有ドライブ/社内管理/データアステル社内規定_パスワード導出規則.docx,社内管理,.docx,management,6.6,"{""path_term_match"": 2.0, ""route_kind_match"": 1.5, ""content_bm25"": 3.1000324843219307}","path_term_match, route_kind_match, content_bm25",False,False,current_candidate_files_for_question,latest planner.py,high,False
test,25,1,file_e7f13ee43ffadf3e,data/raw/share/share/共有ドライブ/プロジェクト/白峰信用リスク評価株式会社/00.提案/提案書.pptx,白峰信用リスク評価株式会社,.pptx,proposal,15.5,"{""path_term_match"": 2.0, ""required_file_type_match"": 3.0, ""route_kind_match"": 2.5, ""content_bm25"": 8.0}","path_term_match, required_file_type_match, route_kind_match, content_bm25",False,True,current_candidate_files_for_question,latest planner.py,high,False
test,25,2,file_d9ecf52ef8521859,data/raw/share/share/共有ドライブ/プロジェクト/白峰信用リスク評価株式会社/00.提案/提案書old.pptx,白峰信用リスク評価株式会社,.pptx,proposal,15.5,"{""path_term_match"": 2.0, ""required_file_type_match"": 3.0, ""route_kind_match"": 2.5, ""content_bm25"": 8.0}","path_term_match, required_file_type_match, route_kind_match, content_bm25",False,True,current_candidate_files_for_question,latest planner.py,high,False
test,25,3,file_e9a98b71c2781a41,data/raw/share/share/共有ドライブ/プロジェクト/白峰信用リスク評価株式会社/06.報告書/白峰信用リスク評価株式会社_最終報告.pptx,白峰信用リスク評価株式会社,.pptx,report,15.5,"{""path_term_match"": 2.0, ""required_file_type_match"": 3.0, ""route_kind_match"": 2.5, ""content_bm25"": 8.0}","path_term_match, required_file_type_match, route_kind_match, content_bm25",False,True,current_candidate_files_for_question,latest planner.py,high,False
test,25,4,file_21fab58c1f410821,data/raw/share/share/共有ドライブ/プロジェクト/京橋信用ソリューションズ株式会社/02.計画/スケジュール.xlsx,京橋信用ソリューションズ株式会社,.xlsx,schedule,12.5,"{""path_term_match"": 2.0, ""required_file_type_match"": 3.0, ""route_kind_match"": 5.5, ""identifier_path_match"": 2.0}","path_term_match, required_file_type_match, route_kind_match, identifier_path_match",False,True,current_candidate_files_for_question,latest planner.py,high,False
test,25,5,file_03d92cf92666adde,data/raw/share/share/共有ドライブ/プロジェクト/医療法人社団 恒一会 かえで総合病院/02.計画/~$スケジュール.xlsx,医療法人社団 恒一会 かえで総合病院,.xlsx,schedule,12.5,"{""path_term_match"": 2.0, ""required_file_type_match"": 3.0, ""route_kind_match"": 5.5, ""identifier_path_match"": 2.0}","path_term_match, required_file_type_match, route_kind_match, identifier_path_match",False,True,current_candidate_files_for_question,latest planner.py,high,False
test,25,6,file_6aab39bed667662c,data/raw/share/share/共有ドライブ/プロジェクト/医療法人社団 恒一会 かえで総合病院/02.計画/スケジュール.xlsx,医療法人社団 恒一会 かえで総合病院,.xlsx,schedule,12.5,"{""path_term_match"": 2.0, ""required_file_type_match"": 3.0, ""route_kind_match"": 5.5, ""identifier_path_match"": 2.0}","path_term_match, required_file_type_match, route_kind_match, identifier_path_match",False,True,current_candidate_files_for_question,latest planner.py,high,False
test,25,7,file_6bae87759176c513,data/raw/share/share/共有ドライブ/プロジェクト/医療法人社団 恒一会 かえで総合病院/03.データ/train.xlsx,医療法人社団 恒一会 かえで総合病院,.xlsx,data,12.5,"{""path_term_match"": 2.0, ""required_file_type_match"": 3.0, ""route_kind_match"": 5.5, ""identifier_path_match"": 2.0}","path_term_match, required_file_type_match, route_kind_match, identifier_path_match",False,True,current_candidate_files_for_question,latest planner.py,high,False
test,25,8,file_8726afc0efe9d707,data/raw/share/share/共有ドライブ/プロジェクト/医療法人社団 蒼樹会 みなみ野女性医療センター/02.計画/スケジュール.xlsx,医療法人社団 蒼樹会 みなみ野女性医療センター,.xlsx,schedule,12.5,"{""path_term_match"": 2.0, ""required_file_type_match"": 3.0, ""route_kind_match"": 5.5, ""identifier_path_match"": 2.0}","path_term_match, required_file_type_match, route_kind_match, identifier_path_match",False,True,current_candidate_files_for_question,latest planner.py,high,False
test,25,9,file_29c29e83f97d5cc6,data/raw/share/share/共有ドライブ/プロジェクト/医療法人社団 蒼樹会 みなみ野女性医療センター/03.データ/train.xlsx,医療法人社団 蒼樹会 みなみ野女性医療センター,.xlsx,data,12.5,"{""path_term_match"": 2.0, ""required_file_type_match"": 3.0, ""route_kind_match"": 5.5, ""identifier_path_match"": 2.0}","path_term_match, required_file_type_match, route_kind_match, identifier_path_match",False,True,current_candidate_files_for_question,latest planner.py,high,False
test,25,10,file_2b1acc51e4227fce,data/raw/share/share/共有ドライブ/プロジェクト/医療法人社団 蒼泉会 ひがし丘総合病院/02.計画/スケジュール.xlsx,医療法人社団 蒼泉会 ひがし丘総合病院,.xlsx,schedule,12.5,"{""path_term_match"": 2.0, ""required_file_type_match"": 3.0, ""route_kind_match"": 5.5, ""identifier_path_match"": 2.0}","path_term_match, required_file_type_match, route_kind_match, identifier_path_match",False,True,current_candidate_files_for_question,latest planner.py,high,False
test,26,1,file_04ff0c1d08714623,data/raw/share/share/共有ドライブ/プロジェクト/医療法人社団 蒼泉会 ひがし丘総合病院/05.会議/報告資料/報告資料_2025-07-08.docx,医療法人社団 蒼泉会 ひがし丘総合病院,.docx,meeting,10.8933,"{""path_term_match"": 2.0, ""route_kind_match"": 1.5, ""content_bm25"": 7.393257686651979}","path_term_match, route_kind_match, content_bm25",False,False,current_candidate_files_for_question,latest planner.py,high,False
test,26,2,file_ef106a562ea6c4f4,data/raw/share/share/共有ドライブ/プロジェクト/株式会社青嶺不動産アセットマネジメント/00.提案/ニューヨーク不動産市場の最新動向調査.pdf,株式会社青嶺不動産アセットマネジメント,.pdf,proposal,9.5,"{""route_kind_match"": 1.5, ""content_bm25"": 8.0}","route_kind_match, content_bm25",False,False,current_candidate_files_for_question,latest planner.py,high,False
test,26,3,file_cc8e97e3d637960f,data/raw/share/share/共有ドライブ/プロジェクト/医療法人社団 恒一会 かえで総合病院/06.報告書/医療法人社団 恒一会 かえで総合病院_最終報告.pptx,医療法人社団 恒一会 かえで総合病院,.pptx,report,9.447,"{""path_term_match"": 2.0, ""route_kind_match"": 1.5, ""content_bm25"": 5.947026742539982}","path_term_match, route_kind_match, content_bm25",False,False,current_candidate_files_for_question,latest planner.py,high,False
test,26,4,file_c2047ca2e1b6baa2,data/raw/share/share/共有ドライブ/プロジェクト/医療法人社団 恒一会 かえで総合病院/06.報告書/医療法人社団 恒一会 かえで総合病院_最終報告_old.pptx,医療法人社団 恒一会 かえで総合病院,.pptx,report,9.4388,"{""path_term_match"": 2.0, ""route_kind_match"": 1.5, ""content_bm25"": 5.9388137589245495}","path_term_match, route_kind_match, content_bm25",False,False,current_candidate_files_for_question,latest planner.py,high,False
test,26,5,file_3214e231bd5034de,data/raw/share/share/共有ドライブ/プロジェクト/医療法人社団 恒一会 かえで総合病院/05.会議/報告資料/報告資料_2025-09-16.docx,医療法人社団 恒一会 かえで総合病院,.docx,meeting,8.4096,"{""path_term_match"": 2.0, ""route_kind_match"": 1.5, ""content_bm25"": 4.909620149862605}","path_term_match, route_kind_match, content_bm25",False,False,current_candidate_files_for_question,latest planner.py,high,False
test,26,6,file_ef6b3d40c6cbf84f,data/raw/share/share/共有ドライブ/プロジェクト/青葉与信マネジメント株式会社/05.会議/報告資料/報告資料_2025-04-09.docx,青葉与信マネジメント株式会社,.docx,meeting,8.3016,"{""path_term_match"": 2.0, ""route_kind_match"": 1.5, ""content_bm25"": 4.8016268421355415}","path_term_match, route_kind_match, content_bm25",False,False,current_candidate_files_for_question,latest planner.py,high,False
test,26,7,file_d12079229f546ac0,data/raw/share/share/共有ドライブ/プロジェクト/医療法人社団 蒼泉会 ひがし丘総合病院/05.会議/会議録/会議録_2025-07-22.docx,医療法人社団 蒼泉会 ひがし丘総合病院,.docx,meeting,7.7994,"{""path_term_match"": 2.0, ""route_kind_match"": 1.5, ""content_bm25"": 4.299432435854943}","path_term_match, route_kind_match, content_bm25",False,False,current_candidate_files_for_question,latest planner.py,high,False
test,26,8,file_a18e6e03b56e708d,data/raw/share/share/共有ドライブ/プロジェクト/白峰信用リスク評価株式会社/01.契約/契約書.docx,白峰信用リスク評価株式会社,.docx,contract,7.7735,"{""path_term_match"": 2.0, ""route_kind_match"": 1.5, ""content_bm25"": 4.27351127103482}","path_term_match, route_kind_match, content_bm25",False,False,current_candidate_files_for_question,latest planner.py,high,False
test,26,9,file_58533c3139b39f95,data/raw/share/share/共有ドライブ/プロジェクト/青葉与信マネジメント株式会社/05.会議/報告資料/報告資料_2025-04-29.docx,青葉与信マネジメント株式会社,.docx,meeting,7.7548,"{""path_term_match"": 2.0, ""route_kind_match"": 1.5, ""content_bm25"": 4.254793459619196}","path_term_match, route_kind_match, content_bm25",False,False,current_candidate_files_for_question,latest planner.py,high,False
test,26,10,file_8e7f976c6bf62fb6,data/raw/share/share/共有ドライブ/プロジェクト/株式会社東都人材プラットフォーム/00.提案/提案書.pptx,株式会社東都人材プラットフォーム,.pptx,proposal,7.6599,"{""route_kind_match"": 1.5, ""content_bm25"": 6.159908914944696}","route_kind_match, content_bm25",False,False,current_candidate_files_for_question,latest planner.py,high,False
test,27,1,file_d72ac8163b01ef72,data/raw/share/share/共有ドライブ/プロジェクト/医療法人社団 恒一会 かえで総合病院/00.提案/提案書.pptx,医療法人社団 恒一会 かえで総合病院,.pptx,proposal,11.5,"{""path_term_match"": 2.0, ""route_kind_match"": 1.5, ""content_bm25"": 8.0}","path_term_match, route_kind_match, content_bm25",False,False,current_candidate_files_for_question,latest planner.py,high,False
test,27,2,file_cc8e97e3d637960f,data/raw/share/share/共有ドライブ/プロジェクト/医療法人社団 恒一会 かえで総合病院/06.報告書/医療法人社団 恒一会 かえで総合病院_最終報告.pptx,医療法人社団 恒一会 かえで総合病院,.pptx,report,11.5,"{""path_term_match"": 2.0, ""route_kind_match"": 1.5, ""content_bm25"": 8.0}","path_term_match, route_kind_match, content_bm25",False,False,current_candidate_files_for_question,latest planner.py,high,False
test,27,3,file_c2047ca2e1b6baa2,data/raw/share/share/共有ドライブ/プロジェクト/医療法人社団 恒一会 かえで総合病院/06.報告書/医療法人社団 恒一会 かえで総合病院_最終報告_old.pptx,医療法人社団 恒一会 かえで総合病院,.pptx,report,11.5,"{""path_term_match"": 2.0, ""route_kind_match"": 1.5, ""content_bm25"": 8.0}","path_term_match, route_kind_match, content_bm25",False,False,current_candidate_files_for_question,latest planner.py,high,False
test,27,4,file_45d248a37508b209,data/raw/share/share/共有ドライブ/プロジェクト/医療法人社団 蒼泉会 ひがし丘総合病院/06.報告書/医療法人社団 蒼泉会 ひがし丘総合病院_最終報告.pdf,医療法人社団 蒼泉会 ひがし丘総合病院,.pdf,report,11.5,"{""path_term_match"": 2.0, ""route_kind_match"": 1.5, ""content_bm25"": 8.0}","path_term_match, route_kind_match, content_bm25",False,False,current_candidate_files_for_question,latest planner.py,high,False
test,27,5,file_ef106a562ea6c4f4,data/raw/share/share/共有ドライブ/プロジェクト/株式会社青嶺不動産アセットマネジメント/00.提案/ニューヨーク不動産市場の最新動向調査.pdf,株式会社青嶺不動産アセットマネジメント,.pdf,proposal,11.5,"{""path_term_match"": 2.0, ""route_kind_match"": 1.5, ""content_bm25"": 8.0}","path_term_match, route_kind_match, content_bm25",False,False,current_candidate_files_for_question,latest planner.py,high,False
test,27,6,file_55b4c40fc1e8e7bc,data/raw/share/share/共有ドライブ/プロジェクト/青葉与信マネジメント株式会社/00.提案/提案書_v1.pptx,青葉与信マネジメント株式会社,.pptx,proposal,11.5,"{""path_term_match"": 2.0, ""route_kind_match"": 1.5, ""content_bm25"": 8.0}","path_term_match, route_kind_match, content_bm25",False,False,current_candidate_files_for_question,latest planner.py,high,False
test,27,7,file_08a9d0fb95bae44c,data/raw/share/share/共有ドライブ/プロジェクト/青葉与信マネジメント株式会社/00.提案/提案書_v2.pptx,青葉与信マネジメント株式会社,.pptx,proposal,11.3002,"{""path_term_match"": 2.0, ""route_kind_match"": 1.5, ""content_bm25"": 7.800176513075396}","path_term_match, route_kind_match, content_bm25",False,False,current_candidate_files_for_question,latest planner.py,high,False
test,27,8,file_9969b5d674125f4c,data/raw/share/share/共有ドライブ/プロジェクト/青葉与信マネジメント株式会社/00.提案/提案書_v3.pptx,青葉与信マネジメント株式会社,.pptx,proposal,11.3002,"{""path_term_match"": 2.0, ""route_kind_match"": 1.5, ""content_bm25"": 7.800176513075396}","path_term_match, route_kind_match, content_bm25",False,False,current_candidate_files_for_question,latest planner.py,high,False
test,27,9,file_70f9d108e37232bd,data/raw/share/share/共有ドライブ/プロジェクト/医療法人社団 蒼泉会 ひがし丘総合病院/00.提案/提案書.pptx,医療法人社団 蒼泉会 ひがし丘総合病院,.pptx,proposal,10.215,"{""path_term_match"": 2.0, ""route_kind_match"": 1.5, ""content_bm25"": 6.715012170716497}","path_term_match, route_kind_match, content_bm25",False,False,current_candidate_files_for_question,latest planner.py,high,False
test,27,10,file_e27cdf1ec1397056,data/raw/share/share/共有ドライブ/プロジェクト/青葉与信マネジメント株式会社/05.会議/会議録/会議録_2025-04-09.pdf,青葉与信マネジメント株式会社,.pdf,meeting,8.1431,"{""route_kind_match"": 1.5, ""content_bm25"": 6.64309280571975}","route_kind_match, content_bm25",False,False,current_candidate_files_for_question,latest planner.py,high,False
test,28,1,file_35dab804db563c49,data/raw/share/share/共有ドライブ/プロジェクト/医療法人社団 蒼樹会 みなみ野女性医療センター/00.提案/提案書.pptx,医療法人社団 蒼樹会 みなみ野女性医療センター,.pptx,proposal,11.5,"{""path_term_match"": 2.0, ""route_kind_match"": 1.5, ""content_bm25"": 8.0}","path_term_match, route_kind_match, content_bm25",False,False,current_candidate_files_for_question,latest planner.py,high,False
test,28,2,file_bf3657e26a136347,data/raw/share/share/共有ドライブ/プロジェクト/医療法人社団 蒼樹会 みなみ野女性医療センター/00.提案/糖尿病統計情報.docx,医療法人社団 蒼樹会 みなみ野女性医療センター,.docx,proposal,11.5,"{""path_term_match"": 2.0, ""route_kind_match"": 1.5, ""content_bm25"": 8.0}","path_term_match, route_kind_match, content_bm25",False,False,current_candidate_files_for_question,latest planner.py,high,False
test,28,3,file_a61875e51c4e6ba7,data/raw/share/share/共有ドライブ/プロジェクト/医療法人社団 蒼樹会 みなみ野女性医療センター/05.会議/会議録/会議録_2025-04-03.pdf,医療法人社団 蒼樹会 みなみ野女性医療センター,.pdf,meeting,11.5,"{""path_term_match"": 2.0, ""route_kind_match"": 1.5, ""content_bm25"": 8.0}","path_term_match, route_kind_match, content_bm25",False,False,current_candidate_files_for_question,latest planner.py,high,False
test,28,4,file_197352b337f4cbc8,data/raw/share/share/共有ドライブ/プロジェクト/医療法人社団 蒼樹会 みなみ野女性医療センター/05.会議/会議録/会議録_2025-04-24.pdf,医療法人社団 蒼樹会 みなみ野女性医療センター,.pdf,meeting,11.5,"{""path_term_match"": 2.0, ""route_kind_match"": 1.5, ""content_bm25"": 8.0}","path_term_match, route_kind_match, content_bm25",False,False,current_candidate_files_for_question,latest planner.py,high,False
test,28,5,file_ed8004a9eff370bd,data/raw/share/share/共有ドライブ/プロジェクト/医療法人社団 蒼樹会 みなみ野女性医療センター/05.会議/会議録/会議録_2025-05-15.pdf,医療法人社団 蒼樹会 みなみ野女性医療センター,.pdf,meeting,11.5,"{""path_term_match"": 2.0, ""route_kind_match"": 1.5, ""content_bm25"": 8.0}","path_term_match, route_kind_match, content_bm25",False,False,current_candidate_files_for_question,latest planner.py,high,False
test,28,6,file_089d47a29a455478,data/raw/share/share/共有ドライブ/プロジェクト/医療法人社団 蒼樹会 みなみ野女性医療センター/05.会議/報告資料/報告資料_2025-04-03.pdf,医療法人社団 蒼樹会 みなみ野女性医療センター,.pdf,meeting,11.5,"{""path_term_match"": 2.0, ""route_kind_match"": 1.5, ""content_bm25"": 8.0}","path_term_match, route_kind_match, content_bm25",False,False,current_candidate_files_for_question,latest planner.py,high,False
test,28,7,file_552963ebf5a72c62,data/raw/share/share/共有ドライブ/プロジェクト/医療法人社団 蒼樹会 みなみ野女性医療センター/05.会議/報告資料/報告資料_2025-04-24.pdf,医療法人社団 蒼樹会 みなみ野女性医療センター,.pdf,meeting,11.5,"{""path_term_match"": 2.0, ""route_kind_match"": 1.5, ""content_bm25"": 8.0}","path_term_match, route_kind_match, content_bm25",False,False,current_candidate_files_for_question,latest planner.py,high,False
test,28,8,file_20fad7ef35777636,data/raw/share/share/共有ドライブ/プロジェクト/医療法人社団 蒼樹会 みなみ野女性医療センター/06.報告書/医療法人社団 蒼樹会 みなみ野女性医療センター_最終報告.pdf,医療法人社団 蒼樹会 みなみ野女性医療センター,.pdf,report,11.5,"{""path_term_match"": 2.0, ""route_kind_match"": 1.5, ""content_bm25"": 8.0}","path_term_match, route_kind_match, content_bm25",False,False,current_candidate_files_for_question,latest planner.py,high,False
test,28,9,file_45d248a37508b209,data/raw/share/share/共有ドライブ/プロジェクト/医療法人社団 蒼泉会 ひがし丘総合病院/06.報告書/医療法人社団 蒼泉会 ひがし丘総合病院_最終報告.pdf,医療法人社団 蒼泉会 ひがし丘総合病院,.pdf,report,10.5863,"{""path_term_match"": 2.0, ""route_kind_match"": 1.5, ""content_bm25"": 7.086292277692847}","path_term_match, route_kind_match, content_bm25",False,False,current_candidate_files_for_question,latest planner.py,high,False
test,28,10,file_3214e231bd5034de,data/raw/share/share/共有ドライブ/プロジェクト/医療法人社団 恒一会 かえで総合病院/05.会議/報告資料/報告資料_2025-09-16.docx,医療法人社団 恒一会 かえで総合病院,.docx,meeting,10.5288,"{""path_term_match"": 2.0, ""route_kind_match"": 1.5, ""content_bm25"": 7.028806859274899}","path_term_match, route_kind_match, content_bm25",False,False,current_candidate_files_for_question,latest planner.py,high,False
test,29,1,file_6bae87759176c513,data/raw/share/share/共有ドライブ/プロジェクト/医療法人社団 恒一会 かえで総合病院/03.データ/train.xlsx,医療法人社団 恒一会 かえで総合病院,.xlsx,data,16.7768,"{""path_term_match"": 2.0, ""required_file_type_match"": 3.0, ""route_kind_match"": 3.0, ""identifier_path_match"": 2.0, ""content_bm25"": 6.776838725109214}","path_term_match, required_file_type_match, route_kind_match, identifier_path_match, content_bm25",False,False,current_candidate_files_for_question,latest planner.py,high,False
test,29,2,file_4fe0dd886c669e57,data/raw/share/share/共有ドライブ/プロジェクト/医療法人社団 恒一会 かえで総合病院/03.データ/train.csv,医療法人社団 恒一会 かえで総合病院,.csv,data,11.8155,"{""path_term_match"": 2.0, ""required_file_type_match"": 3.0, ""route_kind_match"": 3.0, ""identifier_path_match"": 2.0, ""content_bm25"": 1.8155497324698149}","path_term_match, required_file_type_match, route_kind_match, identifier_path_match, content_bm25",False,False,current_candidate_files_for_question,latest planner.py,high,False
test,29,3,file_7adc687e255c7e58,data/raw/share/share/共有ドライブ/プロジェクト/医療法人社団 恒一会 かえで総合病院/04.分析/analysis_project/data/train.csv,医療法人社団 恒一会 かえで総合病院,.csv,data,11.8138,"{""path_term_match"": 2.0, ""required_file_type_match"": 3.0, ""route_kind_match"": 3.0, ""identifier_path_match"": 2.0, ""content_bm25"": 1.813822684822701}","path_term_match, required_file_type_match, route_kind_match, identifier_path_match, content_bm25",False,False,current_candidate_files_for_question,latest planner.py,high,False
test,29,4,file_21fab58c1f410821,data/raw/share/share/共有ドライブ/プロジェクト/京橋信用ソリューションズ株式会社/02.計画/スケジュール.xlsx,京橋信用ソリューションズ株式会社,.xlsx,schedule,10.0,"{""path_term_match"": 2.0, ""required_file_type_match"": 3.0, ""route_kind_match"": 3.0, ""identifier_path_match"": 2.0}","path_term_match, required_file_type_match, route_kind_match, identifier_path_match",False,False,current_candidate_files_for_question,latest planner.py,high,False
test,29,5,file_8fd0e20487420b74,data/raw/share/share/共有ドライブ/プロジェクト/京橋信用ソリューションズ株式会社/03.データ/train.csv,京橋信用ソリューションズ株式会社,.csv,data,10.0,"{""path_term_match"": 2.0, ""required_file_type_match"": 3.0, ""route_kind_match"": 3.0, ""identifier_path_match"": 2.0}","path_term_match, required_file_type_match, route_kind_match, identifier_path_match",False,False,current_candidate_files_for_question,latest planner.py,high,False
test,29,6,file_d5e7d14b53826dc9,data/raw/share/share/共有ドライブ/プロジェクト/京橋信用ソリューションズ株式会社/04.分析/analysis_project/data/train.csv,京橋信用ソリューションズ株式会社,.csv,data,10.0,"{""path_term_match"": 2.0, ""required_file_type_match"": 3.0, ""route_kind_match"": 3.0, ""identifier_path_match"": 2.0}","path_term_match, required_file_type_match, route_kind_match, identifier_path_match",False,False,current_candidate_files_for_question,latest planner.py,high,False
test,29,7,file_d72ac8163b01ef72,data/raw/share/share/共有ドライブ/プロジェクト/医療法人社団 恒一会 かえで総合病院/00.提案/提案書.pptx,医療法人社団 恒一会 かえで総合病院,.pptx,proposal,10.0,"{""path_term_match"": 2.0, ""content_bm25"": 8.0}","path_term_match, content_bm25",False,False,current_candidate_files_for_question,latest planner.py,high,False
test,29,8,file_03d92cf92666adde,data/raw/share/share/共有ドライブ/プロジェクト/医療法人社団 恒一会 かえで総合病院/02.計画/~$スケジュール.xlsx,医療法人社団 恒一会 かえで総合病院,.xlsx,schedule,10.0,"{""path_term_match"": 2.0, ""required_file_type_match"": 3.0, ""route_kind_match"": 3.0, ""identifier_path_match"": 2.0}","path_term_match, required_file_type_match, route_kind_match, identifier_path_match",False,False,current_candidate_files_for_question,latest planner.py,high,False
test,29,9,file_6aab39bed667662c,data/raw/share/share/共有ドライブ/プロジェクト/医療法人社団 恒一会 かえで総合病院/02.計画/スケジュール.xlsx,医療法人社団 恒一会 かえで総合病院,.xlsx,schedule,10.0,"{""path_term_match"": 2.0, ""required_file_type_match"": 3.0, ""route_kind_match"": 3.0, ""identifier_path_match"": 2.0}","path_term_match, required_file_type_match, route_kind_match, identifier_path_match",False,False,current_candidate_files_for_question,latest planner.py,high,False
test,29,10,file_85e62a06cafe5ae7,data/raw/share/share/共有ドライブ/プロジェクト/医療法人社団 恒一会 かえで総合病院/04.分析/analysis_project/notebooks/01_eda.ipynb,医療法人社団 恒一会 かえで総合病院,.ipynb,analysis,10.0,"{""path_term_match"": 2.0, ""content_bm25"": 8.0}","path_term_match, content_bm25",False,False,current_candidate_files_for_question,latest planner.py,high,False
test,30,1,file_624a769964f085e1,data/raw/share/share/共有ドライブ/プロジェクト/青葉与信マネジメント株式会社/03.データ/train.csv,青葉与信マネジメント株式会社,.csv,data,11.8336,"{""path_term_match"": 2.0, ""required_file_type_match"": 3.0, ""route_kind_match"": 3.0, ""content_bm25"": 3.833596041340513}","path_term_match, required_file_type_match, route_kind_match, content_bm25",True,True,current_candidate_files_for_question,latest planner.py,high,False
test,30,2,file_59d7cc694bc82bf8,data/raw/share/share/共有ドライブ/プロジェクト/青葉与信マネジメント株式会社/04.分析/analysis_project/data/train.csv,青葉与信マネジメント株式会社,.csv,data,11.7789,"{""path_term_match"": 2.0, ""required_file_type_match"": 3.0, ""route_kind_match"": 3.0, ""content_bm25"": 3.7788529073346258}","path_term_match, required_file_type_match, route_kind_match, content_bm25",False,True,current_candidate_files_for_question,latest planner.py,high,False
test,30,3,file_3d1ee2f352845e9b,data/raw/share/share/共有ドライブ/プロジェクト/青葉与信マネジメント株式会社/04.分析/analysis_project/artifacts/analysis_outputs/train_preview.csv,青葉与信マネジメント株式会社,.csv,data,11.7772,"{""path_term_match"": 2.0, ""required_file_type_match"": 3.0, ""route_kind_match"": 3.0, ""content_bm25"": 3.7771547344559404}","path_term_match, required_file_type_match, route_kind_match, content_bm25",False,True,current_candidate_files_for_question,latest planner.py,high,False
test,30,4,file_3cc4285b0cde0346,data/raw/share/share/共有ドライブ/プロジェクト/青葉与信マネジメント株式会社/03.データ/train.xlsx,青葉与信マネジメント株式会社,.xlsx,data,11.6833,"{""path_term_match"": 2.0, ""required_file_type_match"": 3.0, ""route_kind_match"": 3.0, ""content_bm25"": 3.683282308660529}","path_term_match, required_file_type_match, route_kind_match, content_bm25",False,True,current_candidate_files_for_question,latest planner.py,high,False
test,30,5,file_ef106a562ea6c4f4,data/raw/share/share/共有ドライブ/プロジェクト/株式会社青嶺不動産アセットマネジメント/00.提案/ニューヨーク不動産市場の最新動向調査.pdf,株式会社青嶺不動産アセットマネジメント,.pdf,proposal,10.0,"{""path_term_match"": 2.0, ""content_bm25"": 8.0}","path_term_match, content_bm25",False,True,current_candidate_files_for_question,latest planner.py,high,False
test,30,6,file_55b4c40fc1e8e7bc,data/raw/share/share/共有ドライブ/プロジェクト/青葉与信マネジメント株式会社/00.提案/提案書_v1.pptx,青葉与信マネジメント株式会社,.pptx,proposal,10.0,"{""path_term_match"": 2.0, ""content_bm25"": 8.0}","path_term_match, content_bm25",False,True,current_candidate_files_for_question,latest planner.py,high,False
test,30,7,file_08a9d0fb95bae44c,data/raw/share/share/共有ドライブ/プロジェクト/青葉与信マネジメント株式会社/00.提案/提案書_v2.pptx,青葉与信マネジメント株式会社,.pptx,proposal,10.0,"{""path_term_match"": 2.0, ""content_bm25"": 8.0}","path_term_match, content_bm25",False,True,current_candidate_files_for_question,latest planner.py,high,False
test,30,8,file_9969b5d674125f4c,data/raw/share/share/共有ドライブ/プロジェクト/青葉与信マネジメント株式会社/00.提案/提案書_v3.pptx,青葉与信マネジメント株式会社,.pptx,proposal,10.0,"{""path_term_match"": 2.0, ""content_bm25"": 8.0}","path_term_match, content_bm25",False,True,current_candidate_files_for_question,latest planner.py,high,False
test,30,9,file_87b6070b1b78d8f6,data/raw/share/share/共有ドライブ/プロジェクト/青葉与信マネジメント株式会社/05.会議/会議録/会議録_2025-05-27.pdf,青葉与信マネジメント株式会社,.pdf,meeting,10.0,"{""path_term_match"": 2.0, ""content_bm25"": 8.0}","path_term_match, content_bm25",False,True,current_candidate_files_for_question,latest planner.py,high,False
test,30,10,file_9988c3de981d5347,data/raw/share/share/共有ドライブ/プロジェクト/青葉与信マネジメント株式会社/06.報告書/old/青葉与信マネジメント株式会社_最終報告.pptx,青葉与信マネジメント株式会社,.pptx,report,10.0,"{""path_term_match"": 2.0, ""content_bm25"": 8.0}","path_term_match, content_bm25",False,True,current_candidate_files_for_question,latest planner.py,high,False
test,31,1,file_0305d0365eeba3e4,data/raw/share/share/共有ドライブ/プロジェクト/株式会社青嶺不動産アセットマネジメント/01.契約/契約書.docx,株式会社青嶺不動産アセットマネジメント,.docx,contract,8.6088,"{""path_term_match"": 2.0, ""content_bm25"": 6.6087792566284795}","path_term_match, content_bm25",False,False,current_candidate_files_for_question,latest planner.py,high,False
test,31,2,file_ff69eac39a150594,data/raw/share/share/共有ドライブ/社内管理/データアステル社内管理_決裁基準.md,社内管理,.md,management,8.0134,"{""path_term_match"": 2.0, ""content_bm25"": 6.013433328519225}","path_term_match, content_bm25",False,False,current_candidate_files_for_question,latest planner.py,high,False
test,31,3,file_1aff1b560a3f2e24,data/raw/share/share/共有ドライブ/プロジェクト/京橋信用ソリューションズ株式会社/00.提案/提案書_final.pptx,京橋信用ソリューションズ株式会社,.pptx,proposal,8.0,"{""content_bm25"": 8.0}",content_bm25,False,False,current_candidate_files_for_question,latest planner.py,high,False
test,31,4,file_7f6ba34feefeb01a,data/raw/share/share/共有ドライブ/プロジェクト/京橋信用ソリューションズ株式会社/00.提案/提案書_v1.pptx,京橋信用ソリューションズ株式会社,.pptx,proposal,8.0,"{""content_bm25"": 8.0}",content_bm25,False,False,current_candidate_files_for_question,latest planner.py,high,False
test,31,5,file_8fd0e20487420b74,data/raw/share/share/共有ドライブ/プロジェクト/京橋信用ソリューションズ株式会社/03.データ/train.csv,京橋信用ソリューションズ株式会社,.csv,data,8.0,"{""path_term_match"": 2.0, ""required_file_type_match"": 3.0, ""route_kind_match"": 3.0}","path_term_match, required_file_type_match, route_kind_match",False,False,current_candidate_files_for_question,latest planner.py,high,False
test,31,6,file_e0021d6b69bfbbc7,data/raw/share/share/共有ドライブ/プロジェクト/京橋信用ソリューションズ株式会社/04.分析/analysis_outputs/experiments/leaderboard.csv,京橋信用ソリューションズ株式会社,.csv,analysis,8.0,"{""path_term_match"": 2.0, ""required_file_type_match"": 3.0, ""route_kind_match"": 3.0}","path_term_match, required_file_type_match, route_kind_match",False,False,current_candidate_files_for_question,latest planner.py,high,False
test,31,7,file_d5e7d14b53826dc9,data/raw/share/share/共有ドライブ/プロジェクト/京橋信用ソリューションズ株式会社/04.分析/analysis_project/data/train.csv,京橋信用ソリューションズ株式会社,.csv,data,8.0,"{""path_term_match"": 2.0, ""required_file_type_match"": 3.0, ""route_kind_match"": 3.0}","path_term_match, required_file_type_match, route_kind_match",False,False,current_candidate_files_for_question,latest planner.py,high,False
test,31,8,file_4fe0dd886c669e57,data/raw/share/share/共有ドライブ/プロジェクト/医療法人社団 恒一会 かえで総合病院/03.データ/train.csv,医療法人社団 恒一会 かえで総合病院,.csv,data,8.0,"{""path_term_match"": 2.0, ""required_file_type_match"": 3.0, ""route_kind_match"": 3.0}","path_term_match, required_file_type_match, route_kind_match",False,False,current_candidate_files_for_question,latest planner.py,high,False
test,31,9,file_6bae87759176c513,data/raw/share/share/共有ドライブ/プロジェクト/医療法人社団 恒一会 かえで総合病院/03.データ/train.xlsx,医療法人社団 恒一会 かえで総合病院,.xlsx,data,8.0,"{""path_term_match"": 2.0, ""required_file_type_match"": 3.0, ""route_kind_match"": 3.0}","path_term_match, required_file_type_match, route_kind_match",False,False,current_candidate_files_for_question,latest planner.py,high,False
test,31,10,file_052e4c42d93e6822,data/raw/share/share/共有ドライブ/プロジェクト/医療法人社団 恒一会 かえで総合病院/04.分析/analysis_outputs/experiments/leaderboard.csv,医療法人社団 恒一会 かえで総合病院,.csv,analysis,8.0,"{""path_term_match"": 2.0, ""required_file_type_match"": 3.0, ""route_kind_match"": 3.0}","path_term_match, required_file_type_match, route_kind_match",False,False,current_candidate_files_for_question,latest planner.py,high,False
test,32,1,file_2b94fecbbe587f21,data/raw/share/share/共有ドライブ/プロジェクト/株式会社青嶺不動産アセットマネジメント/04.分析/analysis_project/notebooks/01_eda.ipynb,株式会社青嶺不動産アセットマネジメント,.ipynb,analysis,16.0,"{""path_term_match"": 2.0, ""required_file_type_match"": 3.0, ""route_kind_match"": 3.0, ""content_bm25"": 8.0}","path_term_match, required_file_type_match, route_kind_match, content_bm25",False,False,current_candidate_files_for_question,latest planner.py,high,False
test,32,2,file_c34375e1e8d2bc19,data/raw/share/share/共有ドライブ/プロジェクト/株式会社青嶺不動産アセットマネジメント/04.分析/analysis_project/scripts/bootstrap_env.py,株式会社青嶺不動産アセットマネジメント,.py,analysis,16.0,"{""path_term_match"": 2.0, ""required_file_type_match"": 3.0, ""route_kind_match"": 3.0, ""content_bm25"": 8.0}","path_term_match, required_file_type_match, route_kind_match, content_bm25",False,False,current_candidate_files_for_question,latest planner.py,high,False
test,32,3,file_ec32adcdcca7ba84,data/raw/share/share/共有ドライブ/プロジェクト/株式会社青嶺不動産アセットマネジメント/04.分析/analysis_project/src/common.py,株式会社青嶺不動産アセットマネジメント,.py,analysis,16.0,"{""path_term_match"": 2.0, ""required_file_type_match"": 3.0, ""route_kind_match"": 3.0, ""content_bm25"": 8.0}","path_term_match, required_file_type_match, route_kind_match, content_bm25",False,False,current_candidate_files_for_question,latest planner.py,high,False
test,32,4,file_d67af8dcbb6fcf21,data/raw/share/share/共有ドライブ/プロジェクト/株式会社青嶺不動産アセットマネジメント/04.分析/analysis_project/scripts/run_train.py,株式会社青嶺不動産アセットマネジメント,.py,data,12.7019,"{""path_term_match"": 2.0, ""required_file_type_match"": 3.0, ""route_kind_match"": 3.0, ""content_bm25"": 4.701867333610612}","path_term_match, required_file_type_match, route_kind_match, content_bm25",False,False,current_candidate_files_for_question,latest planner.py,high,False
test,32,5,file_627476ba7e4ad18c,data/raw/share/share/共有ドライブ/プロジェクト/株式会社青嶺不動産アセットマネジメント/04.分析/analysis_project/src/__init__.py,株式会社青嶺不動産アセットマネジメント,.py,analysis,12.2172,"{""path_term_match"": 2.0, ""required_file_type_match"": 3.0, ""route_kind_match"": 3.0, ""content_bm25"": 4.217166904024188}","path_term_match, required_file_type_match, route_kind_match, content_bm25",False,False,current_candidate_files_for_question,latest planner.py,high,False
test,32,6,file_b5a7eee764f2edf2,data/raw/share/share/共有ドライブ/プロジェクト/株式会社青嶺不動産アセットマネジメント/04.分析/analysis_project/src/features.py,株式会社青嶺不動産アセットマネジメント,.py,analysis,12.1587,"{""path_term_match"": 2.0, ""required_file_type_match"": 3.0, ""route_kind_match"": 3.0, ""content_bm25"": 4.158652690152045}","path_term_match, required_file_type_match, route_kind_match, content_bm25",False,False,current_candidate_files_for_question,latest planner.py,high,False
test,32,7,file_fc397c8d57c24e48,data/raw/share/share/共有ドライブ/プロジェクト/株式会社青嶺不動産アセットマネジメント/04.分析/analysis_project/src/infer.py,株式会社青嶺不動産アセットマネジメント,.py,analysis,12.149,"{""path_term_match"": 2.0, ""required_file_type_match"": 3.0, ""route_kind_match"": 3.0, ""content_bm25"": 4.148951995605507}","path_term_match, required_file_type_match, route_kind_match, content_bm25",False,False,current_candidate_files_for_question,latest planner.py,high,False
test,32,8,file_3dbffa905dc9b2b1,data/raw/share/share/共有ドライブ/プロジェクト/株式会社青嶺不動産アセットマネジメント/00.提案/old/提案書.pptx,株式会社青嶺不動産アセットマネジメント,.pptx,proposal,10.0,"{""path_term_match"": 2.0, ""content_bm25"": 8.0}","path_term_match, content_bm25",False,False,current_candidate_files_for_question,latest planner.py,high,False
test,32,9,file_ef106a562ea6c4f4,data/raw/share/share/共有ドライブ/プロジェクト/株式会社青嶺不動産アセットマネジメント/00.提案/ニューヨーク不動産市場の最新動向調査.pdf,株式会社青嶺不動産アセットマネジメント,.pdf,proposal,10.0,"{""path_term_match"": 2.0, ""content_bm25"": 8.0}","path_term_match, content_bm25",False,False,current_candidate_files_for_question,latest planner.py,high,False
test,32,10,file_831dbc2d4bc189c3,data/raw/share/share/共有ドライブ/プロジェクト/株式会社青嶺不動産アセットマネジメント/00.提案/提案書.pptx,株式会社青嶺不動産アセットマネジメント,.pptx,proposal,10.0,"{""path_term_match"": 2.0, ""content_bm25"": 8.0}","path_term_match, content_bm25",False,False,current_candidate_files_for_question,latest planner.py,high,False
test,33,1,file_d2d39140cef077b8,data/raw/share/share/共有ドライブ/プロジェクト/株式会社青潮モビリティサービス/01.契約/契約書.docx,株式会社青潮モビリティサービス,.docx,contract,17.0,"{""path_term_match"": 2.0, ""required_file_type_match"": 3.0, ""route_kind_match"": 2.0, ""identifier_path_match"": 2.0, ""content_bm25"": 8.0}","path_term_match, required_file_type_match, route_kind_match, identifier_path_match, content_bm25",False,False,current_candidate_files_for_question,latest planner.py,high,False
test,33,2,file_8fb18453764bc6db,data/raw/share/share/共有ドライブ/社内管理/社内用語集.docx,社内管理,.docx,management,16.1896,"{""path_term_match"": 2.0, ""required_file_type_match"": 3.0, ""route_kind_match"": 2.0, ""identifier_path_match"": 2.0, ""content_bm25"": 7.189602204963446}","path_term_match, required_file_type_match, route_kind_match, identifier_path_match, content_bm25",False,False,current_candidate_files_for_question,latest planner.py,high,False
test,33,3,file_1b60b3b08eb2ca46,data/raw/share/share/共有ドライブ/プロジェクト/株式会社青潮モビリティサービス/05.会議/会議録/会議録_2025-07-23.docx,株式会社青潮モビリティサービス,.docx,meeting,14.92,"{""path_term_match"": 2.0, ""required_file_type_match"": 3.0, ""route_kind_match"": 2.0, ""identifier_path_match"": 2.0, ""content_bm25"": 5.919960880965001}","path_term_match, required_file_type_match, route_kind_match, identifier_path_match, content_bm25",False,False,current_candidate_files_for_question,latest planner.py,high,False
test,33,4,file_79d8609b3c2423a9,data/raw/share/share/共有ドライブ/プロジェクト/株式会社青潮モビリティサービス/05.会議/報告資料/基礎分析.docx,株式会社青潮モビリティサービス,.docx,analysis,14.5415,"{""path_term_match"": 2.0, ""required_file_type_match"": 3.0, ""route_kind_match"": 2.0, ""identifier_path_match"": 2.0, ""content_bm25"": 5.541490539198595}","path_term_match, required_file_type_match, route_kind_match, identifier_path_match, content_bm25",False,False,current_candidate_files_for_question,latest planner.py,high,False
test,33,5,file_591a79dbe934438c,data/raw/share/share/共有ドライブ/プロジェクト/株式会社青潮モビリティサービス/00.提案/提案書.pptx,株式会社青潮モビリティサービス,.pptx,proposal,14.0,"{""path_term_match"": 2.0, ""route_kind_match"": 2.0, ""identifier_path_match"": 2.0, ""content_bm25"": 8.0}","path_term_match, route_kind_match, identifier_path_match, content_bm25",False,False,current_candidate_files_for_question,latest planner.py,high,False
test,33,6,file_ef6b3d40c6cbf84f,data/raw/share/share/共有ドライブ/プロジェクト/青葉与信マネジメント株式会社/05.会議/報告資料/報告資料_2025-04-09.docx,青葉与信マネジメント株式会社,.docx,meeting,12.7415,"{""path_term_match"": 2.0, ""required_file_type_match"": 3.0, ""route_kind_match"": 2.0, ""identifier_path_match"": 2.0, ""content_bm25"": 3.7414860450462593}","path_term_match, required_file_type_match, route_kind_match, identifier_path_match, content_bm25",False,False,current_candidate_files_for_question,latest planner.py,high,False
test,33,7,file_69289dcd3ecabac0,data/raw/share/share/共有ドライブ/プロジェクト/株式会社東都人材プラットフォーム/00.提案/データサイエンティスト調査.docx,株式会社東都人材プラットフォーム,.docx,proposal,12.5797,"{""path_term_match"": 2.0, ""required_file_type_match"": 3.0, ""route_kind_match"": 2.0, ""identifier_path_match"": 2.0, ""content_bm25"": 3.579715315718275}","path_term_match, required_file_type_match, route_kind_match, identifier_path_match, content_bm25",False,False,current_candidate_files_for_question,latest planner.py,high,False
test,33,8,file_f744d2ce7a347ad2,data/raw/share/share/共有ドライブ/プロジェクト/株式会社青潮モビリティサービス/04.分析/analysis_project/notebooks/01_eda.ipynb,株式会社青潮モビリティサービス,.ipynb,analysis,12.0,"{""path_term_match"": 2.0, ""identifier_path_match"": 2.0, ""content_bm25"": 8.0}","path_term_match, identifier_path_match, content_bm25",False,False,current_candidate_files_for_question,latest planner.py,high,False
test,33,9,file_df354aa2e9d84942,data/raw/share/share/共有ドライブ/プロジェクト/株式会社青潮モビリティサービス/04.分析/analysis_project/scripts/bootstrap_env.py,株式会社青潮モビリティサービス,.py,analysis,12.0,"{""path_term_match"": 2.0, ""identifier_path_match"": 2.0, ""content_bm25"": 8.0}","path_term_match, identifier_path_match, content_bm25",False,False,current_candidate_files_for_question,latest planner.py,high,False
test,33,10,file_1cf70ef05079b6ea,data/raw/share/share/共有ドライブ/プロジェクト/株式会社青潮モビリティサービス/04.分析/analysis_project/src/common.py,株式会社青潮モビリティサービス,.py,analysis,12.0,"{""path_term_match"": 2.0, ""identifier_path_match"": 2.0, ""content_bm25"": 8.0}","path_term_match, identifier_path_match, content_bm25",False,False,current_candidate_files_for_question,latest planner.py,high,False
test,34,1,file_ef106a562ea6c4f4,data/raw/share/share/共有ドライブ/プロジェクト/株式会社青嶺不動産アセットマネジメント/00.提案/ニューヨーク不動産市場の最新動向調査.pdf,株式会社青嶺不動産アセットマネジメント,.pdf,proposal,9.5,"{""route_kind_match"": 1.5, ""content_bm25"": 8.0}","route_kind_match, content_bm25",False,False,current_candidate_files_for_question,latest planner.py,high,False
test,34,2,file_4fa8d55179bcaeab,data/raw/share/share/共有ドライブ/プロジェクト/株式会社青嶺不動産アセットマネジメント/05.会議/報告資料/報告資料_2025-08-26.pdf,株式会社青嶺不動産アセットマネジメント,.pdf,meeting,9.5,"{""route_kind_match"": 1.5, ""content_bm25"": 8.0}","route_kind_match, content_bm25",False,False,current_candidate_files_for_question,latest planner.py,high,False
test,34,3,file_e9a98b71c2781a41,data/raw/share/share/共有ドライブ/プロジェクト/白峰信用リスク評価株式会社/06.報告書/白峰信用リスク評価株式会社_最終報告.pptx,白峰信用リスク評価株式会社,.pptx,report,9.5,"{""route_kind_match"": 1.5, ""content_bm25"": 8.0}","route_kind_match, content_bm25",False,False,current_candidate_files_for_question,latest planner.py,high,False
test,34,4,file_87b6070b1b78d8f6,data/raw/share/share/共有ドライブ/プロジェクト/青葉与信マネジメント株式会社/05.会議/会議録/会議録_2025-05-27.pdf,青葉与信マネジメント株式会社,.pdf,meeting,9.5,"{""route_kind_match"": 1.5, ""content_bm25"": 8.0}","route_kind_match, content_bm25",False,False,current_candidate_files_for_question,latest planner.py,high,False
test,34,5,file_6efe2c9a4c44264a,data/raw/share/share/共有ドライブ/プロジェクト/青葉与信マネジメント株式会社/05.会議/会議録/会議録_2025-04-29.pdf,青葉与信マネジメント株式会社,.pdf,meeting,9.3317,"{""route_kind_match"": 1.5, ""content_bm25"": 7.831714704870576}","route_kind_match, content_bm25",False,False,current_candidate_files_for_question,latest planner.py,high,False
test,34,6,file_a452ac5e9344e277,data/raw/share/share/共有ドライブ/プロジェクト/株式会社青葉バイオメディカル機器/06.報告書/株式会社青葉バイオメディカル機器_最終報告.pptx,株式会社青葉バイオメディカル機器,.pptx,report,8.7904,"{""route_kind_match"": 1.5, ""content_bm25"": 7.2903586204587425}","route_kind_match, content_bm25",False,False,current_candidate_files_for_question,latest planner.py,high,False
test,34,7,file_ef6b3d40c6cbf84f,data/raw/share/share/共有ドライブ/プロジェクト/青葉与信マネジメント株式会社/05.会議/報告資料/報告資料_2025-04-09.docx,青葉与信マネジメント株式会社,.docx,meeting,8.6739,"{""route_kind_match"": 1.5, ""content_bm25"": 7.173857451282997}","route_kind_match, content_bm25",False,False,current_candidate_files_for_question,latest planner.py,high,False
test,34,8,file_d12079229f546ac0,data/raw/share/share/共有ドライブ/プロジェクト/医療法人社団 蒼泉会 ひがし丘総合病院/05.会議/会議録/会議録_2025-07-22.docx,医療法人社団 蒼泉会 ひがし丘総合病院,.docx,meeting,8.4196,"{""route_kind_match"": 1.5, ""content_bm25"": 6.919595819983668}","route_kind_match, content_bm25",False,False,current_candidate_files_for_question,latest planner.py,high,False
test,34,9,file_58533c3139b39f95,data/raw/share/share/共有ドライブ/プロジェクト/青葉与信マネジメント株式会社/05.会議/報告資料/報告資料_2025-04-29.docx,青葉与信マネジメント株式会社,.docx,meeting,8.2815,"{""route_kind_match"": 1.5, ""content_bm25"": 6.781545263962157}","route_kind_match, content_bm25",False,False,current_candidate_files_for_question,latest planner.py,high,False
test,34,10,file_c0492f5ded148f2a,data/raw/share/share/共有ドライブ/プロジェクト/株式会社青葉バイオメディカル機器/05.会議/会議録/会議録_2025-07-25.docx,株式会社青葉バイオメディカル機器,.docx,meeting,7.5287,"{""route_kind_match"": 1.5, ""content_bm25"": 6.028729786204979}","route_kind_match, content_bm25",False,False,current_candidate_files_for_question,latest planner.py,high,False
test,35,1,file_1aff1b560a3f2e24,data/raw/share/share/共有ドライブ/プロジェクト/京橋信用ソリューションズ株式会社/00.提案/提案書_final.pptx,京橋信用ソリューションズ株式会社,.pptx,proposal,16.5,"{""path_term_match"": 2.0, ""required_file_type_match"": 3.0, ""route_kind_match"": 1.5, ""identifier_path_match"": 2.0, ""content_bm25"": 8.0}","path_term_match, required_file_type_match, route_kind_match, identifier_path_match, content_bm25",False,False,current_candidate_files_for_question,latest planner.py,high,False
test,35,2,file_7f6ba34feefeb01a,data/raw/share/share/共有ドライブ/プロジェクト/京橋信用ソリューションズ株式会社/00.提案/提案書_v1.pptx,京橋信用ソリューションズ株式会社,.pptx,proposal,16.5,"{""path_term_match"": 2.0, ""required_file_type_match"": 3.0, ""route_kind_match"": 1.5, ""identifier_path_match"": 2.0, ""content_bm25"": 8.0}","path_term_match, required_file_type_match, route_kind_match, identifier_path_match, content_bm25",False,False,current_candidate_files_for_question,latest planner.py,high,False
test,35,3,file_dfcdb508120d023c,data/raw/share/share/共有ドライブ/プロジェクト/京橋信用ソリューションズ株式会社/06.報告書/京橋信用ソリューションズ株式会社_最終報告.pptx,京橋信用ソリューションズ株式会社,.pptx,report,16.5,"{""path_term_match"": 2.0, ""required_file_type_match"": 3.0, ""route_kind_match"": 1.5, ""identifier_path_match"": 2.0, ""content_bm25"": 8.0}","path_term_match, required_file_type_match, route_kind_match, identifier_path_match, content_bm25",False,False,current_candidate_files_for_question,latest planner.py,high,False
test,35,4,file_e9a98b71c2781a41,data/raw/share/share/共有ドライブ/プロジェクト/白峰信用リスク評価株式会社/06.報告書/白峰信用リスク評価株式会社_最終報告.pptx,白峰信用リスク評価株式会社,.pptx,report,16.5,"{""path_term_match"": 2.0, ""required_file_type_match"": 3.0, ""route_kind_match"": 1.5, ""identifier_path_match"": 2.0, ""content_bm25"": 8.0}","path_term_match, required_file_type_match, route_kind_match, identifier_path_match, content_bm25",False,False,current_candidate_files_for_question,latest planner.py,high,False
test,35,5,file_16c34387f25d4280,data/raw/share/share/共有ドライブ/プロジェクト/青葉与信マネジメント株式会社/06.報告書/青葉与信マネジメント株式会社_最終報告.pptx,青葉与信マネジメント株式会社,.pptx,report,16.5,"{""path_term_match"": 2.0, ""required_file_type_match"": 3.0, ""route_kind_match"": 1.5, ""identifier_path_match"": 2.0, ""content_bm25"": 8.0}","path_term_match, required_file_type_match, route_kind_match, identifier_path_match, content_bm25",False,False,current_candidate_files_for_question,latest planner.py,high,False
test,35,6,file_a452ac5e9344e277,data/raw/share/share/共有ドライブ/プロジェクト/株式会社青葉バイオメディカル機器/06.報告書/株式会社青葉バイオメディカル機器_最終報告.pptx,株式会社青葉バイオメディカル機器,.pptx,report,14.3434,"{""path_term_match"": 2.0, ""required_file_type_match"": 3.0, ""route_kind_match"": 1.5, ""identifier_path_match"": 2.0, ""content_bm25"": 5.843373211233352}","path_term_match, required_file_type_match, route_kind_match, identifier_path_match, content_bm25",False,False,current_candidate_files_for_question,latest planner.py,high,False
test,35,7,file_9988c3de981d5347,data/raw/share/share/共有ドライブ/プロジェクト/青葉与信マネジメント株式会社/06.報告書/old/青葉与信マネジメント株式会社_最終報告.pptx,青葉与信マネジメント株式会社,.pptx,report,13.5748,"{""path_term_match"": 2.0, ""required_file_type_match"": 3.0, ""route_kind_match"": 1.5, ""identifier_path_match"": 2.0, ""content_bm25"": 5.074775944675129}","path_term_match, required_file_type_match, route_kind_match, identifier_path_match, content_bm25",False,False,current_candidate_files_for_question,latest planner.py,high,False
test,35,8,file_d0e5ce038fcc828c,data/raw/share/share/共有ドライブ/プロジェクト/京橋信用ソリューションズ株式会社/05.会議/会議録/会議録_2025-10-01.pdf,京橋信用ソリューションズ株式会社,.pdf,meeting,13.5,"{""path_term_match"": 2.0, ""route_kind_match"": 1.5, ""identifier_path_match"": 2.0, ""content_bm25"": 8.0}","path_term_match, route_kind_match, identifier_path_match, content_bm25",False,False,current_candidate_files_for_question,latest planner.py,high,False
test,35,9,file_5ad86df755747585,data/raw/share/share/共有ドライブ/プロジェクト/京橋信用ソリューションズ株式会社/05.会議/会議録/会議録_2025-10-29.pdf,京橋信用ソリューションズ株式会社,.pdf,meeting,13.5,"{""path_term_match"": 2.0, ""route_kind_match"": 1.5, ""identifier_path_match"": 2.0, ""content_bm25"": 8.0}","path_term_match, route_kind_match, identifier_path_match, content_bm25",False,False,current_candidate_files_for_question,latest planner.py,high,False
test,35,10,file_cd36c2a74b87c74c,data/raw/share/share/共有ドライブ/プロジェクト/京橋信用ソリューションズ株式会社/05.会議/会議録/会議録_2025-11-11.pdf,京橋信用ソリューションズ株式会社,.pdf,meeting,13.5,"{""path_term_match"": 2.0, ""route_kind_match"": 1.5, ""identifier_path_match"": 2.0, ""content_bm25"": 8.0}","path_term_match, route_kind_match, identifier_path_match, content_bm25",False,False,current_candidate_files_for_question,latest planner.py,high,False
test,36,1,file_d72ac8163b01ef72,data/raw/share/share/共有ドライブ/プロジェクト/医療法人社団 恒一会 かえで総合病院/00.提案/提案書.pptx,医療法人社団 恒一会 かえで総合病院,.pptx,proposal,10.0,"{""path_term_match"": 2.0, ""content_bm25"": 8.0}","path_term_match, content_bm25",False,False,current_candidate_files_for_question,latest planner.py,high,False
test,36,2,file_cc8e97e3d637960f,data/raw/share/share/共有ドライブ/プロジェクト/医療法人社団 恒一会 かえで総合病院/06.報告書/医療法人社団 恒一会 かえで総合病院_最終報告.pptx,医療法人社団 恒一会 かえで総合病院,.pptx,report,10.0,"{""path_term_match"": 2.0, ""content_bm25"": 8.0}","path_term_match, content_bm25",False,False,current_candidate_files_for_question,latest planner.py,high,False
test,36,3,file_c2047ca2e1b6baa2,data/raw/share/share/共有ドライブ/プロジェクト/医療法人社団 恒一会 かえで総合病院/06.報告書/医療法人社団 恒一会 かえで総合病院_最終報告_old.pptx,医療法人社団 恒一会 かえで総合病院,.pptx,report,10.0,"{""path_term_match"": 2.0, ""content_bm25"": 8.0}","path_term_match, content_bm25",False,False,current_candidate_files_for_question,latest planner.py,high,False
test,36,4,file_45d248a37508b209,data/raw/share/share/共有ドライブ/プロジェクト/医療法人社団 蒼泉会 ひがし丘総合病院/06.報告書/医療法人社団 蒼泉会 ひがし丘総合病院_最終報告.pdf,医療法人社団 蒼泉会 ひがし丘総合病院,.pdf,report,10.0,"{""path_term_match"": 2.0, ""content_bm25"": 8.0}","path_term_match, content_bm25",False,False,current_candidate_files_for_question,latest planner.py,high,False
test,36,5,file_03d92cf92666adde,data/raw/share/share/共有ドライブ/プロジェクト/医療法人社団 恒一会 かえで総合病院/02.計画/~$スケジュール.xlsx,医療法人社団 恒一会 かえで総合病院,.xlsx,schedule,8.0,"{""path_term_match"": 2.0, ""required_file_type_match"": 3.0, ""route_kind_match"": 3.0}","path_term_match, required_file_type_match, route_kind_match",False,False,current_candidate_files_for_question,latest planner.py,high,False
test,36,6,file_6aab39bed667662c,data/raw/share/share/共有ドライブ/プロジェクト/医療法人社団 恒一会 かえで総合病院/02.計画/スケジュール.xlsx,医療法人社団 恒一会 かえで総合病院,.xlsx,schedule,8.0,"{""path_term_match"": 2.0, ""required_file_type_match"": 3.0, ""route_kind_match"": 3.0}","path_term_match, required_file_type_match, route_kind_match",False,False,current_candidate_files_for_question,latest planner.py,high,False
test,36,7,file_4fe0dd886c669e57,data/raw/share/share/共有ドライブ/プロジェクト/医療法人社団 恒一会 かえで総合病院/03.データ/train.csv,医療法人社団 恒一会 かえで総合病院,.csv,data,8.0,"{""path_term_match"": 2.0, ""required_file_type_match"": 3.0, ""route_kind_match"": 3.0}","path_term_match, required_file_type_match, route_kind_match",False,False,current_candidate_files_for_question,latest planner.py,high,False
test,36,8,file_6bae87759176c513,data/raw/share/share/共有ドライブ/プロジェクト/医療法人社団 恒一会 かえで総合病院/03.データ/train.xlsx,医療法人社団 恒一会 かえで総合病院,.xlsx,data,8.0,"{""path_term_match"": 2.0, ""required_file_type_match"": 3.0, ""route_kind_match"": 3.0}","path_term_match, required_file_type_match, route_kind_match",False,False,current_candidate_files_for_question,latest planner.py,high,False
test,36,9,file_052e4c42d93e6822,data/raw/share/share/共有ドライブ/プロジェクト/医療法人社団 恒一会 かえで総合病院/04.分析/analysis_outputs/experiments/leaderboard.csv,医療法人社団 恒一会 かえで総合病院,.csv,analysis,8.0,"{""path_term_match"": 2.0, ""required_file_type_match"": 3.0, ""route_kind_match"": 3.0}","path_term_match, required_file_type_match, route_kind_match",False,False,current_candidate_files_for_question,latest planner.py,high,False
test,36,10,file_7adc687e255c7e58,data/raw/share/share/共有ドライブ/プロジェクト/医療法人社団 恒一会 かえで総合病院/04.分析/analysis_project/data/train.csv,医療法人社団 恒一会 かえで総合病院,.csv,data,8.0,"{""path_term_match"": 2.0, ""required_file_type_match"": 3.0, ""route_kind_match"": 3.0}","path_term_match, required_file_type_match, route_kind_match",False,False,current_candidate_files_for_question,latest planner.py,high,False
test,37,1,file_ef106a562ea6c4f4,data/raw/share/share/共有ドライブ/プロジェクト/株式会社青嶺不動産アセットマネジメント/00.提案/ニューヨーク不動産市場の最新動向調査.pdf,株式会社青嶺不動産アセットマネジメント,.pdf,proposal,8.0,"{""content_bm25"": 8.0}",content_bm25,False,False,current_candidate_files_for_question,latest planner.py,high,False
test,37,2,file_4d734b2c30ad41ee,data/raw/share/share/共有ドライブ/プロジェクト/株式会社青嶺不動産アセットマネジメント/05.会議/報告資料/報告資料_2025-08-06.pdf,株式会社青嶺不動産アセットマネジメント,.pdf,meeting,8.0,"{""content_bm25"": 8.0}",content_bm25,False,False,current_candidate_files_for_question,latest planner.py,high,False
test,37,3,file_8e7f976c6bf62fb6,data/raw/share/share/共有ドライブ/プロジェクト/株式会社東都人材プラットフォーム/00.提案/提案書.pptx,株式会社東都人材プラットフォーム,.pptx,proposal,7.0134,"{""content_bm25"": 7.013358607770819}",content_bm25,False,False,current_candidate_files_for_question,latest planner.py,high,False
test,37,4,file_d72ac8163b01ef72,data/raw/share/share/共有ドライブ/プロジェクト/医療法人社団 恒一会 かえで総合病院/00.提案/提案書.pptx,医療法人社団 恒一会 かえで総合病院,.pptx,proposal,6.4003,"{""content_bm25"": 6.40031494284723}",content_bm25,False,False,current_candidate_files_for_question,latest planner.py,high,False
test,37,5,file_831dbc2d4bc189c3,data/raw/share/share/共有ドライブ/プロジェクト/株式会社青嶺不動産アセットマネジメント/00.提案/提案書.pptx,株式会社青嶺不動産アセットマネジメント,.pptx,proposal,6.2855,"{""content_bm25"": 6.285526682157625}",content_bm25,False,False,current_candidate_files_for_question,latest planner.py,high,False
test,37,6,file_3dbffa905dc9b2b1,data/raw/share/share/共有ドライブ/プロジェクト/株式会社青嶺不動産アセットマネジメント/00.提案/old/提案書.pptx,株式会社青嶺不動産アセットマネジメント,.pptx,proposal,6.2764,"{""content_bm25"": 6.276412638663387}",content_bm25,False,False,current_candidate_files_for_question,latest planner.py,high,False
test,37,7,file_21fab58c1f410821,data/raw/share/share/共有ドライブ/プロジェクト/京橋信用ソリューションズ株式会社/02.計画/スケジュール.xlsx,京橋信用ソリューションズ株式会社,.xlsx,schedule,6.0,"{""required_file_type_match"": 3.0, ""route_kind_match"": 3.0}","required_file_type_match, route_kind_match",False,False,current_candidate_files_for_question,latest planner.py,high,False
test,37,8,file_8fd0e20487420b74,data/raw/share/share/共有ドライブ/プロジェクト/京橋信用ソリューションズ株式会社/03.データ/train.csv,京橋信用ソリューションズ株式会社,.csv,data,6.0,"{""required_file_type_match"": 3.0, ""route_kind_match"": 3.0}","required_file_type_match, route_kind_match",False,False,current_candidate_files_for_question,latest planner.py,high,False
test,37,9,file_e0021d6b69bfbbc7,data/raw/share/share/共有ドライブ/プロジェクト/京橋信用ソリューションズ株式会社/04.分析/analysis_outputs/experiments/leaderboard.csv,京橋信用ソリューションズ株式会社,.csv,analysis,6.0,"{""required_file_type_match"": 3.0, ""route_kind_match"": 3.0}","required_file_type_match, route_kind_match",False,False,current_candidate_files_for_question,latest planner.py,high,False
test,37,10,file_d5e7d14b53826dc9,data/raw/share/share/共有ドライブ/プロジェクト/京橋信用ソリューションズ株式会社/04.分析/analysis_project/data/train.csv,京橋信用ソリューションズ株式会社,.csv,data,6.0,"{""required_file_type_match"": 3.0, ""route_kind_match"": 3.0}","required_file_type_match, route_kind_match",False,False,current_candidate_files_for_question,latest planner.py,high,False
test,38,1,file_8fb18453764bc6db,data/raw/share/share/共有ドライブ/社内管理/社内用語集.docx,社内管理,.docx,management,10.0,"{""path_term_match"": 2.0, ""content_bm25"": 8.0}","path_term_match, content_bm25",False,False,current_candidate_files_for_question,latest planner.py,high,False
test,38,2,file_ff69eac39a150594,data/raw/share/share/共有ドライブ/社内管理/データアステル社内管理_決裁基準.md,社内管理,.md,management,8.6144,"{""path_term_match"": 2.0, ""content_bm25"": 6.614380638470978}","path_term_match, content_bm25",False,False,current_candidate_files_for_question,latest planner.py,high,False
test,38,3,file_cc8e97e3d637960f,data/raw/share/share/共有ドライブ/プロジェクト/医療法人社団 恒一会 かえで総合病院/06.報告書/医療法人社団 恒一会 かえで総合病院_最終報告.pptx,医療法人社団 恒一会 かえで総合病院,.pptx,report,8.0,"{""content_bm25"": 8.0}",content_bm25,False,False,current_candidate_files_for_question,latest planner.py,high,False
test,38,4,file_c2047ca2e1b6baa2,data/raw/share/share/共有ドライブ/プロジェクト/医療法人社団 恒一会 かえで総合病院/06.報告書/医療法人社団 恒一会 かえで総合病院_最終報告_old.pptx,医療法人社団 恒一会 かえで総合病院,.pptx,report,8.0,"{""content_bm25"": 8.0}",content_bm25,False,False,current_candidate_files_for_question,latest planner.py,high,False
test,38,5,file_e1689b021af39776,data/raw/share/share/共有ドライブ/社内管理/データアステル社内規定_パスワード導出規則.docx,社内管理,.docx,management,7.1135,"{""path_term_match"": 2.0, ""content_bm25"": 5.113539378124129}","path_term_match, content_bm25",False,False,current_candidate_files_for_question,latest planner.py,high,False
test,38,6,file_e7f13ee43ffadf3e,data/raw/share/share/共有ドライブ/プロジェクト/白峰信用リスク評価株式会社/00.提案/提案書.pptx,白峰信用リスク評価株式会社,.pptx,proposal,7.0726,"{""content_bm25"": 7.07258749446767}",content_bm25,False,False,current_candidate_files_for_question,latest planner.py,high,False
test,38,7,file_d9ecf52ef8521859,data/raw/share/share/共有ドライブ/プロジェクト/白峰信用リスク評価株式会社/00.提案/提案書old.pptx,白峰信用リスク評価株式会社,.pptx,proposal,7.0632,"{""content_bm25"": 7.063182646778072}",content_bm25,False,False,current_candidate_files_for_question,latest planner.py,high,False
test,38,8,file_21fab58c1f410821,data/raw/share/share/共有ドライブ/プロジェクト/京橋信用ソリューションズ株式会社/02.計画/スケジュール.xlsx,京橋信用ソリューションズ株式会社,.xlsx,schedule,6.0,"{""required_file_type_match"": 3.0, ""route_kind_match"": 3.0}","required_file_type_match, route_kind_match",False,False,current_candidate_files_for_question,latest planner.py,high,False
test,38,9,file_8fd0e20487420b74,data/raw/share/share/共有ドライブ/プロジェクト/京橋信用ソリューションズ株式会社/03.データ/train.csv,京橋信用ソリューションズ株式会社,.csv,data,6.0,"{""required_file_type_match"": 3.0, ""route_kind_match"": 3.0}","required_file_type_match, route_kind_match",False,False,current_candidate_files_for_question,latest planner.py,high,False
test,38,10,file_e0021d6b69bfbbc7,data/raw/share/share/共有ドライブ/プロジェクト/京橋信用ソリューションズ株式会社/04.分析/analysis_outputs/experiments/leaderboard.csv,京橋信用ソリューションズ株式会社,.csv,analysis,6.0,"{""required_file_type_match"": 3.0, ""route_kind_match"": 3.0}","required_file_type_match, route_kind_match",False,False,current_candidate_files_for_question,latest planner.py,high,False
test,39,1,file_ab51c6cb524e224f,data/raw/share/share/共有ドライブ/プロジェクト/株式会社青潮モビリティサービス/02.計画/スケジュール.xlsx,株式会社青潮モビリティサービス,.xlsx,schedule,16.1594,"{""path_term_match"": 2.0, ""required_file_type_match"": 3.0, ""route_kind_match"": 3.0, ""identifier_path_match"": 2.0, ""content_bm25"": 6.159366292587735}","path_term_match, required_file_type_match, route_kind_match, identifier_path_match, content_bm25",False,True,current_candidate_files_for_question,latest planner.py,high,False
test,39,2,file_c7097dc9da97e8ad,data/raw/share/share/共有ドライブ/プロジェクト/株式会社青潮モビリティサービス/03.データ/train.xlsx,株式会社青潮モビリティサービス,.xlsx,data,15.0052,"{""path_term_match"": 2.0, ""required_file_type_match"": 3.0, ""route_kind_match"": 3.0, ""identifier_path_match"": 2.0, ""content_bm25"": 5.005206332390751}","path_term_match, required_file_type_match, route_kind_match, identifier_path_match, content_bm25",True,True,current_candidate_files_for_question,latest planner.py,high,False
test,39,3,file_591a79dbe934438c,data/raw/share/share/共有ドライブ/プロジェクト/株式会社青潮モビリティサービス/00.提案/提案書.pptx,株式会社青潮モビリティサービス,.pptx,proposal,12.0,"{""path_term_match"": 2.0, ""route_kind_match"": 2.0, ""content_bm25"": 8.0}","path_term_match, route_kind_match, content_bm25",False,True,current_candidate_files_for_question,latest planner.py,high,False
test,39,4,file_ddd2179f59b2b09d,data/raw/share/share/共有ドライブ/プロジェクト/株式会社青潮モビリティサービス/06.報告書/株式会社青潮モビリティサービス_最終報告.pdf,株式会社青潮モビリティサービス,.pdf,report,12.0,"{""path_term_match"": 2.0, ""route_kind_match"": 2.0, ""content_bm25"": 8.0}","path_term_match, route_kind_match, content_bm25",False,True,current_candidate_files_for_question,latest planner.py,high,False
test,39,5,file_d2d39140cef077b8,data/raw/share/share/共有ドライブ/プロジェクト/株式会社青潮モビリティサービス/01.契約/契約書.docx,株式会社青潮モビリティサービス,.docx,contract,11.2656,"{""path_term_match"": 2.0, ""route_kind_match"": 2.0, ""content_bm25"": 7.2656432634995625}","path_term_match, route_kind_match, content_bm25",False,True,current_candidate_files_for_question,latest planner.py,high,False
test,39,6,file_21fab58c1f410821,data/raw/share/share/共有ドライブ/プロジェクト/京橋信用ソリューションズ株式会社/02.計画/スケジュール.xlsx,京橋信用ソリューションズ株式会社,.xlsx,schedule,10.0,"{""path_term_match"": 2.0, ""required_file_type_match"": 3.0, ""route_kind_match"": 3.0, ""identifier_path_match"": 2.0}","path_term_match, required_file_type_match, route_kind_match, identifier_path_match",False,True,current_candidate_files_for_question,latest planner.py,high,False
test,39,7,file_8fd0e20487420b74,data/raw/share/share/共有ドライブ/プロジェクト/京橋信用ソリューションズ株式会社/03.データ/train.csv,京橋信用ソリューションズ株式会社,.csv,data,10.0,"{""path_term_match"": 2.0, ""required_file_type_match"": 3.0, ""route_kind_match"": 3.0, ""identifier_path_match"": 2.0}","path_term_match, required_file_type_match, route_kind_match, identifier_path_match",False,True,current_candidate_files_for_question,latest planner.py,high,False
test,39,8,file_d5e7d14b53826dc9,data/raw/share/share/共有ドライブ/プロジェクト/京橋信用ソリューションズ株式会社/04.分析/analysis_project/data/train.csv,京橋信用ソリューションズ株式会社,.csv,data,10.0,"{""path_term_match"": 2.0, ""required_file_type_match"": 3.0, ""route_kind_match"": 3.0, ""identifier_path_match"": 2.0}","path_term_match, required_file_type_match, route_kind_match, identifier_path_match",False,True,current_candidate_files_for_question,latest planner.py,high,False
test,39,9,file_03d92cf92666adde,data/raw/share/share/共有ドライブ/プロジェクト/医療法人社団 恒一会 かえで総合病院/02.計画/~$スケジュール.xlsx,医療法人社団 恒一会 かえで総合病院,.xlsx,schedule,10.0,"{""path_term_match"": 2.0, ""required_file_type_match"": 3.0, ""route_kind_match"": 3.0, ""identifier_path_match"": 2.0}","path_term_match, required_file_type_match, route_kind_match, identifier_path_match",False,True,current_candidate_files_for_question,latest planner.py,high,False
test,39,10,file_6aab39bed667662c,data/raw/share/share/共有ドライブ/プロジェクト/医療法人社団 恒一会 かえで総合病院/02.計画/スケジュール.xlsx,医療法人社団 恒一会 かえで総合病院,.xlsx,schedule,10.0,"{""path_term_match"": 2.0, ""required_file_type_match"": 3.0, ""route_kind_match"": 3.0, ""identifier_path_match"": 2.0}","path_term_match, required_file_type_match, route_kind_match, identifier_path_match",False,True,current_candidate_files_for_question,latest planner.py,high,False
test,40,1,file_ef106a562ea6c4f4,data/raw/share/share/共有ドライブ/プロジェクト/株式会社青嶺不動産アセットマネジメント/00.提案/ニューヨーク不動産市場の最新動向調査.pdf,株式会社青嶺不動産アセットマネジメント,.pdf,proposal,9.5,"{""route_kind_match"": 1.5, ""content_bm25"": 8.0}","route_kind_match, content_bm25",False,True,current_candidate_files_for_question,latest planner.py,high,False
test,40,2,file_6efe2c9a4c44264a,data/raw/share/share/共有ドライブ/プロジェクト/青葉与信マネジメント株式会社/05.会議/会議録/会議録_2025-04-29.pdf,青葉与信マネジメント株式会社,.pdf,meeting,7.3897,"{""route_kind_match"": 1.5, ""content_bm25"": 5.889725721307558}","route_kind_match, content_bm25",False,True,current_candidate_files_for_question,latest planner.py,high,False
test,40,3,file_8e7f976c6bf62fb6,data/raw/share/share/共有ドライブ/プロジェクト/株式会社東都人材プラットフォーム/00.提案/提案書.pptx,株式会社東都人材プラットフォーム,.pptx,proposal,7.2758,"{""route_kind_match"": 1.5, ""content_bm25"": 5.775755803633579}","route_kind_match, content_bm25",False,True,current_candidate_files_for_question,latest planner.py,high,False
test,40,4,file_e9a98b71c2781a41,data/raw/share/share/共有ドライブ/プロジェクト/白峰信用リスク評価株式会社/06.報告書/白峰信用リスク評価株式会社_最終報告.pptx,白峰信用リスク評価株式会社,.pptx,report,6.8992,"{""route_kind_match"": 1.5, ""content_bm25"": 5.399201424620148}","route_kind_match, content_bm25",False,True,current_candidate_files_for_question,latest planner.py,high,False
test,40,5,file_d72ac8163b01ef72,data/raw/share/share/共有ドライブ/プロジェクト/医療法人社団 恒一会 かえで総合病院/00.提案/提案書.pptx,医療法人社団 恒一会 かえで総合病院,.pptx,proposal,6.6651,"{""route_kind_match"": 1.5, ""content_bm25"": 5.165133795270593}","route_kind_match, content_bm25",False,True,current_candidate_files_for_question,latest planner.py,high,False
test,40,6,file_d12079229f546ac0,data/raw/share/share/共有ドライブ/プロジェクト/医療法人社団 蒼泉会 ひがし丘総合病院/05.会議/会議録/会議録_2025-07-22.docx,医療法人社団 蒼泉会 ひがし丘総合病院,.docx,meeting,6.615,"{""route_kind_match"": 1.5, ""content_bm25"": 5.114953370311439}","route_kind_match, content_bm25",False,True,current_candidate_files_for_question,latest planner.py,high,False
test,40,7,file_4fa8d55179bcaeab,data/raw/share/share/共有ドライブ/プロジェクト/株式会社青嶺不動産アセットマネジメント/05.会議/報告資料/報告資料_2025-08-26.pdf,株式会社青嶺不動産アセットマネジメント,.pdf,meeting,6.5636,"{""route_kind_match"": 1.5, ""content_bm25"": 5.063591781545113}","route_kind_match, content_bm25",False,True,current_candidate_files_for_question,latest planner.py,high,False
test,40,8,file_cc8e97e3d637960f,data/raw/share/share/共有ドライブ/プロジェクト/医療法人社団 恒一会 かえで総合病院/06.報告書/医療法人社団 恒一会 かえで総合病院_最終報告.pptx,医療法人社団 恒一会 かえで総合病院,.pptx,report,6.4808,"{""route_kind_match"": 1.5, ""content_bm25"": 4.980845480517007}","route_kind_match, content_bm25",False,True,current_candidate_files_for_question,latest planner.py,high,False
test,40,9,file_c2047ca2e1b6baa2,data/raw/share/share/共有ドライブ/プロジェクト/医療法人社団 恒一会 かえで総合病院/06.報告書/医療法人社団 恒一会 かえで総合病院_最終報告_old.pptx,医療法人社団 恒一会 かえで総合病院,.pptx,report,6.4747,"{""route_kind_match"": 1.5, ""content_bm25"": 4.974732369471514}","route_kind_match, content_bm25",False,True,current_candidate_files_for_question,latest planner.py,high,False
test,40,10,file_be3974a03a5ef2fe,data/raw/share/share/共有ドライブ/プロジェクト/医療法人社団 蒼泉会 ひがし丘総合病院/05.会議/会議録/会議録_2025-08-05.docx,医療法人社団 蒼泉会 ひがし丘総合病院,.docx,meeting,6.3805,"{""route_kind_match"": 1.5, ""content_bm25"": 4.880507076450748}","route_kind_match, content_bm25",False,True,current_candidate_files_for_question,latest planner.py,high,False
test,41,1,file_ef106a562ea6c4f4,data/raw/share/share/共有ドライブ/プロジェクト/株式会社青嶺不動産アセットマネジメント/00.提案/ニューヨーク不動産市場の最新動向調査.pdf,株式会社青嶺不動産アセットマネジメント,.pdf,proposal,8.0,"{""content_bm25"": 8.0}",content_bm25,False,True,current_candidate_files_for_question,latest planner.py,high,False
test,41,2,file_e9a98b71c2781a41,data/raw/share/share/共有ドライブ/プロジェクト/白峰信用リスク評価株式会社/06.報告書/白峰信用リスク評価株式会社_最終報告.pptx,白峰信用リスク評価株式会社,.pptx,report,6.8408,"{""path_term_match"": 2.0, ""content_bm25"": 4.840819547669445}","path_term_match, content_bm25",False,True,current_candidate_files_for_question,latest planner.py,high,False
test,41,3,file_d72ac8163b01ef72,data/raw/share/share/共有ドライブ/プロジェクト/医療法人社団 恒一会 かえで総合病院/00.提案/提案書.pptx,医療法人社団 恒一会 かえで総合病院,.pptx,proposal,5.4707,"{""content_bm25"": 5.470742161479562}",content_bm25,False,True,current_candidate_files_for_question,latest planner.py,high,False
test,41,4,file_4fa8d55179bcaeab,data/raw/share/share/共有ドライブ/プロジェクト/株式会社青嶺不動産アセットマネジメント/05.会議/報告資料/報告資料_2025-08-26.pdf,株式会社青嶺不動産アセットマネジメント,.pdf,meeting,5.2214,"{""content_bm25"": 5.221394693355163}",content_bm25,False,True,current_candidate_files_for_question,latest planner.py,high,False
test,41,5,file_1d5d4212321e2b00,data/raw/share/share/共有ドライブ/プロジェクト/白峰信用リスク評価株式会社/02.計画/スケジュール.xlsx,白峰信用リスク評価株式会社,.xlsx,schedule,5.0,"{""path_term_match"": 2.0, ""route_kind_match"": 3.0}","path_term_match, route_kind_match",False,True,current_candidate_files_for_question,latest planner.py,high,False
test,41,6,file_db0f2c6db06d4086,data/raw/share/share/共有ドライブ/プロジェクト/白峰信用リスク評価株式会社/03.データ/train.csv,白峰信用リスク評価株式会社,.csv,data,5.0,"{""path_term_match"": 2.0, ""route_kind_match"": 3.0}","path_term_match, route_kind_match",False,True,current_candidate_files_for_question,latest planner.py,high,False
test,41,7,file_5985fe68eddc3d11,data/raw/share/share/共有ドライブ/プロジェクト/白峰信用リスク評価株式会社/03.データ/train.xlsx,白峰信用リスク評価株式会社,.xlsx,data,5.0,"{""path_term_match"": 2.0, ""route_kind_match"": 3.0}","path_term_match, route_kind_match",False,True,current_candidate_files_for_question,latest planner.py,high,False
test,41,8,file_ff3b6cc2475b0590,data/raw/share/share/共有ドライブ/プロジェクト/白峰信用リスク評価株式会社/04.分析/analysis_outputs/experiments/leaderboard.csv,白峰信用リスク評価株式会社,.csv,analysis,5.0,"{""path_term_match"": 2.0, ""route_kind_match"": 3.0}","path_term_match, route_kind_match",False,True,current_candidate_files_for_question,latest planner.py,high,False
test,41,9,file_d67c7626c3f3fbd7,data/raw/share/share/共有ドライブ/プロジェクト/白峰信用リスク評価株式会社/04.分析/analysis_project/data/train.csv,白峰信用リスク評価株式会社,.csv,data,5.0,"{""path_term_match"": 2.0, ""route_kind_match"": 3.0}","path_term_match, route_kind_match",False,True,current_candidate_files_for_question,latest planner.py,high,False
test,41,10,file_2465be5a64bf814b,data/raw/share/share/共有ドライブ/プロジェクト/株式会社青葉バイオメディカル機器/02.計画/スケジュール.xlsx,株式会社青葉バイオメディカル機器,.xlsx,schedule,4.6113,"{""route_kind_match"": 3.0, ""content_bm25"": 1.6112862963529826}","route_kind_match, content_bm25",True,True,current_candidate_files_for_question,latest planner.py,high,False
test,42,1,file_d72ac8163b01ef72,data/raw/share/share/共有ドライブ/プロジェクト/医療法人社団 恒一会 かえで総合病院/00.提案/提案書.pptx,医療法人社団 恒一会 かえで総合病院,.pptx,proposal,15.5,"{""path_term_match"": 2.0, ""required_file_type_match"": 3.0, ""route_kind_match"": 2.5, ""content_bm25"": 8.0}","path_term_match, required_file_type_match, route_kind_match, content_bm25",False,False,current_candidate_files_for_question,latest planner.py,high,False
test,42,2,file_cc8e97e3d637960f,data/raw/share/share/共有ドライブ/プロジェクト/医療法人社団 恒一会 かえで総合病院/06.報告書/医療法人社団 恒一会 かえで総合病院_最終報告.pptx,医療法人社団 恒一会 かえで総合病院,.pptx,report,15.5,"{""path_term_match"": 2.0, ""required_file_type_match"": 3.0, ""route_kind_match"": 2.5, ""content_bm25"": 8.0}","path_term_match, required_file_type_match, route_kind_match, content_bm25",False,False,current_candidate_files_for_question,latest planner.py,high,False
test,42,3,file_c2047ca2e1b6baa2,data/raw/share/share/共有ドライブ/プロジェクト/医療法人社団 恒一会 かえで総合病院/06.報告書/医療法人社団 恒一会 かえで総合病院_最終報告_old.pptx,医療法人社団 恒一会 かえで総合病院,.pptx,report,15.5,"{""path_term_match"": 2.0, ""required_file_type_match"": 3.0, ""route_kind_match"": 2.5, ""content_bm25"": 8.0}","path_term_match, required_file_type_match, route_kind_match, content_bm25",False,False,current_candidate_files_for_question,latest planner.py,high,False
test,42,4,file_70f9d108e37232bd,data/raw/share/share/共有ドライブ/プロジェクト/医療法人社団 蒼泉会 ひがし丘総合病院/00.提案/提案書.pptx,医療法人社団 蒼泉会 ひがし丘総合病院,.pptx,proposal,15.5,"{""path_term_match"": 2.0, ""required_file_type_match"": 3.0, ""route_kind_match"": 2.5, ""content_bm25"": 8.0}","path_term_match, required_file_type_match, route_kind_match, content_bm25",False,False,current_candidate_files_for_question,latest planner.py,high,False
test,42,5,file_8fb18453764bc6db,data/raw/share/share/共有ドライブ/社内管理/社内用語集.docx,社内管理,.docx,management,15.5,"{""path_term_match"": 2.0, ""required_file_type_match"": 3.0, ""route_kind_match"": 2.5, ""content_bm25"": 8.0}","path_term_match, required_file_type_match, route_kind_match, content_bm25",False,False,current_candidate_files_for_question,latest planner.py,high,False
test,42,6,file_69289dcd3ecabac0,data/raw/share/share/共有ドライブ/プロジェクト/株式会社東都人材プラットフォーム/00.提案/データサイエンティスト調査.docx,株式会社東都人材プラットフォーム,.docx,proposal,14.1142,"{""path_term_match"": 2.0, ""required_file_type_match"": 3.0, ""route_kind_match"": 2.5, ""content_bm25"": 6.614167739981616}","path_term_match, required_file_type_match, route_kind_match, content_bm25",False,False,current_candidate_files_for_question,latest planner.py,high,False
test,42,7,file_3214e231bd5034de,data/raw/share/share/共有ドライブ/プロジェクト/医療法人社団 恒一会 かえで総合病院/05.会議/報告資料/報告資料_2025-09-16.docx,医療法人社団 恒一会 かえで総合病院,.docx,meeting,13.078,"{""path_term_match"": 2.0, ""required_file_type_match"": 3.0, ""route_kind_match"": 2.5, ""content_bm25"": 5.578040950451884}","path_term_match, required_file_type_match, route_kind_match, content_bm25",False,False,current_candidate_files_for_question,latest planner.py,high,False
test,42,8,file_21fab58c1f410821,data/raw/share/share/共有ドライブ/プロジェクト/京橋信用ソリューションズ株式会社/02.計画/スケジュール.xlsx,京橋信用ソリューションズ株式会社,.xlsx,schedule,12.5,"{""path_term_match"": 2.0, ""required_file_type_match"": 3.0, ""route_kind_match"": 5.5, ""identifier_path_match"": 2.0}","path_term_match, required_file_type_match, route_kind_match, identifier_path_match",False,False,current_candidate_files_for_question,latest planner.py,high,False
test,42,9,file_03d92cf92666adde,data/raw/share/share/共有ドライブ/プロジェクト/医療法人社団 恒一会 かえで総合病院/02.計画/~$スケジュール.xlsx,医療法人社団 恒一会 かえで総合病院,.xlsx,schedule,12.5,"{""path_term_match"": 2.0, ""required_file_type_match"": 3.0, ""route_kind_match"": 5.5, ""identifier_path_match"": 2.0}","path_term_match, required_file_type_match, route_kind_match, identifier_path_match",False,False,current_candidate_files_for_question,latest planner.py,high,False
test,42,10,file_6aab39bed667662c,data/raw/share/share/共有ドライブ/プロジェクト/医療法人社団 恒一会 かえで総合病院/02.計画/スケジュール.xlsx,医療法人社団 恒一会 かえで総合病院,.xlsx,schedule,12.5,"{""path_term_match"": 2.0, ""required_file_type_match"": 3.0, ""route_kind_match"": 5.5, ""identifier_path_match"": 2.0}","path_term_match, required_file_type_match, route_kind_match, identifier_path_match",False,False,current_candidate_files_for_question,latest planner.py,high,False
test,43,1,file_d72ac8163b01ef72,data/raw/share/share/共有ドライブ/プロジェクト/医療法人社団 恒一会 かえで総合病院/00.提案/提案書.pptx,医療法人社団 恒一会 かえで総合病院,.pptx,proposal,9.4439,"{""path_term_match"": 2.0, ""route_kind_match"": 1.5, ""content_bm25"": 5.943860082463027}","path_term_match, route_kind_match, content_bm25",False,True,current_candidate_files_for_question,latest planner.py,high,False
test,43,2,file_ef106a562ea6c4f4,data/raw/share/share/共有ドライブ/プロジェクト/株式会社青嶺不動産アセットマネジメント/00.提案/ニューヨーク不動産市場の最新動向調査.pdf,株式会社青嶺不動産アセットマネジメント,.pdf,proposal,8.766,"{""route_kind_match"": 1.5, ""content_bm25"": 7.2659632207282066}","route_kind_match, content_bm25",False,True,current_candidate_files_for_question,latest planner.py,high,False
test,43,3,file_be1cc2431b394277,data/raw/share/share/共有ドライブ/プロジェクト/株式会社東都人材プラットフォーム/06.報告書/株式会社東都人材プラットフォーム_最終報告.pptx,株式会社東都人材プラットフォーム,.pptx,report,7.0746,"{""path_term_match"": 2.0, ""route_kind_match"": 1.5, ""content_bm25"": 3.5746176195423485}","path_term_match, route_kind_match, content_bm25",False,True,current_candidate_files_for_question,latest planner.py,high,False
test,43,4,file_cc8e97e3d637960f,data/raw/share/share/共有ドライブ/プロジェクト/医療法人社団 恒一会 かえで総合病院/06.報告書/医療法人社団 恒一会 かえで総合病院_最終報告.pptx,医療法人社団 恒一会 かえで総合病院,.pptx,report,6.8848,"{""path_term_match"": 2.0, ""route_kind_match"": 1.5, ""content_bm25"": 3.3847651966462475}","path_term_match, route_kind_match, content_bm25",False,True,current_candidate_files_for_question,latest planner.py,high,False
test,43,5,file_c2047ca2e1b6baa2,data/raw/share/share/共有ドライブ/プロジェクト/医療法人社団 恒一会 かえで総合病院/06.報告書/医療法人社団 恒一会 かえで総合病院_最終報告_old.pptx,医療法人社団 恒一会 かえで総合病院,.pptx,report,6.8799,"{""path_term_match"": 2.0, ""route_kind_match"": 1.5, ""content_bm25"": 3.3798810897507248}","path_term_match, route_kind_match, content_bm25",False,True,current_candidate_files_for_question,latest planner.py,high,False
test,43,6,file_8e7f976c6bf62fb6,data/raw/share/share/共有ドライブ/プロジェクト/株式会社東都人材プラットフォーム/00.提案/提案書.pptx,株式会社東都人材プラットフォーム,.pptx,proposal,6.2555,"{""path_term_match"": 2.0, ""route_kind_match"": 1.5, ""content_bm25"": 2.755547829978258}","path_term_match, route_kind_match, content_bm25",False,True,current_candidate_files_for_question,latest planner.py,high,False
test,43,7,file_3214e231bd5034de,data/raw/share/share/共有ドライブ/プロジェクト/医療法人社団 恒一会 かえで総合病院/05.会議/報告資料/報告資料_2025-09-16.docx,医療法人社団 恒一会 かえで総合病院,.docx,meeting,6.0791,"{""path_term_match"": 2.0, ""route_kind_match"": 1.5, ""content_bm25"": 2.579088372785142}","path_term_match, route_kind_match, content_bm25",False,True,current_candidate_files_for_question,latest planner.py,high,False
test,43,8,file_69289dcd3ecabac0,data/raw/share/share/共有ドライブ/プロジェクト/株式会社東都人材プラットフォーム/00.提案/データサイエンティスト調査.docx,株式会社東都人材プラットフォーム,.docx,proposal,5.834,"{""path_term_match"": 2.0, ""route_kind_match"": 1.5, ""content_bm25"": 2.333950746000177}","path_term_match, route_kind_match, content_bm25",False,True,current_candidate_files_for_question,latest planner.py,high,False
test,43,9,file_dfcdb508120d023c,data/raw/share/share/共有ドライブ/プロジェクト/京橋信用ソリューションズ株式会社/06.報告書/京橋信用ソリューションズ株式会社_最終報告.pptx,京橋信用ソリューションズ株式会社,.pptx,report,5.2805,"{""route_kind_match"": 1.5, ""content_bm25"": 3.7805167294730175}","route_kind_match, content_bm25",False,True,current_candidate_files_for_question,latest planner.py,high,False
test,43,10,file_4f60d0d4ed6aeac1,data/raw/share/share/共有ドライブ/プロジェクト/医療法人社団 恒一会 かえで総合病院/05.会議/報告資料/報告資料_2025-09-02.docx,医療法人社団 恒一会 かえで総合病院,.docx,meeting,5.2746,"{""path_term_match"": 2.0, ""route_kind_match"": 1.5, ""content_bm25"": 1.774631581376051}","path_term_match, route_kind_match, content_bm25",False,True,current_candidate_files_for_question,latest planner.py,high,False
test,44,1,file_ef106a562ea6c4f4,data/raw/share/share/共有ドライブ/プロジェクト/株式会社青嶺不動産アセットマネジメント/00.提案/ニューヨーク不動産市場の最新動向調査.pdf,株式会社青嶺不動産アセットマネジメント,.pdf,proposal,9.5,"{""route_kind_match"": 1.5, ""content_bm25"": 8.0}","route_kind_match, content_bm25",False,True,current_candidate_files_for_question,latest planner.py,high,False
test,44,2,file_cc8e97e3d637960f,data/raw/share/share/共有ドライブ/プロジェクト/医療法人社団 恒一会 かえで総合病院/06.報告書/医療法人社団 恒一会 かえで総合病院_最終報告.pptx,医療法人社団 恒一会 かえで総合病院,.pptx,report,7.2011,"{""route_kind_match"": 1.5, ""content_bm25"": 5.701148036485543}","route_kind_match, content_bm25",False,True,current_candidate_files_for_question,latest planner.py,high,False
test,44,3,file_c2047ca2e1b6baa2,data/raw/share/share/共有ドライブ/プロジェクト/医療法人社団 恒一会 かえで総合病院/06.報告書/医療法人社団 恒一会 かえで総合病院_最終報告_old.pptx,医療法人社団 恒一会 かえで総合病院,.pptx,report,7.1928,"{""route_kind_match"": 1.5, ""content_bm25"": 5.692797182407189}","route_kind_match, content_bm25",False,True,current_candidate_files_for_question,latest planner.py,high,False
test,44,4,file_dfcdb508120d023c,data/raw/share/share/共有ドライブ/プロジェクト/京橋信用ソリューションズ株式会社/06.報告書/京橋信用ソリューションズ株式会社_最終報告.pptx,京橋信用ソリューションズ株式会社,.pptx,report,7.0692,"{""route_kind_match"": 1.5, ""content_bm25"": 5.569211477029579}","route_kind_match, content_bm25",False,True,current_candidate_files_for_question,latest planner.py,high,False
test,44,5,file_69289dcd3ecabac0,data/raw/share/share/共有ドライブ/プロジェクト/株式会社東都人材プラットフォーム/00.提案/データサイエンティスト調査.docx,株式会社東都人材プラットフォーム,.docx,proposal,5.8927,"{""route_kind_match"": 1.5, ""content_bm25"": 4.392663661804641}","route_kind_match, content_bm25",False,True,current_candidate_files_for_question,latest planner.py,high,False
test,44,6,file_bf3657e26a136347,data/raw/share/share/共有ドライブ/プロジェクト/医療法人社団 蒼樹会 みなみ野女性医療センター/00.提案/糖尿病統計情報.docx,医療法人社団 蒼樹会 みなみ野女性医療センター,.docx,proposal,5.776,"{""route_kind_match"": 1.5, ""content_bm25"": 4.275976415000325}","route_kind_match, content_bm25",False,True,current_candidate_files_for_question,latest planner.py,high,False
test,44,7,file_d72ac8163b01ef72,data/raw/share/share/共有ドライブ/プロジェクト/医療法人社団 恒一会 かえで総合病院/00.提案/提案書.pptx,医療法人社団 恒一会 かえで総合病院,.pptx,proposal,5.5377,"{""route_kind_match"": 1.5, ""content_bm25"": 4.0376896100740005}","route_kind_match, content_bm25",False,True,current_candidate_files_for_question,latest planner.py,high,False
test,44,8,file_ef6b3d40c6cbf84f,data/raw/share/share/共有ドライブ/プロジェクト/青葉与信マネジメント株式会社/05.会議/報告資料/報告資料_2025-04-09.docx,青葉与信マネジメント株式会社,.docx,meeting,5.1088,"{""route_kind_match"": 1.5, ""content_bm25"": 3.60875610648776}","route_kind_match, content_bm25",False,True,current_candidate_files_for_question,latest planner.py,high,False
test,44,9,file_3214e231bd5034de,data/raw/share/share/共有ドライブ/プロジェクト/医療法人社団 恒一会 かえで総合病院/05.会議/報告資料/報告資料_2025-09-16.docx,医療法人社団 恒一会 かえで総合病院,.docx,meeting,5.0385,"{""route_kind_match"": 1.5, ""content_bm25"": 3.538481895950281}","route_kind_match, content_bm25",False,True,current_candidate_files_for_question,latest planner.py,high,False
test,44,10,file_4fa8d55179bcaeab,data/raw/share/share/共有ドライブ/プロジェクト/株式会社青嶺不動産アセットマネジメント/05.会議/報告資料/報告資料_2025-08-26.pdf,株式会社青嶺不動産アセットマネジメント,.pdf,meeting,4.9246,"{""route_kind_match"": 1.5, ""content_bm25"": 3.4245833585245187}","route_kind_match, content_bm25",False,True,current_candidate_files_for_question,latest planner.py,high,False
test,45,1,file_5ad86df755747585,data/raw/share/share/共有ドライブ/プロジェクト/京橋信用ソリューションズ株式会社/05.会議/会議録/会議録_2025-10-29.pdf,京橋信用ソリューションズ株式会社,.pdf,meeting,27.5,"{""path_term_match"": 2.0, ""document_hint_match"": 8.0, ""required_file_type_match"": 3.0, ""route_kind_match"": 1.5, ""date_hint_match"": 3.0, ""identifier_path_match"": 2.0, ""content_bm25"": 8.0}","path_term_match, document_hint_match, required_file_type_match, route_kind_match, date_hint_match, identifier_path_match, content_bm25",False,False,current_candidate_files_for_question,latest planner.py,high,False
test,45,2,file_cd36c2a74b87c74c,data/raw/share/share/共有ドライブ/プロジェクト/京橋信用ソリューションズ株式会社/05.会議/会議録/会議録_2025-11-11.pdf,京橋信用ソリューションズ株式会社,.pdf,meeting,27.5,"{""path_term_match"": 2.0, ""document_hint_match"": 8.0, ""required_file_type_match"": 3.0, ""route_kind_match"": 1.5, ""date_hint_match"": 3.0, ""identifier_path_match"": 2.0, ""content_bm25"": 8.0}","path_term_match, document_hint_match, required_file_type_match, route_kind_match, date_hint_match, identifier_path_match, content_bm25",False,False,current_candidate_files_for_question,latest planner.py,high,False
test,45,3,file_6efe2c9a4c44264a,data/raw/share/share/共有ドライブ/プロジェクト/青葉与信マネジメント株式会社/05.会議/会議録/会議録_2025-04-29.pdf,青葉与信マネジメント株式会社,.pdf,meeting,22.2815,"{""path_term_match"": 2.0, ""document_hint_match"": 8.0, ""required_file_type_match"": 3.0, ""route_kind_match"": 1.5, ""identifier_path_match"": 2.0, ""content_bm25"": 5.781534371003101}","path_term_match, document_hint_match, required_file_type_match, route_kind_match, identifier_path_match, content_bm25",False,False,current_candidate_files_for_question,latest planner.py,high,False
test,45,4,file_d0e5ce038fcc828c,data/raw/share/share/共有ドライブ/プロジェクト/京橋信用ソリューションズ株式会社/05.会議/会議録/会議録_2025-10-01.pdf,京橋信用ソリューションズ株式会社,.pdf,meeting,16.5,"{""path_term_match"": 2.0, ""required_file_type_match"": 3.0, ""route_kind_match"": 1.5, ""identifier_path_match"": 2.0, ""content_bm25"": 8.0}","path_term_match, required_file_type_match, route_kind_match, identifier_path_match, content_bm25",False,False,current_candidate_files_for_question,latest planner.py,high,False
test,45,5,file_87b6070b1b78d8f6,data/raw/share/share/共有ドライブ/プロジェクト/青葉与信マネジメント株式会社/05.会議/会議録/会議録_2025-05-27.pdf,青葉与信マネジメント株式会社,.pdf,meeting,16.5,"{""path_term_match"": 2.0, ""required_file_type_match"": 3.0, ""route_kind_match"": 1.5, ""identifier_path_match"": 2.0, ""content_bm25"": 8.0}","path_term_match, required_file_type_match, route_kind_match, identifier_path_match, content_bm25",False,False,current_candidate_files_for_question,latest planner.py,high,False
test,45,6,file_4c683c135eb0d7e8,data/raw/share/share/共有ドライブ/プロジェクト/京橋信用ソリューションズ株式会社/05.会議/報告資料/報告資料_2025-10-29.docx,京橋信用ソリューションズ株式会社,.docx,meeting,13.7165,"{""path_term_match"": 2.0, ""route_kind_match"": 1.5, ""date_hint_match"": 3.0, ""identifier_path_match"": 2.0, ""content_bm25"": 5.21653375612222}","path_term_match, route_kind_match, date_hint_match, identifier_path_match, content_bm25",False,False,current_candidate_files_for_question,latest planner.py,high,False
test,45,7,file_1aff1b560a3f2e24,data/raw/share/share/共有ドライブ/プロジェクト/京橋信用ソリューションズ株式会社/00.提案/提案書_final.pptx,京橋信用ソリューションズ株式会社,.pptx,proposal,13.5,"{""path_term_match"": 2.0, ""route_kind_match"": 1.5, ""identifier_path_match"": 2.0, ""content_bm25"": 8.0}","path_term_match, route_kind_match, identifier_path_match, content_bm25",False,False,current_candidate_files_for_question,latest planner.py,high,False
test,45,8,file_7f6ba34feefeb01a,data/raw/share/share/共有ドライブ/プロジェクト/京橋信用ソリューションズ株式会社/00.提案/提案書_v1.pptx,京橋信用ソリューションズ株式会社,.pptx,proposal,13.5,"{""path_term_match"": 2.0, ""route_kind_match"": 1.5, ""identifier_path_match"": 2.0, ""content_bm25"": 8.0}","path_term_match, route_kind_match, identifier_path_match, content_bm25",False,False,current_candidate_files_for_question,latest planner.py,high,False
test,45,9,file_dfcdb508120d023c,data/raw/share/share/共有ドライブ/プロジェクト/京橋信用ソリューションズ株式会社/06.報告書/京橋信用ソリューションズ株式会社_最終報告.pptx,京橋信用ソリューションズ株式会社,.pptx,report,13.5,"{""path_term_match"": 2.0, ""route_kind_match"": 1.5, ""identifier_path_match"": 2.0, ""content_bm25"": 8.0}","path_term_match, route_kind_match, identifier_path_match, content_bm25",False,False,current_candidate_files_for_question,latest planner.py,high,False
test,45,10,file_e27cdf1ec1397056,data/raw/share/share/共有ドライブ/プロジェクト/青葉与信マネジメント株式会社/05.会議/会議録/会議録_2025-04-09.pdf,青葉与信マネジメント株式会社,.pdf,meeting,13.173,"{""path_term_match"": 2.0, ""required_file_type_match"": 3.0, ""route_kind_match"": 1.5, ""identifier_path_match"": 2.0, ""content_bm25"": 4.672975553734223}","path_term_match, required_file_type_match, route_kind_match, identifier_path_match, content_bm25",False,False,current_candidate_files_for_question,latest planner.py,high,False
test,46,1,file_03d92cf92666adde,data/raw/share/share/共有ドライブ/プロジェクト/医療法人社団 恒一会 かえで総合病院/02.計画/~$スケジュール.xlsx,医療法人社団 恒一会 かえで総合病院,.xlsx,schedule,8.0,"{""path_term_match"": 2.0, ""required_file_type_match"": 3.0, ""route_kind_match"": 3.0}","path_term_match, required_file_type_match, route_kind_match",False,False,current_candidate_files_for_question,latest planner.py,high,False
test,46,2,file_6aab39bed667662c,data/raw/share/share/共有ドライブ/プロジェクト/医療法人社団 恒一会 かえで総合病院/02.計画/スケジュール.xlsx,医療法人社団 恒一会 かえで総合病院,.xlsx,schedule,8.0,"{""path_term_match"": 2.0, ""required_file_type_match"": 3.0, ""route_kind_match"": 3.0}","path_term_match, required_file_type_match, route_kind_match",False,False,current_candidate_files_for_question,latest planner.py,high,False
test,46,3,file_4fe0dd886c669e57,data/raw/share/share/共有ドライブ/プロジェクト/医療法人社団 恒一会 かえで総合病院/03.データ/train.csv,医療法人社団 恒一会 かえで総合病院,.csv,data,8.0,"{""path_term_match"": 2.0, ""required_file_type_match"": 3.0, ""route_kind_match"": 3.0}","path_term_match, required_file_type_match, route_kind_match",False,False,current_candidate_files_for_question,latest planner.py,high,False
test,46,4,file_6bae87759176c513,data/raw/share/share/共有ドライブ/プロジェクト/医療法人社団 恒一会 かえで総合病院/03.データ/train.xlsx,医療法人社団 恒一会 かえで総合病院,.xlsx,data,8.0,"{""path_term_match"": 2.0, ""required_file_type_match"": 3.0, ""route_kind_match"": 3.0}","path_term_match, required_file_type_match, route_kind_match",False,False,current_candidate_files_for_question,latest planner.py,high,False
test,46,5,file_052e4c42d93e6822,data/raw/share/share/共有ドライブ/プロジェクト/医療法人社団 恒一会 かえで総合病院/04.分析/analysis_outputs/experiments/leaderboard.csv,医療法人社団 恒一会 かえで総合病院,.csv,analysis,8.0,"{""path_term_match"": 2.0, ""required_file_type_match"": 3.0, ""route_kind_match"": 3.0}","path_term_match, required_file_type_match, route_kind_match",False,False,current_candidate_files_for_question,latest planner.py,high,False
test,46,6,file_7adc687e255c7e58,data/raw/share/share/共有ドライブ/プロジェクト/医療法人社団 恒一会 かえで総合病院/04.分析/analysis_project/data/train.csv,医療法人社団 恒一会 かえで総合病院,.csv,data,8.0,"{""path_term_match"": 2.0, ""required_file_type_match"": 3.0, ""route_kind_match"": 3.0}","path_term_match, required_file_type_match, route_kind_match",False,False,current_candidate_files_for_question,latest planner.py,high,False
test,46,7,file_21fab58c1f410821,data/raw/share/share/共有ドライブ/プロジェクト/京橋信用ソリューションズ株式会社/02.計画/スケジュール.xlsx,京橋信用ソリューションズ株式会社,.xlsx,schedule,6.0,"{""required_file_type_match"": 3.0, ""route_kind_match"": 3.0}","required_file_type_match, route_kind_match",False,False,current_candidate_files_for_question,latest planner.py,high,False
test,46,8,file_8fd0e20487420b74,data/raw/share/share/共有ドライブ/プロジェクト/京橋信用ソリューションズ株式会社/03.データ/train.csv,京橋信用ソリューションズ株式会社,.csv,data,6.0,"{""required_file_type_match"": 3.0, ""route_kind_match"": 3.0}","required_file_type_match, route_kind_match",False,False,current_candidate_files_for_question,latest planner.py,high,False
test,46,9,file_e0021d6b69bfbbc7,data/raw/share/share/共有ドライブ/プロジェクト/京橋信用ソリューションズ株式会社/04.分析/analysis_outputs/experiments/leaderboard.csv,京橋信用ソリューションズ株式会社,.csv,analysis,6.0,"{""required_file_type_match"": 3.0, ""route_kind_match"": 3.0}","required_file_type_match, route_kind_match",False,False,current_candidate_files_for_question,latest planner.py,high,False
test,46,10,file_d5e7d14b53826dc9,data/raw/share/share/共有ドライブ/プロジェクト/京橋信用ソリューションズ株式会社/04.分析/analysis_project/data/train.csv,京橋信用ソリューションズ株式会社,.csv,data,6.0,"{""required_file_type_match"": 3.0, ""route_kind_match"": 3.0}","required_file_type_match, route_kind_match",False,False,current_candidate_files_for_question,latest planner.py,high,False
test,47,1,file_3dbffa905dc9b2b1,data/raw/share/share/共有ドライブ/プロジェクト/株式会社青嶺不動産アセットマネジメント/00.提案/old/提案書.pptx,株式会社青嶺不動産アセットマネジメント,.pptx,proposal,15.5,"{""path_term_match"": 2.0, ""required_file_type_match"": 3.0, ""route_kind_match"": 2.5, ""content_bm25"": 8.0}","path_term_match, required_file_type_match, route_kind_match, content_bm25",False,False,current_candidate_files_for_question,latest planner.py,high,False
test,47,2,file_831dbc2d4bc189c3,data/raw/share/share/共有ドライブ/プロジェクト/株式会社青嶺不動産アセットマネジメント/00.提案/提案書.pptx,株式会社青嶺不動産アセットマネジメント,.pptx,proposal,15.5,"{""path_term_match"": 2.0, ""required_file_type_match"": 3.0, ""route_kind_match"": 2.5, ""content_bm25"": 8.0}","path_term_match, required_file_type_match, route_kind_match, content_bm25",False,False,current_candidate_files_for_question,latest planner.py,high,False
test,47,3,file_9453287d4c9b7701,data/raw/share/share/共有ドライブ/プロジェクト/株式会社青嶺不動産アセットマネジメント/06.報告書/株式会社青嶺不動産アセットマネジメント_最終報告.pptx,株式会社青嶺不動産アセットマネジメント,.pptx,report,15.5,"{""path_term_match"": 2.0, ""required_file_type_match"": 3.0, ""route_kind_match"": 2.5, ""content_bm25"": 8.0}","path_term_match, required_file_type_match, route_kind_match, content_bm25",False,False,current_candidate_files_for_question,latest planner.py,high,False
test,47,4,file_8fb18453764bc6db,data/raw/share/share/共有ドライブ/社内管理/社内用語集.docx,社内管理,.docx,management,15.5,"{""path_term_match"": 2.0, ""required_file_type_match"": 3.0, ""route_kind_match"": 2.5, ""content_bm25"": 8.0}","path_term_match, required_file_type_match, route_kind_match, content_bm25",False,False,current_candidate_files_for_question,latest planner.py,high,False
test,47,5,file_69289dcd3ecabac0,data/raw/share/share/共有ドライブ/プロジェクト/株式会社東都人材プラットフォーム/00.提案/データサイエンティスト調査.docx,株式会社東都人材プラットフォーム,.docx,proposal,14.299,"{""path_term_match"": 2.0, ""required_file_type_match"": 3.0, ""route_kind_match"": 2.5, ""content_bm25"": 6.798975496042516}","path_term_match, required_file_type_match, route_kind_match, content_bm25",False,False,current_candidate_files_for_question,latest planner.py,high,False
test,47,6,file_3214e231bd5034de,data/raw/share/share/共有ドライブ/プロジェクト/医療法人社団 恒一会 かえで総合病院/05.会議/報告資料/報告資料_2025-09-16.docx,医療法人社団 恒一会 かえで総合病院,.docx,meeting,13.6488,"{""path_term_match"": 2.0, ""required_file_type_match"": 3.0, ""route_kind_match"": 2.5, ""content_bm25"": 6.148800675172659}","path_term_match, required_file_type_match, route_kind_match, content_bm25",False,False,current_candidate_files_for_question,latest planner.py,high,False
test,47,7,file_ef6b3d40c6cbf84f,data/raw/share/share/共有ドライブ/プロジェクト/青葉与信マネジメント株式会社/05.会議/報告資料/報告資料_2025-04-09.docx,青葉与信マネジメント株式会社,.docx,meeting,13.0933,"{""path_term_match"": 2.0, ""required_file_type_match"": 3.0, ""route_kind_match"": 2.5, ""content_bm25"": 5.593300079537257}","path_term_match, required_file_type_match, route_kind_match, content_bm25",False,False,current_candidate_files_for_question,latest planner.py,high,False
test,47,8,file_bf3657e26a136347,data/raw/share/share/共有ドライブ/プロジェクト/医療法人社団 蒼樹会 みなみ野女性医療センター/00.提案/糖尿病統計情報.docx,医療法人社団 蒼樹会 みなみ野女性医療センター,.docx,proposal,12.9087,"{""path_term_match"": 2.0, ""required_file_type_match"": 3.0, ""route_kind_match"": 2.5, ""content_bm25"": 5.40874894768446}","path_term_match, required_file_type_match, route_kind_match, content_bm25",False,False,current_candidate_files_for_question,latest planner.py,high,False
test,47,9,file_0305d0365eeba3e4,data/raw/share/share/共有ドライブ/プロジェクト/株式会社青嶺不動産アセットマネジメント/01.契約/契約書.docx,株式会社青嶺不動産アセットマネジメント,.docx,contract,12.6664,"{""path_term_match"": 2.0, ""required_file_type_match"": 3.0, ""route_kind_match"": 2.5, ""content_bm25"": 5.16640391814924}","path_term_match, required_file_type_match, route_kind_match, content_bm25",False,False,current_candidate_files_for_question,latest planner.py,high,False
test,47,10,file_21fab58c1f410821,data/raw/share/share/共有ドライブ/プロジェクト/京橋信用ソリューションズ株式会社/02.計画/スケジュール.xlsx,京橋信用ソリューションズ株式会社,.xlsx,schedule,12.5,"{""path_term_match"": 2.0, ""required_file_type_match"": 3.0, ""route_kind_match"": 5.5, ""identifier_path_match"": 2.0}","path_term_match, required_file_type_match, route_kind_match, identifier_path_match",False,False,current_candidate_files_for_question,latest planner.py,high,False
test,48,1,file_ef106a562ea6c4f4,data/raw/share/share/共有ドライブ/プロジェクト/株式会社青嶺不動産アセットマネジメント/00.提案/ニューヨーク不動産市場の最新動向調査.pdf,株式会社青嶺不動産アセットマネジメント,.pdf,proposal,16.5,"{""path_term_match"": 2.0, ""required_file_type_match"": 3.0, ""route_kind_match"": 1.5, ""identifier_path_match"": 2.0, ""content_bm25"": 8.0}","path_term_match, required_file_type_match, route_kind_match, identifier_path_match, content_bm25",False,False,current_candidate_files_for_question,latest planner.py,high,False
test,48,2,file_4fa8d55179bcaeab,data/raw/share/share/共有ドライブ/プロジェクト/株式会社青嶺不動産アセットマネジメント/05.会議/報告資料/報告資料_2025-08-26.pdf,株式会社青嶺不動産アセットマネジメント,.pdf,meeting,16.5,"{""path_term_match"": 2.0, ""required_file_type_match"": 3.0, ""route_kind_match"": 1.5, ""identifier_path_match"": 2.0, ""content_bm25"": 8.0}","path_term_match, required_file_type_match, route_kind_match, identifier_path_match, content_bm25",False,False,current_candidate_files_for_question,latest planner.py,high,False
test,48,3,file_4d734b2c30ad41ee,data/raw/share/share/共有ドライブ/プロジェクト/株式会社青嶺不動産アセットマネジメント/05.会議/報告資料/報告資料_2025-08-06.pdf,株式会社青嶺不動産アセットマネジメント,.pdf,meeting,14.4424,"{""path_term_match"": 2.0, ""required_file_type_match"": 3.0, ""route_kind_match"": 1.5, ""identifier_path_match"": 2.0, ""content_bm25"": 5.942409752020248}","path_term_match, required_file_type_match, route_kind_match, identifier_path_match, content_bm25",False,False,current_candidate_files_for_question,latest planner.py,high,False
test,48,4,file_87b6070b1b78d8f6,data/raw/share/share/共有ドライブ/プロジェクト/青葉与信マネジメント株式会社/05.会議/会議録/会議録_2025-05-27.pdf,青葉与信マネジメント株式会社,.pdf,meeting,12.6066,"{""path_term_match"": 2.0, ""required_file_type_match"": 3.0, ""route_kind_match"": 1.5, ""identifier_path_match"": 2.0, ""content_bm25"": 4.106607569190943}","path_term_match, required_file_type_match, route_kind_match, identifier_path_match, content_bm25",False,False,current_candidate_files_for_question,latest planner.py,high,False
test,48,5,file_3dbffa905dc9b2b1,data/raw/share/share/共有ドライブ/プロジェクト/株式会社青嶺不動産アセットマネジメント/00.提案/old/提案書.pptx,株式会社青嶺不動産アセットマネジメント,.pptx,proposal,11.5,"{""path_term_match"": 2.0, ""route_kind_match"": 1.5, ""content_bm25"": 8.0}","path_term_match, route_kind_match, content_bm25",False,False,current_candidate_files_for_question,latest planner.py,high,False
test,48,6,file_831dbc2d4bc189c3,data/raw/share/share/共有ドライブ/プロジェクト/株式会社青嶺不動産アセットマネジメント/00.提案/提案書.pptx,株式会社青嶺不動産アセットマネジメント,.pptx,proposal,11.5,"{""path_term_match"": 2.0, ""route_kind_match"": 1.5, ""content_bm25"": 8.0}","path_term_match, route_kind_match, content_bm25",False,False,current_candidate_files_for_question,latest planner.py,high,False
test,48,7,file_0305d0365eeba3e4,data/raw/share/share/共有ドライブ/プロジェクト/株式会社青嶺不動産アセットマネジメント/01.契約/契約書.docx,株式会社青嶺不動産アセットマネジメント,.docx,contract,11.5,"{""path_term_match"": 2.0, ""route_kind_match"": 1.5, ""content_bm25"": 8.0}","path_term_match, route_kind_match, content_bm25",False,False,current_candidate_files_for_question,latest planner.py,high,False
test,48,8,file_9453287d4c9b7701,data/raw/share/share/共有ドライブ/プロジェクト/株式会社青嶺不動産アセットマネジメント/06.報告書/株式会社青嶺不動産アセットマネジメント_最終報告.pptx,株式会社青嶺不動産アセットマネジメント,.pptx,report,11.5,"{""path_term_match"": 2.0, ""route_kind_match"": 1.5, ""content_bm25"": 8.0}","path_term_match, route_kind_match, content_bm25",False,False,current_candidate_files_for_question,latest planner.py,high,False
test,48,9,file_69289dcd3ecabac0,data/raw/share/share/共有ドライブ/プロジェクト/株式会社東都人材プラットフォーム/00.提案/データサイエンティスト調査.docx,株式会社東都人材プラットフォーム,.docx,proposal,10.9854,"{""path_term_match"": 2.0, ""route_kind_match"": 1.5, ""content_bm25"": 7.485379019417101}","path_term_match, route_kind_match, content_bm25",False,False,current_candidate_files_for_question,latest planner.py,high,False
test,48,10,file_bf3657e26a136347,data/raw/share/share/共有ドライブ/プロジェクト/医療法人社団 蒼樹会 みなみ野女性医療センター/00.提案/糖尿病統計情報.docx,医療法人社団 蒼樹会 みなみ野女性医療センター,.docx,proposal,10.0849,"{""path_term_match"": 2.0, ""route_kind_match"": 1.5, ""content_bm25"": 6.584905305536309}","path_term_match, route_kind_match, content_bm25",False,False,current_candidate_files_for_question,latest planner.py,high,False
test,49,1,file_69289dcd3ecabac0,data/raw/share/share/共有ドライブ/プロジェクト/株式会社東都人材プラットフォーム/00.提案/データサイエンティスト調査.docx,株式会社東都人材プラットフォーム,.docx,proposal,15.5,"{""path_term_match"": 2.0, ""required_file_type_match"": 3.0, ""route_kind_match"": 2.5, ""content_bm25"": 8.0}","path_term_match, required_file_type_match, route_kind_match, content_bm25",False,True,current_candidate_files_for_question,latest planner.py,high,False
test,49,2,file_8e7f976c6bf62fb6,data/raw/share/share/共有ドライブ/プロジェクト/株式会社東都人材プラットフォーム/00.提案/提案書.pptx,株式会社東都人材プラットフォーム,.pptx,proposal,15.5,"{""path_term_match"": 2.0, ""required_file_type_match"": 3.0, ""route_kind_match"": 2.5, ""content_bm25"": 8.0}","path_term_match, required_file_type_match, route_kind_match, content_bm25",False,True,current_candidate_files_for_question,latest planner.py,high,False
test,49,3,file_be1cc2431b394277,data/raw/share/share/共有ドライブ/プロジェクト/株式会社東都人材プラットフォーム/06.報告書/株式会社東都人材プラットフォーム_最終報告.pptx,株式会社東都人材プラットフォーム,.pptx,report,15.5,"{""path_term_match"": 2.0, ""required_file_type_match"": 3.0, ""route_kind_match"": 2.5, ""content_bm25"": 8.0}","path_term_match, required_file_type_match, route_kind_match, content_bm25",False,True,current_candidate_files_for_question,latest planner.py,high,False
test,49,4,file_ef6b3d40c6cbf84f,data/raw/share/share/共有ドライブ/プロジェクト/青葉与信マネジメント株式会社/05.会議/報告資料/報告資料_2025-04-09.docx,青葉与信マネジメント株式会社,.docx,meeting,11.8659,"{""path_term_match"": 2.0, ""required_file_type_match"": 3.0, ""route_kind_match"": 2.5, ""content_bm25"": 4.365854388868467}","path_term_match, required_file_type_match, route_kind_match, content_bm25",False,True,current_candidate_files_for_question,latest planner.py,high,False
test,49,5,file_dd5371813c5647dd,data/raw/share/share/共有ドライブ/プロジェクト/株式会社東都人材プラットフォーム/01.契約/契約書.docx,株式会社東都人材プラットフォーム,.docx,contract,11.6487,"{""path_term_match"": 2.0, ""required_file_type_match"": 3.0, ""route_kind_match"": 2.5, ""content_bm25"": 4.1487370217099775}","path_term_match, required_file_type_match, route_kind_match, content_bm25",False,True,current_candidate_files_for_question,latest planner.py,high,False
test,49,6,file_3214e231bd5034de,data/raw/share/share/共有ドライブ/プロジェクト/医療法人社団 恒一会 かえで総合病院/05.会議/報告資料/報告資料_2025-09-16.docx,医療法人社団 恒一会 かえで総合病院,.docx,meeting,11.4371,"{""path_term_match"": 2.0, ""required_file_type_match"": 3.0, ""route_kind_match"": 2.5, ""content_bm25"": 3.9371272353329863}","path_term_match, required_file_type_match, route_kind_match, content_bm25",False,True,current_candidate_files_for_question,latest planner.py,high,False
test,49,7,file_b1312a411e52ff80,data/raw/share/share/共有ドライブ/プロジェクト/株式会社東都人材プラットフォーム/00.提案/データサイエンス市場の未来予測.pdf,株式会社東都人材プラットフォーム,.pdf,proposal,10.0,"{""path_term_match"": 2.0, ""content_bm25"": 8.0}","path_term_match, content_bm25",False,True,current_candidate_files_for_question,latest planner.py,high,False
test,49,8,file_dbc8be5d37bc70da,data/raw/share/share/共有ドライブ/プロジェクト/株式会社東都人材プラットフォーム/04.分析/analysis_project/notebooks/01_eda.ipynb,株式会社東都人材プラットフォーム,.ipynb,analysis,10.0,"{""path_term_match"": 2.0, ""content_bm25"": 8.0}","path_term_match, content_bm25",False,True,current_candidate_files_for_question,latest planner.py,high,False
test,49,9,file_a6f03cf3dc3895ec,data/raw/share/share/共有ドライブ/プロジェクト/株式会社東都人材プラットフォーム/04.分析/analysis_project/scripts/bootstrap_env.py,株式会社東都人材プラットフォーム,.py,analysis,10.0,"{""path_term_match"": 2.0, ""content_bm25"": 8.0}","path_term_match, content_bm25",False,True,current_candidate_files_for_question,latest planner.py,high,False
test,49,10,file_5f363acc961ec743,data/raw/share/share/共有ドライブ/プロジェクト/株式会社東都人材プラットフォーム/04.分析/analysis_project/src/common.py,株式会社東都人材プラットフォーム,.py,analysis,10.0,"{""path_term_match"": 2.0, ""content_bm25"": 8.0}","path_term_match, content_bm25",False,True,current_candidate_files_for_question,latest planner.py,high,False
test,50,1,file_3a4964aae9b99206,data/raw/share/share/共有ドライブ/プロジェクト/株式会社東都人材プラットフォーム/03.データ/train.xlsx,株式会社東都人材プラットフォーム,.xlsx,data,12.0511,"{""path_term_match"": 2.0, ""required_file_type_match"": 3.0, ""route_kind_match"": 3.0, ""content_bm25"": 4.051065591483133}","path_term_match, required_file_type_match, route_kind_match, content_bm25",False,False,current_candidate_files_for_question,latest planner.py,high,False
test,50,2,file_b1312a411e52ff80,data/raw/share/share/共有ドライブ/プロジェクト/株式会社東都人材プラットフォーム/00.提案/データサイエンス市場の未来予測.pdf,株式会社東都人材プラットフォーム,.pdf,proposal,10.0,"{""path_term_match"": 2.0, ""content_bm25"": 8.0}","path_term_match, content_bm25",False,False,current_candidate_files_for_question,latest planner.py,high,False
test,50,3,file_69289dcd3ecabac0,data/raw/share/share/共有ドライブ/プロジェクト/株式会社東都人材プラットフォーム/00.提案/データサイエンティスト調査.docx,株式会社東都人材プラットフォーム,.docx,proposal,10.0,"{""path_term_match"": 2.0, ""content_bm25"": 8.0}","path_term_match, content_bm25",False,False,current_candidate_files_for_question,latest planner.py,high,False
test,50,4,file_8e7f976c6bf62fb6,data/raw/share/share/共有ドライブ/プロジェクト/株式会社東都人材プラットフォーム/00.提案/提案書.pptx,株式会社東都人材プラットフォーム,.pptx,proposal,10.0,"{""path_term_match"": 2.0, ""content_bm25"": 8.0}","path_term_match, content_bm25",False,False,current_candidate_files_for_question,latest planner.py,high,False
test,50,5,file_dbc8be5d37bc70da,data/raw/share/share/共有ドライブ/プロジェクト/株式会社東都人材プラットフォーム/04.分析/analysis_project/notebooks/01_eda.ipynb,株式会社東都人材プラットフォーム,.ipynb,analysis,10.0,"{""path_term_match"": 2.0, ""content_bm25"": 8.0}","path_term_match, content_bm25",False,False,current_candidate_files_for_question,latest planner.py,high,False
test,50,6,file_539f8b256c2ec9c0,data/raw/share/share/共有ドライブ/プロジェクト/株式会社東都人材プラットフォーム/05.会議/報告資料/報告資料_2025-08-18.pdf,株式会社東都人材プラットフォーム,.pdf,meeting,10.0,"{""path_term_match"": 2.0, ""content_bm25"": 8.0}","path_term_match, content_bm25",False,False,current_candidate_files_for_question,latest planner.py,high,False
test,50,7,file_be1cc2431b394277,data/raw/share/share/共有ドライブ/プロジェクト/株式会社東都人材プラットフォーム/06.報告書/株式会社東都人材プラットフォーム_最終報告.pptx,株式会社東都人材プラットフォーム,.pptx,report,10.0,"{""path_term_match"": 2.0, ""content_bm25"": 8.0}","path_term_match, content_bm25",False,False,current_candidate_files_for_question,latest planner.py,high,False
test,50,8,file_ef106a562ea6c4f4,data/raw/share/share/共有ドライブ/プロジェクト/株式会社青嶺不動産アセットマネジメント/00.提案/ニューヨーク不動産市場の最新動向調査.pdf,株式会社青嶺不動産アセットマネジメント,.pdf,proposal,10.0,"{""path_term_match"": 2.0, ""content_bm25"": 8.0}","path_term_match, content_bm25",False,False,current_candidate_files_for_question,latest planner.py,high,False
test,50,9,file_8fd0e20487420b74,data/raw/share/share/共有ドライブ/プロジェクト/京橋信用ソリューションズ株式会社/03.データ/train.csv,京橋信用ソリューションズ株式会社,.csv,data,8.0,"{""path_term_match"": 2.0, ""required_file_type_match"": 3.0, ""route_kind_match"": 3.0}","path_term_match, required_file_type_match, route_kind_match",False,False,current_candidate_files_for_question,latest planner.py,high,False
test,50,10,file_4fe0dd886c669e57,data/raw/share/share/共有ドライブ/プロジェクト/医療法人社団 恒一会 かえで総合病院/03.データ/train.csv,医療法人社団 恒一会 かえで総合病院,.csv,data,8.0,"{""path_term_match"": 2.0, ""required_file_type_match"": 3.0, ""route_kind_match"": 3.0}","path_term_match, required_file_type_match, route_kind_match",False,False,current_candidate_files_for_question,latest planner.py,high,False
test,51,1,file_1aff1b560a3f2e24,data/raw/share/share/共有ドライブ/プロジェクト/京橋信用ソリューションズ株式会社/00.提案/提案書_final.pptx,京橋信用ソリューションズ株式会社,.pptx,proposal,16.5,"{""path_term_match"": 2.0, ""required_file_type_match"": 3.0, ""route_kind_match"": 1.5, ""identifier_path_match"": 2.0, ""content_bm25"": 8.0}","path_term_match, required_file_type_match, route_kind_match, identifier_path_match, content_bm25",False,True,current_candidate_files_for_question,latest planner.py,high,False
test,51,2,file_7f6ba34feefeb01a,data/raw/share/share/共有ドライブ/プロジェクト/京橋信用ソリューションズ株式会社/00.提案/提案書_v1.pptx,京橋信用ソリューションズ株式会社,.pptx,proposal,16.5,"{""path_term_match"": 2.0, ""required_file_type_match"": 3.0, ""route_kind_match"": 1.5, ""identifier_path_match"": 2.0, ""content_bm25"": 8.0}","path_term_match, required_file_type_match, route_kind_match, identifier_path_match, content_bm25",False,True,current_candidate_files_for_question,latest planner.py,high,False
test,51,3,file_70f9d108e37232bd,data/raw/share/share/共有ドライブ/プロジェクト/医療法人社団 蒼泉会 ひがし丘総合病院/00.提案/提案書.pptx,医療法人社団 蒼泉会 ひがし丘総合病院,.pptx,proposal,16.5,"{""path_term_match"": 2.0, ""required_file_type_match"": 3.0, ""route_kind_match"": 1.5, ""identifier_path_match"": 2.0, ""content_bm25"": 8.0}","path_term_match, required_file_type_match, route_kind_match, identifier_path_match, content_bm25",False,True,current_candidate_files_for_question,latest planner.py,high,False
test,51,4,file_a452ac5e9344e277,data/raw/share/share/共有ドライブ/プロジェクト/株式会社青葉バイオメディカル機器/06.報告書/株式会社青葉バイオメディカル機器_最終報告.pptx,株式会社青葉バイオメディカル機器,.pptx,report,16.5,"{""path_term_match"": 2.0, ""required_file_type_match"": 3.0, ""route_kind_match"": 1.5, ""identifier_path_match"": 2.0, ""content_bm25"": 8.0}","path_term_match, required_file_type_match, route_kind_match, identifier_path_match, content_bm25",False,True,current_candidate_files_for_question,latest planner.py,high,False
test,51,5,file_e7f13ee43ffadf3e,data/raw/share/share/共有ドライブ/プロジェクト/白峰信用リスク評価株式会社/00.提案/提案書.pptx,白峰信用リスク評価株式会社,.pptx,proposal,16.5,"{""path_term_match"": 2.0, ""required_file_type_match"": 3.0, ""route_kind_match"": 1.5, ""identifier_path_match"": 2.0, ""content_bm25"": 8.0}","path_term_match, required_file_type_match, route_kind_match, identifier_path_match, content_bm25",True,True,current_candidate_files_for_question,latest planner.py,high,False
test,51,6,file_d9ecf52ef8521859,data/raw/share/share/共有ドライブ/プロジェクト/白峰信用リスク評価株式会社/00.提案/提案書old.pptx,白峰信用リスク評価株式会社,.pptx,proposal,16.5,"{""path_term_match"": 2.0, ""required_file_type_match"": 3.0, ""route_kind_match"": 1.5, ""identifier_path_match"": 2.0, ""content_bm25"": 8.0}","path_term_match, required_file_type_match, route_kind_match, identifier_path_match, content_bm25",False,True,current_candidate_files_for_question,latest planner.py,high,False
test,51,7,file_e9a98b71c2781a41,data/raw/share/share/共有ドライブ/プロジェクト/白峰信用リスク評価株式会社/06.報告書/白峰信用リスク評価株式会社_最終報告.pptx,白峰信用リスク評価株式会社,.pptx,report,16.5,"{""path_term_match"": 2.0, ""required_file_type_match"": 3.0, ""route_kind_match"": 1.5, ""identifier_path_match"": 2.0, ""content_bm25"": 8.0}","path_term_match, required_file_type_match, route_kind_match, identifier_path_match, content_bm25",False,True,current_candidate_files_for_question,latest planner.py,high,False
test,51,8,file_55b4c40fc1e8e7bc,data/raw/share/share/共有ドライブ/プロジェクト/青葉与信マネジメント株式会社/00.提案/提案書_v1.pptx,青葉与信マネジメント株式会社,.pptx,proposal,16.5,"{""path_term_match"": 2.0, ""required_file_type_match"": 3.0, ""route_kind_match"": 1.5, ""identifier_path_match"": 2.0, ""content_bm25"": 8.0}","path_term_match, required_file_type_match, route_kind_match, identifier_path_match, content_bm25",False,True,current_candidate_files_for_question,latest planner.py,high,False
test,51,9,file_08a9d0fb95bae44c,data/raw/share/share/共有ドライブ/プロジェクト/青葉与信マネジメント株式会社/00.提案/提案書_v2.pptx,青葉与信マネジメント株式会社,.pptx,proposal,16.5,"{""path_term_match"": 2.0, ""required_file_type_match"": 3.0, ""route_kind_match"": 1.5, ""identifier_path_match"": 2.0, ""content_bm25"": 8.0}","path_term_match, required_file_type_match, route_kind_match, identifier_path_match, content_bm25",False,True,current_candidate_files_for_question,latest planner.py,high,False
test,51,10,file_9969b5d674125f4c,data/raw/share/share/共有ドライブ/プロジェクト/青葉与信マネジメント株式会社/00.提案/提案書_v3.pptx,青葉与信マネジメント株式会社,.pptx,proposal,16.5,"{""path_term_match"": 2.0, ""required_file_type_match"": 3.0, ""route_kind_match"": 1.5, ""identifier_path_match"": 2.0, ""content_bm25"": 8.0}","path_term_match, required_file_type_match, route_kind_match, identifier_path_match, content_bm25",False,True,current_candidate_files_for_question,latest planner.py,high,False
test,52,1,file_35dab804db563c49,data/raw/share/share/共有ドライブ/プロジェクト/医療法人社団 蒼樹会 みなみ野女性医療センター/00.提案/提案書.pptx,医療法人社団 蒼樹会 みなみ野女性医療センター,.pptx,proposal,11.5,"{""path_term_match"": 2.0, ""route_kind_match"": 1.5, ""content_bm25"": 8.0}","path_term_match, route_kind_match, content_bm25",False,False,current_candidate_files_for_question,latest planner.py,high,False
test,52,2,file_a61875e51c4e6ba7,data/raw/share/share/共有ドライブ/プロジェクト/医療法人社団 蒼樹会 みなみ野女性医療センター/05.会議/会議録/会議録_2025-04-03.pdf,医療法人社団 蒼樹会 みなみ野女性医療センター,.pdf,meeting,11.5,"{""path_term_match"": 2.0, ""route_kind_match"": 1.5, ""content_bm25"": 8.0}","path_term_match, route_kind_match, content_bm25",False,False,current_candidate_files_for_question,latest planner.py,high,False
test,52,3,file_197352b337f4cbc8,data/raw/share/share/共有ドライブ/プロジェクト/医療法人社団 蒼樹会 みなみ野女性医療センター/05.会議/会議録/会議録_2025-04-24.pdf,医療法人社団 蒼樹会 みなみ野女性医療センター,.pdf,meeting,11.5,"{""path_term_match"": 2.0, ""route_kind_match"": 1.5, ""content_bm25"": 8.0}","path_term_match, route_kind_match, content_bm25",False,False,current_candidate_files_for_question,latest planner.py,high,False
test,52,4,file_ed8004a9eff370bd,data/raw/share/share/共有ドライブ/プロジェクト/医療法人社団 蒼樹会 みなみ野女性医療センター/05.会議/会議録/会議録_2025-05-15.pdf,医療法人社団 蒼樹会 みなみ野女性医療センター,.pdf,meeting,11.5,"{""path_term_match"": 2.0, ""route_kind_match"": 1.5, ""content_bm25"": 8.0}","path_term_match, route_kind_match, content_bm25",False,False,current_candidate_files_for_question,latest planner.py,high,False
test,52,5,file_089d47a29a455478,data/raw/share/share/共有ドライブ/プロジェクト/医療法人社団 蒼樹会 みなみ野女性医療センター/05.会議/報告資料/報告資料_2025-04-03.pdf,医療法人社団 蒼樹会 みなみ野女性医療センター,.pdf,meeting,11.5,"{""path_term_match"": 2.0, ""route_kind_match"": 1.5, ""content_bm25"": 8.0}","path_term_match, route_kind_match, content_bm25",False,False,current_candidate_files_for_question,latest planner.py,high,False
test,52,6,file_552963ebf5a72c62,data/raw/share/share/共有ドライブ/プロジェクト/医療法人社団 蒼樹会 みなみ野女性医療センター/05.会議/報告資料/報告資料_2025-04-24.pdf,医療法人社団 蒼樹会 みなみ野女性医療センター,.pdf,meeting,11.5,"{""path_term_match"": 2.0, ""route_kind_match"": 1.5, ""content_bm25"": 8.0}","path_term_match, route_kind_match, content_bm25",False,False,current_candidate_files_for_question,latest planner.py,high,False
test,52,7,file_20fad7ef35777636,data/raw/share/share/共有ドライブ/プロジェクト/医療法人社団 蒼樹会 みなみ野女性医療センター/06.報告書/医療法人社団 蒼樹会 みなみ野女性医療センター_最終報告.pdf,医療法人社団 蒼樹会 みなみ野女性医療センター,.pdf,report,11.5,"{""path_term_match"": 2.0, ""route_kind_match"": 1.5, ""content_bm25"": 8.0}","path_term_match, route_kind_match, content_bm25",False,False,current_candidate_files_for_question,latest planner.py,high,False
test,52,8,file_6d3070cd9e872c23,data/raw/share/share/共有ドライブ/プロジェクト/医療法人社団 蒼樹会 みなみ野女性医療センター/04.分析/analysis_project/notebooks/01_eda.ipynb,医療法人社団 蒼樹会 みなみ野女性医療センター,.ipynb,analysis,10.0,"{""path_term_match"": 2.0, ""content_bm25"": 8.0}","path_term_match, content_bm25",False,False,current_candidate_files_for_question,latest planner.py,high,False
test,52,9,file_135e8b12ad5af353,data/raw/share/share/共有ドライブ/プロジェクト/医療法人社団 蒼樹会 みなみ野女性医療センター/04.分析/analysis_project/src/common.py,医療法人社団 蒼樹会 みなみ野女性医療センター,.py,analysis,10.0,"{""path_term_match"": 2.0, ""content_bm25"": 8.0}","path_term_match, content_bm25",False,False,current_candidate_files_for_question,latest planner.py,high,False
test,52,10,file_9c265e1ca7bc94dc,data/raw/share/share/共有ドライブ/プロジェクト/医療法人社団 蒼樹会 みなみ野女性医療センター/01.契約/契約書.docx,医療法人社団 蒼樹会 みなみ野女性医療センター,.docx,contract,9.87,"{""path_term_match"": 2.0, ""route_kind_match"": 1.5, ""content_bm25"": 6.369980916471795}","path_term_match, route_kind_match, content_bm25",False,False,current_candidate_files_for_question,latest planner.py,high,False
test,53,1,file_8fb18453764bc6db,data/raw/share/share/共有ドライブ/社内管理/社内用語集.docx,社内管理,.docx,management,9.5,"{""route_kind_match"": 1.5, ""content_bm25"": 8.0}","route_kind_match, content_bm25",False,False,current_candidate_files_for_question,latest planner.py,high,False
test,53,2,file_4fa8d55179bcaeab,data/raw/share/share/共有ドライブ/プロジェクト/株式会社青嶺不動産アセットマネジメント/05.会議/報告資料/報告資料_2025-08-26.pdf,株式会社青嶺不動産アセットマネジメント,.pdf,meeting,8.608,"{""route_kind_match"": 1.5, ""content_bm25"": 7.107980987552638}","route_kind_match, content_bm25",False,False,current_candidate_files_for_question,latest planner.py,high,False
test,53,3,file_2b94fecbbe587f21,data/raw/share/share/共有ドライブ/プロジェクト/株式会社青嶺不動産アセットマネジメント/04.分析/analysis_project/notebooks/01_eda.ipynb,株式会社青嶺不動産アセットマネジメント,.ipynb,analysis,8.0,"{""content_bm25"": 8.0}",content_bm25,False,False,current_candidate_files_for_question,latest planner.py,high,False
test,53,4,file_8f17c170486dd8ad,data/raw/share/share/共有ドライブ/プロジェクト/医療法人社団 蒼泉会 ひがし丘総合病院/04.分析/analysis_project/notebooks/01_eda.ipynb,医療法人社団 蒼泉会 ひがし丘総合病院,.ipynb,analysis,6.9988,"{""content_bm25"": 6.998817826519717}",content_bm25,False,False,current_candidate_files_for_question,latest planner.py,high,False
test,53,5,file_16463dfce5216836,data/raw/share/share/共有ドライブ/プロジェクト/白峰信用リスク評価株式会社/04.分析/analysis_project/notebooks/01_eda.ipynb,白峰信用リスク評価株式会社,.ipynb,analysis,6.6784,"{""content_bm25"": 6.678398336405263}",content_bm25,False,False,current_candidate_files_for_question,latest planner.py,high,False
test,53,6,file_98277b2c749a8460,data/raw/share/share/共有ドライブ/プロジェクト/白峰信用リスク評価株式会社/04.分析/analysis_project/notebooks/01_eda_old.ipynb,白峰信用リスク評価株式会社,.ipynb,analysis,6.6784,"{""content_bm25"": 6.678398336405263}",content_bm25,False,False,current_candidate_files_for_question,latest planner.py,high,False
test,53,7,file_19f178a22d2fdecf,data/raw/share/share/共有ドライブ/プロジェクト/青葉与信マネジメント株式会社/04.分析/analysis_project/notebooks/01_eda.ipynb,青葉与信マネジメント株式会社,.ipynb,analysis,6.6171,"{""content_bm25"": 6.61712699389006}",content_bm25,False,False,current_candidate_files_for_question,latest planner.py,high,False
test,53,8,file_68c8fede4948d806,data/raw/share/share/共有ドライブ/プロジェクト/株式会社青葉バイオメディカル機器/05.会議/報告資料/報告資料_2025-07-11.docx,株式会社青葉バイオメディカル機器,.docx,meeting,5.9267,"{""route_kind_match"": 1.5, ""content_bm25"": 4.426729401707288}","route_kind_match, content_bm25",False,False,current_candidate_files_for_question,latest planner.py,high,False
test,53,9,file_dbc8be5d37bc70da,data/raw/share/share/共有ドライブ/プロジェクト/株式会社東都人材プラットフォーム/04.分析/analysis_project/notebooks/01_eda.ipynb,株式会社東都人材プラットフォーム,.ipynb,analysis,5.7593,"{""content_bm25"": 5.759335176738626}",content_bm25,False,False,current_candidate_files_for_question,latest planner.py,high,False
test,53,10,file_45d248a37508b209,data/raw/share/share/共有ドライブ/プロジェクト/医療法人社団 蒼泉会 ひがし丘総合病院/06.報告書/医療法人社団 蒼泉会 ひがし丘総合病院_最終報告.pdf,医療法人社団 蒼泉会 ひがし丘総合病院,.pdf,report,5.7053,"{""route_kind_match"": 1.5, ""content_bm25"": 4.205261753596148}","route_kind_match, content_bm25",False,False,current_candidate_files_for_question,latest planner.py,high,False
test,54,1,file_d2d39140cef077b8,data/raw/share/share/共有ドライブ/プロジェクト/株式会社青潮モビリティサービス/01.契約/契約書.docx,株式会社青潮モビリティサービス,.docx,contract,17.0,"{""path_term_match"": 2.0, ""required_file_type_match"": 3.0, ""route_kind_match"": 2.0, ""identifier_path_match"": 2.0, ""content_bm25"": 8.0}","path_term_match, required_file_type_match, route_kind_match, identifier_path_match, content_bm25",False,False,current_candidate_files_for_question,latest planner.py,high,False
test,54,2,file_8fb18453764bc6db,data/raw/share/share/共有ドライブ/社内管理/社内用語集.docx,社内管理,.docx,management,16.1237,"{""path_term_match"": 2.0, ""required_file_type_match"": 3.0, ""route_kind_match"": 2.0, ""identifier_path_match"": 2.0, ""content_bm25"": 7.123747643884469}","path_term_match, required_file_type_match, route_kind_match, identifier_path_match, content_bm25",False,False,current_candidate_files_for_question,latest planner.py,high,False
test,54,3,file_1b60b3b08eb2ca46,data/raw/share/share/共有ドライブ/プロジェクト/株式会社青潮モビリティサービス/05.会議/会議録/会議録_2025-07-23.docx,株式会社青潮モビリティサービス,.docx,meeting,14.9874,"{""path_term_match"": 2.0, ""required_file_type_match"": 3.0, ""route_kind_match"": 2.0, ""identifier_path_match"": 2.0, ""content_bm25"": 5.987428673192546}","path_term_match, required_file_type_match, route_kind_match, identifier_path_match, content_bm25",False,False,current_candidate_files_for_question,latest planner.py,high,False
test,54,4,file_79d8609b3c2423a9,data/raw/share/share/共有ドライブ/プロジェクト/株式会社青潮モビリティサービス/05.会議/報告資料/基礎分析.docx,株式会社青潮モビリティサービス,.docx,analysis,14.5415,"{""path_term_match"": 2.0, ""required_file_type_match"": 3.0, ""route_kind_match"": 2.0, ""identifier_path_match"": 2.0, ""content_bm25"": 5.541490539198595}","path_term_match, required_file_type_match, route_kind_match, identifier_path_match, content_bm25",False,False,current_candidate_files_for_question,latest planner.py,high,False
test,54,5,file_591a79dbe934438c,data/raw/share/share/共有ドライブ/プロジェクト/株式会社青潮モビリティサービス/00.提案/提案書.pptx,株式会社青潮モビリティサービス,.pptx,proposal,14.0,"{""path_term_match"": 2.0, ""route_kind_match"": 2.0, ""identifier_path_match"": 2.0, ""content_bm25"": 8.0}","path_term_match, route_kind_match, identifier_path_match, content_bm25",False,False,current_candidate_files_for_question,latest planner.py,high,False
test,54,6,file_ef6b3d40c6cbf84f,data/raw/share/share/共有ドライブ/プロジェクト/青葉与信マネジメント株式会社/05.会議/報告資料/報告資料_2025-04-09.docx,青葉与信マネジメント株式会社,.docx,meeting,12.7049,"{""path_term_match"": 2.0, ""required_file_type_match"": 3.0, ""route_kind_match"": 2.0, ""identifier_path_match"": 2.0, ""content_bm25"": 3.7048535739688817}","path_term_match, required_file_type_match, route_kind_match, identifier_path_match, content_bm25",False,False,current_candidate_files_for_question,latest planner.py,high,False
test,54,7,file_69289dcd3ecabac0,data/raw/share/share/共有ドライブ/プロジェクト/株式会社東都人材プラットフォーム/00.提案/データサイエンティスト調査.docx,株式会社東都人材プラットフォーム,.docx,proposal,12.5797,"{""path_term_match"": 2.0, ""required_file_type_match"": 3.0, ""route_kind_match"": 2.0, ""identifier_path_match"": 2.0, ""content_bm25"": 3.579715315718275}","path_term_match, required_file_type_match, route_kind_match, identifier_path_match, content_bm25",False,False,current_candidate_files_for_question,latest planner.py,high,False
test,54,8,file_f744d2ce7a347ad2,data/raw/share/share/共有ドライブ/プロジェクト/株式会社青潮モビリティサービス/04.分析/analysis_project/notebooks/01_eda.ipynb,株式会社青潮モビリティサービス,.ipynb,analysis,12.0,"{""path_term_match"": 2.0, ""identifier_path_match"": 2.0, ""content_bm25"": 8.0}","path_term_match, identifier_path_match, content_bm25",False,False,current_candidate_files_for_question,latest planner.py,high,False
test,54,9,file_df354aa2e9d84942,data/raw/share/share/共有ドライブ/プロジェクト/株式会社青潮モビリティサービス/04.分析/analysis_project/scripts/bootstrap_env.py,株式会社青潮モビリティサービス,.py,analysis,12.0,"{""path_term_match"": 2.0, ""identifier_path_match"": 2.0, ""content_bm25"": 8.0}","path_term_match, identifier_path_match, content_bm25",False,False,current_candidate_files_for_question,latest planner.py,high,False
test,54,10,file_1cf70ef05079b6ea,data/raw/share/share/共有ドライブ/プロジェクト/株式会社青潮モビリティサービス/04.分析/analysis_project/src/common.py,株式会社青潮モビリティサービス,.py,analysis,12.0,"{""path_term_match"": 2.0, ""identifier_path_match"": 2.0, ""content_bm25"": 8.0}","path_term_match, identifier_path_match, content_bm25",False,False,current_candidate_files_for_question,latest planner.py,high,False
test,55,1,file_dfcdb508120d023c,data/raw/share/share/共有ドライブ/プロジェクト/京橋信用ソリューションズ株式会社/06.報告書/京橋信用ソリューションズ株式会社_最終報告.pptx,京橋信用ソリューションズ株式会社,.pptx,report,11.5,"{""path_term_match"": 2.0, ""route_kind_match"": 1.5, ""content_bm25"": 8.0}","path_term_match, route_kind_match, content_bm25",False,False,current_candidate_files_for_question,latest planner.py,high,False
test,55,2,file_cc8e97e3d637960f,data/raw/share/share/共有ドライブ/プロジェクト/医療法人社団 恒一会 かえで総合病院/06.報告書/医療法人社団 恒一会 かえで総合病院_最終報告.pptx,医療法人社団 恒一会 かえで総合病院,.pptx,report,11.5,"{""path_term_match"": 2.0, ""route_kind_match"": 1.5, ""content_bm25"": 8.0}","path_term_match, route_kind_match, content_bm25",False,False,current_candidate_files_for_question,latest planner.py,high,False
test,55,3,file_c2047ca2e1b6baa2,data/raw/share/share/共有ドライブ/プロジェクト/医療法人社団 恒一会 かえで総合病院/06.報告書/医療法人社団 恒一会 かえで総合病院_最終報告_old.pptx,医療法人社団 恒一会 かえで総合病院,.pptx,report,11.5,"{""path_term_match"": 2.0, ""route_kind_match"": 1.5, ""content_bm25"": 8.0}","path_term_match, route_kind_match, content_bm25",False,False,current_candidate_files_for_question,latest planner.py,high,False
test,55,4,file_35dab804db563c49,data/raw/share/share/共有ドライブ/プロジェクト/医療法人社団 蒼樹会 みなみ野女性医療センター/00.提案/提案書.pptx,医療法人社団 蒼樹会 みなみ野女性医療センター,.pptx,proposal,11.5,"{""path_term_match"": 2.0, ""route_kind_match"": 1.5, ""content_bm25"": 8.0}","path_term_match, route_kind_match, content_bm25",False,False,current_candidate_files_for_question,latest planner.py,high,False
test,55,5,file_45d248a37508b209,data/raw/share/share/共有ドライブ/プロジェクト/医療法人社団 蒼泉会 ひがし丘総合病院/06.報告書/医療法人社団 蒼泉会 ひがし丘総合病院_最終報告.pdf,医療法人社団 蒼泉会 ひがし丘総合病院,.pdf,report,11.5,"{""path_term_match"": 2.0, ""route_kind_match"": 1.5, ""content_bm25"": 8.0}","path_term_match, route_kind_match, content_bm25",False,False,current_candidate_files_for_question,latest planner.py,high,False
test,55,6,file_ef106a562ea6c4f4,data/raw/share/share/共有ドライブ/プロジェクト/株式会社青嶺不動産アセットマネジメント/00.提案/ニューヨーク不動産市場の最新動向調査.pdf,株式会社青嶺不動産アセットマネジメント,.pdf,proposal,11.5,"{""path_term_match"": 2.0, ""route_kind_match"": 1.5, ""content_bm25"": 8.0}","path_term_match, route_kind_match, content_bm25",False,False,current_candidate_files_for_question,latest planner.py,high,False
test,55,7,file_4fa8d55179bcaeab,data/raw/share/share/共有ドライブ/プロジェクト/株式会社青嶺不動産アセットマネジメント/05.会議/報告資料/報告資料_2025-08-26.pdf,株式会社青嶺不動産アセットマネジメント,.pdf,meeting,11.5,"{""path_term_match"": 2.0, ""route_kind_match"": 1.5, ""content_bm25"": 8.0}","path_term_match, route_kind_match, content_bm25",False,False,current_candidate_files_for_question,latest planner.py,high,False
test,55,8,file_04ff0c1d08714623,data/raw/share/share/共有ドライブ/プロジェクト/医療法人社団 蒼泉会 ひがし丘総合病院/05.会議/報告資料/報告資料_2025-07-08.docx,医療法人社団 蒼泉会 ひがし丘総合病院,.docx,meeting,10.7406,"{""path_term_match"": 2.0, ""route_kind_match"": 1.5, ""content_bm25"": 7.2406330042707845}","path_term_match, route_kind_match, content_bm25",False,False,current_candidate_files_for_question,latest planner.py,high,False
test,55,9,file_55b4c40fc1e8e7bc,data/raw/share/share/共有ドライブ/プロジェクト/青葉与信マネジメント株式会社/00.提案/提案書_v1.pptx,青葉与信マネジメント株式会社,.pptx,proposal,10.5942,"{""path_term_match"": 2.0, ""route_kind_match"": 1.5, ""content_bm25"": 7.0941746312367435}","path_term_match, route_kind_match, content_bm25",False,False,current_candidate_files_for_question,latest planner.py,high,False
test,55,10,file_08a9d0fb95bae44c,data/raw/share/share/共有ドライブ/プロジェクト/青葉与信マネジメント株式会社/00.提案/提案書_v2.pptx,青葉与信マネジメント株式会社,.pptx,proposal,10.5942,"{""path_term_match"": 2.0, ""route_kind_match"": 1.5, ""content_bm25"": 7.0941746312367435}","path_term_match, route_kind_match, content_bm25",False,False,current_candidate_files_for_question,latest planner.py,high,False
test,56,1,file_85e62a06cafe5ae7,data/raw/share/share/共有ドライブ/プロジェクト/医療法人社団 恒一会 かえで総合病院/04.分析/analysis_project/notebooks/01_eda.ipynb,医療法人社団 恒一会 かえで総合病院,.ipynb,analysis,18.0,"{""path_term_match"": 2.0, ""required_file_type_match"": 3.0, ""route_kind_match"": 3.0, ""identifier_path_match"": 2.0, ""content_bm25"": 8.0}","path_term_match, required_file_type_match, route_kind_match, identifier_path_match, content_bm25",False,True,current_candidate_files_for_question,latest planner.py,high,False
test,56,2,file_8f17c170486dd8ad,data/raw/share/share/共有ドライブ/プロジェクト/医療法人社団 蒼泉会 ひがし丘総合病院/04.分析/analysis_project/notebooks/01_eda.ipynb,医療法人社団 蒼泉会 ひがし丘総合病院,.ipynb,analysis,18.0,"{""path_term_match"": 2.0, ""required_file_type_match"": 3.0, ""route_kind_match"": 3.0, ""identifier_path_match"": 2.0, ""content_bm25"": 8.0}","path_term_match, required_file_type_match, route_kind_match, identifier_path_match, content_bm25",True,True,current_candidate_files_for_question,latest planner.py,high,False
test,56,3,file_579c32eaa9af85b5,data/raw/share/share/共有ドライブ/プロジェクト/医療法人社団 蒼泉会 ひがし丘総合病院/04.分析/analysis_project/src/preprocess.py,医療法人社団 蒼泉会 ひがし丘総合病院,.py,analysis,18.0,"{""path_term_match"": 2.0, ""required_file_type_match"": 3.0, ""route_kind_match"": 3.0, ""identifier_path_match"": 2.0, ""content_bm25"": 8.0}","path_term_match, required_file_type_match, route_kind_match, identifier_path_match, content_bm25",False,True,current_candidate_files_for_question,latest planner.py,high,False
test,56,4,file_1ddd5673cb55da27,data/raw/share/share/共有ドライブ/プロジェクト/医療法人社団 蒼泉会 ひがし丘総合病院/04.分析/analysis_project/src/common.py,医療法人社団 蒼泉会 ひがし丘総合病院,.py,analysis,13.1444,"{""path_term_match"": 2.0, ""required_file_type_match"": 3.0, ""route_kind_match"": 3.0, ""identifier_path_match"": 2.0, ""content_bm25"": 3.1444386221795}","path_term_match, required_file_type_match, route_kind_match, identifier_path_match, content_bm25",False,True,current_candidate_files_for_question,latest planner.py,high,False
test,56,5,file_0783e32af794bbe2,data/raw/share/share/共有ドライブ/プロジェクト/京橋信用ソリューションズ株式会社/04.分析/analysis_project/notebooks/01_eda.ipynb,京橋信用ソリューションズ株式会社,.ipynb,analysis,10.0,"{""path_term_match"": 2.0, ""required_file_type_match"": 3.0, ""route_kind_match"": 3.0, ""identifier_path_match"": 2.0}","path_term_match, required_file_type_match, route_kind_match, identifier_path_match",False,True,current_candidate_files_for_question,latest planner.py,high,False
test,56,6,file_3aefd3a41f06070a,data/raw/share/share/共有ドライブ/プロジェクト/京橋信用ソリューションズ株式会社/04.分析/analysis_project/scripts/bootstrap_env.py,京橋信用ソリューションズ株式会社,.py,analysis,10.0,"{""path_term_match"": 2.0, ""required_file_type_match"": 3.0, ""route_kind_match"": 3.0, ""identifier_path_match"": 2.0}","path_term_match, required_file_type_match, route_kind_match, identifier_path_match",False,True,current_candidate_files_for_question,latest planner.py,high,False
test,56,7,file_cdf6e3c6d8adf706,data/raw/share/share/共有ドライブ/プロジェクト/京橋信用ソリューションズ株式会社/04.分析/analysis_project/scripts/run_train.py,京橋信用ソリューションズ株式会社,.py,data,10.0,"{""path_term_match"": 2.0, ""required_file_type_match"": 3.0, ""route_kind_match"": 3.0, ""identifier_path_match"": 2.0}","path_term_match, required_file_type_match, route_kind_match, identifier_path_match",False,True,current_candidate_files_for_question,latest planner.py,high,False
test,56,8,file_a1d93bc4807130f0,data/raw/share/share/共有ドライブ/プロジェクト/京橋信用ソリューションズ株式会社/04.分析/analysis_project/src/__init__.py,京橋信用ソリューションズ株式会社,.py,analysis,10.0,"{""path_term_match"": 2.0, ""required_file_type_match"": 3.0, ""route_kind_match"": 3.0, ""identifier_path_match"": 2.0}","path_term_match, required_file_type_match, route_kind_match, identifier_path_match",False,True,current_candidate_files_for_question,latest planner.py,high,False
test,56,9,file_f19b300bf59d72b5,data/raw/share/share/共有ドライブ/プロジェクト/京橋信用ソリューションズ株式会社/04.分析/analysis_project/src/common.py,京橋信用ソリューションズ株式会社,.py,analysis,10.0,"{""path_term_match"": 2.0, ""required_file_type_match"": 3.0, ""route_kind_match"": 3.0, ""identifier_path_match"": 2.0}","path_term_match, required_file_type_match, route_kind_match, identifier_path_match",False,True,current_candidate_files_for_question,latest planner.py,high,False
test,56,10,file_2c489d4023671820,data/raw/share/share/共有ドライブ/プロジェクト/京橋信用ソリューションズ株式会社/04.分析/analysis_project/src/eda.py,京橋信用ソリューションズ株式会社,.py,analysis,10.0,"{""path_term_match"": 2.0, ""required_file_type_match"": 3.0, ""route_kind_match"": 3.0, ""identifier_path_match"": 2.0}","path_term_match, required_file_type_match, route_kind_match, identifier_path_match",False,True,current_candidate_files_for_question,latest planner.py,high,False
test,57,1,file_1aff1b560a3f2e24,data/raw/share/share/共有ドライブ/プロジェクト/京橋信用ソリューションズ株式会社/00.提案/提案書_final.pptx,京橋信用ソリューションズ株式会社,.pptx,proposal,10.0,"{""path_term_match"": 2.0, ""content_bm25"": 8.0}","path_term_match, content_bm25",False,True,current_candidate_files_for_question,latest planner.py,high,False
test,57,2,file_7f6ba34feefeb01a,data/raw/share/share/共有ドライブ/プロジェクト/京橋信用ソリューションズ株式会社/00.提案/提案書_v1.pptx,京橋信用ソリューションズ株式会社,.pptx,proposal,10.0,"{""path_term_match"": 2.0, ""content_bm25"": 8.0}","path_term_match, content_bm25",False,True,current_candidate_files_for_question,latest planner.py,high,False
test,57,3,file_cc8e97e3d637960f,data/raw/share/share/共有ドライブ/プロジェクト/医療法人社団 恒一会 かえで総合病院/06.報告書/医療法人社団 恒一会 かえで総合病院_最終報告.pptx,医療法人社団 恒一会 かえで総合病院,.pptx,report,10.0,"{""path_term_match"": 2.0, ""content_bm25"": 8.0}","path_term_match, content_bm25",False,True,current_candidate_files_for_question,latest planner.py,high,False
test,57,4,file_c2047ca2e1b6baa2,data/raw/share/share/共有ドライブ/プロジェクト/医療法人社団 恒一会 かえで総合病院/06.報告書/医療法人社団 恒一会 かえで総合病院_最終報告_old.pptx,医療法人社団 恒一会 かえで総合病院,.pptx,report,10.0,"{""path_term_match"": 2.0, ""content_bm25"": 8.0}","path_term_match, content_bm25",False,True,current_candidate_files_for_question,latest planner.py,high,False
test,57,5,file_be1cc2431b394277,data/raw/share/share/共有ドライブ/プロジェクト/株式会社東都人材プラットフォーム/06.報告書/株式会社東都人材プラットフォーム_最終報告.pptx,株式会社東都人材プラットフォーム,.pptx,report,10.0,"{""path_term_match"": 2.0, ""content_bm25"": 8.0}","path_term_match, content_bm25",False,True,current_candidate_files_for_question,latest planner.py,high,False
test,57,6,file_dfcdb508120d023c,data/raw/share/share/共有ドライブ/プロジェクト/京橋信用ソリューションズ株式会社/06.報告書/京橋信用ソリューションズ株式会社_最終報告.pptx,京橋信用ソリューションズ株式会社,.pptx,report,8.7475,"{""path_term_match"": 2.0, ""content_bm25"": 6.7474955314978935}","path_term_match, content_bm25",False,True,current_candidate_files_for_question,latest planner.py,high,False
test,57,7,file_d72ac8163b01ef72,data/raw/share/share/共有ドライブ/プロジェクト/医療法人社団 恒一会 かえで総合病院/00.提案/提案書.pptx,医療法人社団 恒一会 かえで総合病院,.pptx,proposal,8.5017,"{""path_term_match"": 2.0, ""content_bm25"": 6.501679511254142}","path_term_match, content_bm25",False,True,current_candidate_files_for_question,latest planner.py,high,False
test,57,8,file_8fd0e20487420b74,data/raw/share/share/共有ドライブ/プロジェクト/京橋信用ソリューションズ株式会社/03.データ/train.csv,京橋信用ソリューションズ株式会社,.csv,data,8.0,"{""path_term_match"": 2.0, ""required_file_type_match"": 3.0, ""route_kind_match"": 3.0}","path_term_match, required_file_type_match, route_kind_match",False,True,current_candidate_files_for_question,latest planner.py,high,False
test,57,9,file_4fe0dd886c669e57,data/raw/share/share/共有ドライブ/プロジェクト/医療法人社団 恒一会 かえで総合病院/03.データ/train.csv,医療法人社団 恒一会 かえで総合病院,.csv,data,8.0,"{""path_term_match"": 2.0, ""required_file_type_match"": 3.0, ""route_kind_match"": 3.0}","path_term_match, required_file_type_match, route_kind_match",False,True,current_candidate_files_for_question,latest planner.py,high,False
test,57,10,file_6bae87759176c513,data/raw/share/share/共有ドライブ/プロジェクト/医療法人社団 恒一会 かえで総合病院/03.データ/train.xlsx,医療法人社団 恒一会 かえで総合病院,.xlsx,data,8.0,"{""path_term_match"": 2.0, ""required_file_type_match"": 3.0, ""route_kind_match"": 3.0}","path_term_match, required_file_type_match, route_kind_match",False,True,current_candidate_files_for_question,latest planner.py,high,False
test,58,1,file_8fb18453764bc6db,data/raw/share/share/共有ドライブ/社内管理/社内用語集.docx,社内管理,.docx,management,11.5,"{""path_term_match"": 2.0, ""route_kind_match"": 1.5, ""content_bm25"": 8.0}","path_term_match, route_kind_match, content_bm25",False,True,current_candidate_files_for_question,latest planner.py,high,False
test,58,2,file_ef106a562ea6c4f4,data/raw/share/share/共有ドライブ/プロジェクト/株式会社青嶺不動産アセットマネジメント/00.提案/ニューヨーク不動産市場の最新動向調査.pdf,株式会社青嶺不動産アセットマネジメント,.pdf,proposal,9.5,"{""route_kind_match"": 1.5, ""content_bm25"": 8.0}","route_kind_match, content_bm25",False,True,current_candidate_files_for_question,latest planner.py,high,False
test,58,3,file_e1689b021af39776,data/raw/share/share/共有ドライブ/社内管理/データアステル社内規定_パスワード導出規則.docx,社内管理,.docx,management,8.7026,"{""path_term_match"": 2.0, ""route_kind_match"": 1.5, ""content_bm25"": 5.202579937269114}","path_term_match, route_kind_match, content_bm25",False,True,current_candidate_files_for_question,latest planner.py,high,False
test,58,4,file_d72ac8163b01ef72,data/raw/share/share/共有ドライブ/プロジェクト/医療法人社団 恒一会 かえで総合病院/00.提案/提案書.pptx,医療法人社団 恒一会 かえで総合病院,.pptx,proposal,7.8314,"{""path_term_match"": 2.0, ""route_kind_match"": 1.5, ""content_bm25"": 4.331435768677691}","path_term_match, route_kind_match, content_bm25",False,True,current_candidate_files_for_question,latest planner.py,high,False
test,58,5,file_69289dcd3ecabac0,data/raw/share/share/共有ドライブ/プロジェクト/株式会社東都人材プラットフォーム/00.提案/データサイエンティスト調査.docx,株式会社東都人材プラットフォーム,.docx,proposal,7.8186,"{""path_term_match"": 2.0, ""route_kind_match"": 1.5, ""content_bm25"": 4.318596758369152}","path_term_match, route_kind_match, content_bm25",False,True,current_candidate_files_for_question,latest planner.py,high,False
test,58,6,file_cc8e97e3d637960f,data/raw/share/share/共有ドライブ/プロジェクト/医療法人社団 恒一会 かえで総合病院/06.報告書/医療法人社団 恒一会 かえで総合病院_最終報告.pptx,医療法人社団 恒一会 かえで総合病院,.pptx,report,7.8138,"{""path_term_match"": 2.0, ""route_kind_match"": 1.5, ""content_bm25"": 4.3137639052091865}","path_term_match, route_kind_match, content_bm25",False,True,current_candidate_files_for_question,latest planner.py,high,False
test,58,7,file_c2047ca2e1b6baa2,data/raw/share/share/共有ドライブ/プロジェクト/医療法人社団 恒一会 かえで総合病院/06.報告書/医療法人社団 恒一会 かえで総合病院_最終報告_old.pptx,医療法人社団 恒一会 かえで総合病院,.pptx,report,7.8081,"{""path_term_match"": 2.0, ""route_kind_match"": 1.5, ""content_bm25"": 4.3081457577688465}","path_term_match, route_kind_match, content_bm25",False,True,current_candidate_files_for_question,latest planner.py,high,False
test,58,8,file_3214e231bd5034de,data/raw/share/share/共有ドライブ/プロジェクト/医療法人社団 恒一会 かえで総合病院/05.会議/報告資料/報告資料_2025-09-16.docx,医療法人社団 恒一会 かえで総合病院,.docx,meeting,7.0462,"{""path_term_match"": 2.0, ""route_kind_match"": 1.5, ""content_bm25"": 3.5461785340468697}","path_term_match, route_kind_match, content_bm25",False,True,current_candidate_files_for_question,latest planner.py,high,False
test,58,9,file_be1cc2431b394277,data/raw/share/share/共有ドライブ/プロジェクト/株式会社東都人材プラットフォーム/06.報告書/株式会社東都人材プラットフォーム_最終報告.pptx,株式会社東都人材プラットフォーム,.pptx,report,6.9943,"{""path_term_match"": 2.0, ""route_kind_match"": 1.5, ""content_bm25"": 3.494330936393463}","path_term_match, route_kind_match, content_bm25",False,True,current_candidate_files_for_question,latest planner.py,high,False
test,58,10,file_8e7f976c6bf62fb6,data/raw/share/share/共有ドライブ/プロジェクト/株式会社東都人材プラットフォーム/00.提案/提案書.pptx,株式会社東都人材プラットフォーム,.pptx,proposal,6.9237,"{""path_term_match"": 2.0, ""route_kind_match"": 1.5, ""content_bm25"": 3.4237402456919535}","path_term_match, route_kind_match, content_bm25",False,True,current_candidate_files_for_question,latest planner.py,high,False
test,59,1,file_55b4c40fc1e8e7bc,data/raw/share/share/共有ドライブ/プロジェクト/青葉与信マネジメント株式会社/00.提案/提案書_v1.pptx,青葉与信マネジメント株式会社,.pptx,proposal,14.2703,"{""path_term_match"": 2.0, ""required_file_type_match"": 3.0, ""route_kind_match"": 1.5, ""identifier_path_match"": 2.0, ""content_bm25"": 5.770251723414285}","path_term_match, required_file_type_match, route_kind_match, identifier_path_match, content_bm25",False,False,current_candidate_files_for_question,latest planner.py,high,False
test,59,2,file_08a9d0fb95bae44c,data/raw/share/share/共有ドライブ/プロジェクト/青葉与信マネジメント株式会社/00.提案/提案書_v2.pptx,青葉与信マネジメント株式会社,.pptx,proposal,14.2582,"{""path_term_match"": 2.0, ""required_file_type_match"": 3.0, ""route_kind_match"": 1.5, ""identifier_path_match"": 2.0, ""content_bm25"": 5.758245611585377}","path_term_match, required_file_type_match, route_kind_match, identifier_path_match, content_bm25",False,False,current_candidate_files_for_question,latest planner.py,high,False
test,59,3,file_9969b5d674125f4c,data/raw/share/share/共有ドライブ/プロジェクト/青葉与信マネジメント株式会社/00.提案/提案書_v3.pptx,青葉与信マネジメント株式会社,.pptx,proposal,14.2582,"{""path_term_match"": 2.0, ""required_file_type_match"": 3.0, ""route_kind_match"": 1.5, ""identifier_path_match"": 2.0, ""content_bm25"": 5.758245611585377}","path_term_match, required_file_type_match, route_kind_match, identifier_path_match, content_bm25",False,False,current_candidate_files_for_question,latest planner.py,high,False
test,59,4,file_a452ac5e9344e277,data/raw/share/share/共有ドライブ/プロジェクト/株式会社青葉バイオメディカル機器/06.報告書/株式会社青葉バイオメディカル機器_最終報告.pptx,株式会社青葉バイオメディカル機器,.pptx,report,14.0967,"{""path_term_match"": 2.0, ""required_file_type_match"": 3.0, ""route_kind_match"": 1.5, ""identifier_path_match"": 2.0, ""content_bm25"": 5.596712872107948}","path_term_match, required_file_type_match, route_kind_match, identifier_path_match, content_bm25",False,False,current_candidate_files_for_question,latest planner.py,high,False
test,59,5,file_1aff1b560a3f2e24,data/raw/share/share/共有ドライブ/プロジェクト/京橋信用ソリューションズ株式会社/00.提案/提案書_final.pptx,京橋信用ソリューションズ株式会社,.pptx,proposal,13.2322,"{""path_term_match"": 2.0, ""required_file_type_match"": 3.0, ""route_kind_match"": 1.5, ""identifier_path_match"": 2.0, ""content_bm25"": 4.732171626296056}","path_term_match, required_file_type_match, route_kind_match, identifier_path_match, content_bm25",False,False,current_candidate_files_for_question,latest planner.py,high,False
test,59,6,file_7f6ba34feefeb01a,data/raw/share/share/共有ドライブ/プロジェクト/京橋信用ソリューションズ株式会社/00.提案/提案書_v1.pptx,京橋信用ソリューションズ株式会社,.pptx,proposal,13.2322,"{""path_term_match"": 2.0, ""required_file_type_match"": 3.0, ""route_kind_match"": 1.5, ""identifier_path_match"": 2.0, ""content_bm25"": 4.732171626296056}","path_term_match, required_file_type_match, route_kind_match, identifier_path_match, content_bm25",False,False,current_candidate_files_for_question,latest planner.py,high,False
test,59,7,file_ef106a562ea6c4f4,data/raw/share/share/共有ドライブ/プロジェクト/株式会社青嶺不動産アセットマネジメント/00.提案/ニューヨーク不動産市場の最新動向調査.pdf,株式会社青嶺不動産アセットマネジメント,.pdf,proposal,12.5,"{""required_file_type_match"": 3.0, ""route_kind_match"": 1.5, ""content_bm25"": 8.0}","required_file_type_match, route_kind_match, content_bm25",False,False,current_candidate_files_for_question,latest planner.py,high,False
test,59,8,file_16c34387f25d4280,data/raw/share/share/共有ドライブ/プロジェクト/青葉与信マネジメント株式会社/06.報告書/青葉与信マネジメント株式会社_最終報告.pptx,青葉与信マネジメント株式会社,.pptx,report,12.1512,"{""path_term_match"": 2.0, ""required_file_type_match"": 3.0, ""route_kind_match"": 1.5, ""identifier_path_match"": 2.0, ""content_bm25"": 3.6511723186024487}","path_term_match, required_file_type_match, route_kind_match, identifier_path_match, content_bm25",False,False,current_candidate_files_for_question,latest planner.py,high,False
test,59,9,file_9988c3de981d5347,data/raw/share/share/共有ドライブ/プロジェクト/青葉与信マネジメント株式会社/06.報告書/old/青葉与信マネジメント株式会社_最終報告.pptx,青葉与信マネジメント株式会社,.pptx,report,12.1462,"{""path_term_match"": 2.0, ""required_file_type_match"": 3.0, ""route_kind_match"": 1.5, ""identifier_path_match"": 2.0, ""content_bm25"": 3.6461672217782666}","path_term_match, required_file_type_match, route_kind_match, identifier_path_match, content_bm25",False,False,current_candidate_files_for_question,latest planner.py,high,False
test,59,10,file_cc8e97e3d637960f,data/raw/share/share/共有ドライブ/プロジェクト/医療法人社団 恒一会 かえで総合病院/06.報告書/医療法人社団 恒一会 かえで総合病院_最終報告.pptx,医療法人社団 恒一会 かえで総合病院,.pptx,report,11.934,"{""path_term_match"": 2.0, ""required_file_type_match"": 3.0, ""route_kind_match"": 1.5, ""identifier_path_match"": 2.0, ""content_bm25"": 3.4339681308968233}","path_term_match, required_file_type_match, route_kind_match, identifier_path_match, content_bm25",False,False,current_candidate_files_for_question,latest planner.py,high,False
test,60,1,file_e7f13ee43ffadf3e,data/raw/share/share/共有ドライブ/プロジェクト/白峰信用リスク評価株式会社/00.提案/提案書.pptx,白峰信用リスク評価株式会社,.pptx,proposal,11.5,"{""path_term_match"": 2.0, ""route_kind_match"": 1.5, ""content_bm25"": 8.0}","path_term_match, route_kind_match, content_bm25",False,True,current_candidate_files_for_question,latest planner.py,high,False
test,60,2,file_d9ecf52ef8521859,data/raw/share/share/共有ドライブ/プロジェクト/白峰信用リスク評価株式会社/00.提案/提案書old.pptx,白峰信用リスク評価株式会社,.pptx,proposal,11.5,"{""path_term_match"": 2.0, ""route_kind_match"": 1.5, ""content_bm25"": 8.0}","path_term_match, route_kind_match, content_bm25",False,True,current_candidate_files_for_question,latest planner.py,high,False
test,60,3,file_9c46c0c931d6f658,data/raw/share/share/共有ドライブ/プロジェクト/白峰信用リスク評価株式会社/05.会議/報告資料/報告資料_2025-05-13.pdf,白峰信用リスク評価株式会社,.pdf,meeting,11.5,"{""path_term_match"": 2.0, ""route_kind_match"": 1.5, ""content_bm25"": 8.0}","path_term_match, route_kind_match, content_bm25",False,True,current_candidate_files_for_question,latest planner.py,high,False
test,60,4,file_53aee60321c9a309,data/raw/share/share/共有ドライブ/プロジェクト/白峰信用リスク評価株式会社/05.会議/報告資料/報告資料_2025-05-27.pdf,白峰信用リスク評価株式会社,.pdf,meeting,11.5,"{""path_term_match"": 2.0, ""route_kind_match"": 1.5, ""content_bm25"": 8.0}","path_term_match, route_kind_match, content_bm25",False,True,current_candidate_files_for_question,latest planner.py,high,False
test,60,5,file_9b5cea127e90dd59,data/raw/share/share/共有ドライブ/プロジェクト/白峰信用リスク評価株式会社/05.会議/報告資料/報告資料_2025-06-17.pdf,白峰信用リスク評価株式会社,.pdf,meeting,11.5,"{""path_term_match"": 2.0, ""route_kind_match"": 1.5, ""content_bm25"": 8.0}","path_term_match, route_kind_match, content_bm25",False,True,current_candidate_files_for_question,latest planner.py,high,False
test,60,6,file_e9a98b71c2781a41,data/raw/share/share/共有ドライブ/プロジェクト/白峰信用リスク評価株式会社/06.報告書/白峰信用リスク評価株式会社_最終報告.pptx,白峰信用リスク評価株式会社,.pptx,report,11.5,"{""path_term_match"": 2.0, ""route_kind_match"": 1.5, ""content_bm25"": 8.0}","path_term_match, route_kind_match, content_bm25",True,True,current_candidate_files_for_question,latest planner.py,high,False
test,60,7,file_dfcdb508120d023c,data/raw/share/share/共有ドライブ/プロジェクト/京橋信用ソリューションズ株式会社/06.報告書/京橋信用ソリューションズ株式会社_最終報告.pptx,京橋信用ソリューションズ株式会社,.pptx,report,11.4101,"{""path_term_match"": 2.0, ""route_kind_match"": 1.5, ""content_bm25"": 7.91014072985786}","path_term_match, route_kind_match, content_bm25",False,True,current_candidate_files_for_question,latest planner.py,high,False
test,60,8,file_4fa8d55179bcaeab,data/raw/share/share/共有ドライブ/プロジェクト/株式会社青嶺不動産アセットマネジメント/05.会議/報告資料/報告資料_2025-08-26.pdf,株式会社青嶺不動産アセットマネジメント,.pdf,meeting,10.9966,"{""path_term_match"": 2.0, ""route_kind_match"": 1.5, ""content_bm25"": 7.496606041724634}","path_term_match, route_kind_match, content_bm25",False,True,current_candidate_files_for_question,latest planner.py,high,False
test,60,9,file_5ad86df755747585,data/raw/share/share/共有ドライブ/プロジェクト/京橋信用ソリューションズ株式会社/05.会議/会議録/会議録_2025-10-29.pdf,京橋信用ソリューションズ株式会社,.pdf,meeting,10.0623,"{""path_term_match"": 2.0, ""route_kind_match"": 1.5, ""content_bm25"": 6.562313492150757}","path_term_match, route_kind_match, content_bm25",False,True,current_candidate_files_for_question,latest planner.py,high,False
test,60,10,file_ef6b3d40c6cbf84f,data/raw/share/share/共有ドライブ/プロジェクト/青葉与信マネジメント株式会社/05.会議/報告資料/報告資料_2025-04-09.docx,青葉与信マネジメント株式会社,.docx,meeting,9.6592,"{""path_term_match"": 2.0, ""route_kind_match"": 1.5, ""content_bm25"": 6.1592386530631265}","path_term_match, route_kind_match, content_bm25",False,True,current_candidate_files_for_question,latest planner.py,high,False
test,61,1,file_fb2ee3796a98596f,data/raw/share/share/共有ドライブ/プロジェクト/京橋信用ソリューションズ株式会社/04.分析/analysis_project/src/modeling.py,京橋信用ソリューションズ株式会社,.py,analysis,13.8188,"{""path_term_match"": 2.0, ""required_file_type_match"": 3.0, ""route_kind_match"": 3.0, ""content_bm25"": 5.8187866273112885}","path_term_match, required_file_type_match, route_kind_match, content_bm25",False,False,current_candidate_files_for_question,latest planner.py,high,False
test,61,2,file_1aff1b560a3f2e24,data/raw/share/share/共有ドライブ/プロジェクト/京橋信用ソリューションズ株式会社/00.提案/提案書_final.pptx,京橋信用ソリューションズ株式会社,.pptx,proposal,10.0,"{""path_term_match"": 2.0, ""content_bm25"": 8.0}","path_term_match, content_bm25",False,False,current_candidate_files_for_question,latest planner.py,high,False
test,61,3,file_7f6ba34feefeb01a,data/raw/share/share/共有ドライブ/プロジェクト/京橋信用ソリューションズ株式会社/00.提案/提案書_v1.pptx,京橋信用ソリューションズ株式会社,.pptx,proposal,10.0,"{""path_term_match"": 2.0, ""content_bm25"": 8.0}","path_term_match, content_bm25",False,False,current_candidate_files_for_question,latest planner.py,high,False
test,61,4,file_d0e5ce038fcc828c,data/raw/share/share/共有ドライブ/プロジェクト/京橋信用ソリューションズ株式会社/05.会議/会議録/会議録_2025-10-01.pdf,京橋信用ソリューションズ株式会社,.pdf,meeting,10.0,"{""path_term_match"": 2.0, ""content_bm25"": 8.0}","path_term_match, content_bm25",False,False,current_candidate_files_for_question,latest planner.py,high,False
test,61,5,file_5ad86df755747585,data/raw/share/share/共有ドライブ/プロジェクト/京橋信用ソリューションズ株式会社/05.会議/会議録/会議録_2025-10-29.pdf,京橋信用ソリューションズ株式会社,.pdf,meeting,10.0,"{""path_term_match"": 2.0, ""content_bm25"": 8.0}","path_term_match, content_bm25",False,False,current_candidate_files_for_question,latest planner.py,high,False
test,61,6,file_cd36c2a74b87c74c,data/raw/share/share/共有ドライブ/プロジェクト/京橋信用ソリューションズ株式会社/05.会議/会議録/会議録_2025-11-11.pdf,京橋信用ソリューションズ株式会社,.pdf,meeting,10.0,"{""path_term_match"": 2.0, ""content_bm25"": 8.0}","path_term_match, content_bm25",False,False,current_candidate_files_for_question,latest planner.py,high,False
test,61,7,file_dfcdb508120d023c,data/raw/share/share/共有ドライブ/プロジェクト/京橋信用ソリューションズ株式会社/06.報告書/京橋信用ソリューションズ株式会社_最終報告.pptx,京橋信用ソリューションズ株式会社,.pptx,report,10.0,"{""path_term_match"": 2.0, ""content_bm25"": 8.0}","path_term_match, content_bm25",False,False,current_candidate_files_for_question,latest planner.py,high,False
test,61,8,file_ef106a562ea6c4f4,data/raw/share/share/共有ドライブ/プロジェクト/株式会社青嶺不動産アセットマネジメント/00.提案/ニューヨーク不動産市場の最新動向調査.pdf,株式会社青嶺不動産アセットマネジメント,.pdf,proposal,10.0,"{""path_term_match"": 2.0, ""content_bm25"": 8.0}","path_term_match, content_bm25",False,False,current_candidate_files_for_question,latest planner.py,high,False
test,61,9,file_a23162b9670d9345,data/raw/share/share/共有ドライブ/プロジェクト/京橋信用ソリューションズ株式会社/05.会議/報告資料/報告資料_2025-10-01.docx,京橋信用ソリューションズ株式会社,.docx,meeting,9.0178,"{""path_term_match"": 2.0, ""content_bm25"": 7.017808609519621}","path_term_match, content_bm25",False,False,current_candidate_files_for_question,latest planner.py,high,False
test,61,10,file_4c872cbd8956e405,data/raw/share/share/共有ドライブ/プロジェクト/京橋信用ソリューションズ株式会社/01.契約/契約書.docx,京橋信用ソリューションズ株式会社,.docx,contract,8.2418,"{""path_term_match"": 2.0, ""content_bm25"": 6.241786899383977}","path_term_match, content_bm25",False,False,current_candidate_files_for_question,latest planner.py,high,False
test,62,1,file_55b4c40fc1e8e7bc,data/raw/share/share/共有ドライブ/プロジェクト/青葉与信マネジメント株式会社/00.提案/提案書_v1.pptx,青葉与信マネジメント株式会社,.pptx,proposal,15.0,"{""path_term_match"": 2.0, ""required_file_type_match"": 3.0, ""route_kind_match"": 2.0, ""content_bm25"": 8.0}","path_term_match, required_file_type_match, route_kind_match, content_bm25",False,True,current_candidate_files_for_question,latest planner.py,high,False
test,62,2,file_08a9d0fb95bae44c,data/raw/share/share/共有ドライブ/プロジェクト/青葉与信マネジメント株式会社/00.提案/提案書_v2.pptx,青葉与信マネジメント株式会社,.pptx,proposal,15.0,"{""path_term_match"": 2.0, ""required_file_type_match"": 3.0, ""route_kind_match"": 2.0, ""content_bm25"": 8.0}","path_term_match, required_file_type_match, route_kind_match, content_bm25",False,True,current_candidate_files_for_question,latest planner.py,high,False
test,62,3,file_9969b5d674125f4c,data/raw/share/share/共有ドライブ/プロジェクト/青葉与信マネジメント株式会社/00.提案/提案書_v3.pptx,青葉与信マネジメント株式会社,.pptx,proposal,15.0,"{""path_term_match"": 2.0, ""required_file_type_match"": 3.0, ""route_kind_match"": 2.0, ""content_bm25"": 8.0}","path_term_match, required_file_type_match, route_kind_match, content_bm25",False,True,current_candidate_files_for_question,latest planner.py,high,False
test,62,4,file_6efe2c9a4c44264a,data/raw/share/share/共有ドライブ/プロジェクト/青葉与信マネジメント株式会社/05.会議/会議録/会議録_2025-04-29.pdf,青葉与信マネジメント株式会社,.pdf,meeting,13.0,"{""path_term_match"": 2.0, ""required_file_type_match"": 3.0, ""content_bm25"": 8.0}","path_term_match, required_file_type_match, content_bm25",False,True,current_candidate_files_for_question,latest planner.py,high,False
test,62,5,file_87b6070b1b78d8f6,data/raw/share/share/共有ドライブ/プロジェクト/青葉与信マネジメント株式会社/05.会議/会議録/会議録_2025-05-27.pdf,青葉与信マネジメント株式会社,.pdf,meeting,13.0,"{""path_term_match"": 2.0, ""required_file_type_match"": 3.0, ""content_bm25"": 8.0}","path_term_match, required_file_type_match, content_bm25",False,True,current_candidate_files_for_question,latest planner.py,high,False
test,62,6,file_9988c3de981d5347,data/raw/share/share/共有ドライブ/プロジェクト/青葉与信マネジメント株式会社/06.報告書/old/青葉与信マネジメント株式会社_最終報告.pptx,青葉与信マネジメント株式会社,.pptx,report,13.0,"{""path_term_match"": 2.0, ""required_file_type_match"": 3.0, ""content_bm25"": 8.0}","path_term_match, required_file_type_match, content_bm25",False,True,current_candidate_files_for_question,latest planner.py,high,False
test,62,7,file_16c34387f25d4280,data/raw/share/share/共有ドライブ/プロジェクト/青葉与信マネジメント株式会社/06.報告書/青葉与信マネジメント株式会社_最終報告.pptx,青葉与信マネジメント株式会社,.pptx,report,13.0,"{""path_term_match"": 2.0, ""required_file_type_match"": 3.0, ""content_bm25"": 8.0}","path_term_match, required_file_type_match, content_bm25",False,True,current_candidate_files_for_question,latest planner.py,high,False
test,62,8,file_e27cdf1ec1397056,data/raw/share/share/共有ドライブ/プロジェクト/青葉与信マネジメント株式会社/05.会議/会議録/会議録_2025-04-09.pdf,青葉与信マネジメント株式会社,.pdf,meeting,12.1989,"{""path_term_match"": 2.0, ""required_file_type_match"": 3.0, ""content_bm25"": 7.198935938803492}","path_term_match, required_file_type_match, content_bm25",False,True,current_candidate_files_for_question,latest planner.py,high,False
test,62,9,file_d9ecf52ef8521859,data/raw/share/share/共有ドライブ/プロジェクト/白峰信用リスク評価株式会社/00.提案/提案書old.pptx,白峰信用リスク評価株式会社,.pptx,proposal,12.1552,"{""required_file_type_match"": 3.0, ""route_kind_match"": 2.0, ""content_bm25"": 7.155248276203362}","required_file_type_match, route_kind_match, content_bm25",False,True,current_candidate_files_for_question,latest planner.py,high,False
test,62,10,file_c2047ca2e1b6baa2,data/raw/share/share/共有ドライブ/プロジェクト/医療法人社団 恒一会 かえで総合病院/06.報告書/医療法人社団 恒一会 かえで総合病院_最終報告_old.pptx,医療法人社団 恒一会 かえで総合病院,.pptx,report,10.7657,"{""path_term_match"": 2.0, ""required_file_type_match"": 3.0, ""route_kind_match"": 2.0, ""content_bm25"": 3.7656665711922477}","path_term_match, required_file_type_match, route_kind_match, content_bm25",False,True,current_candidate_files_for_question,latest planner.py,high,False
test,63,1,file_3cc4285b0cde0346,data/raw/share/share/共有ドライブ/プロジェクト/青葉与信マネジメント株式会社/03.データ/train.xlsx,青葉与信マネジメント株式会社,.xlsx,data,12.9976,"{""path_term_match"": 2.0, ""required_file_type_match"": 3.0, ""route_kind_match"": 3.0, ""identifier_path_match"": 2.0, ""content_bm25"": 2.9975863579377817}","path_term_match, required_file_type_match, route_kind_match, identifier_path_match, content_bm25",True,True,current_candidate_files_for_question,latest planner.py,high,False
test,63,2,file_cc99313e5e3bab6c,data/raw/share/share/共有ドライブ/プロジェクト/青葉与信マネジメント株式会社/02.計画/スケジュール.xlsx,青葉与信マネジメント株式会社,.xlsx,schedule,12.9124,"{""path_term_match"": 2.0, ""required_file_type_match"": 3.0, ""route_kind_match"": 3.0, ""identifier_path_match"": 2.0, ""content_bm25"": 2.91237500476695}","path_term_match, required_file_type_match, route_kind_match, identifier_path_match, content_bm25",False,True,current_candidate_files_for_question,latest planner.py,high,False
test,63,3,file_21fab58c1f410821,data/raw/share/share/共有ドライブ/プロジェクト/京橋信用ソリューションズ株式会社/02.計画/スケジュール.xlsx,京橋信用ソリューションズ株式会社,.xlsx,schedule,10.0,"{""path_term_match"": 2.0, ""required_file_type_match"": 3.0, ""route_kind_match"": 3.0, ""identifier_path_match"": 2.0}","path_term_match, required_file_type_match, route_kind_match, identifier_path_match",False,True,current_candidate_files_for_question,latest planner.py,high,False
test,63,4,file_8fd0e20487420b74,data/raw/share/share/共有ドライブ/プロジェクト/京橋信用ソリューションズ株式会社/03.データ/train.csv,京橋信用ソリューションズ株式会社,.csv,data,10.0,"{""path_term_match"": 2.0, ""required_file_type_match"": 3.0, ""route_kind_match"": 3.0, ""identifier_path_match"": 2.0}","path_term_match, required_file_type_match, route_kind_match, identifier_path_match",False,True,current_candidate_files_for_question,latest planner.py,high,False
test,63,5,file_d5e7d14b53826dc9,data/raw/share/share/共有ドライブ/プロジェクト/京橋信用ソリューションズ株式会社/04.分析/analysis_project/data/train.csv,京橋信用ソリューションズ株式会社,.csv,data,10.0,"{""path_term_match"": 2.0, ""required_file_type_match"": 3.0, ""route_kind_match"": 3.0, ""identifier_path_match"": 2.0}","path_term_match, required_file_type_match, route_kind_match, identifier_path_match",False,True,current_candidate_files_for_question,latest planner.py,high,False
test,63,6,file_03d92cf92666adde,data/raw/share/share/共有ドライブ/プロジェクト/医療法人社団 恒一会 かえで総合病院/02.計画/~$スケジュール.xlsx,医療法人社団 恒一会 かえで総合病院,.xlsx,schedule,10.0,"{""path_term_match"": 2.0, ""required_file_type_match"": 3.0, ""route_kind_match"": 3.0, ""identifier_path_match"": 2.0}","path_term_match, required_file_type_match, route_kind_match, identifier_path_match",False,True,current_candidate_files_for_question,latest planner.py,high,False
test,63,7,file_6aab39bed667662c,data/raw/share/share/共有ドライブ/プロジェクト/医療法人社団 恒一会 かえで総合病院/02.計画/スケジュール.xlsx,医療法人社団 恒一会 かえで総合病院,.xlsx,schedule,10.0,"{""path_term_match"": 2.0, ""required_file_type_match"": 3.0, ""route_kind_match"": 3.0, ""identifier_path_match"": 2.0}","path_term_match, required_file_type_match, route_kind_match, identifier_path_match",False,True,current_candidate_files_for_question,latest planner.py,high,False
test,63,8,file_4fe0dd886c669e57,data/raw/share/share/共有ドライブ/プロジェクト/医療法人社団 恒一会 かえで総合病院/03.データ/train.csv,医療法人社団 恒一会 かえで総合病院,.csv,data,10.0,"{""path_term_match"": 2.0, ""required_file_type_match"": 3.0, ""route_kind_match"": 3.0, ""identifier_path_match"": 2.0}","path_term_match, required_file_type_match, route_kind_match, identifier_path_match",False,True,current_candidate_files_for_question,latest planner.py,high,False
test,63,9,file_6bae87759176c513,data/raw/share/share/共有ドライブ/プロジェクト/医療法人社団 恒一会 かえで総合病院/03.データ/train.xlsx,医療法人社団 恒一会 かえで総合病院,.xlsx,data,10.0,"{""path_term_match"": 2.0, ""required_file_type_match"": 3.0, ""route_kind_match"": 3.0, ""identifier_path_match"": 2.0}","path_term_match, required_file_type_match, route_kind_match, identifier_path_match",False,True,current_candidate_files_for_question,latest planner.py,high,False
test,63,10,file_7adc687e255c7e58,data/raw/share/share/共有ドライブ/プロジェクト/医療法人社団 恒一会 かえで総合病院/04.分析/analysis_project/data/train.csv,医療法人社団 恒一会 かえで総合病院,.csv,data,10.0,"{""path_term_match"": 2.0, ""required_file_type_match"": 3.0, ""route_kind_match"": 3.0, ""identifier_path_match"": 2.0}","path_term_match, required_file_type_match, route_kind_match, identifier_path_match",False,True,current_candidate_files_for_question,latest planner.py,high,False
test,64,1,file_ab51c6cb524e224f,data/raw/share/share/共有ドライブ/プロジェクト/株式会社青潮モビリティサービス/02.計画/スケジュール.xlsx,株式会社青潮モビリティサービス,.xlsx,schedule,15.5874,"{""path_term_match"": 2.0, ""required_file_type_match"": 3.0, ""route_kind_match"": 3.0, ""content_bm25"": 7.5873894263735515}","path_term_match, required_file_type_match, route_kind_match, content_bm25",False,False,current_candidate_files_for_question,latest planner.py,high,False
test,64,2,file_be1cc2431b394277,data/raw/share/share/共有ドライブ/プロジェクト/株式会社東都人材プラットフォーム/06.報告書/株式会社東都人材プラットフォーム_最終報告.pptx,株式会社東都人材プラットフォーム,.pptx,report,10.0,"{""path_term_match"": 2.0, ""content_bm25"": 8.0}","path_term_match, content_bm25",False,False,current_candidate_files_for_question,latest planner.py,high,False
test,64,3,file_591a79dbe934438c,data/raw/share/share/共有ドライブ/プロジェクト/株式会社青潮モビリティサービス/00.提案/提案書.pptx,株式会社青潮モビリティサービス,.pptx,proposal,10.0,"{""path_term_match"": 2.0, ""content_bm25"": 8.0}","path_term_match, content_bm25",False,False,current_candidate_files_for_question,latest planner.py,high,False
test,64,4,file_d2d39140cef077b8,data/raw/share/share/共有ドライブ/プロジェクト/株式会社青潮モビリティサービス/01.契約/契約書.docx,株式会社青潮モビリティサービス,.docx,contract,10.0,"{""path_term_match"": 2.0, ""content_bm25"": 8.0}","path_term_match, content_bm25",False,False,current_candidate_files_for_question,latest planner.py,high,False
test,64,5,file_88270e387c6aa908,data/raw/share/share/共有ドライブ/プロジェクト/株式会社青潮モビリティサービス/05.会議/会議録/会議録_2025-08-26.docx,株式会社青潮モビリティサービス,.docx,meeting,10.0,"{""path_term_match"": 2.0, ""content_bm25"": 8.0}","path_term_match, content_bm25",False,False,current_candidate_files_for_question,latest planner.py,high,False
test,64,6,file_ddd2179f59b2b09d,data/raw/share/share/共有ドライブ/プロジェクト/株式会社青潮モビリティサービス/06.報告書/株式会社青潮モビリティサービス_最終報告.pdf,株式会社青潮モビリティサービス,.pdf,report,10.0,"{""path_term_match"": 2.0, ""content_bm25"": 8.0}","path_term_match, content_bm25",False,False,current_candidate_files_for_question,latest planner.py,high,False
test,64,7,file_87b6070b1b78d8f6,data/raw/share/share/共有ドライブ/プロジェクト/青葉与信マネジメント株式会社/05.会議/会議録/会議録_2025-05-27.pdf,青葉与信マネジメント株式会社,.pdf,meeting,10.0,"{""path_term_match"": 2.0, ""content_bm25"": 8.0}","path_term_match, content_bm25",False,False,current_candidate_files_for_question,latest planner.py,high,False
test,64,8,file_8726afc0efe9d707,data/raw/share/share/共有ドライブ/プロジェクト/医療法人社団 蒼樹会 みなみ野女性医療センター/02.計画/スケジュール.xlsx,医療法人社団 蒼樹会 みなみ野女性医療センター,.xlsx,schedule,9.5841,"{""required_file_type_match"": 3.0, ""route_kind_match"": 3.0, ""content_bm25"": 3.5840598444079705}","required_file_type_match, route_kind_match, content_bm25",False,False,current_candidate_files_for_question,latest planner.py,high,False
test,64,9,file_45d248a37508b209,data/raw/share/share/共有ドライブ/プロジェクト/医療法人社団 蒼泉会 ひがし丘総合病院/06.報告書/医療法人社団 蒼泉会 ひがし丘総合病院_最終報告.pdf,医療法人社団 蒼泉会 ひがし丘総合病院,.pdf,report,9.3412,"{""path_term_match"": 2.0, ""content_bm25"": 7.3411526784765435}","path_term_match, content_bm25",False,False,current_candidate_files_for_question,latest planner.py,high,False
test,64,10,file_a452ac5e9344e277,data/raw/share/share/共有ドライブ/プロジェクト/株式会社青葉バイオメディカル機器/06.報告書/株式会社青葉バイオメディカル機器_最終報告.pptx,株式会社青葉バイオメディカル機器,.pptx,report,8.8529,"{""path_term_match"": 2.0, ""content_bm25"": 6.85289923957016}","path_term_match, content_bm25",False,False,current_candidate_files_for_question,latest planner.py,high,False
test,65,1,file_e7f13ee43ffadf3e,data/raw/share/share/共有ドライブ/プロジェクト/白峰信用リスク評価株式会社/00.提案/提案書.pptx,白峰信用リスク評価株式会社,.pptx,proposal,15.5,"{""path_term_match"": 2.0, ""required_file_type_match"": 3.0, ""route_kind_match"": 2.5, ""content_bm25"": 8.0}","path_term_match, required_file_type_match, route_kind_match, content_bm25",False,False,current_candidate_files_for_question,latest planner.py,high,False
test,65,2,file_d9ecf52ef8521859,data/raw/share/share/共有ドライブ/プロジェクト/白峰信用リスク評価株式会社/00.提案/提案書old.pptx,白峰信用リスク評価株式会社,.pptx,proposal,15.5,"{""path_term_match"": 2.0, ""required_file_type_match"": 3.0, ""route_kind_match"": 2.5, ""content_bm25"": 8.0}","path_term_match, required_file_type_match, route_kind_match, content_bm25",False,False,current_candidate_files_for_question,latest planner.py,high,False
test,65,3,file_e9a98b71c2781a41,data/raw/share/share/共有ドライブ/プロジェクト/白峰信用リスク評価株式会社/06.報告書/白峰信用リスク評価株式会社_最終報告.pptx,白峰信用リスク評価株式会社,.pptx,report,15.5,"{""path_term_match"": 2.0, ""required_file_type_match"": 3.0, ""route_kind_match"": 2.5, ""content_bm25"": 8.0}","path_term_match, required_file_type_match, route_kind_match, content_bm25",False,False,current_candidate_files_for_question,latest planner.py,high,False
test,65,4,file_8fb18453764bc6db,data/raw/share/share/共有ドライブ/社内管理/社内用語集.docx,社内管理,.docx,management,15.5,"{""path_term_match"": 2.0, ""required_file_type_match"": 3.0, ""route_kind_match"": 2.5, ""content_bm25"": 8.0}","path_term_match, required_file_type_match, route_kind_match, content_bm25",False,False,current_candidate_files_for_question,latest planner.py,high,False
test,65,5,file_69289dcd3ecabac0,data/raw/share/share/共有ドライブ/プロジェクト/株式会社東都人材プラットフォーム/00.提案/データサイエンティスト調査.docx,株式会社東都人材プラットフォーム,.docx,proposal,13.7318,"{""path_term_match"": 2.0, ""required_file_type_match"": 3.0, ""route_kind_match"": 2.5, ""content_bm25"": 6.231815635753719}","path_term_match, required_file_type_match, route_kind_match, content_bm25",False,False,current_candidate_files_for_question,latest planner.py,high,False
test,65,6,file_bf3657e26a136347,data/raw/share/share/共有ドライブ/プロジェクト/医療法人社団 蒼樹会 みなみ野女性医療センター/00.提案/糖尿病統計情報.docx,医療法人社団 蒼樹会 みなみ野女性医療センター,.docx,proposal,13.1399,"{""path_term_match"": 2.0, ""required_file_type_match"": 3.0, ""route_kind_match"": 2.5, ""content_bm25"": 5.6398681677763545}","path_term_match, required_file_type_match, route_kind_match, content_bm25",False,False,current_candidate_files_for_question,latest planner.py,high,False
test,65,7,file_3214e231bd5034de,data/raw/share/share/共有ドライブ/プロジェクト/医療法人社団 恒一会 かえで総合病院/05.会議/報告資料/報告資料_2025-09-16.docx,医療法人社団 恒一会 かえで総合病院,.docx,meeting,12.973,"{""path_term_match"": 2.0, ""required_file_type_match"": 3.0, ""route_kind_match"": 2.5, ""content_bm25"": 5.473048152726959}","path_term_match, required_file_type_match, route_kind_match, content_bm25",False,False,current_candidate_files_for_question,latest planner.py,high,False
test,65,8,file_ef6b3d40c6cbf84f,data/raw/share/share/共有ドライブ/プロジェクト/青葉与信マネジメント株式会社/05.会議/報告資料/報告資料_2025-04-09.docx,青葉与信マネジメント株式会社,.docx,meeting,12.8463,"{""path_term_match"": 2.0, ""required_file_type_match"": 3.0, ""route_kind_match"": 2.5, ""content_bm25"": 5.346307781757493}","path_term_match, required_file_type_match, route_kind_match, content_bm25",False,False,current_candidate_files_for_question,latest planner.py,high,False
test,65,9,file_21fab58c1f410821,data/raw/share/share/共有ドライブ/プロジェクト/京橋信用ソリューションズ株式会社/02.計画/スケジュール.xlsx,京橋信用ソリューションズ株式会社,.xlsx,schedule,12.5,"{""path_term_match"": 2.0, ""required_file_type_match"": 3.0, ""route_kind_match"": 5.5, ""identifier_path_match"": 2.0}","path_term_match, required_file_type_match, route_kind_match, identifier_path_match",False,False,current_candidate_files_for_question,latest planner.py,high,False
test,65,10,file_03d92cf92666adde,data/raw/share/share/共有ドライブ/プロジェクト/医療法人社団 恒一会 かえで総合病院/02.計画/~$スケジュール.xlsx,医療法人社団 恒一会 かえで総合病院,.xlsx,schedule,12.5,"{""path_term_match"": 2.0, ""required_file_type_match"": 3.0, ""route_kind_match"": 5.5, ""identifier_path_match"": 2.0}","path_term_match, required_file_type_match, route_kind_match, identifier_path_match",False,False,current_candidate_files_for_question,latest planner.py,high,False
test,66,1,file_1aff1b560a3f2e24,data/raw/share/share/共有ドライブ/プロジェクト/京橋信用ソリューションズ株式会社/00.提案/提案書_final.pptx,京橋信用ソリューションズ株式会社,.pptx,proposal,10.0,"{""path_term_match"": 2.0, ""content_bm25"": 8.0}","path_term_match, content_bm25",False,False,current_candidate_files_for_question,latest planner.py,high,False
test,66,2,file_7f6ba34feefeb01a,data/raw/share/share/共有ドライブ/プロジェクト/京橋信用ソリューションズ株式会社/00.提案/提案書_v1.pptx,京橋信用ソリューションズ株式会社,.pptx,proposal,10.0,"{""path_term_match"": 2.0, ""content_bm25"": 8.0}","path_term_match, content_bm25",False,False,current_candidate_files_for_question,latest planner.py,high,False
test,66,3,file_0783e32af794bbe2,data/raw/share/share/共有ドライブ/プロジェクト/京橋信用ソリューションズ株式会社/04.分析/analysis_project/notebooks/01_eda.ipynb,京橋信用ソリューションズ株式会社,.ipynb,analysis,10.0,"{""path_term_match"": 2.0, ""content_bm25"": 8.0}","path_term_match, content_bm25",False,False,current_candidate_files_for_question,latest planner.py,high,False
test,66,4,file_3aefd3a41f06070a,data/raw/share/share/共有ドライブ/プロジェクト/京橋信用ソリューションズ株式会社/04.分析/analysis_project/scripts/bootstrap_env.py,京橋信用ソリューションズ株式会社,.py,analysis,10.0,"{""path_term_match"": 2.0, ""content_bm25"": 8.0}","path_term_match, content_bm25",False,False,current_candidate_files_for_question,latest planner.py,high,False
test,66,5,file_f19b300bf59d72b5,data/raw/share/share/共有ドライブ/プロジェクト/京橋信用ソリューションズ株式会社/04.分析/analysis_project/src/common.py,京橋信用ソリューションズ株式会社,.py,analysis,10.0,"{""path_term_match"": 2.0, ""content_bm25"": 8.0}","path_term_match, content_bm25",False,False,current_candidate_files_for_question,latest planner.py,high,False
test,66,6,file_2c489d4023671820,data/raw/share/share/共有ドライブ/プロジェクト/京橋信用ソリューションズ株式会社/04.分析/analysis_project/src/eda.py,京橋信用ソリューションズ株式会社,.py,analysis,10.0,"{""path_term_match"": 2.0, ""content_bm25"": 8.0}","path_term_match, content_bm25",False,False,current_candidate_files_for_question,latest planner.py,high,False
test,66,7,file_70303fd77eed04b5,data/raw/share/share/共有ドライブ/プロジェクト/京橋信用ソリューションズ株式会社/04.分析/analysis_project/src/infer.py,京橋信用ソリューションズ株式会社,.py,analysis,10.0,"{""path_term_match"": 2.0, ""content_bm25"": 8.0}","path_term_match, content_bm25",False,False,current_candidate_files_for_question,latest planner.py,high,False
test,66,8,file_e26109ce6117286d,data/raw/share/share/共有ドライブ/プロジェクト/京橋信用ソリューションズ株式会社/04.分析/analysis_project/src/preprocess.py,京橋信用ソリューションズ株式会社,.py,analysis,10.0,"{""path_term_match"": 2.0, ""content_bm25"": 8.0}","path_term_match, content_bm25",False,False,current_candidate_files_for_question,latest planner.py,high,False
test,66,9,file_d0e5ce038fcc828c,data/raw/share/share/共有ドライブ/プロジェクト/京橋信用ソリューションズ株式会社/05.会議/会議録/会議録_2025-10-01.pdf,京橋信用ソリューションズ株式会社,.pdf,meeting,10.0,"{""path_term_match"": 2.0, ""content_bm25"": 8.0}","path_term_match, content_bm25",False,False,current_candidate_files_for_question,latest planner.py,high,False
test,66,10,file_5ad86df755747585,data/raw/share/share/共有ドライブ/プロジェクト/京橋信用ソリューションズ株式会社/05.会議/会議録/会議録_2025-10-29.pdf,京橋信用ソリューションズ株式会社,.pdf,meeting,10.0,"{""path_term_match"": 2.0, ""content_bm25"": 8.0}","path_term_match, content_bm25",False,False,current_candidate_files_for_question,latest planner.py,high,False
test,67,1,file_ff69eac39a150594,data/raw/share/share/共有ドライブ/社内管理/データアステル社内管理_決裁基準.md,社内管理,.md,management,11.5,"{""path_term_match"": 2.0, ""route_kind_match"": 1.5, ""content_bm25"": 8.0}","path_term_match, route_kind_match, content_bm25",False,False,current_candidate_files_for_question,latest planner.py,high,False
test,67,2,file_8fb18453764bc6db,data/raw/share/share/共有ドライブ/社内管理/社内用語集.docx,社内管理,.docx,management,11.5,"{""path_term_match"": 2.0, ""route_kind_match"": 1.5, ""content_bm25"": 8.0}","path_term_match, route_kind_match, content_bm25",False,False,current_candidate_files_for_question,latest planner.py,high,False
test,67,3,file_ef106a562ea6c4f4,data/raw/share/share/共有ドライブ/プロジェクト/株式会社青嶺不動産アセットマネジメント/00.提案/ニューヨーク不動産市場の最新動向調査.pdf,株式会社青嶺不動産アセットマネジメント,.pdf,proposal,9.4026,"{""path_term_match"": 2.0, ""route_kind_match"": 1.5, ""content_bm25"": 5.9026420594740685}","path_term_match, route_kind_match, content_bm25",False,False,current_candidate_files_for_question,latest planner.py,high,False
test,67,4,file_cc8e97e3d637960f,data/raw/share/share/共有ドライブ/プロジェクト/医療法人社団 恒一会 かえで総合病院/06.報告書/医療法人社団 恒一会 かえで総合病院_最終報告.pptx,医療法人社団 恒一会 かえで総合病院,.pptx,report,8.9228,"{""route_kind_match"": 1.5, ""content_bm25"": 7.422772130212681}","route_kind_match, content_bm25",False,False,current_candidate_files_for_question,latest planner.py,high,False
test,67,5,file_c2047ca2e1b6baa2,data/raw/share/share/共有ドライブ/プロジェクト/医療法人社団 恒一会 かえで総合病院/06.報告書/医療法人社団 恒一会 かえで総合病院_最終報告_old.pptx,医療法人社団 恒一会 かえで総合病院,.pptx,report,8.9129,"{""route_kind_match"": 1.5, ""content_bm25"": 7.412883571373834}","route_kind_match, content_bm25",False,False,current_candidate_files_for_question,latest planner.py,high,False
test,67,6,file_e1689b021af39776,data/raw/share/share/共有ドライブ/社内管理/データアステル社内規定_パスワード導出規則.docx,社内管理,.docx,management,8.6511,"{""path_term_match"": 2.0, ""route_kind_match"": 1.5, ""content_bm25"": 5.151080411292558}","path_term_match, route_kind_match, content_bm25",False,False,current_candidate_files_for_question,latest planner.py,high,False
test,67,7,file_8e7f976c6bf62fb6,data/raw/share/share/共有ドライブ/プロジェクト/株式会社東都人材プラットフォーム/00.提案/提案書.pptx,株式会社東都人材プラットフォーム,.pptx,proposal,7.7361,"{""path_term_match"": 2.0, ""route_kind_match"": 1.5, ""content_bm25"": 4.236129007117432}","path_term_match, route_kind_match, content_bm25",False,False,current_candidate_files_for_question,latest planner.py,high,False
test,67,8,file_55b4c40fc1e8e7bc,data/raw/share/share/共有ドライブ/プロジェクト/青葉与信マネジメント株式会社/00.提案/提案書_v1.pptx,青葉与信マネジメント株式会社,.pptx,proposal,7.6612,"{""path_term_match"": 2.0, ""route_kind_match"": 1.5, ""content_bm25"": 4.161192284096165}","path_term_match, route_kind_match, content_bm25",False,False,current_candidate_files_for_question,latest planner.py,high,False
test,67,9,file_08a9d0fb95bae44c,data/raw/share/share/共有ドライブ/プロジェクト/青葉与信マネジメント株式会社/00.提案/提案書_v2.pptx,青葉与信マネジメント株式会社,.pptx,proposal,7.6612,"{""path_term_match"": 2.0, ""route_kind_match"": 1.5, ""content_bm25"": 4.161192284096165}","path_term_match, route_kind_match, content_bm25",False,False,current_candidate_files_for_question,latest planner.py,high,False
test,67,10,file_9969b5d674125f4c,data/raw/share/share/共有ドライブ/プロジェクト/青葉与信マネジメント株式会社/00.提案/提案書_v3.pptx,青葉与信マネジメント株式会社,.pptx,proposal,7.6612,"{""path_term_match"": 2.0, ""route_kind_match"": 1.5, ""content_bm25"": 4.161192284096165}","path_term_match, route_kind_match, content_bm25",False,False,current_candidate_files_for_question,latest planner.py,high,False
test,68,1,file_b1312a411e52ff80,data/raw/share/share/共有ドライブ/プロジェクト/株式会社東都人材プラットフォーム/00.提案/データサイエンス市場の未来予測.pdf,株式会社東都人材プラットフォーム,.pdf,proposal,15.0,"{""path_term_match"": 2.0, ""required_file_type_match"": 3.0, ""identifier_path_match"": 2.0, ""content_bm25"": 8.0}","path_term_match, required_file_type_match, identifier_path_match, content_bm25",False,False,current_candidate_files_for_question,latest planner.py,high,False
test,68,2,file_539f8b256c2ec9c0,data/raw/share/share/共有ドライブ/プロジェクト/株式会社東都人材プラットフォーム/05.会議/報告資料/報告資料_2025-08-18.pdf,株式会社東都人材プラットフォーム,.pdf,meeting,15.0,"{""path_term_match"": 2.0, ""required_file_type_match"": 3.0, ""identifier_path_match"": 2.0, ""content_bm25"": 8.0}","path_term_match, required_file_type_match, identifier_path_match, content_bm25",False,False,current_candidate_files_for_question,latest planner.py,high,False
test,68,3,file_aca3e469ebe6f7ed,data/raw/share/share/共有ドライブ/プロジェクト/株式会社東都人材プラットフォーム/05.会議/報告資料/報告資料_2025-09-08.pdf,株式会社東都人材プラットフォーム,.pdf,meeting,15.0,"{""path_term_match"": 2.0, ""required_file_type_match"": 3.0, ""identifier_path_match"": 2.0, ""content_bm25"": 8.0}","path_term_match, required_file_type_match, identifier_path_match, content_bm25",False,False,current_candidate_files_for_question,latest planner.py,high,False
test,68,4,file_ef106a562ea6c4f4,data/raw/share/share/共有ドライブ/プロジェクト/株式会社青嶺不動産アセットマネジメント/00.提案/ニューヨーク不動産市場の最新動向調査.pdf,株式会社青嶺不動産アセットマネジメント,.pdf,proposal,15.0,"{""path_term_match"": 2.0, ""required_file_type_match"": 3.0, ""identifier_path_match"": 2.0, ""content_bm25"": 8.0}","path_term_match, required_file_type_match, identifier_path_match, content_bm25",False,False,current_candidate_files_for_question,latest planner.py,high,False
test,68,5,file_69289dcd3ecabac0,data/raw/share/share/共有ドライブ/プロジェクト/株式会社東都人材プラットフォーム/00.提案/データサイエンティスト調査.docx,株式会社東都人材プラットフォーム,.docx,proposal,13.0,"{""path_term_match"": 2.0, ""required_file_type_match"": 3.0, ""content_bm25"": 8.0}","path_term_match, required_file_type_match, content_bm25",False,False,current_candidate_files_for_question,latest planner.py,high,False
test,68,6,file_8e7f976c6bf62fb6,data/raw/share/share/共有ドライブ/プロジェクト/株式会社東都人材プラットフォーム/00.提案/提案書.pptx,株式会社東都人材プラットフォーム,.pptx,proposal,13.0,"{""path_term_match"": 2.0, ""required_file_type_match"": 3.0, ""content_bm25"": 8.0}","path_term_match, required_file_type_match, content_bm25",False,False,current_candidate_files_for_question,latest planner.py,high,False
test,68,7,file_dbc8be5d37bc70da,data/raw/share/share/共有ドライブ/プロジェクト/株式会社東都人材プラットフォーム/04.分析/analysis_project/notebooks/01_eda.ipynb,株式会社東都人材プラットフォーム,.ipynb,analysis,13.0,"{""path_term_match"": 2.0, ""required_file_type_match"": 3.0, ""content_bm25"": 8.0}","path_term_match, required_file_type_match, content_bm25",False,False,current_candidate_files_for_question,latest planner.py,high,False
test,68,8,file_be1cc2431b394277,data/raw/share/share/共有ドライブ/プロジェクト/株式会社東都人材プラットフォーム/06.報告書/株式会社東都人材プラットフォーム_最終報告.pptx,株式会社東都人材プラットフォーム,.pptx,report,13.0,"{""path_term_match"": 2.0, ""required_file_type_match"": 3.0, ""content_bm25"": 8.0}","path_term_match, required_file_type_match, content_bm25",False,False,current_candidate_files_for_question,latest planner.py,high,False
test,68,9,file_3a4964aae9b99206,data/raw/share/share/共有ドライブ/プロジェクト/株式会社東都人材プラットフォーム/03.データ/train.xlsx,株式会社東都人材プラットフォーム,.xlsx,data,12.0511,"{""path_term_match"": 2.0, ""required_file_type_match"": 3.0, ""route_kind_match"": 3.0, ""content_bm25"": 4.051065591483133}","path_term_match, required_file_type_match, route_kind_match, content_bm25",False,False,current_candidate_files_for_question,latest planner.py,high,False
test,68,10,file_4d734b2c30ad41ee,data/raw/share/share/共有ドライブ/プロジェクト/株式会社青嶺不動産アセットマネジメント/05.会議/報告資料/報告資料_2025-08-06.pdf,株式会社青嶺不動産アセットマネジメント,.pdf,meeting,11.6075,"{""path_term_match"": 2.0, ""required_file_type_match"": 3.0, ""identifier_path_match"": 2.0, ""content_bm25"": 4.607541007343969}","path_term_match, required_file_type_match, identifier_path_match, content_bm25",False,False,current_candidate_files_for_question,latest planner.py,high,False
test,69,1,file_cd36c2a74b87c74c,data/raw/share/share/共有ドライブ/プロジェクト/京橋信用ソリューションズ株式会社/05.会議/会議録/会議録_2025-11-11.pdf,京橋信用ソリューションズ株式会社,.pdf,meeting,11.5,"{""path_term_match"": 2.0, ""route_kind_match"": 1.5, ""content_bm25"": 8.0}","path_term_match, route_kind_match, content_bm25",False,True,current_candidate_files_for_question,latest planner.py,high,False
test,69,2,file_dfcdb508120d023c,data/raw/share/share/共有ドライブ/プロジェクト/京橋信用ソリューションズ株式会社/06.報告書/京橋信用ソリューションズ株式会社_最終報告.pptx,京橋信用ソリューションズ株式会社,.pptx,report,11.5,"{""path_term_match"": 2.0, ""route_kind_match"": 1.5, ""content_bm25"": 8.0}","path_term_match, route_kind_match, content_bm25",False,True,current_candidate_files_for_question,latest planner.py,high,False
test,69,3,file_cc8e97e3d637960f,data/raw/share/share/共有ドライブ/プロジェクト/医療法人社団 恒一会 かえで総合病院/06.報告書/医療法人社団 恒一会 かえで総合病院_最終報告.pptx,医療法人社団 恒一会 かえで総合病院,.pptx,report,11.5,"{""path_term_match"": 2.0, ""route_kind_match"": 1.5, ""content_bm25"": 8.0}","path_term_match, route_kind_match, content_bm25",False,True,current_candidate_files_for_question,latest planner.py,high,False
test,69,4,file_c2047ca2e1b6baa2,data/raw/share/share/共有ドライブ/プロジェクト/医療法人社団 恒一会 かえで総合病院/06.報告書/医療法人社団 恒一会 かえで総合病院_最終報告_old.pptx,医療法人社団 恒一会 かえで総合病院,.pptx,report,11.5,"{""path_term_match"": 2.0, ""route_kind_match"": 1.5, ""content_bm25"": 8.0}","path_term_match, route_kind_match, content_bm25",False,True,current_candidate_files_for_question,latest planner.py,high,False
test,69,5,file_04ff0c1d08714623,data/raw/share/share/共有ドライブ/プロジェクト/医療法人社団 蒼泉会 ひがし丘総合病院/05.会議/報告資料/報告資料_2025-07-08.docx,医療法人社団 蒼泉会 ひがし丘総合病院,.docx,meeting,11.5,"{""path_term_match"": 2.0, ""route_kind_match"": 1.5, ""content_bm25"": 8.0}","path_term_match, route_kind_match, content_bm25",False,True,current_candidate_files_for_question,latest planner.py,high,False
test,69,6,file_e7f13ee43ffadf3e,data/raw/share/share/共有ドライブ/プロジェクト/白峰信用リスク評価株式会社/00.提案/提案書.pptx,白峰信用リスク評価株式会社,.pptx,proposal,11.5,"{""path_term_match"": 2.0, ""route_kind_match"": 1.5, ""content_bm25"": 8.0}","path_term_match, route_kind_match, content_bm25",False,True,current_candidate_files_for_question,latest planner.py,high,False
test,69,7,file_d9ecf52ef8521859,data/raw/share/share/共有ドライブ/プロジェクト/白峰信用リスク評価株式会社/00.提案/提案書old.pptx,白峰信用リスク評価株式会社,.pptx,proposal,11.5,"{""path_term_match"": 2.0, ""route_kind_match"": 1.5, ""content_bm25"": 8.0}","path_term_match, route_kind_match, content_bm25",False,True,current_candidate_files_for_question,latest planner.py,high,False
test,69,8,file_9c46c0c931d6f658,data/raw/share/share/共有ドライブ/プロジェクト/白峰信用リスク評価株式会社/05.会議/報告資料/報告資料_2025-05-13.pdf,白峰信用リスク評価株式会社,.pdf,meeting,11.5,"{""path_term_match"": 2.0, ""route_kind_match"": 1.5, ""content_bm25"": 8.0}","path_term_match, route_kind_match, content_bm25",False,True,current_candidate_files_for_question,latest planner.py,high,False
test,69,9,file_53aee60321c9a309,data/raw/share/share/共有ドライブ/プロジェクト/白峰信用リスク評価株式会社/05.会議/報告資料/報告資料_2025-05-27.pdf,白峰信用リスク評価株式会社,.pdf,meeting,11.5,"{""path_term_match"": 2.0, ""route_kind_match"": 1.5, ""content_bm25"": 8.0}","path_term_match, route_kind_match, content_bm25",False,True,current_candidate_files_for_question,latest planner.py,high,False
test,69,10,file_9b5cea127e90dd59,data/raw/share/share/共有ドライブ/プロジェクト/白峰信用リスク評価株式会社/05.会議/報告資料/報告資料_2025-06-17.pdf,白峰信用リスク評価株式会社,.pdf,meeting,11.5,"{""path_term_match"": 2.0, ""route_kind_match"": 1.5, ""content_bm25"": 8.0}","path_term_match, route_kind_match, content_bm25",False,True,current_candidate_files_for_question,latest planner.py,high,False
test,70,1,file_cd36c2a74b87c74c,data/raw/share/share/共有ドライブ/プロジェクト/京橋信用ソリューションズ株式会社/05.会議/会議録/会議録_2025-11-11.pdf,京橋信用ソリューションズ株式会社,.pdf,meeting,11.5,"{""path_term_match"": 2.0, ""route_kind_match"": 1.5, ""content_bm25"": 8.0}","path_term_match, route_kind_match, content_bm25",False,True,current_candidate_files_for_question,latest planner.py,high,False
test,70,2,file_4fa8d55179bcaeab,data/raw/share/share/共有ドライブ/プロジェクト/株式会社青嶺不動産アセットマネジメント/05.会議/報告資料/報告資料_2025-08-26.pdf,株式会社青嶺不動産アセットマネジメント,.pdf,meeting,11.5,"{""path_term_match"": 2.0, ""route_kind_match"": 1.5, ""content_bm25"": 8.0}","path_term_match, route_kind_match, content_bm25",False,True,current_candidate_files_for_question,latest planner.py,high,False
test,70,3,file_e7f13ee43ffadf3e,data/raw/share/share/共有ドライブ/プロジェクト/白峰信用リスク評価株式会社/00.提案/提案書.pptx,白峰信用リスク評価株式会社,.pptx,proposal,11.5,"{""path_term_match"": 2.0, ""route_kind_match"": 1.5, ""content_bm25"": 8.0}","path_term_match, route_kind_match, content_bm25",False,True,current_candidate_files_for_question,latest planner.py,high,False
test,70,4,file_d9ecf52ef8521859,data/raw/share/share/共有ドライブ/プロジェクト/白峰信用リスク評価株式会社/00.提案/提案書old.pptx,白峰信用リスク評価株式会社,.pptx,proposal,11.5,"{""path_term_match"": 2.0, ""route_kind_match"": 1.5, ""content_bm25"": 8.0}","path_term_match, route_kind_match, content_bm25",False,True,current_candidate_files_for_question,latest planner.py,high,False
test,70,5,file_9c46c0c931d6f658,data/raw/share/share/共有ドライブ/プロジェクト/白峰信用リスク評価株式会社/05.会議/報告資料/報告資料_2025-05-13.pdf,白峰信用リスク評価株式会社,.pdf,meeting,11.5,"{""path_term_match"": 2.0, ""route_kind_match"": 1.5, ""content_bm25"": 8.0}","path_term_match, route_kind_match, content_bm25",False,True,current_candidate_files_for_question,latest planner.py,high,False
test,70,6,file_53aee60321c9a309,data/raw/share/share/共有ドライブ/プロジェクト/白峰信用リスク評価株式会社/05.会議/報告資料/報告資料_2025-05-27.pdf,白峰信用リスク評価株式会社,.pdf,meeting,11.5,"{""path_term_match"": 2.0, ""route_kind_match"": 1.5, ""content_bm25"": 8.0}","path_term_match, route_kind_match, content_bm25",True,True,current_candidate_files_for_question,latest planner.py,high,False
test,70,7,file_9b5cea127e90dd59,data/raw/share/share/共有ドライブ/プロジェクト/白峰信用リスク評価株式会社/05.会議/報告資料/報告資料_2025-06-17.pdf,白峰信用リスク評価株式会社,.pdf,meeting,11.5,"{""path_term_match"": 2.0, ""route_kind_match"": 1.5, ""content_bm25"": 8.0}","path_term_match, route_kind_match, content_bm25",False,True,current_candidate_files_for_question,latest planner.py,high,False
test,70,8,file_e9a98b71c2781a41,data/raw/share/share/共有ドライブ/プロジェクト/白峰信用リスク評価株式会社/06.報告書/白峰信用リスク評価株式会社_最終報告.pptx,白峰信用リスク評価株式会社,.pptx,report,11.5,"{""path_term_match"": 2.0, ""route_kind_match"": 1.5, ""content_bm25"": 8.0}","path_term_match, route_kind_match, content_bm25",False,True,current_candidate_files_for_question,latest planner.py,high,False
test,70,9,file_87b6070b1b78d8f6,data/raw/share/share/共有ドライブ/プロジェクト/青葉与信マネジメント株式会社/05.会議/会議録/会議録_2025-05-27.pdf,青葉与信マネジメント株式会社,.pdf,meeting,11.5,"{""path_term_match"": 2.0, ""route_kind_match"": 1.5, ""content_bm25"": 8.0}","path_term_match, route_kind_match, content_bm25",False,True,current_candidate_files_for_question,latest planner.py,high,False
test,70,10,file_ef6b3d40c6cbf84f,data/raw/share/share/共有ドライブ/プロジェクト/青葉与信マネジメント株式会社/05.会議/報告資料/報告資料_2025-04-09.docx,青葉与信マネジメント株式会社,.docx,meeting,11.2863,"{""path_term_match"": 2.0, ""route_kind_match"": 1.5, ""content_bm25"": 7.786327399905686}","path_term_match, route_kind_match, content_bm25",False,True,current_candidate_files_for_question,latest planner.py,high,False
test,71,1,file_3dbffa905dc9b2b1,data/raw/share/share/共有ドライブ/プロジェクト/株式会社青嶺不動産アセットマネジメント/00.提案/old/提案書.pptx,株式会社青嶺不動産アセットマネジメント,.pptx,proposal,15.5,"{""path_term_match"": 2.0, ""required_file_type_match"": 3.0, ""route_kind_match"": 2.5, ""content_bm25"": 8.0}","path_term_match, required_file_type_match, route_kind_match, content_bm25",False,False,current_candidate_files_for_question,latest planner.py,high,False
test,71,2,file_831dbc2d4bc189c3,data/raw/share/share/共有ドライブ/プロジェクト/株式会社青嶺不動産アセットマネジメント/00.提案/提案書.pptx,株式会社青嶺不動産アセットマネジメント,.pptx,proposal,15.5,"{""path_term_match"": 2.0, ""required_file_type_match"": 3.0, ""route_kind_match"": 2.5, ""content_bm25"": 8.0}","path_term_match, required_file_type_match, route_kind_match, content_bm25",False,False,current_candidate_files_for_question,latest planner.py,high,False
test,71,3,file_0305d0365eeba3e4,data/raw/share/share/共有ドライブ/プロジェクト/株式会社青嶺不動産アセットマネジメント/01.契約/契約書.docx,株式会社青嶺不動産アセットマネジメント,.docx,contract,15.5,"{""path_term_match"": 2.0, ""required_file_type_match"": 3.0, ""route_kind_match"": 2.5, ""content_bm25"": 8.0}","path_term_match, required_file_type_match, route_kind_match, content_bm25",False,False,current_candidate_files_for_question,latest planner.py,high,False
test,71,4,file_9453287d4c9b7701,data/raw/share/share/共有ドライブ/プロジェクト/株式会社青嶺不動産アセットマネジメント/06.報告書/株式会社青嶺不動産アセットマネジメント_最終報告.pptx,株式会社青嶺不動産アセットマネジメント,.pptx,report,15.5,"{""path_term_match"": 2.0, ""required_file_type_match"": 3.0, ""route_kind_match"": 2.5, ""content_bm25"": 8.0}","path_term_match, required_file_type_match, route_kind_match, content_bm25",False,False,current_candidate_files_for_question,latest planner.py,high,False
test,71,5,file_8fb18453764bc6db,data/raw/share/share/共有ドライブ/社内管理/社内用語集.docx,社内管理,.docx,management,13.5,"{""required_file_type_match"": 3.0, ""route_kind_match"": 2.5, ""content_bm25"": 8.0}","required_file_type_match, route_kind_match, content_bm25",False,False,current_candidate_files_for_question,latest planner.py,high,False
test,71,6,file_ef6b3d40c6cbf84f,data/raw/share/share/共有ドライブ/プロジェクト/青葉与信マネジメント株式会社/05.会議/報告資料/報告資料_2025-04-09.docx,青葉与信マネジメント株式会社,.docx,meeting,12.8007,"{""path_term_match"": 2.0, ""required_file_type_match"": 3.0, ""route_kind_match"": 2.5, ""content_bm25"": 5.300694809825524}","path_term_match, required_file_type_match, route_kind_match, content_bm25",False,False,current_candidate_files_for_question,latest planner.py,high,False
test,71,7,file_58533c3139b39f95,data/raw/share/share/共有ドライブ/プロジェクト/青葉与信マネジメント株式会社/05.会議/報告資料/報告資料_2025-04-29.docx,青葉与信マネジメント株式会社,.docx,meeting,11.397,"{""path_term_match"": 2.0, ""required_file_type_match"": 3.0, ""route_kind_match"": 2.5, ""content_bm25"": 3.8970399190488973}","path_term_match, required_file_type_match, route_kind_match, content_bm25",False,False,current_candidate_files_for_question,latest planner.py,high,False
test,71,8,file_ef106a562ea6c4f4,data/raw/share/share/共有ドライブ/プロジェクト/株式会社青嶺不動産アセットマネジメント/00.提案/ニューヨーク不動産市場の最新動向調査.pdf,株式会社青嶺不動産アセットマネジメント,.pdf,proposal,10.0,"{""path_term_match"": 2.0, ""content_bm25"": 8.0}","path_term_match, content_bm25",False,False,current_candidate_files_for_question,latest planner.py,high,False
test,71,9,file_2b94fecbbe587f21,data/raw/share/share/共有ドライブ/プロジェクト/株式会社青嶺不動産アセットマネジメント/04.分析/analysis_project/notebooks/01_eda.ipynb,株式会社青嶺不動産アセットマネジメント,.ipynb,analysis,10.0,"{""path_term_match"": 2.0, ""content_bm25"": 8.0}","path_term_match, content_bm25",False,False,current_candidate_files_for_question,latest planner.py,high,False
test,71,10,file_c34375e1e8d2bc19,data/raw/share/share/共有ドライブ/プロジェクト/株式会社青嶺不動産アセットマネジメント/04.分析/analysis_project/scripts/bootstrap_env.py,株式会社青嶺不動産アセットマネジメント,.py,analysis,10.0,"{""path_term_match"": 2.0, ""content_bm25"": 8.0}","path_term_match, content_bm25",False,False,current_candidate_files_for_question,latest planner.py,high,False
test,72,1,file_d72ac8163b01ef72,data/raw/share/share/共有ドライブ/プロジェクト/医療法人社団 恒一会 かえで総合病院/00.提案/提案書.pptx,医療法人社団 恒一会 かえで総合病院,.pptx,proposal,8.0,"{""content_bm25"": 8.0}",content_bm25,False,True,current_candidate_files_for_question,latest planner.py,high,False
test,72,2,file_ef106a562ea6c4f4,data/raw/share/share/共有ドライブ/プロジェクト/株式会社青嶺不動産アセットマネジメント/00.提案/ニューヨーク不動産市場の最新動向調査.pdf,株式会社青嶺不動産アセットマネジメント,.pdf,proposal,8.0,"{""content_bm25"": 8.0}",content_bm25,False,True,current_candidate_files_for_question,latest planner.py,high,False
test,72,3,file_4d734b2c30ad41ee,data/raw/share/share/共有ドライブ/プロジェクト/株式会社青嶺不動産アセットマネジメント/05.会議/報告資料/報告資料_2025-08-06.pdf,株式会社青嶺不動産アセットマネジメント,.pdf,meeting,5.9087,"{""content_bm25"": 5.90871341535847}",content_bm25,False,True,current_candidate_files_for_question,latest planner.py,high,False
test,72,4,file_69289dcd3ecabac0,data/raw/share/share/共有ドライブ/プロジェクト/株式会社東都人材プラットフォーム/00.提案/データサイエンティスト調査.docx,株式会社東都人材プラットフォーム,.docx,proposal,5.7193,"{""path_term_match"": 2.0, ""content_bm25"": 3.719256301555591}","path_term_match, content_bm25",False,True,current_candidate_files_for_question,latest planner.py,high,False
test,72,5,file_7f6ba34feefeb01a,data/raw/share/share/共有ドライブ/プロジェクト/京橋信用ソリューションズ株式会社/00.提案/提案書_v1.pptx,京橋信用ソリューションズ株式会社,.pptx,proposal,5.1699,"{""content_bm25"": 5.169902902678295}",content_bm25,False,True,current_candidate_files_for_question,latest planner.py,high,False
test,72,6,file_1aff1b560a3f2e24,data/raw/share/share/共有ドライブ/プロジェクト/京橋信用ソリューションズ株式会社/00.提案/提案書_final.pptx,京橋信用ソリューションズ株式会社,.pptx,proposal,5.1665,"{""content_bm25"": 5.166481705002651}",content_bm25,False,True,current_candidate_files_for_question,latest planner.py,high,False
test,72,7,file_55b4c40fc1e8e7bc,data/raw/share/share/共有ドライブ/プロジェクト/青葉与信マネジメント株式会社/00.提案/提案書_v1.pptx,青葉与信マネジメント株式会社,.pptx,proposal,5.0824,"{""content_bm25"": 5.082391704890931}",content_bm25,False,True,current_candidate_files_for_question,latest planner.py,high,False
test,72,8,file_9969b5d674125f4c,data/raw/share/share/共有ドライブ/プロジェクト/青葉与信マネジメント株式会社/00.提案/提案書_v3.pptx,青葉与信マネジメント株式会社,.pptx,proposal,5.0824,"{""content_bm25"": 5.082391704890931}",content_bm25,False,True,current_candidate_files_for_question,latest planner.py,high,False
test,72,9,file_08a9d0fb95bae44c,data/raw/share/share/共有ドライブ/プロジェクト/青葉与信マネジメント株式会社/00.提案/提案書_v2.pptx,青葉与信マネジメント株式会社,.pptx,proposal,5.0792,"{""content_bm25"": 5.079160725479555}",content_bm25,False,True,current_candidate_files_for_question,latest planner.py,high,False
test,72,10,file_831dbc2d4bc189c3,data/raw/share/share/共有ドライブ/プロジェクト/株式会社青嶺不動産アセットマネジメント/00.提案/提案書.pptx,株式会社青嶺不動産アセットマネジメント,.pptx,proposal,5.072,"{""content_bm25"": 5.0719897301374965}",content_bm25,False,True,current_candidate_files_for_question,latest planner.py,high,False
test,73,1,file_d72ac8163b01ef72,data/raw/share/share/共有ドライブ/プロジェクト/医療法人社団 恒一会 かえで総合病院/00.提案/提案書.pptx,医療法人社団 恒一会 かえで総合病院,.pptx,proposal,10.0,"{""path_term_match"": 2.0, ""content_bm25"": 8.0}","path_term_match, content_bm25",False,False,current_candidate_files_for_question,latest planner.py,high,False
test,73,2,file_cc8e97e3d637960f,data/raw/share/share/共有ドライブ/プロジェクト/医療法人社団 恒一会 かえで総合病院/06.報告書/医療法人社団 恒一会 かえで総合病院_最終報告.pptx,医療法人社団 恒一会 かえで総合病院,.pptx,report,10.0,"{""path_term_match"": 2.0, ""content_bm25"": 8.0}","path_term_match, content_bm25",False,False,current_candidate_files_for_question,latest planner.py,high,False
test,73,3,file_c2047ca2e1b6baa2,data/raw/share/share/共有ドライブ/プロジェクト/医療法人社団 恒一会 かえで総合病院/06.報告書/医療法人社団 恒一会 かえで総合病院_最終報告_old.pptx,医療法人社団 恒一会 かえで総合病院,.pptx,report,10.0,"{""path_term_match"": 2.0, ""content_bm25"": 8.0}","path_term_match, content_bm25",False,False,current_candidate_files_for_question,latest planner.py,high,False
test,73,4,file_8e7f976c6bf62fb6,data/raw/share/share/共有ドライブ/プロジェクト/株式会社東都人材プラットフォーム/00.提案/提案書.pptx,株式会社東都人材プラットフォーム,.pptx,proposal,10.0,"{""path_term_match"": 2.0, ""content_bm25"": 8.0}","path_term_match, content_bm25",False,False,current_candidate_files_for_question,latest planner.py,high,False
test,73,5,file_591a79dbe934438c,data/raw/share/share/共有ドライブ/プロジェクト/株式会社青潮モビリティサービス/00.提案/提案書.pptx,株式会社青潮モビリティサービス,.pptx,proposal,10.0,"{""path_term_match"": 2.0, ""content_bm25"": 8.0}","path_term_match, content_bm25",False,False,current_candidate_files_for_question,latest planner.py,high,False
test,73,6,file_70f9d108e37232bd,data/raw/share/share/共有ドライブ/プロジェクト/医療法人社団 蒼泉会 ひがし丘総合病院/00.提案/提案書.pptx,医療法人社団 蒼泉会 ひがし丘総合病院,.pptx,proposal,8.5582,"{""path_term_match"": 2.0, ""content_bm25"": 6.558240646850895}","path_term_match, content_bm25",False,False,current_candidate_files_for_question,latest planner.py,high,False
test,73,7,file_1aff1b560a3f2e24,data/raw/share/share/共有ドライブ/プロジェクト/京橋信用ソリューションズ株式会社/00.提案/提案書_final.pptx,京橋信用ソリューションズ株式会社,.pptx,proposal,8.4747,"{""path_term_match"": 2.0, ""content_bm25"": 6.474676828425348}","path_term_match, content_bm25",False,False,current_candidate_files_for_question,latest planner.py,high,False
test,73,8,file_7f6ba34feefeb01a,data/raw/share/share/共有ドライブ/プロジェクト/京橋信用ソリューションズ株式会社/00.提案/提案書_v1.pptx,京橋信用ソリューションズ株式会社,.pptx,proposal,8.4747,"{""path_term_match"": 2.0, ""content_bm25"": 6.474676828425348}","path_term_match, content_bm25",False,False,current_candidate_files_for_question,latest planner.py,high,False
test,73,9,file_3214e231bd5034de,data/raw/share/share/共有ドライブ/プロジェクト/医療法人社団 恒一会 かえで総合病院/05.会議/報告資料/報告資料_2025-09-16.docx,医療法人社団 恒一会 かえで総合病院,.docx,meeting,8.1619,"{""path_term_match"": 2.0, ""content_bm25"": 6.161919745029998}","path_term_match, content_bm25",False,False,current_candidate_files_for_question,latest planner.py,high,False
test,73,10,file_03d92cf92666adde,data/raw/share/share/共有ドライブ/プロジェクト/医療法人社団 恒一会 かえで総合病院/02.計画/~$スケジュール.xlsx,医療法人社団 恒一会 かえで総合病院,.xlsx,schedule,8.0,"{""path_term_match"": 2.0, ""required_file_type_match"": 3.0, ""route_kind_match"": 3.0}","path_term_match, required_file_type_match, route_kind_match",False,False,current_candidate_files_for_question,latest planner.py,high,False
test,74,1,file_55b4c40fc1e8e7bc,data/raw/share/share/共有ドライブ/プロジェクト/青葉与信マネジメント株式会社/00.提案/提案書_v1.pptx,青葉与信マネジメント株式会社,.pptx,proposal,16.5,"{""path_term_match"": 2.0, ""required_file_type_match"": 3.0, ""route_kind_match"": 1.5, ""identifier_path_match"": 2.0, ""content_bm25"": 8.0}","path_term_match, required_file_type_match, route_kind_match, identifier_path_match, content_bm25",False,True,current_candidate_files_for_question,latest planner.py,high,False
test,74,2,file_08a9d0fb95bae44c,data/raw/share/share/共有ドライブ/プロジェクト/青葉与信マネジメント株式会社/00.提案/提案書_v2.pptx,青葉与信マネジメント株式会社,.pptx,proposal,16.5,"{""path_term_match"": 2.0, ""required_file_type_match"": 3.0, ""route_kind_match"": 1.5, ""identifier_path_match"": 2.0, ""content_bm25"": 8.0}","path_term_match, required_file_type_match, route_kind_match, identifier_path_match, content_bm25",False,True,current_candidate_files_for_question,latest planner.py,high,False
test,74,3,file_9969b5d674125f4c,data/raw/share/share/共有ドライブ/プロジェクト/青葉与信マネジメント株式会社/00.提案/提案書_v3.pptx,青葉与信マネジメント株式会社,.pptx,proposal,16.5,"{""path_term_match"": 2.0, ""required_file_type_match"": 3.0, ""route_kind_match"": 1.5, ""identifier_path_match"": 2.0, ""content_bm25"": 8.0}","path_term_match, required_file_type_match, route_kind_match, identifier_path_match, content_bm25",False,True,current_candidate_files_for_question,latest planner.py,high,False
test,74,4,file_9988c3de981d5347,data/raw/share/share/共有ドライブ/プロジェクト/青葉与信マネジメント株式会社/06.報告書/old/青葉与信マネジメント株式会社_最終報告.pptx,青葉与信マネジメント株式会社,.pptx,report,16.5,"{""path_term_match"": 2.0, ""required_file_type_match"": 3.0, ""route_kind_match"": 1.5, ""identifier_path_match"": 2.0, ""content_bm25"": 8.0}","path_term_match, required_file_type_match, route_kind_match, identifier_path_match, content_bm25",False,True,current_candidate_files_for_question,latest planner.py,high,False
test,74,5,file_16c34387f25d4280,data/raw/share/share/共有ドライブ/プロジェクト/青葉与信マネジメント株式会社/06.報告書/青葉与信マネジメント株式会社_最終報告.pptx,青葉与信マネジメント株式会社,.pptx,report,16.5,"{""path_term_match"": 2.0, ""required_file_type_match"": 3.0, ""route_kind_match"": 1.5, ""identifier_path_match"": 2.0, ""content_bm25"": 8.0}","path_term_match, required_file_type_match, route_kind_match, identifier_path_match, content_bm25",False,True,current_candidate_files_for_question,latest planner.py,high,False
test,74,6,file_a452ac5e9344e277,data/raw/share/share/共有ドライブ/プロジェクト/株式会社青葉バイオメディカル機器/06.報告書/株式会社青葉バイオメディカル機器_最終報告.pptx,株式会社青葉バイオメディカル機器,.pptx,report,15.2463,"{""path_term_match"": 2.0, ""required_file_type_match"": 3.0, ""route_kind_match"": 1.5, ""identifier_path_match"": 2.0, ""content_bm25"": 6.7463244876372155}","path_term_match, required_file_type_match, route_kind_match, identifier_path_match, content_bm25",False,True,current_candidate_files_for_question,latest planner.py,high,False
test,74,7,file_831dbc2d4bc189c3,data/raw/share/share/共有ドライブ/プロジェクト/株式会社青嶺不動産アセットマネジメント/00.提案/提案書.pptx,株式会社青嶺不動産アセットマネジメント,.pptx,proposal,15.2192,"{""path_term_match"": 2.0, ""required_file_type_match"": 3.0, ""route_kind_match"": 1.5, ""identifier_path_match"": 2.0, ""content_bm25"": 6.719181739522162}","path_term_match, required_file_type_match, route_kind_match, identifier_path_match, content_bm25",False,True,current_candidate_files_for_question,latest planner.py,high,False
test,74,8,file_3dbffa905dc9b2b1,data/raw/share/share/共有ドライブ/プロジェクト/株式会社青嶺不動産アセットマネジメント/00.提案/old/提案書.pptx,株式会社青嶺不動産アセットマネジメント,.pptx,proposal,15.2076,"{""path_term_match"": 2.0, ""required_file_type_match"": 3.0, ""route_kind_match"": 1.5, ""identifier_path_match"": 2.0, ""content_bm25"": 6.7076380557421285}","path_term_match, required_file_type_match, route_kind_match, identifier_path_match, content_bm25",False,True,current_candidate_files_for_question,latest planner.py,high,False
test,74,9,file_8e7f976c6bf62fb6,data/raw/share/share/共有ドライブ/プロジェクト/株式会社東都人材プラットフォーム/00.提案/提案書.pptx,株式会社東都人材プラットフォーム,.pptx,proposal,11.7322,"{""path_term_match"": 2.0, ""required_file_type_match"": 3.0, ""route_kind_match"": 1.5, ""identifier_path_match"": 2.0, ""content_bm25"": 3.232181748613137}","path_term_match, required_file_type_match, route_kind_match, identifier_path_match, content_bm25",False,True,current_candidate_files_for_question,latest planner.py,high,False
test,74,10,file_87b6070b1b78d8f6,data/raw/share/share/共有ドライブ/プロジェクト/青葉与信マネジメント株式会社/05.会議/会議録/会議録_2025-05-27.pdf,青葉与信マネジメント株式会社,.pdf,meeting,11.5,"{""path_term_match"": 2.0, ""route_kind_match"": 1.5, ""content_bm25"": 8.0}","path_term_match, route_kind_match, content_bm25",False,True,current_candidate_files_for_question,latest planner.py,high,False
test,75,1,file_1aff1b560a3f2e24,data/raw/share/share/共有ドライブ/プロジェクト/京橋信用ソリューションズ株式会社/00.提案/提案書_final.pptx,京橋信用ソリューションズ株式会社,.pptx,proposal,11.5,"{""path_term_match"": 2.0, ""route_kind_match"": 1.5, ""content_bm25"": 8.0}","path_term_match, route_kind_match, content_bm25",False,False,current_candidate_files_for_question,latest planner.py,high,False
test,75,2,file_7f6ba34feefeb01a,data/raw/share/share/共有ドライブ/プロジェクト/京橋信用ソリューションズ株式会社/00.提案/提案書_v1.pptx,京橋信用ソリューションズ株式会社,.pptx,proposal,11.5,"{""path_term_match"": 2.0, ""route_kind_match"": 1.5, ""content_bm25"": 8.0}","path_term_match, route_kind_match, content_bm25",False,False,current_candidate_files_for_question,latest planner.py,high,False
test,75,3,file_d72ac8163b01ef72,data/raw/share/share/共有ドライブ/プロジェクト/医療法人社団 恒一会 かえで総合病院/00.提案/提案書.pptx,医療法人社団 恒一会 かえで総合病院,.pptx,proposal,11.5,"{""path_term_match"": 2.0, ""route_kind_match"": 1.5, ""content_bm25"": 8.0}","path_term_match, route_kind_match, content_bm25",False,False,current_candidate_files_for_question,latest planner.py,high,False
test,75,4,file_ef106a562ea6c4f4,data/raw/share/share/共有ドライブ/プロジェクト/株式会社青嶺不動産アセットマネジメント/00.提案/ニューヨーク不動産市場の最新動向調査.pdf,株式会社青嶺不動産アセットマネジメント,.pdf,proposal,9.5,"{""route_kind_match"": 1.5, ""content_bm25"": 8.0}","route_kind_match, content_bm25",False,False,current_candidate_files_for_question,latest planner.py,high,False
test,75,5,file_dfcdb508120d023c,data/raw/share/share/共有ドライブ/プロジェクト/京橋信用ソリューションズ株式会社/06.報告書/京橋信用ソリューションズ株式会社_最終報告.pptx,京橋信用ソリューションズ株式会社,.pptx,report,9.0944,"{""path_term_match"": 2.0, ""route_kind_match"": 1.5, ""content_bm25"": 5.594361515466254}","path_term_match, route_kind_match, content_bm25",False,False,current_candidate_files_for_question,latest planner.py,high,False
test,75,6,file_70f9d108e37232bd,data/raw/share/share/共有ドライブ/プロジェクト/医療法人社団 蒼泉会 ひがし丘総合病院/00.提案/提案書.pptx,医療法人社団 蒼泉会 ひがし丘総合病院,.pptx,proposal,8.7747,"{""path_term_match"": 2.0, ""route_kind_match"": 1.5, ""content_bm25"": 5.2746855441818585}","path_term_match, route_kind_match, content_bm25",False,False,current_candidate_files_for_question,latest planner.py,high,False
test,75,7,file_55b4c40fc1e8e7bc,data/raw/share/share/共有ドライブ/プロジェクト/青葉与信マネジメント株式会社/00.提案/提案書_v1.pptx,青葉与信マネジメント株式会社,.pptx,proposal,8.3462,"{""path_term_match"": 2.0, ""route_kind_match"": 1.5, ""content_bm25"": 4.846192691537414}","path_term_match, route_kind_match, content_bm25",False,False,current_candidate_files_for_question,latest planner.py,high,False
test,75,8,file_08a9d0fb95bae44c,data/raw/share/share/共有ドライブ/プロジェクト/青葉与信マネジメント株式会社/00.提案/提案書_v2.pptx,青葉与信マネジメント株式会社,.pptx,proposal,8.3462,"{""path_term_match"": 2.0, ""route_kind_match"": 1.5, ""content_bm25"": 4.846192691537414}","path_term_match, route_kind_match, content_bm25",False,False,current_candidate_files_for_question,latest planner.py,high,False
test,75,9,file_e9a98b71c2781a41,data/raw/share/share/共有ドライブ/プロジェクト/白峰信用リスク評価株式会社/06.報告書/白峰信用リスク評価株式会社_最終報告.pptx,白峰信用リスク評価株式会社,.pptx,report,7.9503,"{""path_term_match"": 2.0, ""route_kind_match"": 1.5, ""content_bm25"": 4.450267049237033}","path_term_match, route_kind_match, content_bm25",False,False,current_candidate_files_for_question,latest planner.py,high,False
test,75,10,file_591a79dbe934438c,data/raw/share/share/共有ドライブ/プロジェクト/株式会社青潮モビリティサービス/00.提案/提案書.pptx,株式会社青潮モビリティサービス,.pptx,proposal,7.4977,"{""path_term_match"": 2.0, ""route_kind_match"": 1.5, ""content_bm25"": 3.9976640189485835}","path_term_match, route_kind_match, content_bm25",False,False,current_candidate_files_for_question,latest planner.py,high,False
test,76,1,file_0cd4fc42e961ecf5,data/raw/share/share/共有ドライブ/プロジェクト/医療法人社団 蒼泉会 ひがし丘総合病院/01.契約/契約書.docx,医療法人社団 蒼泉会 ひがし丘総合病院,.docx,contract,11.5,"{""path_term_match"": 2.0, ""route_kind_match"": 1.5, ""content_bm25"": 8.0}","path_term_match, route_kind_match, content_bm25",False,False,current_candidate_files_for_question,latest planner.py,high,False
test,76,2,file_0305d0365eeba3e4,data/raw/share/share/共有ドライブ/プロジェクト/株式会社青嶺不動産アセットマネジメント/01.契約/契約書.docx,株式会社青嶺不動産アセットマネジメント,.docx,contract,11.5,"{""path_term_match"": 2.0, ""route_kind_match"": 1.5, ""content_bm25"": 8.0}","path_term_match, route_kind_match, content_bm25",False,False,current_candidate_files_for_question,latest planner.py,high,False
test,76,3,file_d2d39140cef077b8,data/raw/share/share/共有ドライブ/プロジェクト/株式会社青潮モビリティサービス/01.契約/契約書.docx,株式会社青潮モビリティサービス,.docx,contract,11.5,"{""path_term_match"": 2.0, ""route_kind_match"": 1.5, ""content_bm25"": 8.0}","path_term_match, route_kind_match, content_bm25",False,False,current_candidate_files_for_question,latest planner.py,high,False
test,76,4,file_4c872cbd8956e405,data/raw/share/share/共有ドライブ/プロジェクト/京橋信用ソリューションズ株式会社/01.契約/契約書.docx,京橋信用ソリューションズ株式会社,.docx,contract,11.0135,"{""path_term_match"": 2.0, ""route_kind_match"": 1.5, ""content_bm25"": 7.513455251101151}","path_term_match, route_kind_match, content_bm25",False,False,current_candidate_files_for_question,latest planner.py,high,False
test,76,5,file_68c8fede4948d806,data/raw/share/share/共有ドライブ/プロジェクト/株式会社青葉バイオメディカル機器/05.会議/報告資料/報告資料_2025-07-11.docx,株式会社青葉バイオメディカル機器,.docx,meeting,10.9197,"{""path_term_match"": 2.0, ""route_kind_match"": 1.5, ""content_bm25"": 7.419716924981873}","path_term_match, route_kind_match, content_bm25",False,False,current_candidate_files_for_question,latest planner.py,high,False
test,76,6,file_a438950d877600c8,data/raw/share/share/共有ドライブ/プロジェクト/青葉与信マネジメント株式会社/01.契約/契約書.docx,青葉与信マネジメント株式会社,.docx,contract,10.0484,"{""path_term_match"": 2.0, ""route_kind_match"": 1.5, ""content_bm25"": 6.548414775496941}","path_term_match, route_kind_match, content_bm25",False,False,current_candidate_files_for_question,latest planner.py,high,False
test,76,7,file_9c265e1ca7bc94dc,data/raw/share/share/共有ドライブ/プロジェクト/医療法人社団 蒼樹会 みなみ野女性医療センター/01.契約/契約書.docx,医療法人社団 蒼樹会 みなみ野女性医療センター,.docx,contract,9.9883,"{""path_term_match"": 2.0, ""route_kind_match"": 1.5, ""content_bm25"": 6.488256967665511}","path_term_match, route_kind_match, content_bm25",False,False,current_candidate_files_for_question,latest planner.py,high,False
test,76,8,file_a18e6e03b56e708d,data/raw/share/share/共有ドライブ/プロジェクト/白峰信用リスク評価株式会社/01.契約/契約書.docx,白峰信用リスク評価株式会社,.docx,contract,9.9564,"{""path_term_match"": 2.0, ""route_kind_match"": 1.5, ""content_bm25"": 6.456386447077094}","path_term_match, route_kind_match, content_bm25",False,False,current_candidate_files_for_question,latest planner.py,high,False
test,76,9,file_1aff1b560a3f2e24,data/raw/share/share/共有ドライブ/プロジェクト/京橋信用ソリューションズ株式会社/00.提案/提案書_final.pptx,京橋信用ソリューションズ株式会社,.pptx,proposal,9.5,"{""route_kind_match"": 1.5, ""content_bm25"": 8.0}","route_kind_match, content_bm25",False,False,current_candidate_files_for_question,latest planner.py,high,False
test,76,10,file_7f6ba34feefeb01a,data/raw/share/share/共有ドライブ/プロジェクト/京橋信用ソリューションズ株式会社/00.提案/提案書_v1.pptx,京橋信用ソリューションズ株式会社,.pptx,proposal,9.5,"{""route_kind_match"": 1.5, ""content_bm25"": 8.0}","route_kind_match, content_bm25",False,False,current_candidate_files_for_question,latest planner.py,high,False
test,77,1,file_d72ac8163b01ef72,data/raw/share/share/共有ドライブ/プロジェクト/医療法人社団 恒一会 かえで総合病院/00.提案/提案書.pptx,医療法人社団 恒一会 かえで総合病院,.pptx,proposal,15.5,"{""path_term_match"": 2.0, ""required_file_type_match"": 3.0, ""route_kind_match"": 2.5, ""content_bm25"": 8.0}","path_term_match, required_file_type_match, route_kind_match, content_bm25",False,False,current_candidate_files_for_question,latest planner.py,high,False
test,77,2,file_cc8e97e3d637960f,data/raw/share/share/共有ドライブ/プロジェクト/医療法人社団 恒一会 かえで総合病院/06.報告書/医療法人社団 恒一会 かえで総合病院_最終報告.pptx,医療法人社団 恒一会 かえで総合病院,.pptx,report,15.5,"{""path_term_match"": 2.0, ""required_file_type_match"": 3.0, ""route_kind_match"": 2.5, ""content_bm25"": 8.0}","path_term_match, required_file_type_match, route_kind_match, content_bm25",False,False,current_candidate_files_for_question,latest planner.py,high,False
test,77,3,file_c2047ca2e1b6baa2,data/raw/share/share/共有ドライブ/プロジェクト/医療法人社団 恒一会 かえで総合病院/06.報告書/医療法人社団 恒一会 かえで総合病院_最終報告_old.pptx,医療法人社団 恒一会 かえで総合病院,.pptx,report,15.5,"{""path_term_match"": 2.0, ""required_file_type_match"": 3.0, ""route_kind_match"": 2.5, ""content_bm25"": 8.0}","path_term_match, required_file_type_match, route_kind_match, content_bm25",False,False,current_candidate_files_for_question,latest planner.py,high,False
test,77,4,file_70f9d108e37232bd,data/raw/share/share/共有ドライブ/プロジェクト/医療法人社団 蒼泉会 ひがし丘総合病院/00.提案/提案書.pptx,医療法人社団 蒼泉会 ひがし丘総合病院,.pptx,proposal,15.5,"{""path_term_match"": 2.0, ""required_file_type_match"": 3.0, ""route_kind_match"": 2.5, ""content_bm25"": 8.0}","path_term_match, required_file_type_match, route_kind_match, content_bm25",False,False,current_candidate_files_for_question,latest planner.py,high,False
test,77,5,file_8fb18453764bc6db,data/raw/share/share/共有ドライブ/社内管理/社内用語集.docx,社内管理,.docx,management,15.5,"{""path_term_match"": 2.0, ""required_file_type_match"": 3.0, ""route_kind_match"": 2.5, ""content_bm25"": 8.0}","path_term_match, required_file_type_match, route_kind_match, content_bm25",False,False,current_candidate_files_for_question,latest planner.py,high,False
test,77,6,file_69289dcd3ecabac0,data/raw/share/share/共有ドライブ/プロジェクト/株式会社東都人材プラットフォーム/00.提案/データサイエンティスト調査.docx,株式会社東都人材プラットフォーム,.docx,proposal,14.1142,"{""path_term_match"": 2.0, ""required_file_type_match"": 3.0, ""route_kind_match"": 2.5, ""content_bm25"": 6.614167739981616}","path_term_match, required_file_type_match, route_kind_match, content_bm25",False,False,current_candidate_files_for_question,latest planner.py,high,False
test,77,7,file_3214e231bd5034de,data/raw/share/share/共有ドライブ/プロジェクト/医療法人社団 恒一会 かえで総合病院/05.会議/報告資料/報告資料_2025-09-16.docx,医療法人社団 恒一会 かえで総合病院,.docx,meeting,13.078,"{""path_term_match"": 2.0, ""required_file_type_match"": 3.0, ""route_kind_match"": 2.5, ""content_bm25"": 5.578040950451884}","path_term_match, required_file_type_match, route_kind_match, content_bm25",False,False,current_candidate_files_for_question,latest planner.py,high,False
test,77,8,file_21fab58c1f410821,data/raw/share/share/共有ドライブ/プロジェクト/京橋信用ソリューションズ株式会社/02.計画/スケジュール.xlsx,京橋信用ソリューションズ株式会社,.xlsx,schedule,12.5,"{""path_term_match"": 2.0, ""required_file_type_match"": 3.0, ""route_kind_match"": 5.5, ""identifier_path_match"": 2.0}","path_term_match, required_file_type_match, route_kind_match, identifier_path_match",False,False,current_candidate_files_for_question,latest planner.py,high,False
test,77,9,file_03d92cf92666adde,data/raw/share/share/共有ドライブ/プロジェクト/医療法人社団 恒一会 かえで総合病院/02.計画/~$スケジュール.xlsx,医療法人社団 恒一会 かえで総合病院,.xlsx,schedule,12.5,"{""path_term_match"": 2.0, ""required_file_type_match"": 3.0, ""route_kind_match"": 5.5, ""identifier_path_match"": 2.0}","path_term_match, required_file_type_match, route_kind_match, identifier_path_match",False,False,current_candidate_files_for_question,latest planner.py,high,False
test,77,10,file_6aab39bed667662c,data/raw/share/share/共有ドライブ/プロジェクト/医療法人社団 恒一会 かえで総合病院/02.計画/スケジュール.xlsx,医療法人社団 恒一会 かえで総合病院,.xlsx,schedule,12.5,"{""path_term_match"": 2.0, ""required_file_type_match"": 3.0, ""route_kind_match"": 5.5, ""identifier_path_match"": 2.0}","path_term_match, required_file_type_match, route_kind_match, identifier_path_match",False,False,current_candidate_files_for_question,latest planner.py,high,False
test,78,1,file_d72ac8163b01ef72,data/raw/share/share/共有ドライブ/プロジェクト/医療法人社団 恒一会 かえで総合病院/00.提案/提案書.pptx,医療法人社団 恒一会 かえで総合病院,.pptx,proposal,11.5,"{""path_term_match"": 2.0, ""route_kind_match"": 1.5, ""content_bm25"": 8.0}","path_term_match, route_kind_match, content_bm25",False,False,current_candidate_files_for_question,latest planner.py,high,False
test,78,2,file_70f9d108e37232bd,data/raw/share/share/共有ドライブ/プロジェクト/医療法人社団 蒼泉会 ひがし丘総合病院/00.提案/提案書.pptx,医療法人社団 蒼泉会 ひがし丘総合病院,.pptx,proposal,11.5,"{""path_term_match"": 2.0, ""route_kind_match"": 1.5, ""content_bm25"": 8.0}","path_term_match, route_kind_match, content_bm25",False,False,current_candidate_files_for_question,latest planner.py,high,False
test,78,3,file_45d248a37508b209,data/raw/share/share/共有ドライブ/プロジェクト/医療法人社団 蒼泉会 ひがし丘総合病院/06.報告書/医療法人社団 蒼泉会 ひがし丘総合病院_最終報告.pdf,医療法人社団 蒼泉会 ひがし丘総合病院,.pdf,report,11.5,"{""path_term_match"": 2.0, ""route_kind_match"": 1.5, ""content_bm25"": 8.0}","path_term_match, route_kind_match, content_bm25",False,False,current_candidate_files_for_question,latest planner.py,high,False
test,78,4,file_8e7f976c6bf62fb6,data/raw/share/share/共有ドライブ/プロジェクト/株式会社東都人材プラットフォーム/00.提案/提案書.pptx,株式会社東都人材プラットフォーム,.pptx,proposal,9.5,"{""route_kind_match"": 1.5, ""content_bm25"": 8.0}","route_kind_match, content_bm25",False,False,current_candidate_files_for_question,latest planner.py,high,False
test,78,5,file_831dbc2d4bc189c3,data/raw/share/share/共有ドライブ/プロジェクト/株式会社青嶺不動産アセットマネジメント/00.提案/提案書.pptx,株式会社青嶺不動産アセットマネジメント,.pptx,proposal,9.5,"{""route_kind_match"": 1.5, ""content_bm25"": 8.0}","route_kind_match, content_bm25",False,False,current_candidate_files_for_question,latest planner.py,high,False
test,78,6,file_0cd4fc42e961ecf5,data/raw/share/share/共有ドライブ/プロジェクト/医療法人社団 蒼泉会 ひがし丘総合病院/01.契約/契約書.docx,医療法人社団 蒼泉会 ひがし丘総合病院,.docx,contract,8.8466,"{""path_term_match"": 2.0, ""route_kind_match"": 1.5, ""content_bm25"": 5.346626582968965}","path_term_match, route_kind_match, content_bm25",False,False,current_candidate_files_for_question,latest planner.py,high,False
test,78,7,file_e87e9b3ab6b0d39a,data/raw/share/share/共有ドライブ/プロジェクト/医療法人社団 恒一会 かえで総合病院/01.契約/契約書_pw-kaede20250902.docx,医療法人社団 恒一会 かえで総合病院,.docx,contract,8.4716,"{""path_term_match"": 2.0, ""route_kind_match"": 1.5, ""content_bm25"": 4.9715655864619785}","path_term_match, route_kind_match, content_bm25",False,False,current_candidate_files_for_question,latest planner.py,high,False
test,78,8,file_3dbffa905dc9b2b1,data/raw/share/share/共有ドライブ/プロジェクト/株式会社青嶺不動産アセットマネジメント/00.提案/old/提案書.pptx,株式会社青嶺不動産アセットマネジメント,.pptx,proposal,8.4343,"{""route_kind_match"": 1.5, ""content_bm25"": 6.934284752538652}","route_kind_match, content_bm25",False,False,current_candidate_files_for_question,latest planner.py,high,False
test,78,9,file_d2d39140cef077b8,data/raw/share/share/共有ドライブ/プロジェクト/株式会社青潮モビリティサービス/01.契約/契約書.docx,株式会社青潮モビリティサービス,.docx,contract,8.3997,"{""path_term_match"": 2.0, ""route_kind_match"": 1.5, ""content_bm25"": 4.899662764195451}","path_term_match, route_kind_match, content_bm25",False,False,current_candidate_files_for_question,latest planner.py,high,False
test,78,10,file_dd5371813c5647dd,data/raw/share/share/共有ドライブ/プロジェクト/株式会社東都人材プラットフォーム/01.契約/契約書.docx,株式会社東都人材プラットフォーム,.docx,contract,8.2386,"{""path_term_match"": 2.0, ""route_kind_match"": 1.5, ""content_bm25"": 4.738582884561619}","path_term_match, route_kind_match, content_bm25",False,False,current_candidate_files_for_question,latest planner.py,high,False
test,79,1,file_d72ac8163b01ef72,data/raw/share/share/共有ドライブ/プロジェクト/医療法人社団 恒一会 かえで総合病院/00.提案/提案書.pptx,医療法人社団 恒一会 かえで総合病院,.pptx,proposal,11.5,"{""path_term_match"": 2.0, ""route_kind_match"": 1.5, ""content_bm25"": 8.0}","path_term_match, route_kind_match, content_bm25",False,False,current_candidate_files_for_question,latest planner.py,high,False
test,79,2,file_cc8e97e3d637960f,data/raw/share/share/共有ドライブ/プロジェクト/医療法人社団 恒一会 かえで総合病院/06.報告書/医療法人社団 恒一会 かえで総合病院_最終報告.pptx,医療法人社団 恒一会 かえで総合病院,.pptx,report,11.5,"{""path_term_match"": 2.0, ""route_kind_match"": 1.5, ""content_bm25"": 8.0}","path_term_match, route_kind_match, content_bm25",False,False,current_candidate_files_for_question,latest planner.py,high,False
test,79,3,file_c2047ca2e1b6baa2,data/raw/share/share/共有ドライブ/プロジェクト/医療法人社団 恒一会 かえで総合病院/06.報告書/医療法人社団 恒一会 かえで総合病院_最終報告_old.pptx,医療法人社団 恒一会 かえで総合病院,.pptx,report,11.5,"{""path_term_match"": 2.0, ""route_kind_match"": 1.5, ""content_bm25"": 8.0}","path_term_match, route_kind_match, content_bm25",False,False,current_candidate_files_for_question,latest planner.py,high,False
test,79,4,file_be3974a03a5ef2fe,data/raw/share/share/共有ドライブ/プロジェクト/医療法人社団 蒼泉会 ひがし丘総合病院/05.会議/会議録/会議録_2025-08-05.docx,医療法人社団 蒼泉会 ひがし丘総合病院,.docx,meeting,11.5,"{""path_term_match"": 2.0, ""route_kind_match"": 1.5, ""content_bm25"": 8.0}","path_term_match, route_kind_match, content_bm25",False,False,current_candidate_files_for_question,latest planner.py,high,False
test,79,5,file_04ff0c1d08714623,data/raw/share/share/共有ドライブ/プロジェクト/医療法人社団 蒼泉会 ひがし丘総合病院/05.会議/報告資料/報告資料_2025-07-08.docx,医療法人社団 蒼泉会 ひがし丘総合病院,.docx,meeting,11.5,"{""path_term_match"": 2.0, ""route_kind_match"": 1.5, ""content_bm25"": 8.0}","path_term_match, route_kind_match, content_bm25",False,False,current_candidate_files_for_question,latest planner.py,high,False
test,79,6,file_e1689b021af39776,data/raw/share/share/共有ドライブ/社内管理/データアステル社内規定_パスワード導出規則.docx,社内管理,.docx,management,11.5,"{""path_term_match"": 2.0, ""route_kind_match"": 1.5, ""content_bm25"": 8.0}","path_term_match, route_kind_match, content_bm25",False,False,current_candidate_files_for_question,latest planner.py,high,False
test,79,7,file_3214e231bd5034de,data/raw/share/share/共有ドライブ/プロジェクト/医療法人社団 恒一会 かえで総合病院/05.会議/報告資料/報告資料_2025-09-16.docx,医療法人社団 恒一会 かえで総合病院,.docx,meeting,11.4672,"{""path_term_match"": 2.0, ""route_kind_match"": 1.5, ""content_bm25"": 7.967239300630558}","path_term_match, route_kind_match, content_bm25",False,False,current_candidate_files_for_question,latest planner.py,high,False
test,79,8,file_e87e9b3ab6b0d39a,data/raw/share/share/共有ドライブ/プロジェクト/医療法人社団 恒一会 かえで総合病院/01.契約/契約書_pw-kaede20250902.docx,医療法人社団 恒一会 かえで総合病院,.docx,contract,11.3384,"{""path_term_match"": 2.0, ""route_kind_match"": 1.5, ""content_bm25"": 7.838410796357334}","path_term_match, route_kind_match, content_bm25",False,False,current_candidate_files_for_question,latest planner.py,high,False
test,79,9,file_ff69eac39a150594,data/raw/share/share/共有ドライブ/社内管理/データアステル社内管理_決裁基準.md,社内管理,.md,management,10.7674,"{""path_term_match"": 2.0, ""route_kind_match"": 1.5, ""content_bm25"": 7.2673748294384755}","path_term_match, route_kind_match, content_bm25",False,False,current_candidate_files_for_question,latest planner.py,high,False
test,79,10,file_dd5371813c5647dd,data/raw/share/share/共有ドライブ/プロジェクト/株式会社東都人材プラットフォーム/01.契約/契約書.docx,株式会社東都人材プラットフォーム,.docx,contract,10.535,"{""path_term_match"": 2.0, ""route_kind_match"": 1.5, ""content_bm25"": 7.034977719547341}","path_term_match, route_kind_match, content_bm25",False,False,current_candidate_files_for_question,latest planner.py,high,False
test,80,1,file_3a4964aae9b99206,data/raw/share/share/共有ドライブ/プロジェクト/株式会社東都人材プラットフォーム/03.データ/train.xlsx,株式会社東都人材プラットフォーム,.xlsx,data,18.5438,"{""path_term_match"": 2.0, ""required_file_type_match"": 3.0, ""route_kind_match"": 5.5, ""identifier_path_match"": 2.0, ""content_bm25"": 6.043764299095181}","path_term_match, required_file_type_match, route_kind_match, identifier_path_match, content_bm25",False,False,current_candidate_files_for_question,latest planner.py,high,False
test,80,2,file_69289dcd3ecabac0,data/raw/share/share/共有ドライブ/プロジェクト/株式会社東都人材プラットフォーム/00.提案/データサイエンティスト調査.docx,株式会社東都人材プラットフォーム,.docx,proposal,15.5,"{""path_term_match"": 2.0, ""required_file_type_match"": 3.0, ""route_kind_match"": 2.5, ""content_bm25"": 8.0}","path_term_match, required_file_type_match, route_kind_match, content_bm25",False,False,current_candidate_files_for_question,latest planner.py,high,False
test,80,3,file_8e7f976c6bf62fb6,data/raw/share/share/共有ドライブ/プロジェクト/株式会社東都人材プラットフォーム/00.提案/提案書.pptx,株式会社東都人材プラットフォーム,.pptx,proposal,15.5,"{""path_term_match"": 2.0, ""required_file_type_match"": 3.0, ""route_kind_match"": 2.5, ""content_bm25"": 8.0}","path_term_match, required_file_type_match, route_kind_match, content_bm25",False,False,current_candidate_files_for_question,latest planner.py,high,False
test,80,4,file_be1cc2431b394277,data/raw/share/share/共有ドライブ/プロジェクト/株式会社東都人材プラットフォーム/06.報告書/株式会社東都人材プラットフォーム_最終報告.pptx,株式会社東都人材プラットフォーム,.pptx,report,15.5,"{""path_term_match"": 2.0, ""required_file_type_match"": 3.0, ""route_kind_match"": 2.5, ""content_bm25"": 8.0}","path_term_match, required_file_type_match, route_kind_match, content_bm25",False,False,current_candidate_files_for_question,latest planner.py,high,False
test,80,5,file_21fab58c1f410821,data/raw/share/share/共有ドライブ/プロジェクト/京橋信用ソリューションズ株式会社/02.計画/スケジュール.xlsx,京橋信用ソリューションズ株式会社,.xlsx,schedule,12.5,"{""path_term_match"": 2.0, ""required_file_type_match"": 3.0, ""route_kind_match"": 5.5, ""identifier_path_match"": 2.0}","path_term_match, required_file_type_match, route_kind_match, identifier_path_match",False,False,current_candidate_files_for_question,latest planner.py,high,False
test,80,6,file_03d92cf92666adde,data/raw/share/share/共有ドライブ/プロジェクト/医療法人社団 恒一会 かえで総合病院/02.計画/~$スケジュール.xlsx,医療法人社団 恒一会 かえで総合病院,.xlsx,schedule,12.5,"{""path_term_match"": 2.0, ""required_file_type_match"": 3.0, ""route_kind_match"": 5.5, ""identifier_path_match"": 2.0}","path_term_match, required_file_type_match, route_kind_match, identifier_path_match",False,False,current_candidate_files_for_question,latest planner.py,high,False
test,80,7,file_6aab39bed667662c,data/raw/share/share/共有ドライブ/プロジェクト/医療法人社団 恒一会 かえで総合病院/02.計画/スケジュール.xlsx,医療法人社団 恒一会 かえで総合病院,.xlsx,schedule,12.5,"{""path_term_match"": 2.0, ""required_file_type_match"": 3.0, ""route_kind_match"": 5.5, ""identifier_path_match"": 2.0}","path_term_match, required_file_type_match, route_kind_match, identifier_path_match",False,False,current_candidate_files_for_question,latest planner.py,high,False
test,80,8,file_6bae87759176c513,data/raw/share/share/共有ドライブ/プロジェクト/医療法人社団 恒一会 かえで総合病院/03.データ/train.xlsx,医療法人社団 恒一会 かえで総合病院,.xlsx,data,12.5,"{""path_term_match"": 2.0, ""required_file_type_match"": 3.0, ""route_kind_match"": 5.5, ""identifier_path_match"": 2.0}","path_term_match, required_file_type_match, route_kind_match, identifier_path_match",False,False,current_candidate_files_for_question,latest planner.py,high,False
test,80,9,file_8726afc0efe9d707,data/raw/share/share/共有ドライブ/プロジェクト/医療法人社団 蒼樹会 みなみ野女性医療センター/02.計画/スケジュール.xlsx,医療法人社団 蒼樹会 みなみ野女性医療センター,.xlsx,schedule,12.5,"{""path_term_match"": 2.0, ""required_file_type_match"": 3.0, ""route_kind_match"": 5.5, ""identifier_path_match"": 2.0}","path_term_match, required_file_type_match, route_kind_match, identifier_path_match",False,False,current_candidate_files_for_question,latest planner.py,high,False
test,80,10,file_29c29e83f97d5cc6,data/raw/share/share/共有ドライブ/プロジェクト/医療法人社団 蒼樹会 みなみ野女性医療センター/03.データ/train.xlsx,医療法人社団 蒼樹会 みなみ野女性医療センター,.xlsx,data,12.5,"{""path_term_match"": 2.0, ""required_file_type_match"": 3.0, ""route_kind_match"": 5.5, ""identifier_path_match"": 2.0}","path_term_match, required_file_type_match, route_kind_match, identifier_path_match",False,False,current_candidate_files_for_question,latest planner.py,high,False
test,81,1,file_1aff1b560a3f2e24,data/raw/share/share/共有ドライブ/プロジェクト/京橋信用ソリューションズ株式会社/00.提案/提案書_final.pptx,京橋信用ソリューションズ株式会社,.pptx,proposal,15.5,"{""path_term_match"": 2.0, ""required_file_type_match"": 3.0, ""route_kind_match"": 2.5, ""content_bm25"": 8.0}","path_term_match, required_file_type_match, route_kind_match, content_bm25",False,True,current_candidate_files_for_question,latest planner.py,high,False
test,81,2,file_7f6ba34feefeb01a,data/raw/share/share/共有ドライブ/プロジェクト/京橋信用ソリューションズ株式会社/00.提案/提案書_v1.pptx,京橋信用ソリューションズ株式会社,.pptx,proposal,15.5,"{""path_term_match"": 2.0, ""required_file_type_match"": 3.0, ""route_kind_match"": 2.5, ""content_bm25"": 8.0}","path_term_match, required_file_type_match, route_kind_match, content_bm25",False,True,current_candidate_files_for_question,latest planner.py,high,False
test,81,3,file_4c872cbd8956e405,data/raw/share/share/共有ドライブ/プロジェクト/京橋信用ソリューションズ株式会社/01.契約/契約書.docx,京橋信用ソリューションズ株式会社,.docx,contract,15.5,"{""path_term_match"": 2.0, ""required_file_type_match"": 3.0, ""route_kind_match"": 2.5, ""content_bm25"": 8.0}","path_term_match, required_file_type_match, route_kind_match, content_bm25",True,True,current_candidate_files_for_question,latest planner.py,high,False
test,81,4,file_dfcdb508120d023c,data/raw/share/share/共有ドライブ/プロジェクト/京橋信用ソリューションズ株式会社/06.報告書/京橋信用ソリューションズ株式会社_最終報告.pptx,京橋信用ソリューションズ株式会社,.pptx,report,15.5,"{""path_term_match"": 2.0, ""required_file_type_match"": 3.0, ""route_kind_match"": 2.5, ""content_bm25"": 8.0}","path_term_match, required_file_type_match, route_kind_match, content_bm25",False,True,current_candidate_files_for_question,latest planner.py,high,False
test,81,5,file_a23162b9670d9345,data/raw/share/share/共有ドライブ/プロジェクト/京橋信用ソリューションズ株式会社/05.会議/報告資料/報告資料_2025-10-01.docx,京橋信用ソリューションズ株式会社,.docx,meeting,12.065,"{""path_term_match"": 2.0, ""required_file_type_match"": 3.0, ""route_kind_match"": 2.5, ""content_bm25"": 4.565009898818708}","path_term_match, required_file_type_match, route_kind_match, content_bm25",False,True,current_candidate_files_for_question,latest planner.py,high,False
test,81,6,file_3214e231bd5034de,data/raw/share/share/共有ドライブ/プロジェクト/医療法人社団 恒一会 かえで総合病院/05.会議/報告資料/報告資料_2025-09-16.docx,医療法人社団 恒一会 かえで総合病院,.docx,meeting,11.2761,"{""required_file_type_match"": 3.0, ""route_kind_match"": 2.5, ""content_bm25"": 5.776070677596514}","required_file_type_match, route_kind_match, content_bm25",False,True,current_candidate_files_for_question,latest planner.py,high,False
test,81,7,file_ef6b3d40c6cbf84f,data/raw/share/share/共有ドライブ/プロジェクト/青葉与信マネジメント株式会社/05.会議/報告資料/報告資料_2025-04-09.docx,青葉与信マネジメント株式会社,.docx,meeting,10.8211,"{""required_file_type_match"": 3.0, ""route_kind_match"": 2.5, ""content_bm25"": 5.321144071010815}","required_file_type_match, route_kind_match, content_bm25",False,True,current_candidate_files_for_question,latest planner.py,high,False
test,81,8,file_69289dcd3ecabac0,data/raw/share/share/共有ドライブ/プロジェクト/株式会社東都人材プラットフォーム/00.提案/データサイエンティスト調査.docx,株式会社東都人材プラットフォーム,.docx,proposal,10.6365,"{""required_file_type_match"": 3.0, ""route_kind_match"": 2.5, ""content_bm25"": 5.136522949074415}","required_file_type_match, route_kind_match, content_bm25",False,True,current_candidate_files_for_question,latest planner.py,high,False
test,81,9,file_0783e32af794bbe2,data/raw/share/share/共有ドライブ/プロジェクト/京橋信用ソリューションズ株式会社/04.分析/analysis_project/notebooks/01_eda.ipynb,京橋信用ソリューションズ株式会社,.ipynb,analysis,10.0,"{""path_term_match"": 2.0, ""content_bm25"": 8.0}","path_term_match, content_bm25",False,True,current_candidate_files_for_question,latest planner.py,high,False
test,81,10,file_3aefd3a41f06070a,data/raw/share/share/共有ドライブ/プロジェクト/京橋信用ソリューションズ株式会社/04.分析/analysis_project/scripts/bootstrap_env.py,京橋信用ソリューションズ株式会社,.py,analysis,10.0,"{""path_term_match"": 2.0, ""content_bm25"": 8.0}","path_term_match, content_bm25",False,True,current_candidate_files_for_question,latest planner.py,high,False
test,82,1,file_8726afc0efe9d707,data/raw/share/share/共有ドライブ/プロジェクト/医療法人社団 蒼樹会 みなみ野女性医療センター/02.計画/スケジュール.xlsx,医療法人社団 蒼樹会 みなみ野女性医療センター,.xlsx,schedule,15.6266,"{""path_term_match"": 2.0, ""required_file_type_match"": 3.0, ""route_kind_match"": 5.5, ""identifier_path_match"": 2.0, ""content_bm25"": 3.126610661902157}","path_term_match, required_file_type_match, route_kind_match, identifier_path_match, content_bm25",False,True,current_candidate_files_for_question,latest planner.py,high,False
test,82,2,file_d72ac8163b01ef72,data/raw/share/share/共有ドライブ/プロジェクト/医療法人社団 恒一会 かえで総合病院/00.提案/提案書.pptx,医療法人社団 恒一会 かえで総合病院,.pptx,proposal,15.5,"{""path_term_match"": 2.0, ""required_file_type_match"": 3.0, ""route_kind_match"": 2.5, ""content_bm25"": 8.0}","path_term_match, required_file_type_match, route_kind_match, content_bm25",False,True,current_candidate_files_for_question,latest planner.py,high,False
test,82,3,file_cc8e97e3d637960f,data/raw/share/share/共有ドライブ/プロジェクト/医療法人社団 恒一会 かえで総合病院/06.報告書/医療法人社団 恒一会 かえで総合病院_最終報告.pptx,医療法人社団 恒一会 かえで総合病院,.pptx,report,15.5,"{""path_term_match"": 2.0, ""required_file_type_match"": 3.0, ""route_kind_match"": 2.5, ""content_bm25"": 8.0}","path_term_match, required_file_type_match, route_kind_match, content_bm25",False,True,current_candidate_files_for_question,latest planner.py,high,False
test,82,4,file_c2047ca2e1b6baa2,data/raw/share/share/共有ドライブ/プロジェクト/医療法人社団 恒一会 かえで総合病院/06.報告書/医療法人社団 恒一会 かえで総合病院_最終報告_old.pptx,医療法人社団 恒一会 かえで総合病院,.pptx,report,15.5,"{""path_term_match"": 2.0, ""required_file_type_match"": 3.0, ""route_kind_match"": 2.5, ""content_bm25"": 8.0}","path_term_match, required_file_type_match, route_kind_match, content_bm25",False,True,current_candidate_files_for_question,latest planner.py,high,False
test,82,5,file_70f9d108e37232bd,data/raw/share/share/共有ドライブ/プロジェクト/医療法人社団 蒼泉会 ひがし丘総合病院/00.提案/提案書.pptx,医療法人社団 蒼泉会 ひがし丘総合病院,.pptx,proposal,15.5,"{""path_term_match"": 2.0, ""required_file_type_match"": 3.0, ""route_kind_match"": 2.5, ""content_bm25"": 8.0}","path_term_match, required_file_type_match, route_kind_match, content_bm25",False,True,current_candidate_files_for_question,latest planner.py,high,False
test,82,6,file_04ff0c1d08714623,data/raw/share/share/共有ドライブ/プロジェクト/医療法人社団 蒼泉会 ひがし丘総合病院/05.会議/報告資料/報告資料_2025-07-08.docx,医療法人社団 蒼泉会 ひがし丘総合病院,.docx,meeting,15.5,"{""path_term_match"": 2.0, ""required_file_type_match"": 3.0, ""route_kind_match"": 2.5, ""content_bm25"": 8.0}","path_term_match, required_file_type_match, route_kind_match, content_bm25",False,True,current_candidate_files_for_question,latest planner.py,high,False
test,82,7,file_69289dcd3ecabac0,data/raw/share/share/共有ドライブ/プロジェクト/株式会社東都人材プラットフォーム/00.提案/データサイエンティスト調査.docx,株式会社東都人材プラットフォーム,.docx,proposal,15.5,"{""path_term_match"": 2.0, ""required_file_type_match"": 3.0, ""route_kind_match"": 2.5, ""content_bm25"": 8.0}","path_term_match, required_file_type_match, route_kind_match, content_bm25",False,True,current_candidate_files_for_question,latest planner.py,high,False
test,82,8,file_d091379932502212,data/raw/share/share/共有ドライブ/プロジェクト/株式会社東都人材プラットフォーム/02.計画/スケジュール.xlsx,株式会社東都人材プラットフォーム,.xlsx,schedule,15.3876,"{""path_term_match"": 2.0, ""required_file_type_match"": 3.0, ""route_kind_match"": 5.5, ""identifier_path_match"": 2.0, ""content_bm25"": 2.8875502050315784}","path_term_match, required_file_type_match, route_kind_match, identifier_path_match, content_bm25",False,True,current_candidate_files_for_question,latest planner.py,high,False
test,82,9,file_8fb18453764bc6db,data/raw/share/share/共有ドライブ/社内管理/社内用語集.docx,社内管理,.docx,management,14.5935,"{""path_term_match"": 2.0, ""required_file_type_match"": 3.0, ""route_kind_match"": 2.5, ""content_bm25"": 7.0934905225018134}","path_term_match, required_file_type_match, route_kind_match, content_bm25",False,True,current_candidate_files_for_question,latest planner.py,high,False
test,82,10,file_72cd8e149ea9592d,data/raw/share/share/共有ドライブ/プロジェクト/医療法人社団 恒一会 かえで総合病院/05.会議/会議録/会議録_2025-09-16.docx,医療法人社団 恒一会 かえで総合病院,.docx,meeting,14.3525,"{""path_term_match"": 2.0, ""required_file_type_match"": 3.0, ""route_kind_match"": 2.5, ""content_bm25"": 6.85247281708954}","path_term_match, required_file_type_match, route_kind_match, content_bm25",False,True,current_candidate_files_for_question,latest planner.py,high,False
test,83,1,file_21fab58c1f410821,data/raw/share/share/共有ドライブ/プロジェクト/京橋信用ソリューションズ株式会社/02.計画/スケジュール.xlsx,京橋信用ソリューションズ株式会社,.xlsx,schedule,10.0,"{""path_term_match"": 2.0, ""required_file_type_match"": 3.0, ""route_kind_match"": 3.0, ""identifier_path_match"": 2.0}","path_term_match, required_file_type_match, route_kind_match, identifier_path_match",False,True,current_candidate_files_for_question,latest planner.py,high,False
test,83,2,file_8fd0e20487420b74,data/raw/share/share/共有ドライブ/プロジェクト/京橋信用ソリューションズ株式会社/03.データ/train.csv,京橋信用ソリューションズ株式会社,.csv,data,10.0,"{""path_term_match"": 2.0, ""required_file_type_match"": 3.0, ""route_kind_match"": 3.0, ""identifier_path_match"": 2.0}","path_term_match, required_file_type_match, route_kind_match, identifier_path_match",False,True,current_candidate_files_for_question,latest planner.py,high,False
test,83,3,file_d5e7d14b53826dc9,data/raw/share/share/共有ドライブ/プロジェクト/京橋信用ソリューションズ株式会社/04.分析/analysis_project/data/train.csv,京橋信用ソリューションズ株式会社,.csv,data,10.0,"{""path_term_match"": 2.0, ""required_file_type_match"": 3.0, ""route_kind_match"": 3.0, ""identifier_path_match"": 2.0}","path_term_match, required_file_type_match, route_kind_match, identifier_path_match",False,True,current_candidate_files_for_question,latest planner.py,high,False
test,83,4,file_03d92cf92666adde,data/raw/share/share/共有ドライブ/プロジェクト/医療法人社団 恒一会 かえで総合病院/02.計画/~$スケジュール.xlsx,医療法人社団 恒一会 かえで総合病院,.xlsx,schedule,10.0,"{""path_term_match"": 2.0, ""required_file_type_match"": 3.0, ""route_kind_match"": 3.0, ""identifier_path_match"": 2.0}","path_term_match, required_file_type_match, route_kind_match, identifier_path_match",False,True,current_candidate_files_for_question,latest planner.py,high,False
test,83,5,file_6aab39bed667662c,data/raw/share/share/共有ドライブ/プロジェクト/医療法人社団 恒一会 かえで総合病院/02.計画/スケジュール.xlsx,医療法人社団 恒一会 かえで総合病院,.xlsx,schedule,10.0,"{""path_term_match"": 2.0, ""required_file_type_match"": 3.0, ""route_kind_match"": 3.0, ""identifier_path_match"": 2.0}","path_term_match, required_file_type_match, route_kind_match, identifier_path_match",False,True,current_candidate_files_for_question,latest planner.py,high,False
test,83,6,file_4fe0dd886c669e57,data/raw/share/share/共有ドライブ/プロジェクト/医療法人社団 恒一会 かえで総合病院/03.データ/train.csv,医療法人社団 恒一会 かえで総合病院,.csv,data,10.0,"{""path_term_match"": 2.0, ""required_file_type_match"": 3.0, ""route_kind_match"": 3.0, ""identifier_path_match"": 2.0}","path_term_match, required_file_type_match, route_kind_match, identifier_path_match",False,True,current_candidate_files_for_question,latest planner.py,high,False
test,83,7,file_6bae87759176c513,data/raw/share/share/共有ドライブ/プロジェクト/医療法人社団 恒一会 かえで総合病院/03.データ/train.xlsx,医療法人社団 恒一会 かえで総合病院,.xlsx,data,10.0,"{""path_term_match"": 2.0, ""required_file_type_match"": 3.0, ""route_kind_match"": 3.0, ""identifier_path_match"": 2.0}","path_term_match, required_file_type_match, route_kind_match, identifier_path_match",False,True,current_candidate_files_for_question,latest planner.py,high,False
test,83,8,file_7adc687e255c7e58,data/raw/share/share/共有ドライブ/プロジェクト/医療法人社団 恒一会 かえで総合病院/04.分析/analysis_project/data/train.csv,医療法人社団 恒一会 かえで総合病院,.csv,data,10.0,"{""path_term_match"": 2.0, ""required_file_type_match"": 3.0, ""route_kind_match"": 3.0, ""identifier_path_match"": 2.0}","path_term_match, required_file_type_match, route_kind_match, identifier_path_match",False,True,current_candidate_files_for_question,latest planner.py,high,False
test,83,9,file_35dab804db563c49,data/raw/share/share/共有ドライブ/プロジェクト/医療法人社団 蒼樹会 みなみ野女性医療センター/00.提案/提案書.pptx,医療法人社団 蒼樹会 みなみ野女性医療センター,.pptx,proposal,10.0,"{""path_term_match"": 2.0, ""content_bm25"": 8.0}","path_term_match, content_bm25",False,True,current_candidate_files_for_question,latest planner.py,high,False
test,83,10,file_8726afc0efe9d707,data/raw/share/share/共有ドライブ/プロジェクト/医療法人社団 蒼樹会 みなみ野女性医療センター/02.計画/スケジュール.xlsx,医療法人社団 蒼樹会 みなみ野女性医療センター,.xlsx,schedule,10.0,"{""path_term_match"": 2.0, ""required_file_type_match"": 3.0, ""route_kind_match"": 3.0, ""identifier_path_match"": 2.0}","path_term_match, required_file_type_match, route_kind_match, identifier_path_match",False,True,current_candidate_files_for_question,latest planner.py,high,False
test,84,1,file_dfcdb508120d023c,data/raw/share/share/共有ドライブ/プロジェクト/京橋信用ソリューションズ株式会社/06.報告書/京橋信用ソリューションズ株式会社_最終報告.pptx,京橋信用ソリューションズ株式会社,.pptx,report,14.5,"{""path_term_match"": 2.0, ""required_file_type_match"": 3.0, ""route_kind_match"": 1.5, ""content_bm25"": 8.0}","path_term_match, required_file_type_match, route_kind_match, content_bm25",False,False,current_candidate_files_for_question,latest planner.py,high,False
test,84,2,file_45d248a37508b209,data/raw/share/share/共有ドライブ/プロジェクト/医療法人社団 蒼泉会 ひがし丘総合病院/06.報告書/医療法人社団 蒼泉会 ひがし丘総合病院_最終報告.pdf,医療法人社団 蒼泉会 ひがし丘総合病院,.pdf,report,14.5,"{""path_term_match"": 2.0, ""required_file_type_match"": 3.0, ""route_kind_match"": 1.5, ""content_bm25"": 8.0}","path_term_match, required_file_type_match, route_kind_match, content_bm25",False,False,current_candidate_files_for_question,latest planner.py,high,False
test,84,3,file_69289dcd3ecabac0,data/raw/share/share/共有ドライブ/プロジェクト/株式会社東都人材プラットフォーム/00.提案/データサイエンティスト調査.docx,株式会社東都人材プラットフォーム,.docx,proposal,14.5,"{""path_term_match"": 2.0, ""required_file_type_match"": 3.0, ""route_kind_match"": 1.5, ""content_bm25"": 8.0}","path_term_match, required_file_type_match, route_kind_match, content_bm25",False,False,current_candidate_files_for_question,latest planner.py,high,False
test,84,4,file_8e7f976c6bf62fb6,data/raw/share/share/共有ドライブ/プロジェクト/株式会社東都人材プラットフォーム/00.提案/提案書.pptx,株式会社東都人材プラットフォーム,.pptx,proposal,14.5,"{""path_term_match"": 2.0, ""required_file_type_match"": 3.0, ""route_kind_match"": 1.5, ""content_bm25"": 8.0}","path_term_match, required_file_type_match, route_kind_match, content_bm25",False,False,current_candidate_files_for_question,latest planner.py,high,False
test,84,5,file_539f8b256c2ec9c0,data/raw/share/share/共有ドライブ/プロジェクト/株式会社東都人材プラットフォーム/05.会議/報告資料/報告資料_2025-08-18.pdf,株式会社東都人材プラットフォーム,.pdf,meeting,14.5,"{""path_term_match"": 2.0, ""required_file_type_match"": 3.0, ""route_kind_match"": 1.5, ""content_bm25"": 8.0}","path_term_match, required_file_type_match, route_kind_match, content_bm25",False,False,current_candidate_files_for_question,latest planner.py,high,False
test,84,6,file_aca3e469ebe6f7ed,data/raw/share/share/共有ドライブ/プロジェクト/株式会社東都人材プラットフォーム/05.会議/報告資料/報告資料_2025-09-08.pdf,株式会社東都人材プラットフォーム,.pdf,meeting,14.5,"{""path_term_match"": 2.0, ""required_file_type_match"": 3.0, ""route_kind_match"": 1.5, ""content_bm25"": 8.0}","path_term_match, required_file_type_match, route_kind_match, content_bm25",False,False,current_candidate_files_for_question,latest planner.py,high,False
test,84,7,file_be1cc2431b394277,data/raw/share/share/共有ドライブ/プロジェクト/株式会社東都人材プラットフォーム/06.報告書/株式会社東都人材プラットフォーム_最終報告.pptx,株式会社東都人材プラットフォーム,.pptx,report,14.5,"{""path_term_match"": 2.0, ""required_file_type_match"": 3.0, ""route_kind_match"": 1.5, ""content_bm25"": 8.0}","path_term_match, required_file_type_match, route_kind_match, content_bm25",False,False,current_candidate_files_for_question,latest planner.py,high,False
test,84,8,file_ef106a562ea6c4f4,data/raw/share/share/共有ドライブ/プロジェクト/株式会社青嶺不動産アセットマネジメント/00.提案/ニューヨーク不動産市場の最新動向調査.pdf,株式会社青嶺不動産アセットマネジメント,.pdf,proposal,14.5,"{""path_term_match"": 2.0, ""required_file_type_match"": 3.0, ""route_kind_match"": 1.5, ""content_bm25"": 8.0}","path_term_match, required_file_type_match, route_kind_match, content_bm25",False,False,current_candidate_files_for_question,latest planner.py,high,False
test,84,9,file_4fa8d55179bcaeab,data/raw/share/share/共有ドライブ/プロジェクト/株式会社青嶺不動産アセットマネジメント/05.会議/報告資料/報告資料_2025-08-26.pdf,株式会社青嶺不動産アセットマネジメント,.pdf,meeting,14.5,"{""path_term_match"": 2.0, ""required_file_type_match"": 3.0, ""route_kind_match"": 1.5, ""content_bm25"": 8.0}","path_term_match, required_file_type_match, route_kind_match, content_bm25",False,False,current_candidate_files_for_question,latest planner.py,high,False
test,84,10,file_16c34387f25d4280,data/raw/share/share/共有ドライブ/プロジェクト/青葉与信マネジメント株式会社/06.報告書/青葉与信マネジメント株式会社_最終報告.pptx,青葉与信マネジメント株式会社,.pptx,report,13.107,"{""path_term_match"": 2.0, ""required_file_type_match"": 3.0, ""route_kind_match"": 1.5, ""content_bm25"": 6.6070225116698715}","path_term_match, required_file_type_match, route_kind_match, content_bm25",False,False,current_candidate_files_for_question,latest planner.py,high,False
test,85,1,file_ef106a562ea6c4f4,data/raw/share/share/共有ドライブ/プロジェクト/株式会社青嶺不動産アセットマネジメント/00.提案/ニューヨーク不動産市場の最新動向調査.pdf,株式会社青嶺不動産アセットマネジメント,.pdf,proposal,11.5,"{""path_term_match"": 2.0, ""route_kind_match"": 1.5, ""content_bm25"": 8.0}","path_term_match, route_kind_match, content_bm25",False,False,current_candidate_files_for_question,latest planner.py,high,False
test,85,2,file_2c99707d925747c6,data/raw/share/share/共有ドライブ/プロジェクト/株式会社青葉バイオメディカル機器/00.提案/提案書.pdf,株式会社青葉バイオメディカル機器,.pdf,proposal,11.5,"{""path_term_match"": 2.0, ""route_kind_match"": 1.5, ""content_bm25"": 8.0}","path_term_match, route_kind_match, content_bm25",False,False,current_candidate_files_for_question,latest planner.py,high,False
test,85,3,file_c0492f5ded148f2a,data/raw/share/share/共有ドライブ/プロジェクト/株式会社青葉バイオメディカル機器/05.会議/会議録/会議録_2025-07-25.docx,株式会社青葉バイオメディカル機器,.docx,meeting,11.5,"{""path_term_match"": 2.0, ""route_kind_match"": 1.5, ""content_bm25"": 8.0}","path_term_match, route_kind_match, content_bm25",False,False,current_candidate_files_for_question,latest planner.py,high,False
test,85,4,file_68c8fede4948d806,data/raw/share/share/共有ドライブ/プロジェクト/株式会社青葉バイオメディカル機器/05.会議/報告資料/報告資料_2025-07-11.docx,株式会社青葉バイオメディカル機器,.docx,meeting,11.5,"{""path_term_match"": 2.0, ""route_kind_match"": 1.5, ""content_bm25"": 8.0}","path_term_match, route_kind_match, content_bm25",False,False,current_candidate_files_for_question,latest planner.py,high,False
test,85,5,file_a452ac5e9344e277,data/raw/share/share/共有ドライブ/プロジェクト/株式会社青葉バイオメディカル機器/06.報告書/株式会社青葉バイオメディカル機器_最終報告.pptx,株式会社青葉バイオメディカル機器,.pptx,report,11.5,"{""path_term_match"": 2.0, ""route_kind_match"": 1.5, ""content_bm25"": 8.0}","path_term_match, route_kind_match, content_bm25",False,False,current_candidate_files_for_question,latest planner.py,high,False
test,85,6,file_841c963d4394b02e,data/raw/share/share/共有ドライブ/プロジェクト/株式会社青葉バイオメディカル機器/05.会議/報告資料/報告資料_2025-06-23.docx,株式会社青葉バイオメディカル機器,.docx,meeting,11.4667,"{""path_term_match"": 2.0, ""route_kind_match"": 1.5, ""content_bm25"": 7.966715104499958}","path_term_match, route_kind_match, content_bm25",False,False,current_candidate_files_for_question,latest planner.py,high,False
test,85,7,file_4d734b2c30ad41ee,data/raw/share/share/共有ドライブ/プロジェクト/株式会社青嶺不動産アセットマネジメント/05.会議/報告資料/報告資料_2025-08-06.pdf,株式会社青嶺不動産アセットマネジメント,.pdf,meeting,11.292,"{""path_term_match"": 2.0, ""route_kind_match"": 1.5, ""content_bm25"": 7.791981793046848}","path_term_match, route_kind_match, content_bm25",False,False,current_candidate_files_for_question,latest planner.py,high,False
test,85,8,file_4fa8d55179bcaeab,data/raw/share/share/共有ドライブ/プロジェクト/株式会社青嶺不動産アセットマネジメント/05.会議/報告資料/報告資料_2025-08-26.pdf,株式会社青嶺不動産アセットマネジメント,.pdf,meeting,10.92,"{""path_term_match"": 2.0, ""route_kind_match"": 1.5, ""content_bm25"": 7.420045613926898}","path_term_match, route_kind_match, content_bm25",False,False,current_candidate_files_for_question,latest planner.py,high,False
test,85,9,file_bf15b15d5d3aa360,data/raw/share/share/共有ドライブ/プロジェクト/株式会社青葉バイオメディカル機器/04.分析/analysis_project/notebooks/01_eda.ipynb,株式会社青葉バイオメディカル機器,.ipynb,analysis,10.0,"{""path_term_match"": 2.0, ""content_bm25"": 8.0}","path_term_match, content_bm25",False,False,current_candidate_files_for_question,latest planner.py,high,False
test,85,10,file_3214e231bd5034de,data/raw/share/share/共有ドライブ/プロジェクト/医療法人社団 恒一会 かえで総合病院/05.会議/報告資料/報告資料_2025-09-16.docx,医療法人社団 恒一会 かえで総合病院,.docx,meeting,9.1657,"{""path_term_match"": 2.0, ""route_kind_match"": 1.5, ""content_bm25"": 5.665687661801954}","path_term_match, route_kind_match, content_bm25",False,False,current_candidate_files_for_question,latest planner.py,high,False
test,86,1,file_ef106a562ea6c4f4,data/raw/share/share/共有ドライブ/プロジェクト/株式会社青嶺不動産アセットマネジメント/00.提案/ニューヨーク不動産市場の最新動向調査.pdf,株式会社青嶺不動産アセットマネジメント,.pdf,proposal,11.5,"{""path_term_match"": 2.0, ""route_kind_match"": 1.5, ""content_bm25"": 8.0}","path_term_match, route_kind_match, content_bm25",False,False,current_candidate_files_for_question,latest planner.py,high,False
test,86,2,file_a452ac5e9344e277,data/raw/share/share/共有ドライブ/プロジェクト/株式会社青葉バイオメディカル機器/06.報告書/株式会社青葉バイオメディカル機器_最終報告.pptx,株式会社青葉バイオメディカル機器,.pptx,report,11.5,"{""path_term_match"": 2.0, ""route_kind_match"": 1.5, ""content_bm25"": 8.0}","path_term_match, route_kind_match, content_bm25",False,False,current_candidate_files_for_question,latest planner.py,high,False
test,86,3,file_55b4c40fc1e8e7bc,data/raw/share/share/共有ドライブ/プロジェクト/青葉与信マネジメント株式会社/00.提案/提案書_v1.pptx,青葉与信マネジメント株式会社,.pptx,proposal,11.1082,"{""path_term_match"": 2.0, ""route_kind_match"": 1.5, ""content_bm25"": 7.60818303565908}","path_term_match, route_kind_match, content_bm25",False,False,current_candidate_files_for_question,latest planner.py,high,False
test,86,4,file_08a9d0fb95bae44c,data/raw/share/share/共有ドライブ/プロジェクト/青葉与信マネジメント株式会社/00.提案/提案書_v2.pptx,青葉与信マネジメント株式会社,.pptx,proposal,11.094,"{""path_term_match"": 2.0, ""route_kind_match"": 1.5, ""content_bm25"": 7.594013656383101}","path_term_match, route_kind_match, content_bm25",False,False,current_candidate_files_for_question,latest planner.py,high,False
test,86,5,file_9969b5d674125f4c,data/raw/share/share/共有ドライブ/プロジェクト/青葉与信マネジメント株式会社/00.提案/提案書_v3.pptx,青葉与信マネジメント株式会社,.pptx,proposal,11.094,"{""path_term_match"": 2.0, ""route_kind_match"": 1.5, ""content_bm25"": 7.594013656383101}","path_term_match, route_kind_match, content_bm25",False,False,current_candidate_files_for_question,latest planner.py,high,False
test,86,6,file_45d248a37508b209,data/raw/share/share/共有ドライブ/プロジェクト/医療法人社団 蒼泉会 ひがし丘総合病院/06.報告書/医療法人社団 蒼泉会 ひがし丘総合病院_最終報告.pdf,医療法人社団 蒼泉会 ひがし丘総合病院,.pdf,report,10.6752,"{""path_term_match"": 2.0, ""route_kind_match"": 1.5, ""content_bm25"": 7.175164146735403}","path_term_match, route_kind_match, content_bm25",False,False,current_candidate_files_for_question,latest planner.py,high,False
test,86,7,file_69289dcd3ecabac0,data/raw/share/share/共有ドライブ/プロジェクト/株式会社東都人材プラットフォーム/00.提案/データサイエンティスト調査.docx,株式会社東都人材プラットフォーム,.docx,proposal,8.5628,"{""path_term_match"": 2.0, ""route_kind_match"": 1.5, ""content_bm25"": 5.062778225042772}","path_term_match, route_kind_match, content_bm25",False,False,current_candidate_files_for_question,latest planner.py,high,False
test,86,8,file_831dbc2d4bc189c3,data/raw/share/share/共有ドライブ/プロジェクト/株式会社青嶺不動産アセットマネジメント/00.提案/提案書.pptx,株式会社青嶺不動産アセットマネジメント,.pptx,proposal,8.5621,"{""path_term_match"": 2.0, ""route_kind_match"": 1.5, ""content_bm25"": 5.062111246000991}","path_term_match, route_kind_match, content_bm25",False,False,current_candidate_files_for_question,latest planner.py,high,False
test,86,9,file_3dbffa905dc9b2b1,data/raw/share/share/共有ドライブ/プロジェクト/株式会社青嶺不動産アセットマネジメント/00.提案/old/提案書.pptx,株式会社青嶺不動産アセットマネジメント,.pptx,proposal,8.5557,"{""path_term_match"": 2.0, ""route_kind_match"": 1.5, ""content_bm25"": 5.0556946480293234}","path_term_match, route_kind_match, content_bm25",False,False,current_candidate_files_for_question,latest planner.py,high,False
test,86,10,file_dfcdb508120d023c,data/raw/share/share/共有ドライブ/プロジェクト/京橋信用ソリューションズ株式会社/06.報告書/京橋信用ソリューションズ株式会社_最終報告.pptx,京橋信用ソリューションズ株式会社,.pptx,report,8.5259,"{""path_term_match"": 2.0, ""route_kind_match"": 1.5, ""content_bm25"": 5.025919958360139}","path_term_match, route_kind_match, content_bm25",False,False,current_candidate_files_for_question,latest planner.py,high,False
test,87,1,file_8fb18453764bc6db,data/raw/share/share/共有ドライブ/社内管理/社内用語集.docx,社内管理,.docx,management,11.5,"{""path_term_match"": 2.0, ""route_kind_match"": 1.5, ""content_bm25"": 8.0}","path_term_match, route_kind_match, content_bm25",False,False,current_candidate_files_for_question,latest planner.py,high,False
test,87,2,file_ff69eac39a150594,data/raw/share/share/共有ドライブ/社内管理/データアステル社内管理_決裁基準.md,社内管理,.md,management,8.7497,"{""path_term_match"": 2.0, ""route_kind_match"": 1.5, ""content_bm25"": 5.2496888262448405}","path_term_match, route_kind_match, content_bm25",False,False,current_candidate_files_for_question,latest planner.py,high,False
test,87,3,file_e1689b021af39776,data/raw/share/share/共有ドライブ/社内管理/データアステル社内規定_パスワード導出規則.docx,社内管理,.docx,management,8.6632,"{""path_term_match"": 2.0, ""route_kind_match"": 1.5, ""content_bm25"": 5.163180854142239}","path_term_match, route_kind_match, content_bm25",False,False,current_candidate_files_for_question,latest planner.py,high,False
test,87,4,file_1aff1b560a3f2e24,data/raw/share/share/共有ドライブ/プロジェクト/京橋信用ソリューションズ株式会社/00.提案/提案書_final.pptx,京橋信用ソリューションズ株式会社,.pptx,proposal,8.3086,"{""route_kind_match"": 1.5, ""content_bm25"": 6.808622799430573}","route_kind_match, content_bm25",False,False,current_candidate_files_for_question,latest planner.py,high,False
test,87,5,file_7f6ba34feefeb01a,data/raw/share/share/共有ドライブ/プロジェクト/京橋信用ソリューションズ株式会社/00.提案/提案書_v1.pptx,京橋信用ソリューションズ株式会社,.pptx,proposal,8.3086,"{""route_kind_match"": 1.5, ""content_bm25"": 6.808622799430573}","route_kind_match, content_bm25",False,False,current_candidate_files_for_question,latest planner.py,high,False
test,87,6,file_cc8e97e3d637960f,data/raw/share/share/共有ドライブ/プロジェクト/医療法人社団 恒一会 かえで総合病院/06.報告書/医療法人社団 恒一会 かえで総合病院_最終報告.pptx,医療法人社団 恒一会 かえで総合病院,.pptx,report,7.299,"{""route_kind_match"": 1.5, ""content_bm25"": 5.798980517392808}","route_kind_match, content_bm25",False,False,current_candidate_files_for_question,latest planner.py,high,False
test,87,7,file_c2047ca2e1b6baa2,data/raw/share/share/共有ドライブ/プロジェクト/医療法人社団 恒一会 かえで総合病院/06.報告書/医療法人社団 恒一会 かえで総合病院_最終報告_old.pptx,医療法人社団 恒一会 かえで総合病院,.pptx,report,7.2908,"{""route_kind_match"": 1.5, ""content_bm25"": 5.7908309264829985}","route_kind_match, content_bm25",False,False,current_candidate_files_for_question,latest planner.py,high,False
test,87,8,file_dfcdb508120d023c,data/raw/share/share/共有ドライブ/プロジェクト/京橋信用ソリューションズ株式会社/06.報告書/京橋信用ソリューションズ株式会社_最終報告.pptx,京橋信用ソリューションズ株式会社,.pptx,report,6.7081,"{""route_kind_match"": 1.5, ""content_bm25"": 5.208108853096578}","route_kind_match, content_bm25",False,False,current_candidate_files_for_question,latest planner.py,high,False
test,87,9,file_ef6b3d40c6cbf84f,data/raw/share/share/共有ドライブ/プロジェクト/青葉与信マネジメント株式会社/05.会議/報告資料/報告資料_2025-04-09.docx,青葉与信マネジメント株式会社,.docx,meeting,6.3122,"{""route_kind_match"": 1.5, ""content_bm25"": 4.8122320291112555}","route_kind_match, content_bm25",False,False,current_candidate_files_for_question,latest planner.py,high,False
test,87,10,file_16c34387f25d4280,data/raw/share/share/共有ドライブ/プロジェクト/青葉与信マネジメント株式会社/06.報告書/青葉与信マネジメント株式会社_最終報告.pptx,青葉与信マネジメント株式会社,.pptx,report,6.2151,"{""route_kind_match"": 1.5, ""content_bm25"": 4.715114905033635}","route_kind_match, content_bm25",False,False,current_candidate_files_for_question,latest planner.py,high,False
test,88,1,file_35dab804db563c49,data/raw/share/share/共有ドライブ/プロジェクト/医療法人社団 蒼樹会 みなみ野女性医療センター/00.提案/提案書.pptx,医療法人社団 蒼樹会 みなみ野女性医療センター,.pptx,proposal,11.5,"{""path_term_match"": 2.0, ""route_kind_match"": 1.5, ""content_bm25"": 8.0}","path_term_match, route_kind_match, content_bm25",True,True,current_candidate_files_for_question,latest planner.py,high,False
test,88,2,file_a61875e51c4e6ba7,data/raw/share/share/共有ドライブ/プロジェクト/医療法人社団 蒼樹会 みなみ野女性医療センター/05.会議/会議録/会議録_2025-04-03.pdf,医療法人社団 蒼樹会 みなみ野女性医療センター,.pdf,meeting,11.5,"{""path_term_match"": 2.0, ""route_kind_match"": 1.5, ""content_bm25"": 8.0}","path_term_match, route_kind_match, content_bm25",False,True,current_candidate_files_for_question,latest planner.py,high,False
test,88,3,file_197352b337f4cbc8,data/raw/share/share/共有ドライブ/プロジェクト/医療法人社団 蒼樹会 みなみ野女性医療センター/05.会議/会議録/会議録_2025-04-24.pdf,医療法人社団 蒼樹会 みなみ野女性医療センター,.pdf,meeting,11.5,"{""path_term_match"": 2.0, ""route_kind_match"": 1.5, ""content_bm25"": 8.0}","path_term_match, route_kind_match, content_bm25",False,True,current_candidate_files_for_question,latest planner.py,high,False
test,88,4,file_ed8004a9eff370bd,data/raw/share/share/共有ドライブ/プロジェクト/医療法人社団 蒼樹会 みなみ野女性医療センター/05.会議/会議録/会議録_2025-05-15.pdf,医療法人社団 蒼樹会 みなみ野女性医療センター,.pdf,meeting,11.5,"{""path_term_match"": 2.0, ""route_kind_match"": 1.5, ""content_bm25"": 8.0}","path_term_match, route_kind_match, content_bm25",False,True,current_candidate_files_for_question,latest planner.py,high,False
test,88,5,file_089d47a29a455478,data/raw/share/share/共有ドライブ/プロジェクト/医療法人社団 蒼樹会 みなみ野女性医療センター/05.会議/報告資料/報告資料_2025-04-03.pdf,医療法人社団 蒼樹会 みなみ野女性医療センター,.pdf,meeting,11.5,"{""path_term_match"": 2.0, ""route_kind_match"": 1.5, ""content_bm25"": 8.0}","path_term_match, route_kind_match, content_bm25",False,True,current_candidate_files_for_question,latest planner.py,high,False
test,88,6,file_552963ebf5a72c62,data/raw/share/share/共有ドライブ/プロジェクト/医療法人社団 蒼樹会 みなみ野女性医療センター/05.会議/報告資料/報告資料_2025-04-24.pdf,医療法人社団 蒼樹会 みなみ野女性医療センター,.pdf,meeting,11.5,"{""path_term_match"": 2.0, ""route_kind_match"": 1.5, ""content_bm25"": 8.0}","path_term_match, route_kind_match, content_bm25",False,True,current_candidate_files_for_question,latest planner.py,high,False
test,88,7,file_20fad7ef35777636,data/raw/share/share/共有ドライブ/プロジェクト/医療法人社団 蒼樹会 みなみ野女性医療センター/06.報告書/医療法人社団 蒼樹会 みなみ野女性医療センター_最終報告.pdf,医療法人社団 蒼樹会 みなみ野女性医療センター,.pdf,report,11.5,"{""path_term_match"": 2.0, ""route_kind_match"": 1.5, ""content_bm25"": 8.0}","path_term_match, route_kind_match, content_bm25",False,True,current_candidate_files_for_question,latest planner.py,high,False
test,88,8,file_6d3070cd9e872c23,data/raw/share/share/共有ドライブ/プロジェクト/医療法人社団 蒼樹会 みなみ野女性医療センター/04.分析/analysis_project/notebooks/01_eda.ipynb,医療法人社団 蒼樹会 みなみ野女性医療センター,.ipynb,analysis,10.0,"{""path_term_match"": 2.0, ""content_bm25"": 8.0}","path_term_match, content_bm25",False,True,current_candidate_files_for_question,latest planner.py,high,False
test,88,9,file_135e8b12ad5af353,data/raw/share/share/共有ドライブ/プロジェクト/医療法人社団 蒼樹会 みなみ野女性医療センター/04.分析/analysis_project/src/common.py,医療法人社団 蒼樹会 みなみ野女性医療センター,.py,analysis,10.0,"{""path_term_match"": 2.0, ""content_bm25"": 8.0}","path_term_match, content_bm25",False,True,current_candidate_files_for_question,latest planner.py,high,False
test,88,10,file_bf3657e26a136347,data/raw/share/share/共有ドライブ/プロジェクト/医療法人社団 蒼樹会 みなみ野女性医療センター/00.提案/糖尿病統計情報.docx,医療法人社団 蒼樹会 みなみ野女性医療センター,.docx,proposal,9.8618,"{""path_term_match"": 2.0, ""route_kind_match"": 1.5, ""content_bm25"": 6.361830272969677}","path_term_match, route_kind_match, content_bm25",False,True,current_candidate_files_for_question,latest planner.py,high,False
test,89,1,file_1d5d4212321e2b00,data/raw/share/share/共有ドライブ/プロジェクト/白峰信用リスク評価株式会社/02.計画/スケジュール.xlsx,白峰信用リスク評価株式会社,.xlsx,schedule,15.2887,"{""path_term_match"": 2.0, ""required_file_type_match"": 3.0, ""route_kind_match"": 3.0, ""identifier_path_match"": 2.0, ""content_bm25"": 5.28867167364338}","path_term_match, required_file_type_match, route_kind_match, identifier_path_match, content_bm25",False,True,current_candidate_files_for_question,latest planner.py,high,False
test,89,2,file_8726afc0efe9d707,data/raw/share/share/共有ドライブ/プロジェクト/医療法人社団 蒼樹会 みなみ野女性医療センター/02.計画/スケジュール.xlsx,医療法人社団 蒼樹会 みなみ野女性医療センター,.xlsx,schedule,15.0286,"{""path_term_match"": 2.0, ""required_file_type_match"": 3.0, ""route_kind_match"": 3.0, ""identifier_path_match"": 2.0, ""content_bm25"": 5.028594146704516}","path_term_match, required_file_type_match, route_kind_match, identifier_path_match, content_bm25",False,True,current_candidate_files_for_question,latest planner.py,high,False
test,89,3,file_21fab58c1f410821,data/raw/share/share/共有ドライブ/プロジェクト/京橋信用ソリューションズ株式会社/02.計画/スケジュール.xlsx,京橋信用ソリューションズ株式会社,.xlsx,schedule,14.3792,"{""path_term_match"": 2.0, ""required_file_type_match"": 3.0, ""route_kind_match"": 3.0, ""identifier_path_match"": 2.0, ""content_bm25"": 4.379211036947764}","path_term_match, required_file_type_match, route_kind_match, identifier_path_match, content_bm25",True,True,current_candidate_files_for_question,latest planner.py,high,False
test,89,4,file_2b1acc51e4227fce,data/raw/share/share/共有ドライブ/プロジェクト/医療法人社団 蒼泉会 ひがし丘総合病院/02.計画/スケジュール.xlsx,医療法人社団 蒼泉会 ひがし丘総合病院,.xlsx,schedule,14.2582,"{""path_term_match"": 2.0, ""required_file_type_match"": 3.0, ""route_kind_match"": 3.0, ""identifier_path_match"": 2.0, ""content_bm25"": 4.258211536117011}","path_term_match, required_file_type_match, route_kind_match, identifier_path_match, content_bm25",False,True,current_candidate_files_for_question,latest planner.py,high,False
test,89,5,file_1aff1b560a3f2e24,data/raw/share/share/共有ドライブ/プロジェクト/京橋信用ソリューションズ株式会社/00.提案/提案書_final.pptx,京橋信用ソリューションズ株式会社,.pptx,proposal,10.0,"{""path_term_match"": 2.0, ""content_bm25"": 8.0}","path_term_match, content_bm25",False,True,current_candidate_files_for_question,latest planner.py,high,False
test,89,6,file_7f6ba34feefeb01a,data/raw/share/share/共有ドライブ/プロジェクト/京橋信用ソリューションズ株式会社/00.提案/提案書_v1.pptx,京橋信用ソリューションズ株式会社,.pptx,proposal,10.0,"{""path_term_match"": 2.0, ""content_bm25"": 8.0}","path_term_match, content_bm25",False,True,current_candidate_files_for_question,latest planner.py,high,False
test,89,7,file_0783e32af794bbe2,data/raw/share/share/共有ドライブ/プロジェクト/京橋信用ソリューションズ株式会社/04.分析/analysis_project/notebooks/01_eda.ipynb,京橋信用ソリューションズ株式会社,.ipynb,analysis,10.0,"{""path_term_match"": 2.0, ""content_bm25"": 8.0}","path_term_match, content_bm25",False,True,current_candidate_files_for_question,latest planner.py,high,False
test,89,8,file_3aefd3a41f06070a,data/raw/share/share/共有ドライブ/プロジェクト/京橋信用ソリューションズ株式会社/04.分析/analysis_project/scripts/bootstrap_env.py,京橋信用ソリューションズ株式会社,.py,analysis,10.0,"{""path_term_match"": 2.0, ""content_bm25"": 8.0}","path_term_match, content_bm25",False,True,current_candidate_files_for_question,latest planner.py,high,False
test,89,9,file_f19b300bf59d72b5,data/raw/share/share/共有ドライブ/プロジェクト/京橋信用ソリューションズ株式会社/04.分析/analysis_project/src/common.py,京橋信用ソリューションズ株式会社,.py,analysis,10.0,"{""path_term_match"": 2.0, ""content_bm25"": 8.0}","path_term_match, content_bm25",False,True,current_candidate_files_for_question,latest planner.py,high,False
test,89,10,file_d0e5ce038fcc828c,data/raw/share/share/共有ドライブ/プロジェクト/京橋信用ソリューションズ株式会社/05.会議/会議録/会議録_2025-10-01.pdf,京橋信用ソリューションズ株式会社,.pdf,meeting,10.0,"{""path_term_match"": 2.0, ""content_bm25"": 8.0}","path_term_match, content_bm25",False,True,current_candidate_files_for_question,latest planner.py,high,False
test,90,1,file_ab51c6cb524e224f,data/raw/share/share/共有ドライブ/プロジェクト/株式会社青潮モビリティサービス/02.計画/スケジュール.xlsx,株式会社青潮モビリティサービス,.xlsx,schedule,18.0,"{""path_term_match"": 2.0, ""required_file_type_match"": 3.0, ""route_kind_match"": 3.0, ""identifier_path_match"": 2.0, ""content_bm25"": 8.0}","path_term_match, required_file_type_match, route_kind_match, identifier_path_match, content_bm25",False,False,current_candidate_files_for_question,latest planner.py,high,False
test,90,2,file_c7097dc9da97e8ad,data/raw/share/share/共有ドライブ/プロジェクト/株式会社青潮モビリティサービス/03.データ/train.xlsx,株式会社青潮モビリティサービス,.xlsx,data,13.5309,"{""path_term_match"": 2.0, ""required_file_type_match"": 3.0, ""route_kind_match"": 3.0, ""identifier_path_match"": 2.0, ""content_bm25"": 3.5309331629053955}","path_term_match, required_file_type_match, route_kind_match, identifier_path_match, content_bm25",False,False,current_candidate_files_for_question,latest planner.py,high,False
test,90,3,file_8726afc0efe9d707,data/raw/share/share/共有ドライブ/プロジェクト/医療法人社団 蒼樹会 みなみ野女性医療センター/02.計画/スケジュール.xlsx,医療法人社団 蒼樹会 みなみ野女性医療センター,.xlsx,schedule,12.9403,"{""path_term_match"": 2.0, ""required_file_type_match"": 3.0, ""route_kind_match"": 3.0, ""identifier_path_match"": 2.0, ""content_bm25"": 2.9402745355808677}","path_term_match, required_file_type_match, route_kind_match, identifier_path_match, content_bm25",False,False,current_candidate_files_for_question,latest planner.py,high,False
test,90,4,file_21fab58c1f410821,data/raw/share/share/共有ドライブ/プロジェクト/京橋信用ソリューションズ株式会社/02.計画/スケジュール.xlsx,京橋信用ソリューションズ株式会社,.xlsx,schedule,10.0,"{""path_term_match"": 2.0, ""required_file_type_match"": 3.0, ""route_kind_match"": 3.0, ""identifier_path_match"": 2.0}","path_term_match, required_file_type_match, route_kind_match, identifier_path_match",False,False,current_candidate_files_for_question,latest planner.py,high,False
test,90,5,file_03d92cf92666adde,data/raw/share/share/共有ドライブ/プロジェクト/医療法人社団 恒一会 かえで総合病院/02.計画/~$スケジュール.xlsx,医療法人社団 恒一会 かえで総合病院,.xlsx,schedule,10.0,"{""path_term_match"": 2.0, ""required_file_type_match"": 3.0, ""route_kind_match"": 3.0, ""identifier_path_match"": 2.0}","path_term_match, required_file_type_match, route_kind_match, identifier_path_match",False,False,current_candidate_files_for_question,latest planner.py,high,False
test,90,6,file_6aab39bed667662c,data/raw/share/share/共有ドライブ/プロジェクト/医療法人社団 恒一会 かえで総合病院/02.計画/スケジュール.xlsx,医療法人社団 恒一会 かえで総合病院,.xlsx,schedule,10.0,"{""path_term_match"": 2.0, ""required_file_type_match"": 3.0, ""route_kind_match"": 3.0, ""identifier_path_match"": 2.0}","path_term_match, required_file_type_match, route_kind_match, identifier_path_match",False,False,current_candidate_files_for_question,latest planner.py,high,False
test,90,7,file_6bae87759176c513,data/raw/share/share/共有ドライブ/プロジェクト/医療法人社団 恒一会 かえで総合病院/03.データ/train.xlsx,医療法人社団 恒一会 かえで総合病院,.xlsx,data,10.0,"{""path_term_match"": 2.0, ""required_file_type_match"": 3.0, ""route_kind_match"": 3.0, ""identifier_path_match"": 2.0}","path_term_match, required_file_type_match, route_kind_match, identifier_path_match",False,False,current_candidate_files_for_question,latest planner.py,high,False
test,90,8,file_29c29e83f97d5cc6,data/raw/share/share/共有ドライブ/プロジェクト/医療法人社団 蒼樹会 みなみ野女性医療センター/03.データ/train.xlsx,医療法人社団 蒼樹会 みなみ野女性医療センター,.xlsx,data,10.0,"{""path_term_match"": 2.0, ""required_file_type_match"": 3.0, ""route_kind_match"": 3.0, ""identifier_path_match"": 2.0}","path_term_match, required_file_type_match, route_kind_match, identifier_path_match",False,False,current_candidate_files_for_question,latest planner.py,high,False
test,90,9,file_2b1acc51e4227fce,data/raw/share/share/共有ドライブ/プロジェクト/医療法人社団 蒼泉会 ひがし丘総合病院/02.計画/スケジュール.xlsx,医療法人社団 蒼泉会 ひがし丘総合病院,.xlsx,schedule,10.0,"{""path_term_match"": 2.0, ""required_file_type_match"": 3.0, ""route_kind_match"": 3.0, ""identifier_path_match"": 2.0}","path_term_match, required_file_type_match, route_kind_match, identifier_path_match",False,False,current_candidate_files_for_question,latest planner.py,high,False
test,90,10,file_2d51866b0728e93a,data/raw/share/share/共有ドライブ/プロジェクト/医療法人社団 蒼泉会 ひがし丘総合病院/03.データ/train.xlsx,医療法人社団 蒼泉会 ひがし丘総合病院,.xlsx,data,10.0,"{""path_term_match"": 2.0, ""required_file_type_match"": 3.0, ""route_kind_match"": 3.0, ""identifier_path_match"": 2.0}","path_term_match, required_file_type_match, route_kind_match, identifier_path_match",False,False,current_candidate_files_for_question,latest planner.py,high,False
test,91,1,file_0783e32af794bbe2,data/raw/share/share/共有ドライブ/プロジェクト/京橋信用ソリューションズ株式会社/04.分析/analysis_project/notebooks/01_eda.ipynb,京橋信用ソリューションズ株式会社,.ipynb,analysis,16.0,"{""path_term_match"": 2.0, ""required_file_type_match"": 3.0, ""route_kind_match"": 3.0, ""content_bm25"": 8.0}","path_term_match, required_file_type_match, route_kind_match, content_bm25",False,False,current_candidate_files_for_question,latest planner.py,high,False
test,91,2,file_3aefd3a41f06070a,data/raw/share/share/共有ドライブ/プロジェクト/京橋信用ソリューションズ株式会社/04.分析/analysis_project/scripts/bootstrap_env.py,京橋信用ソリューションズ株式会社,.py,analysis,16.0,"{""path_term_match"": 2.0, ""required_file_type_match"": 3.0, ""route_kind_match"": 3.0, ""content_bm25"": 8.0}","path_term_match, required_file_type_match, route_kind_match, content_bm25",False,False,current_candidate_files_for_question,latest planner.py,high,False
test,91,3,file_f19b300bf59d72b5,data/raw/share/share/共有ドライブ/プロジェクト/京橋信用ソリューションズ株式会社/04.分析/analysis_project/src/common.py,京橋信用ソリューションズ株式会社,.py,analysis,16.0,"{""path_term_match"": 2.0, ""required_file_type_match"": 3.0, ""route_kind_match"": 3.0, ""content_bm25"": 8.0}","path_term_match, required_file_type_match, route_kind_match, content_bm25",False,False,current_candidate_files_for_question,latest planner.py,high,False
test,91,4,file_70303fd77eed04b5,data/raw/share/share/共有ドライブ/プロジェクト/京橋信用ソリューションズ株式会社/04.分析/analysis_project/src/infer.py,京橋信用ソリューションズ株式会社,.py,analysis,15.9737,"{""path_term_match"": 2.0, ""required_file_type_match"": 3.0, ""route_kind_match"": 3.0, ""content_bm25"": 7.973687930979247}","path_term_match, required_file_type_match, route_kind_match, content_bm25",False,False,current_candidate_files_for_question,latest planner.py,high,False
test,91,5,file_a1d93bc4807130f0,data/raw/share/share/共有ドライブ/プロジェクト/京橋信用ソリューションズ株式会社/04.分析/analysis_project/src/__init__.py,京橋信用ソリューションズ株式会社,.py,analysis,12.0944,"{""path_term_match"": 2.0, ""required_file_type_match"": 3.0, ""route_kind_match"": 3.0, ""content_bm25"": 4.094350454563775}","path_term_match, required_file_type_match, route_kind_match, content_bm25",False,False,current_candidate_files_for_question,latest planner.py,high,False
test,91,6,file_2b94fecbbe587f21,data/raw/share/share/共有ドライブ/プロジェクト/株式会社青嶺不動産アセットマネジメント/04.分析/analysis_project/notebooks/01_eda.ipynb,株式会社青嶺不動産アセットマネジメント,.ipynb,analysis,10.3725,"{""required_file_type_match"": 3.0, ""route_kind_match"": 3.0, ""content_bm25"": 4.372477294050323}","required_file_type_match, route_kind_match, content_bm25",False,False,current_candidate_files_for_question,latest planner.py,high,False
test,91,7,file_1aff1b560a3f2e24,data/raw/share/share/共有ドライブ/プロジェクト/京橋信用ソリューションズ株式会社/00.提案/提案書_final.pptx,京橋信用ソリューションズ株式会社,.pptx,proposal,10.0,"{""path_term_match"": 2.0, ""content_bm25"": 8.0}","path_term_match, content_bm25",False,False,current_candidate_files_for_question,latest planner.py,high,False
test,91,8,file_7f6ba34feefeb01a,data/raw/share/share/共有ドライブ/プロジェクト/京橋信用ソリューションズ株式会社/00.提案/提案書_v1.pptx,京橋信用ソリューションズ株式会社,.pptx,proposal,10.0,"{""path_term_match"": 2.0, ""content_bm25"": 8.0}","path_term_match, content_bm25",False,False,current_candidate_files_for_question,latest planner.py,high,False
test,91,9,file_d0e5ce038fcc828c,data/raw/share/share/共有ドライブ/プロジェクト/京橋信用ソリューションズ株式会社/05.会議/会議録/会議録_2025-10-01.pdf,京橋信用ソリューションズ株式会社,.pdf,meeting,10.0,"{""path_term_match"": 2.0, ""content_bm25"": 8.0}","path_term_match, content_bm25",False,False,current_candidate_files_for_question,latest planner.py,high,False
test,91,10,file_5ad86df755747585,data/raw/share/share/共有ドライブ/プロジェクト/京橋信用ソリューションズ株式会社/05.会議/会議録/会議録_2025-10-29.pdf,京橋信用ソリューションズ株式会社,.pdf,meeting,10.0,"{""path_term_match"": 2.0, ""content_bm25"": 8.0}","path_term_match, content_bm25",False,False,current_candidate_files_for_question,latest planner.py,high,False
test,92,1,file_ab51c6cb524e224f,data/raw/share/share/共有ドライブ/プロジェクト/株式会社青潮モビリティサービス/02.計画/スケジュール.xlsx,株式会社青潮モビリティサービス,.xlsx,schedule,14.0,"{""required_file_type_match"": 3.0, ""route_kind_match"": 3.0, ""content_bm25"": 8.0}","required_file_type_match, route_kind_match, content_bm25",False,True,current_candidate_files_for_question,latest planner.py,high,False
test,92,2,file_1d5d4212321e2b00,data/raw/share/share/共有ドライブ/プロジェクト/白峰信用リスク評価株式会社/02.計画/スケジュール.xlsx,白峰信用リスク評価株式会社,.xlsx,schedule,14.0,"{""required_file_type_match"": 3.0, ""route_kind_match"": 3.0, ""content_bm25"": 8.0}","required_file_type_match, route_kind_match, content_bm25",False,True,current_candidate_files_for_question,latest planner.py,high,False
test,92,3,file_2b1acc51e4227fce,data/raw/share/share/共有ドライブ/プロジェクト/医療法人社団 蒼泉会 ひがし丘総合病院/02.計画/スケジュール.xlsx,医療法人社団 蒼泉会 ひがし丘総合病院,.xlsx,schedule,11.941,"{""path_term_match"": 2.0, ""required_file_type_match"": 3.0, ""route_kind_match"": 3.0, ""content_bm25"": 3.940950993776397}","path_term_match, required_file_type_match, route_kind_match, content_bm25",False,True,current_candidate_files_for_question,latest planner.py,high,False
test,92,4,file_6aab39bed667662c,data/raw/share/share/共有ドライブ/プロジェクト/医療法人社団 恒一会 かえで総合病院/02.計画/スケジュール.xlsx,医療法人社団 恒一会 かえで総合病院,.xlsx,schedule,11.8977,"{""path_term_match"": 2.0, ""required_file_type_match"": 3.0, ""route_kind_match"": 3.0, ""content_bm25"": 3.897738501408889}","path_term_match, required_file_type_match, route_kind_match, content_bm25",True,True,current_candidate_files_for_question,latest planner.py,high,False
test,92,5,file_d091379932502212,data/raw/share/share/共有ドライブ/プロジェクト/株式会社東都人材プラットフォーム/02.計画/スケジュール.xlsx,株式会社東都人材プラットフォーム,.xlsx,schedule,10.9213,"{""required_file_type_match"": 3.0, ""route_kind_match"": 3.0, ""content_bm25"": 4.921258460274697}","required_file_type_match, route_kind_match, content_bm25",False,True,current_candidate_files_for_question,latest planner.py,high,False
test,92,6,file_d72ac8163b01ef72,data/raw/share/share/共有ドライブ/プロジェクト/医療法人社団 恒一会 かえで総合病院/00.提案/提案書.pptx,医療法人社団 恒一会 かえで総合病院,.pptx,proposal,10.0,"{""path_term_match"": 2.0, ""content_bm25"": 8.0}","path_term_match, content_bm25",False,True,current_candidate_files_for_question,latest planner.py,high,False
test,92,7,file_e87e9b3ab6b0d39a,data/raw/share/share/共有ドライブ/プロジェクト/医療法人社団 恒一会 かえで総合病院/01.契約/契約書_pw-kaede20250902.docx,医療法人社団 恒一会 かえで総合病院,.docx,contract,10.0,"{""path_term_match"": 2.0, ""content_bm25"": 8.0}","path_term_match, content_bm25",False,True,current_candidate_files_for_question,latest planner.py,high,False
test,92,8,file_cc8e97e3d637960f,data/raw/share/share/共有ドライブ/プロジェクト/医療法人社団 恒一会 かえで総合病院/06.報告書/医療法人社団 恒一会 かえで総合病院_最終報告.pptx,医療法人社団 恒一会 かえで総合病院,.pptx,report,10.0,"{""path_term_match"": 2.0, ""content_bm25"": 8.0}","path_term_match, content_bm25",False,True,current_candidate_files_for_question,latest planner.py,high,False
test,92,9,file_c2047ca2e1b6baa2,data/raw/share/share/共有ドライブ/プロジェクト/医療法人社団 恒一会 かえで総合病院/06.報告書/医療法人社団 恒一会 かえで総合病院_最終報告_old.pptx,医療法人社団 恒一会 かえで総合病院,.pptx,report,10.0,"{""path_term_match"": 2.0, ""content_bm25"": 8.0}","path_term_match, content_bm25",False,True,current_candidate_files_for_question,latest planner.py,high,False
test,92,10,file_70f9d108e37232bd,data/raw/share/share/共有ドライブ/プロジェクト/医療法人社団 蒼泉会 ひがし丘総合病院/00.提案/提案書.pptx,医療法人社団 蒼泉会 ひがし丘総合病院,.pptx,proposal,10.0,"{""path_term_match"": 2.0, ""content_bm25"": 8.0}","path_term_match, content_bm25",False,True,current_candidate_files_for_question,latest planner.py,high,False
test,93,1,file_35dab804db563c49,data/raw/share/share/共有ドライブ/プロジェクト/医療法人社団 蒼樹会 みなみ野女性医療センター/00.提案/提案書.pptx,医療法人社団 蒼樹会 みなみ野女性医療センター,.pptx,proposal,11.5,"{""path_term_match"": 2.0, ""route_kind_match"": 1.5, ""content_bm25"": 8.0}","path_term_match, route_kind_match, content_bm25",False,False,current_candidate_files_for_question,latest planner.py,high,False
test,93,2,file_a61875e51c4e6ba7,data/raw/share/share/共有ドライブ/プロジェクト/医療法人社団 蒼樹会 みなみ野女性医療センター/05.会議/会議録/会議録_2025-04-03.pdf,医療法人社団 蒼樹会 みなみ野女性医療センター,.pdf,meeting,11.5,"{""path_term_match"": 2.0, ""route_kind_match"": 1.5, ""content_bm25"": 8.0}","path_term_match, route_kind_match, content_bm25",False,False,current_candidate_files_for_question,latest planner.py,high,False
test,93,3,file_197352b337f4cbc8,data/raw/share/share/共有ドライブ/プロジェクト/医療法人社団 蒼樹会 みなみ野女性医療センター/05.会議/会議録/会議録_2025-04-24.pdf,医療法人社団 蒼樹会 みなみ野女性医療センター,.pdf,meeting,11.5,"{""path_term_match"": 2.0, ""route_kind_match"": 1.5, ""content_bm25"": 8.0}","path_term_match, route_kind_match, content_bm25",False,False,current_candidate_files_for_question,latest planner.py,high,False
test,93,4,file_ed8004a9eff370bd,data/raw/share/share/共有ドライブ/プロジェクト/医療法人社団 蒼樹会 みなみ野女性医療センター/05.会議/会議録/会議録_2025-05-15.pdf,医療法人社団 蒼樹会 みなみ野女性医療センター,.pdf,meeting,11.5,"{""path_term_match"": 2.0, ""route_kind_match"": 1.5, ""content_bm25"": 8.0}","path_term_match, route_kind_match, content_bm25",False,False,current_candidate_files_for_question,latest planner.py,high,False
test,93,5,file_089d47a29a455478,data/raw/share/share/共有ドライブ/プロジェクト/医療法人社団 蒼樹会 みなみ野女性医療センター/05.会議/報告資料/報告資料_2025-04-03.pdf,医療法人社団 蒼樹会 みなみ野女性医療センター,.pdf,meeting,11.5,"{""path_term_match"": 2.0, ""route_kind_match"": 1.5, ""content_bm25"": 8.0}","path_term_match, route_kind_match, content_bm25",False,False,current_candidate_files_for_question,latest planner.py,high,False
test,93,6,file_552963ebf5a72c62,data/raw/share/share/共有ドライブ/プロジェクト/医療法人社団 蒼樹会 みなみ野女性医療センター/05.会議/報告資料/報告資料_2025-04-24.pdf,医療法人社団 蒼樹会 みなみ野女性医療センター,.pdf,meeting,11.5,"{""path_term_match"": 2.0, ""route_kind_match"": 1.5, ""content_bm25"": 8.0}","path_term_match, route_kind_match, content_bm25",False,False,current_candidate_files_for_question,latest planner.py,high,False
test,93,7,file_20fad7ef35777636,data/raw/share/share/共有ドライブ/プロジェクト/医療法人社団 蒼樹会 みなみ野女性医療センター/06.報告書/医療法人社団 蒼樹会 みなみ野女性医療センター_最終報告.pdf,医療法人社団 蒼樹会 みなみ野女性医療センター,.pdf,report,11.5,"{""path_term_match"": 2.0, ""route_kind_match"": 1.5, ""content_bm25"": 8.0}","path_term_match, route_kind_match, content_bm25",False,False,current_candidate_files_for_question,latest planner.py,high,False
test,93,8,file_6d3070cd9e872c23,data/raw/share/share/共有ドライブ/プロジェクト/医療法人社団 蒼樹会 みなみ野女性医療センター/04.分析/analysis_project/notebooks/01_eda.ipynb,医療法人社団 蒼樹会 みなみ野女性医療センター,.ipynb,analysis,10.0,"{""path_term_match"": 2.0, ""content_bm25"": 8.0}","path_term_match, content_bm25",False,False,current_candidate_files_for_question,latest planner.py,high,False
test,93,9,file_6cfd790efdc747b0,data/raw/share/share/共有ドライブ/プロジェクト/医療法人社団 蒼樹会 みなみ野女性医療センター/04.分析/analysis_project/scripts/bootstrap_env.py,医療法人社団 蒼樹会 みなみ野女性医療センター,.py,analysis,10.0,"{""path_term_match"": 2.0, ""content_bm25"": 8.0}","path_term_match, content_bm25",False,False,current_candidate_files_for_question,latest planner.py,high,False
test,93,10,file_7ffd387b1cdce5db,data/raw/share/share/共有ドライブ/プロジェクト/医療法人社団 蒼樹会 みなみ野女性医療センター/04.分析/analysis_project/scripts/run_train.py,医療法人社団 蒼樹会 みなみ野女性医療センター,.py,data,10.0,"{""path_term_match"": 2.0, ""content_bm25"": 8.0}","path_term_match, content_bm25",False,False,current_candidate_files_for_question,latest planner.py,high,False
test,94,1,file_21fab58c1f410821,data/raw/share/share/共有ドライブ/プロジェクト/京橋信用ソリューションズ株式会社/02.計画/スケジュール.xlsx,京橋信用ソリューションズ株式会社,.xlsx,schedule,10.0,"{""path_term_match"": 2.0, ""required_file_type_match"": 3.0, ""route_kind_match"": 3.0, ""identifier_path_match"": 2.0}","path_term_match, required_file_type_match, route_kind_match, identifier_path_match",False,False,current_candidate_files_for_question,latest planner.py,high,False
test,94,2,file_03d92cf92666adde,data/raw/share/share/共有ドライブ/プロジェクト/医療法人社団 恒一会 かえで総合病院/02.計画/~$スケジュール.xlsx,医療法人社団 恒一会 かえで総合病院,.xlsx,schedule,10.0,"{""path_term_match"": 2.0, ""required_file_type_match"": 3.0, ""route_kind_match"": 3.0, ""identifier_path_match"": 2.0}","path_term_match, required_file_type_match, route_kind_match, identifier_path_match",False,False,current_candidate_files_for_question,latest planner.py,high,False
test,94,3,file_6aab39bed667662c,data/raw/share/share/共有ドライブ/プロジェクト/医療法人社団 恒一会 かえで総合病院/02.計画/スケジュール.xlsx,医療法人社団 恒一会 かえで総合病院,.xlsx,schedule,10.0,"{""path_term_match"": 2.0, ""required_file_type_match"": 3.0, ""route_kind_match"": 3.0, ""identifier_path_match"": 2.0}","path_term_match, required_file_type_match, route_kind_match, identifier_path_match",False,False,current_candidate_files_for_question,latest planner.py,high,False
test,94,4,file_6bae87759176c513,data/raw/share/share/共有ドライブ/プロジェクト/医療法人社団 恒一会 かえで総合病院/03.データ/train.xlsx,医療法人社団 恒一会 かえで総合病院,.xlsx,data,10.0,"{""path_term_match"": 2.0, ""required_file_type_match"": 3.0, ""route_kind_match"": 3.0, ""identifier_path_match"": 2.0}","path_term_match, required_file_type_match, route_kind_match, identifier_path_match",False,False,current_candidate_files_for_question,latest planner.py,high,False
test,94,5,file_35dab804db563c49,data/raw/share/share/共有ドライブ/プロジェクト/医療法人社団 蒼樹会 みなみ野女性医療センター/00.提案/提案書.pptx,医療法人社団 蒼樹会 みなみ野女性医療センター,.pptx,proposal,10.0,"{""path_term_match"": 2.0, ""content_bm25"": 8.0}","path_term_match, content_bm25",False,False,current_candidate_files_for_question,latest planner.py,high,False
test,94,6,file_8726afc0efe9d707,data/raw/share/share/共有ドライブ/プロジェクト/医療法人社団 蒼樹会 みなみ野女性医療センター/02.計画/スケジュール.xlsx,医療法人社団 蒼樹会 みなみ野女性医療センター,.xlsx,schedule,10.0,"{""path_term_match"": 2.0, ""required_file_type_match"": 3.0, ""route_kind_match"": 3.0, ""identifier_path_match"": 2.0}","path_term_match, required_file_type_match, route_kind_match, identifier_path_match",False,False,current_candidate_files_for_question,latest planner.py,high,False
test,94,7,file_29c29e83f97d5cc6,data/raw/share/share/共有ドライブ/プロジェクト/医療法人社団 蒼樹会 みなみ野女性医療センター/03.データ/train.xlsx,医療法人社団 蒼樹会 みなみ野女性医療センター,.xlsx,data,10.0,"{""path_term_match"": 2.0, ""required_file_type_match"": 3.0, ""route_kind_match"": 3.0, ""identifier_path_match"": 2.0}","path_term_match, required_file_type_match, route_kind_match, identifier_path_match",False,False,current_candidate_files_for_question,latest planner.py,high,False
test,94,8,file_6d3070cd9e872c23,data/raw/share/share/共有ドライブ/プロジェクト/医療法人社団 蒼樹会 みなみ野女性医療センター/04.分析/analysis_project/notebooks/01_eda.ipynb,医療法人社団 蒼樹会 みなみ野女性医療センター,.ipynb,analysis,10.0,"{""path_term_match"": 2.0, ""content_bm25"": 8.0}","path_term_match, content_bm25",False,False,current_candidate_files_for_question,latest planner.py,high,False
test,94,9,file_6cfd790efdc747b0,data/raw/share/share/共有ドライブ/プロジェクト/医療法人社団 蒼樹会 みなみ野女性医療センター/04.分析/analysis_project/scripts/bootstrap_env.py,医療法人社団 蒼樹会 みなみ野女性医療センター,.py,analysis,10.0,"{""path_term_match"": 2.0, ""content_bm25"": 8.0}","path_term_match, content_bm25",False,False,current_candidate_files_for_question,latest planner.py,high,False
test,94,10,file_135e8b12ad5af353,data/raw/share/share/共有ドライブ/プロジェクト/医療法人社団 蒼樹会 みなみ野女性医療センター/04.分析/analysis_project/src/common.py,医療法人社団 蒼樹会 みなみ野女性医療センター,.py,analysis,10.0,"{""path_term_match"": 2.0, ""content_bm25"": 8.0}","path_term_match, content_bm25",False,False,current_candidate_files_for_question,latest planner.py,high,False
test,95,1,file_3dbffa905dc9b2b1,data/raw/share/share/共有ドライブ/プロジェクト/株式会社青嶺不動産アセットマネジメント/00.提案/old/提案書.pptx,株式会社青嶺不動産アセットマネジメント,.pptx,proposal,13.0,"{""path_term_match"": 2.0, ""required_file_type_match"": 3.0, ""content_bm25"": 8.0}","path_term_match, required_file_type_match, content_bm25",False,False,current_candidate_files_for_question,latest planner.py,high,False
test,95,2,file_ef106a562ea6c4f4,data/raw/share/share/共有ドライブ/プロジェクト/株式会社青嶺不動産アセットマネジメント/00.提案/ニューヨーク不動産市場の最新動向調査.pdf,株式会社青嶺不動産アセットマネジメント,.pdf,proposal,13.0,"{""path_term_match"": 2.0, ""required_file_type_match"": 3.0, ""content_bm25"": 8.0}","path_term_match, required_file_type_match, content_bm25",False,False,current_candidate_files_for_question,latest planner.py,high,False
test,95,3,file_831dbc2d4bc189c3,data/raw/share/share/共有ドライブ/プロジェクト/株式会社青嶺不動産アセットマネジメント/00.提案/提案書.pptx,株式会社青嶺不動産アセットマネジメント,.pptx,proposal,13.0,"{""path_term_match"": 2.0, ""required_file_type_match"": 3.0, ""content_bm25"": 8.0}","path_term_match, required_file_type_match, content_bm25",False,False,current_candidate_files_for_question,latest planner.py,high,False
test,95,4,file_0305d0365eeba3e4,data/raw/share/share/共有ドライブ/プロジェクト/株式会社青嶺不動産アセットマネジメント/01.契約/契約書.docx,株式会社青嶺不動産アセットマネジメント,.docx,contract,13.0,"{""path_term_match"": 2.0, ""required_file_type_match"": 3.0, ""content_bm25"": 8.0}","path_term_match, required_file_type_match, content_bm25",False,False,current_candidate_files_for_question,latest planner.py,high,False
test,95,5,file_4d734b2c30ad41ee,data/raw/share/share/共有ドライブ/プロジェクト/株式会社青嶺不動産アセットマネジメント/05.会議/報告資料/報告資料_2025-08-06.pdf,株式会社青嶺不動産アセットマネジメント,.pdf,meeting,13.0,"{""path_term_match"": 2.0, ""required_file_type_match"": 3.0, ""content_bm25"": 8.0}","path_term_match, required_file_type_match, content_bm25",False,False,current_candidate_files_for_question,latest planner.py,high,False
test,95,6,file_4fa8d55179bcaeab,data/raw/share/share/共有ドライブ/プロジェクト/株式会社青嶺不動産アセットマネジメント/05.会議/報告資料/報告資料_2025-08-26.pdf,株式会社青嶺不動産アセットマネジメント,.pdf,meeting,13.0,"{""path_term_match"": 2.0, ""required_file_type_match"": 3.0, ""content_bm25"": 8.0}","path_term_match, required_file_type_match, content_bm25",False,False,current_candidate_files_for_question,latest planner.py,high,False
test,95,7,file_9453287d4c9b7701,data/raw/share/share/共有ドライブ/プロジェクト/株式会社青嶺不動産アセットマネジメント/06.報告書/株式会社青嶺不動産アセットマネジメント_最終報告.pptx,株式会社青嶺不動産アセットマネジメント,.pptx,report,13.0,"{""path_term_match"": 2.0, ""required_file_type_match"": 3.0, ""content_bm25"": 8.0}","path_term_match, required_file_type_match, content_bm25",False,False,current_candidate_files_for_question,latest planner.py,high,False
test,95,8,file_c69eaac534a38cd3,data/raw/share/share/共有ドライブ/プロジェクト/株式会社青嶺不動産アセットマネジメント/02.計画/スケジュール_r1.xlsx,株式会社青嶺不動産アセットマネジメント,.xlsx,schedule,12.0,"{""path_term_match"": 2.0, ""required_file_type_match"": 3.0, ""route_kind_match"": 5.0, ""identifier_path_match"": 2.0}","path_term_match, required_file_type_match, route_kind_match, identifier_path_match",False,False,current_candidate_files_for_question,latest planner.py,high,False
test,95,9,file_b3fe17675195e3cc,data/raw/share/share/共有ドライブ/プロジェクト/株式会社青嶺不動産アセットマネジメント/02.計画/スケジュール_r2.xlsx,株式会社青嶺不動産アセットマネジメント,.xlsx,schedule,12.0,"{""path_term_match"": 2.0, ""required_file_type_match"": 3.0, ""route_kind_match"": 5.0, ""identifier_path_match"": 2.0}","path_term_match, required_file_type_match, route_kind_match, identifier_path_match",False,False,current_candidate_files_for_question,latest planner.py,high,False
test,95,10,file_ef6b3d40c6cbf84f,data/raw/share/share/共有ドライブ/プロジェクト/青葉与信マネジメント株式会社/05.会議/報告資料/報告資料_2025-04-09.docx,青葉与信マネジメント株式会社,.docx,meeting,11.5247,"{""path_term_match"": 2.0, ""required_file_type_match"": 3.0, ""content_bm25"": 6.524658742474904}","path_term_match, required_file_type_match, content_bm25",False,False,current_candidate_files_for_question,latest planner.py,high,False
test,96,1,file_ef106a562ea6c4f4,data/raw/share/share/共有ドライブ/プロジェクト/株式会社青嶺不動産アセットマネジメント/00.提案/ニューヨーク不動産市場の最新動向調査.pdf,株式会社青嶺不動産アセットマネジメント,.pdf,proposal,11.5,"{""path_term_match"": 2.0, ""route_kind_match"": 1.5, ""content_bm25"": 8.0}","path_term_match, route_kind_match, content_bm25",False,True,current_candidate_files_for_question,latest planner.py,high,False
test,96,2,file_4d734b2c30ad41ee,data/raw/share/share/共有ドライブ/プロジェクト/株式会社青嶺不動産アセットマネジメント/05.会議/報告資料/報告資料_2025-08-06.pdf,株式会社青嶺不動産アセットマネジメント,.pdf,meeting,11.5,"{""path_term_match"": 2.0, ""route_kind_match"": 1.5, ""content_bm25"": 8.0}","path_term_match, route_kind_match, content_bm25",False,True,current_candidate_files_for_question,latest planner.py,high,False
test,96,3,file_4fa8d55179bcaeab,data/raw/share/share/共有ドライブ/プロジェクト/株式会社青嶺不動産アセットマネジメント/05.会議/報告資料/報告資料_2025-08-26.pdf,株式会社青嶺不動産アセットマネジメント,.pdf,meeting,11.5,"{""path_term_match"": 2.0, ""route_kind_match"": 1.5, ""content_bm25"": 8.0}","path_term_match, route_kind_match, content_bm25",False,True,current_candidate_files_for_question,latest planner.py,high,False
test,96,4,file_75398ea43c9e3497,data/raw/share/share/共有ドライブ/プロジェクト/株式会社青葉バイオメディカル機器/05.会議/会議録/会議録_2025-07-11.docx,株式会社青葉バイオメディカル機器,.docx,meeting,11.5,"{""path_term_match"": 2.0, ""route_kind_match"": 1.5, ""content_bm25"": 8.0}","path_term_match, route_kind_match, content_bm25",False,True,current_candidate_files_for_question,latest planner.py,high,False
test,96,5,file_841c963d4394b02e,data/raw/share/share/共有ドライブ/プロジェクト/株式会社青葉バイオメディカル機器/05.会議/報告資料/報告資料_2025-06-23.docx,株式会社青葉バイオメディカル機器,.docx,meeting,11.5,"{""path_term_match"": 2.0, ""route_kind_match"": 1.5, ""content_bm25"": 8.0}","path_term_match, route_kind_match, content_bm25",False,True,current_candidate_files_for_question,latest planner.py,high,False
test,96,6,file_68c8fede4948d806,data/raw/share/share/共有ドライブ/プロジェクト/株式会社青葉バイオメディカル機器/05.会議/報告資料/報告資料_2025-07-11.docx,株式会社青葉バイオメディカル機器,.docx,meeting,11.5,"{""path_term_match"": 2.0, ""route_kind_match"": 1.5, ""content_bm25"": 8.0}","path_term_match, route_kind_match, content_bm25",False,True,current_candidate_files_for_question,latest planner.py,high,False
test,96,7,file_a452ac5e9344e277,data/raw/share/share/共有ドライブ/プロジェクト/株式会社青葉バイオメディカル機器/06.報告書/株式会社青葉バイオメディカル機器_最終報告.pptx,株式会社青葉バイオメディカル機器,.pptx,report,11.5,"{""path_term_match"": 2.0, ""route_kind_match"": 1.5, ""content_bm25"": 8.0}","path_term_match, route_kind_match, content_bm25",False,True,current_candidate_files_for_question,latest planner.py,high,False
test,96,8,file_55b4c40fc1e8e7bc,data/raw/share/share/共有ドライブ/プロジェクト/青葉与信マネジメント株式会社/00.提案/提案書_v1.pptx,青葉与信マネジメント株式会社,.pptx,proposal,11.5,"{""path_term_match"": 2.0, ""route_kind_match"": 1.5, ""content_bm25"": 8.0}","path_term_match, route_kind_match, content_bm25",False,True,current_candidate_files_for_question,latest planner.py,high,False
test,96,9,file_08a9d0fb95bae44c,data/raw/share/share/共有ドライブ/プロジェクト/青葉与信マネジメント株式会社/00.提案/提案書_v2.pptx,青葉与信マネジメント株式会社,.pptx,proposal,11.5,"{""path_term_match"": 2.0, ""route_kind_match"": 1.5, ""content_bm25"": 8.0}","path_term_match, route_kind_match, content_bm25",False,True,current_candidate_files_for_question,latest planner.py,high,False
test,96,10,file_9969b5d674125f4c,data/raw/share/share/共有ドライブ/プロジェクト/青葉与信マネジメント株式会社/00.提案/提案書_v3.pptx,青葉与信マネジメント株式会社,.pptx,proposal,11.5,"{""path_term_match"": 2.0, ""route_kind_match"": 1.5, ""content_bm25"": 8.0}","path_term_match, route_kind_match, content_bm25",False,True,current_candidate_files_for_question,latest planner.py,high,False
test,97,1,file_a452ac5e9344e277,data/raw/share/share/共有ドライブ/プロジェクト/株式会社青葉バイオメディカル機器/06.報告書/株式会社青葉バイオメディカル機器_最終報告.pptx,株式会社青葉バイオメディカル機器,.pptx,report,15.5,"{""path_term_match"": 2.0, ""required_file_type_match"": 3.0, ""route_kind_match"": 2.5, ""content_bm25"": 8.0}","path_term_match, required_file_type_match, route_kind_match, content_bm25",False,False,current_candidate_files_for_question,latest planner.py,high,False
test,97,2,file_8fb18453764bc6db,data/raw/share/share/共有ドライブ/社内管理/社内用語集.docx,社内管理,.docx,management,15.5,"{""path_term_match"": 2.0, ""required_file_type_match"": 3.0, ""route_kind_match"": 2.5, ""content_bm25"": 8.0}","path_term_match, required_file_type_match, route_kind_match, content_bm25",False,False,current_candidate_files_for_question,latest planner.py,high,False
test,97,3,file_69289dcd3ecabac0,data/raw/share/share/共有ドライブ/プロジェクト/株式会社東都人材プラットフォーム/00.提案/データサイエンティスト調査.docx,株式会社東都人材プラットフォーム,.docx,proposal,12.8714,"{""path_term_match"": 2.0, ""required_file_type_match"": 3.0, ""route_kind_match"": 2.5, ""content_bm25"": 5.371414538880453}","path_term_match, required_file_type_match, route_kind_match, content_bm25",False,False,current_candidate_files_for_question,latest planner.py,high,False
test,97,4,file_21fab58c1f410821,data/raw/share/share/共有ドライブ/プロジェクト/京橋信用ソリューションズ株式会社/02.計画/スケジュール.xlsx,京橋信用ソリューションズ株式会社,.xlsx,schedule,12.5,"{""path_term_match"": 2.0, ""required_file_type_match"": 3.0, ""route_kind_match"": 5.5, ""identifier_path_match"": 2.0}","path_term_match, required_file_type_match, route_kind_match, identifier_path_match",False,False,current_candidate_files_for_question,latest planner.py,high,False
test,97,5,file_03d92cf92666adde,data/raw/share/share/共有ドライブ/プロジェクト/医療法人社団 恒一会 かえで総合病院/02.計画/~$スケジュール.xlsx,医療法人社団 恒一会 かえで総合病院,.xlsx,schedule,12.5,"{""path_term_match"": 2.0, ""required_file_type_match"": 3.0, ""route_kind_match"": 5.5, ""identifier_path_match"": 2.0}","path_term_match, required_file_type_match, route_kind_match, identifier_path_match",False,False,current_candidate_files_for_question,latest planner.py,high,False
test,97,6,file_6aab39bed667662c,data/raw/share/share/共有ドライブ/プロジェクト/医療法人社団 恒一会 かえで総合病院/02.計画/スケジュール.xlsx,医療法人社団 恒一会 かえで総合病院,.xlsx,schedule,12.5,"{""path_term_match"": 2.0, ""required_file_type_match"": 3.0, ""route_kind_match"": 5.5, ""identifier_path_match"": 2.0}","path_term_match, required_file_type_match, route_kind_match, identifier_path_match",False,False,current_candidate_files_for_question,latest planner.py,high,False
test,97,7,file_6bae87759176c513,data/raw/share/share/共有ドライブ/プロジェクト/医療法人社団 恒一会 かえで総合病院/03.データ/train.xlsx,医療法人社団 恒一会 かえで総合病院,.xlsx,data,12.5,"{""path_term_match"": 2.0, ""required_file_type_match"": 3.0, ""route_kind_match"": 5.5, ""identifier_path_match"": 2.0}","path_term_match, required_file_type_match, route_kind_match, identifier_path_match",False,False,current_candidate_files_for_question,latest planner.py,high,False
test,97,8,file_8726afc0efe9d707,data/raw/share/share/共有ドライブ/プロジェクト/医療法人社団 蒼樹会 みなみ野女性医療センター/02.計画/スケジュール.xlsx,医療法人社団 蒼樹会 みなみ野女性医療センター,.xlsx,schedule,12.5,"{""path_term_match"": 2.0, ""required_file_type_match"": 3.0, ""route_kind_match"": 5.5, ""identifier_path_match"": 2.0}","path_term_match, required_file_type_match, route_kind_match, identifier_path_match",False,False,current_candidate_files_for_question,latest planner.py,high,False
test,97,9,file_29c29e83f97d5cc6,data/raw/share/share/共有ドライブ/プロジェクト/医療法人社団 蒼樹会 みなみ野女性医療センター/03.データ/train.xlsx,医療法人社団 蒼樹会 みなみ野女性医療センター,.xlsx,data,12.5,"{""path_term_match"": 2.0, ""required_file_type_match"": 3.0, ""route_kind_match"": 5.5, ""identifier_path_match"": 2.0}","path_term_match, required_file_type_match, route_kind_match, identifier_path_match",False,False,current_candidate_files_for_question,latest planner.py,high,False
test,97,10,file_2b1acc51e4227fce,data/raw/share/share/共有ドライブ/プロジェクト/医療法人社団 蒼泉会 ひがし丘総合病院/02.計画/スケジュール.xlsx,医療法人社団 蒼泉会 ひがし丘総合病院,.xlsx,schedule,12.5,"{""path_term_match"": 2.0, ""required_file_type_match"": 3.0, ""route_kind_match"": 5.5, ""identifier_path_match"": 2.0}","path_term_match, required_file_type_match, route_kind_match, identifier_path_match",False,False,current_candidate_files_for_question,latest planner.py,high,False
test,98,1,file_ef106a562ea6c4f4,data/raw/share/share/共有ドライブ/プロジェクト/株式会社青嶺不動産アセットマネジメント/00.提案/ニューヨーク不動産市場の最新動向調査.pdf,株式会社青嶺不動産アセットマネジメント,.pdf,proposal,11.0,"{""required_file_type_match"": 3.0, ""content_bm25"": 8.0}","required_file_type_match, content_bm25",False,False,current_candidate_files_for_question,latest planner.py,high,False
test,98,2,file_1aff1b560a3f2e24,data/raw/share/share/共有ドライブ/プロジェクト/京橋信用ソリューションズ株式会社/00.提案/提案書_final.pptx,京橋信用ソリューションズ株式会社,.pptx,proposal,9.4629,"{""required_file_type_match"": 3.0, ""route_kind_match"": 2.0, ""content_bm25"": 4.462935752959215}","required_file_type_match, route_kind_match, content_bm25",False,False,current_candidate_files_for_question,latest planner.py,high,False
test,98,3,file_7f6ba34feefeb01a,data/raw/share/share/共有ドライブ/プロジェクト/京橋信用ソリューションズ株式会社/00.提案/提案書_v1.pptx,京橋信用ソリューションズ株式会社,.pptx,proposal,9.4629,"{""required_file_type_match"": 3.0, ""route_kind_match"": 2.0, ""content_bm25"": 4.462935752959215}","required_file_type_match, route_kind_match, content_bm25",False,False,current_candidate_files_for_question,latest planner.py,high,False
test,98,4,file_4d734b2c30ad41ee,data/raw/share/share/共有ドライブ/プロジェクト/株式会社青嶺不動産アセットマネジメント/05.会議/報告資料/報告資料_2025-08-06.pdf,株式会社青嶺不動産アセットマネジメント,.pdf,meeting,8.123,"{""required_file_type_match"": 3.0, ""content_bm25"": 5.123037465333256}","required_file_type_match, content_bm25",False,False,current_candidate_files_for_question,latest planner.py,high,False
test,98,5,file_45d248a37508b209,data/raw/share/share/共有ドライブ/プロジェクト/医療法人社団 蒼泉会 ひがし丘総合病院/06.報告書/医療法人社団 蒼泉会 ひがし丘総合病院_最終報告.pdf,医療法人社団 蒼泉会 ひがし丘総合病院,.pdf,report,7.4643,"{""required_file_type_match"": 3.0, ""content_bm25"": 4.464328578264917}","required_file_type_match, content_bm25",False,False,current_candidate_files_for_question,latest planner.py,high,False
test,98,6,file_d72ac8163b01ef72,data/raw/share/share/共有ドライブ/プロジェクト/医療法人社団 恒一会 かえで総合病院/00.提案/提案書.pptx,医療法人社団 恒一会 かえで総合病院,.pptx,proposal,7.0912,"{""required_file_type_match"": 3.0, ""content_bm25"": 4.091180425204362}","required_file_type_match, content_bm25",False,False,current_candidate_files_for_question,latest planner.py,high,False
test,98,7,file_4fa8d55179bcaeab,data/raw/share/share/共有ドライブ/プロジェクト/株式会社青嶺不動産アセットマネジメント/05.会議/報告資料/報告資料_2025-08-26.pdf,株式会社青嶺不動産アセットマネジメント,.pdf,meeting,6.9151,"{""required_file_type_match"": 3.0, ""content_bm25"": 3.9150577523474617}","required_file_type_match, content_bm25",False,False,current_candidate_files_for_question,latest planner.py,high,False
test,98,8,file_55b4c40fc1e8e7bc,data/raw/share/share/共有ドライブ/プロジェクト/青葉与信マネジメント株式会社/00.提案/提案書_v1.pptx,青葉与信マネジメント株式会社,.pptx,proposal,6.8591,"{""required_file_type_match"": 3.0, ""route_kind_match"": 2.0, ""content_bm25"": 1.8591052012109746}","required_file_type_match, route_kind_match, content_bm25",False,False,current_candidate_files_for_question,latest planner.py,high,False
test,98,9,file_08a9d0fb95bae44c,data/raw/share/share/共有ドライブ/プロジェクト/青葉与信マネジメント株式会社/00.提案/提案書_v2.pptx,青葉与信マネジメント株式会社,.pptx,proposal,6.8591,"{""required_file_type_match"": 3.0, ""route_kind_match"": 2.0, ""content_bm25"": 1.8591052012109746}","required_file_type_match, route_kind_match, content_bm25",False,False,current_candidate_files_for_question,latest planner.py,high,False
test,98,10,file_9969b5d674125f4c,data/raw/share/share/共有ドライブ/プロジェクト/青葉与信マネジメント株式会社/00.提案/提案書_v3.pptx,青葉与信マネジメント株式会社,.pptx,proposal,6.8591,"{""required_file_type_match"": 3.0, ""route_kind_match"": 2.0, ""content_bm25"": 1.8591052012109746}","required_file_type_match, route_kind_match, content_bm25",False,False,current_candidate_files_for_question,latest planner.py,high,False
test,99,1,file_35dab804db563c49,data/raw/share/share/共有ドライブ/プロジェクト/医療法人社団 蒼樹会 みなみ野女性医療センター/00.提案/提案書.pptx,医療法人社団 蒼樹会 みなみ野女性医療センター,.pptx,proposal,10.0,"{""path_term_match"": 2.0, ""content_bm25"": 8.0}","path_term_match, content_bm25",False,False,current_candidate_files_for_question,latest planner.py,high,False
test,99,2,file_bf3657e26a136347,data/raw/share/share/共有ドライブ/プロジェクト/医療法人社団 蒼樹会 みなみ野女性医療センター/00.提案/糖尿病統計情報.docx,医療法人社団 蒼樹会 みなみ野女性医療センター,.docx,proposal,10.0,"{""path_term_match"": 2.0, ""content_bm25"": 8.0}","path_term_match, content_bm25",False,False,current_candidate_files_for_question,latest planner.py,high,False
test,99,3,file_6d3070cd9e872c23,data/raw/share/share/共有ドライブ/プロジェクト/医療法人社団 蒼樹会 みなみ野女性医療センター/04.分析/analysis_project/notebooks/01_eda.ipynb,医療法人社団 蒼樹会 みなみ野女性医療センター,.ipynb,analysis,10.0,"{""path_term_match"": 2.0, ""content_bm25"": 8.0}","path_term_match, content_bm25",False,False,current_candidate_files_for_question,latest planner.py,high,False
test,99,4,file_a61875e51c4e6ba7,data/raw/share/share/共有ドライブ/プロジェクト/医療法人社団 蒼樹会 みなみ野女性医療センター/05.会議/会議録/会議録_2025-04-03.pdf,医療法人社団 蒼樹会 みなみ野女性医療センター,.pdf,meeting,10.0,"{""path_term_match"": 2.0, ""content_bm25"": 8.0}","path_term_match, content_bm25",False,False,current_candidate_files_for_question,latest planner.py,high,False
test,99,5,file_197352b337f4cbc8,data/raw/share/share/共有ドライブ/プロジェクト/医療法人社団 蒼樹会 みなみ野女性医療センター/05.会議/会議録/会議録_2025-04-24.pdf,医療法人社団 蒼樹会 みなみ野女性医療センター,.pdf,meeting,10.0,"{""path_term_match"": 2.0, ""content_bm25"": 8.0}","path_term_match, content_bm25",False,False,current_candidate_files_for_question,latest planner.py,high,False
test,99,6,file_ed8004a9eff370bd,data/raw/share/share/共有ドライブ/プロジェクト/医療法人社団 蒼樹会 みなみ野女性医療センター/05.会議/会議録/会議録_2025-05-15.pdf,医療法人社団 蒼樹会 みなみ野女性医療センター,.pdf,meeting,10.0,"{""path_term_match"": 2.0, ""content_bm25"": 8.0}","path_term_match, content_bm25",False,False,current_candidate_files_for_question,latest planner.py,high,False
test,99,7,file_089d47a29a455478,data/raw/share/share/共有ドライブ/プロジェクト/医療法人社団 蒼樹会 みなみ野女性医療センター/05.会議/報告資料/報告資料_2025-04-03.pdf,医療法人社団 蒼樹会 みなみ野女性医療センター,.pdf,meeting,10.0,"{""path_term_match"": 2.0, ""content_bm25"": 8.0}","path_term_match, content_bm25",False,False,current_candidate_files_for_question,latest planner.py,high,False
test,99,8,file_552963ebf5a72c62,data/raw/share/share/共有ドライブ/プロジェクト/医療法人社団 蒼樹会 みなみ野女性医療センター/05.会議/報告資料/報告資料_2025-04-24.pdf,医療法人社団 蒼樹会 みなみ野女性医療センター,.pdf,meeting,10.0,"{""path_term_match"": 2.0, ""content_bm25"": 8.0}","path_term_match, content_bm25",False,False,current_candidate_files_for_question,latest planner.py,high,False
test,99,9,file_20fad7ef35777636,data/raw/share/share/共有ドライブ/プロジェクト/医療法人社団 蒼樹会 みなみ野女性医療センター/06.報告書/医療法人社団 蒼樹会 みなみ野女性医療センター_最終報告.pdf,医療法人社団 蒼樹会 みなみ野女性医療センター,.pdf,report,10.0,"{""path_term_match"": 2.0, ""content_bm25"": 8.0}","path_term_match, content_bm25",False,False,current_candidate_files_for_question,latest planner.py,high,False
test,99,10,file_5bdc73be8dd2c8f4,data/raw/share/share/共有ドライブ/プロジェクト/医療法人社団 蒼樹会 みなみ野女性医療センター/03.データ/カラム説明.md,医療法人社団 蒼樹会 みなみ野女性医療センター,.md,data,9.681,"{""path_term_match"": 2.0, ""content_bm25"": 7.681038949265277}","path_term_match, content_bm25",False,False,current_candidate_files_for_question,latest planner.py,high,False
